Tempo (s), Distância (m), Vel. Média (m/s), Preto (%), Branco (%), Limite (%), Refletância (%), Erro (%), Ganho Proporcional ((°/s)/%), Ganho Integral ((°/s)/%), Ganho Derivativo ((°/s)/%), Vel. Base (°/s), Correção P (°/s), Correção I (°/s), Correção D (°/s), Correção (°/s), Vel. Angular Esq. (°/s), Vel. Angular Dir. (°/s), Suavidade Esq. (°/s), Suavidade Dir. (°/s), Oscilação
0.006, 0.0, 0.0, 0.08005089058524174, 0.7836940298507463, 0.431872460217994, 0.13, -0.301872460217994, 0, 0, 0, 250, 0, 0, 0, -160, 0, 0, 0, 0, 1
0.054, 0.0, 0.0, 0.08005089058524174, 0.7836940298507463, 0.431872460217994, 0.79, 0.3581275397820059, 0, 0, 0, 250, 0, 0, 0, 160, 0, 0, 0, 0, 2
0.102, 0.001466076571675237, 0.01437329972230624, 0.08005089058524174, 0.7836940298507463, 0.431872460217994, 0.79, 0.3581275397820059, 0, 0, 0, 250, 0, 0, 0, 160, 80, 78, 80, 78, 2
0.148, 0.004886921905584122, 0.03301974260529812, 0.08005089058524174, 0.7836940298507463, 0.431872460217994, 0.76, 0.328127539782006, 0, 0, 0, 250, 0, 0, 0, 160, 118, 177, 38, 99, 2
0.197, 0.008796459430051421, 0.04465207832513411, 0.08005089058524174, 0.7836940298507463, 0.431872460217994, 0.73, 0.298127539782006, 0, 0, 0, 250, 0, 0, 0, 160, 72, 254, 46, 77, 2
0.248, 0.01319468914507713, 0.05320439171402068, 0.08005089058524174, 0.7836940298507463, 0.431872460217994, 0.4699999999999999, 0.03812753978200597, 0, 0, 0, 250, 0, 0, 0, 160, 101, 266, 29, 12, 2
0.303, 0.01759291886010284, 0.05806243848218759, 0.08005089058524174, 0.7836940298507463, 0.431872460217994, 0.14, -0.291872460217994, 0, 0, 0, 250, 0, 0, 0, -160, 89, 251, 12, 15, 3
0.348, 0.02125811028929093, 0.06108652381980153, 0.08005089058524174, 0.7836940298507463, 0.431872460217994, 0.08, -0.351872460217994, 0, 0, 0, 250, 0, 0, 0, -160, 95, 233, 6, 18, 3
0.396, 0.02541199390903743, 0.06417170179049857, 0.08005089058524174, 0.7836940298507463, 0.431872460217994, 0.07000000000000001, -0.361872460217994, 0, 0, 0, 250, 0, 0, 0, -160, 195, 144, 100, 89, 3
0.455, 0.03029891581462156, 0.06659102376839902, 0.08005089058524174, 0.7836940298507463, 0.431872460217994, 0.08, -0.351872460217994, 0, 0, 0, 250, 0, 0, 0, -160, 258, 84, 63, 60, 3
0.502, 0.03396410724380966, 0.06765758415101525, 0.08005089058524174, 0.7836940298507463, 0.431872460217994, 0.07000000000000001, -0.361872460217994, 0, 0, 0, 250, 0, 0, 0, -160, 242, 84, 16, 0, 3
0.548, 0.03811799086355616, 0.06955837748824116, 0.08005089058524174, 0.7836940298507463, 0.431872460217994, 0.09, -0.3418724602179941, 0, 0, 0, 250, 0, 0, 0, -160, 255, 99, 13, 15, 3
0.597, 0.04227187448330266, 0.07080715993853042, 0.08005089058524174, 0.7836940298507463, 0.431872460217994, 0.15, -0.2818724602179941, 0, 0, 0, 250, 0, 0, 0, -160, 250, 92, 5, 7, 3
0.646, 0.04618141200776996, 0.07148825388199685, 0.08005089058524174, 0.7836940298507463, 0.431872460217994, 0.34, -0.09187246021799403, 0, 0, 0, 250, 0, 0, 0, -160, 248, 87, 2, 5, 3
0.6959999999999999, 0.05033529562751646, 0.07232082705102939, 0.08005089058524174, 0.7836940298507463, 0.431872460217994, 0.62, 0.188127539782006, 0, 0, 0, 250, 0, 0, 0, 160, 254, 94, 6, 7, 4
0.746, 0.05424483315198376, 0.07271425355493801, 0.08005089058524174, 0.7836940298507463, 0.431872460217994, 0.7800000000000001, 0.348127539782006, 0, 0, 0, 250, 0, 0, 0, 160, 231, 97, 23, 3, 4
0.795, 0.05864306286700947, 0.07376485895221317, 0.08005089058524174, 0.7836940298507463, 0.431872460217994, 0.8, 0.368127539782006, 0, 0, 0, 250, 0, 0, 0, 160, 152, 210, 79, 113, 4
0.852, 0.06304129258203518, 0.07399212744370327, 0.08005089058524174, 0.7836940298507463, 0.431872460217994, 0.79, 0.3581275397820059, 0, 0, 0, 250, 0, 0, 0, 160, 66, 239, 86, 29, 4
0.8960000000000001, 0.06670648401122326, 0.07444920090538311, 0.08005089058524174, 0.7836940298507463, 0.431872460217994, 0.7800000000000001, 0.348127539782006, 0, 0, 0, 250, 0, 0, 0, 160, 85, 248, 19, 9, 4
0.943, 0.07061602153569058, 0.0748844342902339, 0.08005089058524174, 0.7836940298507463, 0.431872460217994, 0.6800000000000001, 0.248127539782006, 0, 0, 0, 250, 0, 0, 0, 160, 106, 265, 21, 17, 4
0.994, 0.07525859734599548, 0.07571287459355682, 0.08005089058524174, 0.7836940298507463, 0.431872460217994, 0.39, -0.04187246021799403, 0, 0, 0, 250, 0, 0, 0, -160, 83, 253, 23, 12, 5
1.043, 0.07867944267990438, 0.07543570726740594, 0.08005089058524174, 0.7836940298507463, 0.431872460217994, 0.15, -0.2818724602179941, 0, 0, 0, 250, 0, 0, 0, -160, 93, 221, 10, 32, 5
1.093, 0.08307767239493009, 0.07600884940066797, 0.08005089058524174, 0.7836940298507463, 0.431872460217994, 0.09, -0.3418724602179941, 0, 0, 0, 250, 0, 0, 0, -160, 196, 147, 103, 74, 5
1.138, 0.08674286382411818, 0.07622395766618468, 0.08005089058524174, 0.7836940298507463, 0.431872460217994, 0.09, -0.3418724602179941, 0, 0, 0, 250, 0, 0, 0, -160, 250, 72, 54, 75, 5
1.185, 0.09089674744386468, 0.0767061159863837, 0.08005089058524174, 0.7836940298507463, 0.431872460217994, 0.15, -0.2818724602179941, 0, 0, 0, 250, 0, 0, 0, -160, 238, 102, 12, 30, 5
1.241, 0.0952949771588904, 0.07678886153012925, 0.08005089058524174, 0.7836940298507463, 0.431872460217994, 0.44, 0.008127539782005968, 0, 0, 0, 250, 0, 0, 0, 160, 263, 84, 25, 18, 6
1.293, 0.09993755296919531, 0.07729122426078523, 0.08005089058524174, 0.7836940298507463, 0.431872460217994, 0.73, 0.298127539782006, 0, 0, 0, 250, 0, 0, 0, 160, 225, 108, 38, 24, 6
1.342, 0.1040914365889418, 0.07756440878460642, 0.08005089058524174, 0.7836940298507463, 0.431872460217994, 0.84, 0.4081275397820059, 0, 0, 0, 250, 0, 0, 0, 160, 148, 205, 77, 97, 6
1.39, 0.1080009741134091, 0.07769854252763246, 0.08005089058524174, 0.7836940298507463, 0.431872460217994, 0.84, 0.4081275397820059, 0, 0, 0, 250, 0, 0, 0, 160, 73, 251, 75, 46, 6
1.444, 0.1123992038284348, 0.07783878381470554, 0.08005089058524174, 0.7836940298507463, 0.431872460217994, 0.64, 0.208127539782006, 0, 0, 0, 250, 0, 0, 0, 160, 93, 240, 20, 11, 6
1.496, 0.1163087413529021, 0.07774648486156559, 0.08005089058524174, 0.7836940298507463, 0.431872460217994, 0.27, -0.161872460217994, 0, 0, 0, 250, 0, 0, 0, -160, 98, 255, 5, 15, 7
1.545, 0.120951317163207, 0.07828564217683303, 0.08005089058524174, 0.7836940298507463, 0.431872460217994, 0.11, -0.321872460217994, 0, 0, 0, 250, 0, 0, 0, -160, 90, 232, 8, 23, 7
1.596, 0.1246165085923951, 0.07808051916816739, 0.08005089058524174, 0.7836940298507463, 0.431872460217994, 0.08, -0.351872460217994, 0, 0, 0, 250, 0, 0, 0, -160, 215, 136, 125, 96, 7
1.652, 0.1292590844027, 0.07824399782245766, 0.08005089058524174, 0.7836940298507463, 0.431872460217994, 0.08, -0.351872460217994, 0, 0, 0, 250, 0, 0, 0, -160, 239, 79, 24, 57, 7
1.697, 0.1331686219271674, 0.07847296518984523, 0.08005089058524174, 0.7836940298507463, 0.431872460217994, 0.12, -0.311872460217994, 0, 0, 0, 250, 0, 0, 0, -160, 249, 96, 10, 17, 7
1.746, 0.1373225055469139, 0.07864977408185214, 0.08005089058524174, 0.7836940298507463, 0.431872460217994, 0.29, -0.141872460217994, 0, 0, 0, 250, 0, 0, 0, -160, 267, 97, 18, 1, 7
1.796, 0.1412320430713812, 0.07863699502860866, 0.08005089058524174, 0.7836940298507463, 0.431872460217994, 0.6, 0.168127539782006, 0, 0, 0, 250, 0, 0, 0, 160, 244, 88, 23, 9, 8
1.857, 0.1468520032628029, 0.0790802386983322, 0.08005089058524174, 0.7836940298507463, 0.431872460217994, 0.75, 0.318127539782006, 0, 0, 0, 250, 0, 0, 0, 160, 221, 126, 23, 38, 8
1.905, 0.1507615407872702, 0.07913991642376388, 0.08005089058524174, 0.7836940298507463, 0.431872460217994, 0.75, 0.318127539782006, 0, 0, 0, 250, 0, 0, 0, 160, 134, 223, 87, 97, 8
1.951, 0.1544267322164583, 0.07915260492898937, 0.08005089058524174, 0.7836940298507463, 0.431872460217994, 0.77, 0.338127539782006, 0, 0, 0, 250, 0, 0, 0, 160, 72, 251, 62, 28, 8
1.998, 0.1585806158362048, 0.07936967759569809, 0.08005089058524174, 0.7836940298507463, 0.431872460217994, 0.76, 0.328127539782006, 0, 0, 0, 250, 0, 0, 0, 160, 99, 234, 27, 17, 8
2.061, 0.1637118838370681, 0.0794332284507851, 0.08005089058524174, 0.7836940298507463, 0.431872460217994, 0.5300000000000001, 0.09812753978200597, 0, 0, 0, 250, 0, 0, 0, 160, 91, 251, 8, 17, 8
2.116, 0.1681101135520938, 0.07944712360684964, 0.08005089058524174, 0.7836940298507463, 0.431872460217994, 0.21, -0.221872460217994, 0, 0, 0, 250, 0, 0, 0, -160, 81, 258, 10, 7, 9
2.166, 0.1722639971718403, 0.07953093128893828, 0.08005089058524174, 0.7836940298507463, 0.431872460217994, 0.09, -0.3418724602179941, 0, 0, 0, 250, 0, 0, 0, -160, 101, 228, 20, 30, 9
2.216, 0.1764178807915868, 0.07961095703591464, 0.08005089058524174, 0.7836940298507463, 0.431872460217994, 0.08, -0.351872460217994, 0, 0, 0, 250, 0, 0, 0, -160, 195, 145, 94, 83, 9
2.267, 0.1805717644113333, 0.07965230013733273, 0.08005089058524174, 0.7836940298507463, 0.431872460217994, 0.08, -0.351872460217994, 0, 0, 0, 250, 0, 0, 0, -160, 241, 84, 46, 61, 9
2.317, 0.1844813019358007, 0.07962076043841202, 0.08005089058524174, 0.7836940298507463, 0.431872460217994, 0.08, -0.351872460217994, 0, 0, 0, 250, 0, 0, 0, -160, 247, 86, 6, 2, 9
2.365, 0.1891238777461055, 0.07996781300046746, 0.08005089058524174, 0.7836940298507463, 0.431872460217994, 0.1, -0.3318724602179941, 0, 0, 0, 250, 0, 0, 0, -160, 263, 99, 16, 13, 9
2.416, 0.1930334152705729, 0.07989793678417751, 0.08005089058524174, 0.7836940298507463, 0.431872460217994, 0.27, -0.161872460217994, 0, 0, 0, 250, 0, 0, 0, -160, 265, 92, 2, 7, 9
2.464, 0.1974316449855986, 0.08012647929610331, 0.08005089058524174, 0.7836940298507463, 0.431872460217994, 0.62, 0.188127539782006, 0, 0, 0, 250, 0, 0, 0, 160, 229, 86, 36, 6, 10
2.517, 0.201585528605345, 0.08008960214753479, 0.08005089058524174, 0.7836940298507463, 0.431872460217994, 0.74, 0.308127539782006, 0, 0, 0, 250, 0, 0, 0, 160, 228, 99, 1, 13, 10
2.566, 0.2054950661298124, 0.08008381376843818, 0.08005089058524174, 0.7836940298507463, 0.431872460217994, 0.74, 0.308127539782006, 0, 0, 0, 250, 0, 0, 0, 160, 157, 193, 71, 94, 10
2.614, 0.2096489497495589, 0.08020235262033621, 0.08005089058524174, 0.7836940298507463, 0.431872460217994, 0.73, 0.298127539782006, 0, 0, 0, 250, 0, 0, 0, 160, 72, 259, 85, 66, 10
2.661, 0.2130697950834677, 0.08007132472133323, 0.08005089058524174, 0.7836940298507463, 0.431872460217994, 0.77, 0.338127539782006, 0, 0, 0, 250, 0, 0, 0, 160, 84, 233, 12, 26, 10
2.714, 0.2177123708937727, 0.08021826488348292, 0.08005089058524174, 0.7836940298507463, 0.431872460217994, 0.71, 0.278127539782006, 0, 0, 0, 250, 0, 0, 0, 160, 100, 262, 16, 29, 10
2.765, 0.2223549467040776, 0.08041770224378936, 0.08005089058524174, 0.7836940298507463, 0.431872460217994, 0.32, -0.111872460217994, 0, 0, 0, 250, 0, 0, 0, -160, 82, 250, 18, 12, 11
2.817, 0.2265088303238241, 0.08040782049124036, 0.08005089058524174, 0.7836940298507463, 0.431872460217994, 0.11, -0.321872460217994, 0, 0, 0, 250, 0, 0, 0, -160, 108, 229, 26, 21, 11
2.858, 0.229929675657733, 0.08045125110487508, 0.08005089058524174, 0.7836940298507463, 0.431872460217994, 0.08, -0.351872460217994, 0, 0, 0, 250, 0, 0, 0, -160, 184, 154, 76, 75, 11
2.907, 0.2338392131822003, 0.08044004581431039, 0.08005089058524174, 0.7836940298507463, 0.431872460217994, 0.08, -0.351872460217994, 0, 0, 0, 250, 0, 0, 0, -160, 244, 79, 60, 75, 11
2.956, 0.2379930968019468, 0.08051187307237713, 0.08005089058524174, 0.7836940298507463, 0.431872460217994, 0.12, -0.311872460217994, 0, 0, 0, 250, 0, 0, 0, -160, 255, 97, 11, 18, 11
3.007, 0.2421469804216933, 0.08052776202916306, 0.08005089058524174, 0.7836940298507463, 0.431872460217994, 0.35, -0.08187246021799403, 0, 0, 0, 250, 0, 0, 0, -160, 263, 92, 8, 5, 11
3.063, 0.2467895562319982, 0.08057119041201377, 0.08005089058524174, 0.7836940298507463, 0.431872460217994, 0.6600000000000001, 0.228127539782006, 0, 0, 0, 250, 0, 0, 0, 160, 241, 86, 22, 6, 12
3.111, 0.2506990937564655, 0.08058472959063501, 0.08005089058524174, 0.7836940298507463, 0.431872460217994, 0.8, 0.368127539782006, 0, 0, 0, 250, 0, 0, 0, 160, 225, 103, 16, 17, 12
3.158, 0.2550973234714911, 0.08077812649508903, 0.08005089058524174, 0.7836940298507463, 0.431872460217994, 0.8100000000000001, 0.378127539782006, 0, 0, 0, 250, 0, 0, 0, 160, 164, 196, 61, 93, 12
3.206, 0.2590068609959585, 0.08078816624951918, 0.08005089058524174, 0.7836940298507463, 0.431872460217994, 0.8199999999999999, 0.388127539782006, 0, 0, 0, 250, 0, 0, 0, 160, 73, 263, 91, 67, 12
3.255, 0.2624277063298673, 0.08062295125341546, 0.08005089058524174, 0.7836940298507463, 0.431872460217994, 0.8199999999999999, 0.388127539782006, 0, 0, 0, 250, 0, 0, 0, 160, 81, 232, 8, 31, 12
3.307, 0.2670702821401723, 0.08075908138499315, 0.08005089058524174, 0.7836940298507463, 0.431872460217994, 0.73, 0.298127539782006, 0, 0, 0, 250, 0, 0, 0, 160, 107, 261, 26, 29, 12
3.355, 0.2709798196646396, 0.08076894773908782, 0.08005089058524174, 0.7836940298507463, 0.431872460217994, 0.45, 0.01812753978200597, 0, 0, 0, 250, 0, 0, 0, 160, 86, 254, 21, 7, 12
3.407, 0.2756223954749446, 0.08089885396975184, 0.08005089058524174, 0.7836940298507463, 0.431872460217994, 0.18, -0.251872460217994, 0, 0, 0, 250, 0, 0, 0, -160, 87, 246, 1, 8, 13
3.456, 0.2792875869041326, 0.08081238046994576, 0.08005089058524174, 0.7836940298507463, 0.431872460217994, 0.09, -0.3418724602179941, 0, 0, 0, 250, 0, 0, 0, -160, 93, 243, 6, 3, 13
3.502, 0.2831971244285999, 0.08086725426287833, 0.08005089058524174, 0.7836940298507463, 0.431872460217994, 0.08, -0.351872460217994, 0, 0, 0, 250, 0, 0, 0, -160, 181, 157, 88, 86, 13
3.548, 0.2871066619530672, 0.08092070517279232, 0.08005089058524174, 0.7836940298507463, 0.431872460217994, 0.08, -0.351872460217994, 0, 0, 0, 250, 0, 0, 0, -160, 255, 65, 74, 92, 13
3.599, 0.2912605455728137, 0.08092818715554701, 0.08005089058524174, 0.7836940298507463, 0.431872460217994, 0.09, -0.3418724602179941, 0, 0, 0, 250, 0, 0, 0, -160, 238, 97, 17, 32, 13
3.651, 0.2954144291925602, 0.08091329202754318, 0.08005089058524174, 0.7836940298507463, 0.431872460217994, 0.13, -0.301872460217994, 0, 0, 0, 250, 0, 0, 0, -160, 258, 93, 20, 4, 13
3.703, 0.3000570050028651, 0.08103078720034166, 0.08005089058524174, 0.7836940298507463, 0.431872460217994, 0.23, -0.201872460217994, 0, 0, 0, 250, 0, 0, 0, -160, 260, 92, 2, 1, 13
3.749, 0.3039665425273324, 0.08107936583817883, 0.08005089058524174, 0.7836940298507463, 0.431872460217994, 0.45, 0.01812753978200597, 0, 0, 0, 250, 0, 0, 0, 160, 249, 85, 11, 7, 14
3.798, 0.3078760800517997, 0.08106268563765131, 0.08005089058524174, 0.7836940298507463, 0.431872460217994, 0.6899999999999999, 0.258127539782006, 0, 0, 0, 250, 0, 0, 0, 160, 237, 101, 12, 16, 14
3.851, 0.3122743097668254, 0.08108914821262669, 0.08005089058524174, 0.7836940298507463, 0.431872460217994, 0.79, 0.3581275397820059, 0, 0, 0, 250, 0, 0, 0, 160, 141, 198, 96, 97, 14
3.896, 0.3161838472912927, 0.08115601829858644, 0.08005089058524174, 0.7836940298507463, 0.431872460217994, 0.8, 0.368127539782006, 0, 0, 0, 250, 0, 0, 0, 160, 85, 252, 56, 54, 14
3.951, 0.3200933848157601, 0.08101578962686917, 0.08005089058524174, 0.7836940298507463, 0.431872460217994, 0.79, 0.3581275397820059, 0, 0, 0, 250, 0, 0, 0, 160, 89, 237, 4, 15, 14
3.996, 0.3242472684355065, 0.08114296006894557, 0.08005089058524174, 0.7836940298507463, 0.431872460217994, 0.5899999999999999, 0.158127539782006, 0, 0, 0, 250, 0, 0, 0, 160, 98, 265, 9, 28, 14
4.056, 0.3293785364363699, 0.08120772594585056, 0.08005089058524174, 0.7836940298507463, 0.431872460217994, 0.2, -0.2318724602179941, 0, 0, 0, 250, 0, 0, 0, -160, 86, 252, 12, 13, 15
4.108, 0.3337767661513956, 0.08125042992974576, 0.08005089058524174, 0.7836940298507463, 0.431872460217994, 0.07000000000000001, -0.361872460217994, 0, 0, 0, 250, 0, 0, 0, -160, 105, 223, 19, 29, 15
4.158, 0.3376863036758629, 0.08121363724768226, 0.08005089058524174, 0.7836940298507463, 0.431872460217994, 0.08, -0.351872460217994, 0, 0, 0, 250, 0, 0, 0, -160, 196, 148, 91, 75, 15
4.207, 0.3418401872956094, 0.08125509562529341, 0.08005089058524174, 0.7836940298507463, 0.431872460217994, 0.08, -0.351872460217994, 0, 0, 0, 250, 0, 0, 0, -160, 252, 80, 56, 68, 15
4.254, 0.3455053787247975, 0.08121894187230783, 0.08005089058524174, 0.7836940298507463, 0.431872460217994, 0.08, -0.351872460217994, 0, 0, 0, 250, 0, 0, 0, -160, 243, 91, 9, 11, 15
4.303, 0.3499036084398232, 0.08131619996277555, 0.08005089058524174, 0.7836940298507463, 0.431872460217994, 0.08, -0.351872460217994, 0, 0, 0, 250, 0, 0, 0, -160, 261, 96, 18, 5, 15
4.346, 0.3533244537737321, 0.08129876985129592, 0.08005089058524174, 0.7836940298507463, 0.431872460217994, 0.08, -0.351872460217994, 0, 0, 0, 250, 0, 0, 0, -160, 257, 83, 4, 13, 15
4.393, 0.3572339912981993, 0.08131891447716807, 0.08005089058524174, 0.7836940298507463, 0.431872460217994, 0.12, -0.311872460217994, 0, 0, 0, 250, 0, 0, 0, -160, 240, 89, 17, 6, 15
4.442, 0.3613878749179458, 0.08135701821655694, 0.08005089058524174, 0.7836940298507463, 0.431872460217994, 0.2, -0.2318724602179941, 0, 0, 0, 250, 0, 0, 0, -160, 252, 99, 12, 10, 15
4.492, 0.3655417585376924, 0.08137617064507845, 0.08005089058524174, 0.7836940298507463, 0.431872460217994, 0.37, -0.06187246021799403, 0, 0, 0, 250, 0, 0, 0, -160, 252, 80, 0, 19, 15
4.548, 0.3701843343479973, 0.08139497237203106, 0.08005089058524174, 0.7836940298507463, 0.431872460217994, 0.5699999999999999, 0.138127539782006, 0, 0, 0, 250, 0, 0, 0, 160, 256, 98, 4, 18, 16
4.596, 0.3743382179677438, 0.08144869842640203, 0.08005089058524174, 0.7836940298507463, 0.431872460217994, 0.6899999999999999, 0.258127539782006, 0, 0, 0, 250, 0, 0, 0, 160, 238, 98, 18, 0, 16
4.648, 0.3784921015874903, 0.08143117504033786, 0.08005089058524174, 0.7836940298507463, 0.431872460217994, 0.77, 0.338127539782006, 0, 0, 0, 250, 0, 0, 0, 160, 149, 190, 89, 92, 16
4.697, 0.382890331302516, 0.0815180607414341, 0.08005089058524174, 0.7836940298507463, 0.431872460217994, 0.73, 0.298127539782006, 0, 0, 0, 250, 0, 0, 0, 160, 75, 253, 74, 63, 16
4.747, 0.3867998688269833, 0.08148301428838916, 0.08005089058524174, 0.7836940298507463, 0.431872460217994, 0.3, -0.131872460217994, 0, 0, 0, 250, 0, 0, 0, -160, 85, 244, 10, 9, 17
4.807, 0.3919311368278467, 0.08153341727227932, 0.08005089058524174, 0.7836940298507463, 0.431872460217994, 0.08, -0.351872460217994, 0, 0, 0, 250, 0, 0, 0, -160, 128, 234, 43, 10, 17
4.857, 0.395840674352314, 0.08149900645507802, 0.08005089058524174, 0.7836940298507463, 0.431872460217994, 0.1, -0.3318724602179941, 0, 0, 0, 250, 0, 0, 0, -160, 193, 136, 65, 98, 17
4.903, 0.3992615196862228, 0.08143208641366975, 0.08005089058524174, 0.7836940298507463, 0.431872460217994, 0.12, -0.311872460217994, 0, 0, 0, 250, 0, 0, 0, -160, 252, 66, 59, 70, 17
4.948, 0.4034154033059693, 0.08153100309336486, 0.08005089058524174, 0.7836940298507463, 0.431872460217994, 0.1, -0.3318724602179941, 0, 0, 0, 250, 0, 0, 0, -160, 254, 98, 2, 32, 17
4.996, 0.4078136330209951, 0.08162802902742094, 0.08005089058524174, 0.7836940298507463, 0.431872460217994, 0.1, -0.3318724602179941, 0, 0, 0, 250, 0, 0, 0, -160, 260, 88, 6, 10, 17
5.051, 0.4117231705454623, 0.08151319947445304, 0.08005089058524174, 0.7836940298507463, 0.431872460217994, 0.09, -0.3418724602179941, 0, 0, 0, 250, 0, 0, 0, -160, 237, 84, 23, 4, 17
5.091, 0.4153883619746504, 0.08159268551849351, 0.08005089058524174, 0.7836940298507463, 0.431872460217994, 0.08, -0.351872460217994, 0, 0, 0, 250, 0, 0, 0, -160, 247, 93, 10, 9, 17
5.138, 0.4190535534038386, 0.08155966395559334, 0.08005089058524174, 0.7836940298507463, 0.431872460217994, 0.09, -0.3418724602179941, 0, 0, 0, 250, 0, 0, 0, -160, 258, 87, 11, 6, 17
5.187, 0.423207437023585, 0.08159002063304126, 0.08005089058524174, 0.7836940298507463, 0.431872460217994, 0.08, -0.351872460217994, 0, 0, 0, 250, 0, 0, 0, -160, 255, 89, 3, 2, 17
5.237, 0.4273613206433315, 0.08160422391509099, 0.08005089058524174, 0.7836940298507463, 0.431872460217994, 0.09, -0.3418724602179941, 0, 0, 0, 250, 0, 0, 0, -160, 238, 91, 17, 2, 17
5.291, 0.4317595503583572, 0.08160263662036614, 0.08005089058524174, 0.7836940298507463, 0.431872460217994, 0.08, -0.351872460217994, 0, 0, 0, 250, 0, 0, 0, -160, 255, 88, 17, 3, 17
5.336, 0.4354247417875453, 0.08160133841595677, 0.08005089058524174, 0.7836940298507463, 0.431872460217994, 0.08, -0.351872460217994, 0, 0, 0, 250, 0, 0, 0, -160, 244, 82, 11, 6, 17
5.386, 0.4395786254072918, 0.08161504370725805, 0.08005089058524174, 0.7836940298507463, 0.431872460217994, 0.08, -0.351872460217994, 0, 0, 0, 250, 0, 0, 0, -160, 259, 97, 15, 15, 17
5.443, 0.4444655473128759, 0.0816581935169715, 0.08005089058524174, 0.7836940298507463, 0.431872460217994, 0.07000000000000001, -0.361872460217994, 0, 0, 0, 250, 0, 0, 0, -160, 248, 90, 11, 7, 17
5.493, 0.4486194309326224, 0.0816711143150596, 0.08005089058524174, 0.7836940298507463, 0.431872460217994, 0.08, -0.351872460217994, 0, 0, 0, 250, 0, 0, 0, -160, 241, 93, 7, 3, 17
5.539, 0.4525289684570898, 0.08169867637788226, 0.08005089058524174, 0.7836940298507463, 0.431872460217994, 0.08, -0.351872460217994, 0, 0, 0, 250, 0, 0, 0, -160, 263, 86, 22, 7, 17
5.591, 0.4564385059815571, 0.08163808012547971, 0.08005089058524174, 0.7836940298507463, 0.431872460217994, 0.08, -0.351872460217994, 0, 0, 0, 250, 0, 0, 0, -160, 245, 89, 18, 3, 17
5.638, 0.4613254278871412, 0.08182430434323186, 0.08005089058524174, 0.7836940298507463, 0.431872460217994, 0.08, -0.351872460217994, 0, 0, 0, 250, 0, 0, 0, -160, 260, 92, 15, 3, 17
5.708, 0.4664566958880044, 0.08171981357533365, 0.08005089058524174, 0.7836940298507463, 0.431872460217994, 0.07000000000000001, -0.361872460217994, 0, 0, 0, 250, 0, 0, 0, -160, 252, 85, 8, 7, 17
5.752, 0.4701218873171926, 0.0817318997422101, 0.08005089058524174, 0.7836940298507463, 0.431872460217994, 0.09, -0.3418724602179941, 0, 0, 0, 250, 0, 0, 0, -160, 245, 90, 7, 5, 17
5.801, 0.4742757709369391, 0.08175758850835011, 0.08005089058524174, 0.7836940298507463, 0.431872460217994, 0.1, -0.3318724602179941, 0, 0, 0, 250, 0, 0, 0, -160, 248, 88, 3, 2, 17
5.848, 0.4781853084614064, 0.08176903359463173, 0.08005089058524174, 0.7836940298507463, 0.431872460217994, 0.16, -0.271872460217994, 0, 0, 0, 250, 0, 0, 0, -160, 239, 90, 9, 2, 17
5.897, 0.4823391920811529, 0.08179399560474019, 0.08005089058524174, 0.7836940298507463, 0.431872460217994, 0.29, -0.141872460217994, 0, 0, 0, 250, 0, 0, 0, -160, 263, 91, 24, 1, 17
5.946, 0.4862487296056202, 0.08177745200229065, 0.08005089058524174, 0.7836940298507463, 0.431872460217994, 0.38, -0.05187246021799403, 0, 0, 0, 250, 0, 0, 0, -160, 251, 83, 12, 8, 17
5.992, 0.4899139210348083, 0.08176133528618296, 0.08005089058524174, 0.7836940298507463, 0.431872460217994, 0.42, -0.01187246021799403, 0, 0, 0, 250, 0, 0, 0, -160, 246, 94, 5, 11, 17
6.042, 0.494312150749834, 0.08181266976991626, 0.08005089058524174, 0.7836940298507463, 0.431872460217994, 0.44, 0.008127539782005968, 0, 0, 0, 250, 0, 0, 0, 160, 250, 87, 4, 7, 18
6.088, 0.4982216882743013, 0.08183667678618615, 0.08005089058524174, 0.7836940298507463, 0.431872460217994, 0.43, -0.001872460217994032, 0, 0, 0, 250, 0, 0, 0, -160, 237, 98, 13, 11, 19
6.136, 0.5021312257987685, 0.08183364175338472, 0.08005089058524174, 0.7836940298507463, 0.431872460217994, 0.36, -0.07187246021799404, 0, 0, 0, 250, 0, 0, 0, -160, 190, 158, 47, 60, 19
6.183, 0.5060407633232359, 0.0818438886176995, 0.08005089058524174, 0.7836940298507463, 0.431872460217994, 0.28, -0.151872460217994, 0, 0, 0, 250, 0, 0, 0, -160, 250, 83, 60, 75, 19
6.228, 0.509705954752424, 0.08184103319724214, 0.08005089058524174, 0.7836940298507463, 0.431872460217994, 0.28, -0.151872460217994, 0, 0, 0, 250, 0, 0, 0, -160, 241, 82, 9, 1, 19
6.277, 0.5141041844674498, 0.08190284920622108, 0.08005089058524174, 0.7836940298507463, 0.431872460217994, 0.29, -0.141872460217994, 0, 0, 0, 250, 0, 0, 0, -160, 255, 110, 14, 28, 19
6.326, 0.5177693758966378, 0.08184783052428672, 0.08005089058524174, 0.7836940298507463, 0.431872460217994, 0.26, -0.171872460217994, 0, 0, 0, 250, 0, 0, 0, -160, 247, 85, 8, 25, 19
6.377, 0.5219232595163843, 0.08184463846893276, 0.08005089058524174, 0.7836940298507463, 0.431872460217994, 0.31, -0.121872460217994, 0, 0, 0, 250, 0, 0, 0, -160, 248, 88, 1, 3, 19
6.422, 0.5258327970408516, 0.08187991233896785, 0.08005089058524174, 0.7836940298507463, 0.431872460217994, 0.37, -0.06187246021799403, 0, 0, 0, 250, 0, 0, 0, -160, 247, 94, 1, 6, 19
6.476, 0.5304753728511566, 0.0819140476916548, 0.08005089058524174, 0.7836940298507463, 0.431872460217994, 0.4600000000000001, 0.02812753978200597, 0, 0, 0, 250, 0, 0, 0, 160, 251, 88, 4, 6, 20
6.522, 0.5338962181850654, 0.08186081235588247, 0.08005089058524174, 0.7836940298507463, 0.431872460217994, 0.55, 0.118127539782006, 0, 0, 0, 250, 0, 0, 0, 160, 236, 97, 15, 9, 20
6.573, 0.538294447900091, 0.08189478897004276, 0.08005089058524174, 0.7836940298507463, 0.431872460217994, 0.5600000000000001, 0.128127539782006, 0, 0, 0, 250, 0, 0, 0, 160, 160, 198, 76, 101, 20
6.628, 0.5431813698056752, 0.08195253014569632, 0.08005089058524174, 0.7836940298507463, 0.431872460217994, 0.4600000000000001, 0.02812753978200597, 0, 0, 0, 250, 0, 0, 0, 160, 74, 252, 86, 54, 20
6.676, 0.5466022151395842, 0.08187570628214262, 0.08005089058524174, 0.7836940298507463, 0.431872460217994, 0.13, -0.301872460217994, 0, 0, 0, 250, 0, 0, 0, -160, 82, 228, 8, 24, 21
6.722, 0.5505117526640514, 0.08189701765308708, 0.08005089058524174, 0.7836940298507463, 0.431872460217994, 0.08, -0.351872460217994, 0, 0, 0, 250, 0, 0, 0, -160, 117, 254, 35, 26, 21
6.767, 0.5546656362837979, 0.08196625332995387, 0.08005089058524174, 0.7836940298507463, 0.431872460217994, 0.09, -0.3418724602179941, 0, 0, 0, 250, 0, 0, 0, -160, 187, 163, 70, 91, 21
6.817, 0.5585751738082651, 0.08193856150920716, 0.08005089058524174, 0.7836940298507463, 0.431872460217994, 0.14, -0.291872460217994, 0, 0, 0, 250, 0, 0, 0, -160, 242, 79, 55, 84, 21
6.878, 0.5637064418091285, 0.08195790081551737, 0.08005089058524174, 0.7836940298507463, 0.431872460217994, 0.1, -0.3318724602179941, 0, 0, 0, 250, 0, 0, 0, -160, 262, 95, 20, 16, 21
6.926, 0.5678603254288751, 0.08198965137581217, 0.08005089058524174, 0.7836940298507463, 0.431872460217994, 0.09, -0.3418724602179941, 0, 0, 0, 250, 0, 0, 0, -160, 248, 87, 14, 8, 21
6.974, 0.5717698629533423, 0.08198592815505339, 0.08005089058524174, 0.7836940298507463, 0.431872460217994, 0.08, -0.351872460217994, 0, 0, 0, 250, 0, 0, 0, -160, 258, 97, 10, 10, 21
7.019, 0.5756794004778096, 0.08201729597917218, 0.08005089058524174, 0.7836940298507463, 0.431872460217994, 0.08, -0.351872460217994, 0, 0, 0, 250, 0, 0, 0, -160, 244, 88, 14, 9, 21
7.067, 0.5793445919069978, 0.08197885834257786, 0.08005089058524174, 0.7836940298507463, 0.431872460217994, 0.08, -0.351872460217994, 0, 0, 0, 250, 0, 0, 0, -160, 243, 90, 1, 2, 21
7.116, 0.583254129431465, 0.08196376186501757, 0.08005089058524174, 0.7836940298507463, 0.431872460217994, 0.08, -0.351872460217994, 0, 0, 0, 250, 0, 0, 0, -160, 251, 88, 8, 2, 21
7.161, 0.5874080130512116, 0.08202876875453311, 0.08005089058524174, 0.7836940298507463, 0.431872460217994, 0.08, -0.351872460217994, 0, 0, 0, 250, 0, 0, 0, -160, 252, 91, 1, 3, 21
7.207, 0.5913175505756789, 0.08204766901285955, 0.08005089058524174, 0.7836940298507463, 0.431872460217994, 0.08, -0.351872460217994, 0, 0, 0, 250, 0, 0, 0, -160, 251, 97, 1, 6, 21
7.263, 0.5957157802907044, 0.08202062237239495, 0.08005089058524174, 0.7836940298507463, 0.431872460217994, 0.08, -0.351872460217994, 0, 0, 0, 250, 0, 0, 0, -160, 230, 81, 21, 16, 21
7.315, 0.5996253178151719, 0.08197201884007816, 0.08005089058524174, 0.7836940298507463, 0.431872460217994, 0.07000000000000001, -0.361872460217994, 0, 0, 0, 250, 0, 0, 0, -160, 255, 96, 25, 15, 21
7.363, 0.6037792014349184, 0.08200179294240368, 0.08005089058524174, 0.7836940298507463, 0.431872460217994, 0.07000000000000001, -0.361872460217994, 0, 0, 0, 250, 0, 0, 0, -160, 257, 91, 2, 5, 21
7.417, 0.6086661233405025, 0.08206365421875455, 0.08005089058524174, 0.7836940298507463, 0.431872460217994, 0.21, -0.221872460217994, 0, 0, 0, 250, 0, 0, 0, -160, 265, 90, 8, 1, 21
7.466, 0.6123313147696906, 0.08201598108353746, 0.08005089058524174, 0.7836940298507463, 0.431872460217994, 0.4600000000000001, 0.02812753978200597, 0, 0, 0, 250, 0, 0, 0, 160, 244, 97, 21, 7, 22
7.523, 0.6172182366752748, 0.08204416279081148, 0.08005089058524174, 0.7836940298507463, 0.431872460217994, 0.6800000000000001, 0.248127539782006, 0, 0, 0, 250, 0, 0, 0, 160, 216, 107, 28, 10, 22
7.568, 0.6208834281044629, 0.08204062210682649, 0.08005089058524174, 0.7836940298507463, 0.431872460217994, 0.73, 0.298127539782006, 0, 0, 0, 250, 0, 0, 0, 160, 146, 207, 70, 100, 22
7.617, 0.6252816578194885, 0.08209027935138355, 0.08005089058524174, 0.7836940298507463, 0.431872460217994, 0.76, 0.328127539782006, 0, 0, 0, 250, 0, 0, 0, 160, 77, 258, 69, 51, 22
7.681, 0.6306572719156311, 0.08210614137685601, 0.08005089058524174, 0.7836940298507463, 0.431872460217994, 0.4699999999999999, 0.03812753978200597, 0, 0, 0, 250, 0, 0, 0, 160, 100, 236, 23, 22, 22
7.737, 0.635299847725936, 0.08211191000722968, 0.08005089058524174, 0.7836940298507463, 0.431872460217994, 0.09, -0.3418724602179941, 0, 0, 0, 250, 0, 0, 0, -160, 95, 273, 5, 37, 23
7.787, 0.6394537313456825, 0.08211811112696578, 0.08005089058524174, 0.7836940298507463, 0.431872460217994, 0.07000000000000001, -0.361872460217994, 0, 0, 0, 250, 0, 0, 0, -160, 100, 234, 5, 39, 23
7.831, 0.6428745766795913, 0.08209354829263074, 0.08005089058524174, 0.7836940298507463, 0.431872460217994, 0.07000000000000001, -0.361872460217994, 0, 0, 0, 250, 0, 0, 0, -160, 184, 149, 84, 85, 23
7.881, 0.647272806394617, 0.08213079639571337, 0.08005089058524174, 0.7836940298507463, 0.431872460217994, 0.07000000000000001, -0.361872460217994, 0, 0, 0, 250, 0, 0, 0, -160, 257, 84, 73, 65, 23
7.927, 0.6506936517285259, 0.08208573883291608, 0.08005089058524174, 0.7836940298507463, 0.431872460217994, 0.07000000000000001, -0.361872460217994, 0, 0, 0, 250, 0, 0, 0, -160, 235, 78, 22, 6, 23
7.978, 0.6548475353482725, 0.08208166650141294, 0.08005089058524174, 0.7836940298507463, 0.431872460217994, 0.07000000000000001, -0.361872460217994, 0, 0, 0, 250, 0, 0, 0, -160, 262, 105, 27, 27, 23
8.028, 0.6594901111585773, 0.08214874329329563, 0.08005089058524174, 0.7836940298507463, 0.431872460217994, 0.07000000000000001, -0.361872460217994, 0, 0, 0, 250, 0, 0, 0, -160, 251, 90, 11, 15, 23
8.081, 0.663643994778324, 0.08212399390896225, 0.08005089058524174, 0.7836940298507463, 0.431872460217994, 0.07000000000000001, -0.361872460217994, 0, 0, 0, 250, 0, 0, 0, -160, 250, 88, 1, 2, 23
8.128, 0.6675535323027911, 0.08213010978134733, 0.08005089058524174, 0.7836940298507463, 0.431872460217994, 0.13, -0.301872460217994, 0, 0, 0, 250, 0, 0, 0, -160, 242, 91, 8, 3, 23
8.183, 0.6719517620178169, 0.08211557644113611, 0.08005089058524174, 0.7836940298507463, 0.431872460217994, 0.4, -0.03187246021799403, 0, 0, 0, 250, 0, 0, 0, -160, 253, 90, 11, 1, 23
8.228, 0.6761056456375634, 0.0821713229992177, 0.08005089058524174, 0.7836940298507463, 0.431872460217994, 0.61, 0.178127539782006, 0, 0, 0, 250, 0, 0, 0, 160, 249, 94, 4, 4, 24
8.276999999999999, 0.6800151831620306, 0.08215720468310145, 0.08005089058524174, 0.7836940298507463, 0.431872460217994, 0.6, 0.168127539782006, 0, 0, 0, 250, 0, 0, 0, 160, 232, 98, 17, 4, 24
8.324999999999999, 0.6841690667817772, 0.08218247048429756, 0.08005089058524174, 0.7836940298507463, 0.431872460217994, 0.6, 0.168127539782006, 0, 0, 0, 250, 0, 0, 0, 160, 169, 192, 63, 94, 24
8.374000000000001, 0.6880786043062445, 0.08216845047841467, 0.08005089058524174, 0.7836940298507463, 0.431872460217994, 0.6, 0.168127539782006, 0, 0, 0, 250, 0, 0, 0, 160, 77, 259, 92, 67, 24
8.417, 0.6914994496401533, 0.08215509678509603, 0.08005089058524174, 0.7836940298507463, 0.431872460217994, 0.64, 0.208127539782006, 0, 0, 0, 250, 0, 0, 0, 160, 79, 235, 2, 24, 24
8.472, 0.6961420254504582, 0.08216973860368959, 0.08005089058524174, 0.7836940298507463, 0.431872460217994, 0.63, 0.198127539782006, 0, 0, 0, 250, 0, 0, 0, 160, 103, 248, 24, 13, 24
8.518000000000001, 0.7000515629749255, 0.08218496865167007, 0.08005089058524174, 0.7836940298507463, 0.431872460217994, 0.51, 0.07812753978200597, 0, 0, 0, 250, 0, 0, 0, 160, 90, 270, 13, 22, 24
8.567, 0.703961100499393, 0.08217125020420134, 0.08005089058524174, 0.7836940298507463, 0.431872460217994, 0.29, -0.141872460217994, 0, 0, 0, 250, 0, 0, 0, -160, 90, 232, 0, 38, 25
8.617000000000001, 0.7081149841191394, 0.08217650970397347, 0.08005089058524174, 0.7836940298507463, 0.431872460217994, 0.14, -0.291872460217994, 0, 0, 0, 250, 0, 0, 0, -160, 97, 239, 7, 7, 25
8.663, 0.7117801755483275, 0.08216324316614655, 0.08005089058524174, 0.7836940298507463, 0.431872460217994, 0.09, -0.3418724602179941, 0, 0, 0, 250, 0, 0, 0, -160, 193, 145, 96, 94, 25
8.707000000000001, 0.7156897130727948, 0.08219704985331283, 0.08005089058524174, 0.7836940298507463, 0.431872460217994, 0.08, -0.351872460217994, 0, 0, 0, 250, 0, 0, 0, -160, 254, 83, 61, 62, 25
8.759, 0.7198435966925413, 0.08218330821926489, 0.08005089058524174, 0.7836940298507463, 0.431872460217994, 0.13, -0.301872460217994, 0, 0, 0, 250, 0, 0, 0, -160, 254, 107, 0, 24, 25
8.808, 0.7244861725028461, 0.08225319851303883, 0.08005089058524174, 0.7836940298507463, 0.431872460217994, 0.3, -0.131872460217994, 0, 0, 0, 250, 0, 0, 0, -160, 253, 87, 1, 20, 25
8.868, 0.7291287483131511, 0.08222020165912845, 0.08005089058524174, 0.7836940298507463, 0.431872460217994, 0.54, 0.108127539782006, 0, 0, 0, 250, 0, 0, 0, 160, 244, 85, 9, 2, 26
8.916, 0.7327939397423392, 0.08218864286028927, 0.08005089058524174, 0.7836940298507463, 0.431872460217994, 0.73, 0.298127539782006, 0, 0, 0, 250, 0, 0, 0, 160, 248, 97, 4, 12, 26
8.965999999999999, 0.7374365155526441, 0.08224810568287355, 0.08005089058524174, 0.7836940298507463, 0.431872460217994, 0.8100000000000001, 0.378127539782006, 0, 0, 0, 250, 0, 0, 0, 160, 141, 208, 107, 111, 26
9.007999999999999, 0.7411017069818323, 0.08227150388341833, 0.08005089058524174, 0.7836940298507463, 0.431872460217994, 0.8100000000000001, 0.378127539782006, 0, 0, 0, 250, 0, 0, 0, 160, 70, 265, 71, 57, 26
9.057, 0.7447668984110203, 0.08223108075643372, 0.08005089058524174, 0.7836940298507463, 0.431872460217994, 0.76, 0.328127539782006, 0, 0, 0, 250, 0, 0, 0, 160, 92, 212, 22, 53, 26
9.106, 0.7486764359354876, 0.08221792619541922, 0.08005089058524174, 0.7836940298507463, 0.431872460217994, 0.67, 0.238127539782006, 0, 0, 0, 250, 0, 0, 0, 160, 113, 270, 21, 58, 26
9.154999999999999, 0.7528303195552342, 0.0822316023544767, 0.08005089058524174, 0.7836940298507463, 0.431872460217994, 0.54, 0.108127539782006, 0, 0, 0, 250, 0, 0, 0, 160, 78, 264, 35, 6, 26
9.206, 0.7572285492702598, 0.08225380722031932, 0.08005089058524174, 0.7836940298507463, 0.431872460217994, 0.44, 0.008127539782005968, 0, 0, 0, 250, 0, 0, 0, 160, 92, 251, 14, 13, 26
9.252000000000001, 0.7611380867947272, 0.08226741102407342, 0.08005089058524174, 0.7836940298507463, 0.431872460217994, 0.36, -0.07187246021799404, 0, 0, 0, 250, 0, 0, 0, -160, 91, 242, 1, 9, 27
9.302, 0.7650476243191945, 0.08224549820675065, 0.08005089058524174, 0.7836940298507463, 0.431872460217994, 0.24, -0.191872460217994, 0, 0, 0, 250, 0, 0, 0, -160, 94, 234, 3, 8, 27
9.353, 0.7692015079389408, 0.08224115342017971, 0.08005089058524174, 0.7836940298507463, 0.431872460217994, 0.19, -0.241872460217994, 0, 0, 0, 250, 0, 0, 0, -160, 206, 146, 112, 88, 27
9.396000000000001, 0.7728666993681291, 0.08225486370456887, 0.08005089058524174, 0.7836940298507463, 0.431872460217994, 0.25, -0.181872460217994, 0, 0, 0, 250, 0, 0, 0, -160, 259, 78, 53, 68, 27
9.446, 0.7767762368925963, 0.08223335135428712, 0.08005089058524174, 0.7836940298507463, 0.431872460217994, 0.55, 0.118127539782006, 0, 0, 0, 250, 0, 0, 0, 160, 224, 91, 35, 13, 28
9.496, 0.7814188127029011, 0.08228925997292556, 0.08005089058524174, 0.7836940298507463, 0.431872460217994, 0.8, 0.368127539782006, 0, 0, 0, 250, 0, 0, 0, 160, 239, 115, 15, 24, 28
9.544, 0.7853283502273685, 0.08228503250496317, 0.08005089058524174, 0.7836940298507463, 0.431872460217994, 0.8100000000000001, 0.378127539782006, 0, 0, 0, 250, 0, 0, 0, 160, 167, 194, 72, 79, 28
9.587999999999999, 0.7887491955612774, 0.08226420479362508, 0.08005089058524174, 0.7836940298507463, 0.431872460217994, 0.8100000000000001, 0.378127539782006, 0, 0, 0, 250, 0, 0, 0, 160, 74, 258, 93, 64, 28
9.635999999999999, 0.7926587330857446, 0.08226014249540729, 0.08005089058524174, 0.7836940298507463, 0.431872460217994, 0.8, 0.368127539782006, 0, 0, 0, 250, 0, 0, 0, 160, 89, 239, 15, 19, 28
9.683, 0.7968126167054912, 0.08228984991278438, 0.08005089058524174, 0.7836940298507463, 0.431872460217994, 0.8199999999999999, 0.388127539782006, 0, 0, 0, 250, 0, 0, 0, 160, 92, 264, 3, 25, 28
9.739000000000001, 0.8016995386110754, 0.08231846581898299, 0.08005089058524174, 0.7836940298507463, 0.431872460217994, 0.8199999999999999, 0.388127539782006, 0, 0, 0, 250, 0, 0, 0, 160, 94, 256, 2, 8, 28
9.788, 0.8053647300402634, 0.08228082652638571, 0.08005089058524174, 0.7836940298507463, 0.431872460217994, 0.8100000000000001, 0.378127539782006, 0, 0, 0, 250, 0, 0, 0, 160, 80, 239, 14, 17, 28
9.837, 0.8095186136600098, 0.08229324119752057, 0.08005089058524174, 0.7836940298507463, 0.431872460217994, 0.79, 0.3581275397820059, 0, 0, 0, 250, 0, 0, 0, 160, 93, 238, 13, 1, 28
9.885999999999999, 0.814161189470315, 0.08235496555435109, 0.08005089058524174, 0.7836940298507463, 0.431872460217994, 0.7800000000000001, 0.348127539782006, 0, 0, 0, 250, 0, 0, 0, 160, 93, 259, 0, 21, 28
9.936999999999999, 0.818070726994782, 0.08232572476550088, 0.08005089058524174, 0.7836940298507463, 0.431872460217994, 0.8, 0.368127539782006, 0, 0, 0, 250, 0, 0, 0, 160, 90, 259, 3, 0, 28
9.981, 0.8217359184239703, 0.08233001887826573, 0.08005089058524174, 0.7836940298507463, 0.431872460217994, 0.8, 0.368127539782006, 0, 0, 0, 250, 0, 0, 0, 160, 95, 239, 5, 20, 28
10.028, 0.8256454559484375, 0.08233401036581945, 0.08005089058524174, 0.7836940298507463, 0.431872460217994, 0.8199999999999999, 0.388127539782006, 0, 0, 0, 250, 0, 0, 0, 160, 81, 242, 14, 3, 28
10.082, 0.8297993395681839, 0.08230503268877049, 0.08005089058524174, 0.7836940298507463, 0.431872460217994, 0.8199999999999999, 0.388127539782006, 0, 0, 0, 250, 0, 0, 0, 160, 93, 263, 12, 21, 28
10.127, 0.8337088770926513, 0.08232535569197703, 0.08005089058524174, 0.7836940298507463, 0.431872460217994, 0.8100000000000001, 0.378127539782006, 0, 0, 0, 250, 0, 0, 0, 160, 102, 242, 9, 21, 28
10.177, 0.8381071068076771, 0.08235306149235306, 0.08005089058524174, 0.7836940298507463, 0.431872460217994, 0.8199999999999999, 0.388127539782006, 0, 0, 0, 250, 0, 0, 0, 160, 83, 252, 19, 10, 28
10.226, 0.8420166443321444, 0.08234076318522829, 0.08005089058524174, 0.7836940298507463, 0.431872460217994, 0.8299999999999999, 0.398127539782006, 0, 0, 0, 250, 0, 0, 0, 160, 83, 259, 0, 7, 28
10.277, 0.8459261818566118, 0.08231256026628508, 0.08005089058524174, 0.7836940298507463, 0.431872460217994, 0.8299999999999999, 0.398127539782006, 0, 0, 0, 250, 0, 0, 0, 160, 98, 242, 15, 17, 28
10.322, 0.8500800654763582, 0.08235613887583398, 0.08005089058524174, 0.7836940298507463, 0.431872460217994, 0.8299999999999999, 0.398127539782006, 0, 0, 0, 250, 0, 0, 0, 160, 91, 247, 7, 5, 28
10.37, 0.8539896030008254, 0.08235193857288579, 0.08005089058524174, 0.7836940298507463, 0.431872460217994, 0.8199999999999999, 0.388127539782006, 0, 0, 0, 250, 0, 0, 0, 160, 86, 257, 5, 10, 28
10.422, 0.8578991405252927, 0.08231617161056349, 0.08005089058524174, 0.7836940298507463, 0.431872460217994, 0.8, 0.368127539782006, 0, 0, 0, 250, 0, 0, 0, 160, 92, 237, 6, 20, 28
10.476, 0.8625417163355976, 0.08233502446884284, 0.08005089058524174, 0.7836940298507463, 0.431872460217994, 0.79, 0.3581275397820059, 0, 0, 0, 250, 0, 0, 0, 160, 88, 252, 4, 15, 28
10.523, 0.8662069077647857, 0.08231558564713348, 0.08005089058524174, 0.7836940298507463, 0.431872460217994, 0.8100000000000001, 0.378127539782006, 0, 0, 0, 250, 0, 0, 0, 160, 85, 257, 3, 5, 28
10.567, 0.8701164452892531, 0.08234280735206331, 0.08005089058524174, 0.7836940298507463, 0.431872460217994, 0.8299999999999999, 0.398127539782006, 0, 0, 0, 250, 0, 0, 0, 160, 92, 253, 7, 4, 28
10.615, 0.8740259828137203, 0.0823387642782591, 0.08005089058524174, 0.7836940298507463, 0.431872460217994, 0.8699999999999999, 0.438127539782006, 0, 0, 0, 250, 0, 0, 0, 160, 97, 249, 5, 4, 28
10.668, 0.8789129047193045, 0.08238778634414178, 0.08005089058524174, 0.7836940298507463, 0.431872460217994, 0.84, 0.4081275397820059, 0, 0, 0, 250, 0, 0, 0, 160, 86, 255, 11, 6, 28
10.725, 0.8830667883390511, 0.08233722968196279, 0.08005089058524174, 0.7836940298507463, 0.431872460217994, 0.73, 0.298127539782006, 0, 0, 0, 250, 0, 0, 0, 160, 88, 240, 2, 15, 28
10.773, 0.8872206719587973, 0.0823559520986538, 0.08005089058524174, 0.7836940298507463, 0.431872460217994, 0.6800000000000001, 0.248127539782006, 0, 0, 0, 250, 0, 0, 0, 160, 89, 259, 1, 19, 28
10.826, 0.8918632477691023, 0.08238160426465013, 0.08005089058524174, 0.7836940298507463, 0.431872460217994, 0.7800000000000001, 0.348127539782006, 0, 0, 0, 250, 0, 0, 0, 160, 93, 247, 4, 12, 28
10.888, 0.8972388618652449, 0.08240621435206142, 0.08005089058524174, 0.7836940298507463, 0.431872460217994, 0.8, 0.368127539782006, 0, 0, 0, 250, 0, 0, 0, 160, 88, 253, 5, 6, 28
10.941, 0.9011483993897121, 0.08236435420799854, 0.08005089058524174, 0.7836940298507463, 0.431872460217994, 0.8, 0.368127539782006, 0, 0, 0, 250, 0, 0, 0, 160, 92, 250, 4, 3, 28
10.986, 0.9048135908189003, 0.0823606035698981, 0.08005089058524174, 0.7836940298507463, 0.431872460217994, 0.8199999999999999, 0.388127539782006, 0, 0, 0, 250, 0, 0, 0, 160, 90, 257, 2, 7, 28
11.027, 0.9084787822480884, 0.08238675816161136, 0.08005089058524174, 0.7836940298507463, 0.431872460217994, 0.8199999999999999, 0.388127539782006, 0, 0, 0, 250, 0, 0, 0, 160, 88, 256, 2, 1, 28
11.076, 0.9123883197725556, 0.08237525458401549, 0.08005089058524174, 0.7836940298507463, 0.431872460217994, 0.8100000000000001, 0.378127539782006, 0, 0, 0, 250, 0, 0, 0, 160, 92, 231, 4, 25, 28
11.123, 0.9160535112017438, 0.08235669434520759, 0.08005089058524174, 0.7836940298507463, 0.431872460217994, 0.8100000000000001, 0.378127539782006, 0, 0, 0, 250, 0, 0, 0, 160, 88, 246, 4, 15, 28
11.167, 0.9199630487262112, 0.08238229145931864, 0.08005089058524174, 0.7836940298507463, 0.431872460217994, 0.8199999999999999, 0.388127539782006, 0, 0, 0, 250, 0, 0, 0, 160, 90, 260, 2, 14, 28
11.218, 0.9243612784412367, 0.08239982870754472, 0.08005089058524174, 0.7836940298507463, 0.431872460217994, 0.79, 0.3581275397820059, 0, 0, 0, 250, 0, 0, 0, 160, 86, 252, 4, 8, 28
11.267, 0.9282708159657041, 0.08238846329685844, 0.08005089058524174, 0.7836940298507463, 0.431872460217994, 0.73, 0.298127539782006, 0, 0, 0, 250, 0, 0, 0, 160, 89, 251, 3, 1, 28
11.316, 0.9324246995854505, 0.08239878928821586, 0.08005089058524174, 0.7836940298507463, 0.431872460217994, 0.73, 0.298127539782006, 0, 0, 0, 250, 0, 0, 0, 160, 97, 251, 8, 0, 28
11.367, 0.9365785832051971, 0.08239452654220084, 0.08005089058524174, 0.7836940298507463, 0.431872460217994, 0.7199999999999999, 0.288127539782006, 0, 0, 0, 250, 0, 0, 0, 160, 89, 235, 8, 16, 28
11.416, 0.9407324668249435, 0.08240473605684508, 0.08005089058524174, 0.7836940298507463, 0.431872460217994, 0.7199999999999999, 0.288127539782006, 0, 0, 0, 250, 0, 0, 0, 160, 90, 255, 1, 20, 28
11.466, 0.9448863504446901, 0.08240767054288245, 0.08005089058524174, 0.7836940298507463, 0.431872460217994, 0.76, 0.328127539782006, 0, 0, 0, 250, 0, 0, 0, 160, 90, 265, 0, 10, 28
11.518, 0.9495289262549949, 0.08243869823363388, 0.08005089058524174, 0.7836940298507463, 0.431872460217994, 0.7800000000000001, 0.348127539782006, 0, 0, 0, 250, 0, 0, 0, 160, 83, 235, 7, 30, 28
11.568, 0.953194117684183, 0.08239921487588029, 0.08005089058524174, 0.7836940298507463, 0.431872460217994, 0.8, 0.368127539782006, 0, 0, 0, 250, 0, 0, 0, 160, 97, 247, 14, 12, 28
11.627, 0.9583253856850465, 0.08242241211705913, 0.08005089058524174, 0.7836940298507463, 0.431872460217994, 0.8199999999999999, 0.388127539782006, 0, 0, 0, 250, 0, 0, 0, 160, 84, 255, 13, 8, 28
11.677, 0.9622349232095136, 0.08240429247319636, 0.08005089058524174, 0.7836940298507463, 0.431872460217994, 0.84, 0.4081275397820059, 0, 0, 0, 250, 0, 0, 0, 160, 92, 246, 8, 9, 28
11.727, 0.9671218451150978, 0.08246967213397271, 0.08005089058524174, 0.7836940298507463, 0.431872460217994, 0.8199999999999999, 0.388127539782006, 0, 0, 0, 250, 0, 0, 0, 160, 99, 258, 7, 12, 28
11.777, 0.970787036544286, 0.08243075796419173, 0.08005089058524174, 0.7836940298507463, 0.431872460217994, 0.8199999999999999, 0.388127539782006, 0, 0, 0, 250, 0, 0, 0, 160, 76, 250, 23, 8, 28
11.822, 0.9746965740687534, 0.0824476885525929, 0.08005089058524174, 0.7836940298507463, 0.431872460217994, 0.8, 0.368127539782006, 0, 0, 0, 250, 0, 0, 0, 160, 97, 248, 21, 2, 28
11.882, 0.9793391498790582, 0.08242207960604764, 0.08005089058524174, 0.7836940298507463, 0.431872460217994, 0.8, 0.368127539782006, 0, 0, 0, 250, 0, 0, 0, 160, 92, 247, 5, 1, 28
11.926, 0.9830043413082464, 0.08242531790275418, 0.08005089058524174, 0.7836940298507463, 0.431872460217994, 0.79, 0.3581275397820059, 0, 0, 0, 250, 0, 0, 0, 160, 87, 256, 5, 9, 28
11.977, 0.9876469171185512, 0.08246196185343168, 0.08005089058524174, 0.7836940298507463, 0.431872460217994, 0.79, 0.3581275397820059, 0, 0, 0, 250, 0, 0, 0, 160, 86, 247, 1, 9, 28
12.027, 0.9918008007382978, 0.08246452155469342, 0.08005089058524174, 0.7836940298507463, 0.431872460217994, 0.79, 0.3581275397820059, 0, 0, 0, 250, 0, 0, 0, 160, 90, 253, 4, 6, 28
12.077, 0.995710338262765, 0.08244682771075308, 0.08005089058524174, 0.7836940298507463, 0.431872460217994, 0.8100000000000001, 0.378127539782006, 0, 0, 0, 250, 0, 0, 0, 160, 98, 251, 8, 2, 28
12.126, 0.9996198757872323, 0.08243607750183346, 0.08005089058524174, 0.7836940298507463, 0.431872460217994, 0.8, 0.368127539782006, 0, 0, 0, 250, 0, 0, 0, 160, 91, 246, 7, 5, 28
12.177, 1.004262451597537, 0.08247207453375522, 0.08005089058524174, 0.7836940298507463, 0.431872460217994, 0.8, 0.368127539782006, 0, 0, 0, 250, 0, 0, 0, 160, 86, 245, 5, 1, 28
12.226, 1.008171989122004, 0.08246131106837923, 0.08005089058524174, 0.7836940298507463, 0.431872460217994, 0.8, 0.368127539782006, 0, 0, 0, 250, 0, 0, 0, 160, 90, 264, 4, 19, 28
12.272, 1.011837180551193, 0.08245087846733968, 0.08005089058524174, 0.7836940298507463, 0.431872460217994, 0.8199999999999999, 0.388127539782006, 0, 0, 0, 250, 0, 0, 0, 160, 92, 239, 2, 25, 28
12.323, 1.015991064170939, 0.08244673084240356, 0.08005089058524174, 0.7836940298507463, 0.431872460217994, 0.84, 0.4081275397820059, 0, 0, 0, 250, 0, 0, 0, 160, 87, 251, 5, 12, 28
12.368, 1.020144947790685, 0.08248261220817314, 0.08005089058524174, 0.7836940298507463, 0.431872460217994, 0.8699999999999999, 0.438127539782006, 0, 0, 0, 250, 0, 0, 0, 160, 96, 259, 9, 8, 28
12.422, 1.024543177505711, 0.08247811765462176, 0.08005089058524174, 0.7836940298507463, 0.431872460217994, 0.8699999999999999, 0.438127539782006, 0, 0, 0, 250, 0, 0, 0, 160, 91, 248, 5, 11, 28
12.468, 1.028452715030179, 0.0824873849077782, 0.08005089058524174, 0.7836940298507463, 0.431872460217994, 0.8699999999999999, 0.438127539782006, 0, 0, 0, 250, 0, 0, 0, 160, 91, 260, 0, 12, 28
12.518, 1.032362252554646, 0.08247022308313197, 0.08005089058524174, 0.7836940298507463, 0.431872460217994, 0.8699999999999999, 0.438127539782006, 0, 0, 0, 250, 0, 0, 0, 160, 83, 236, 8, 24, 28
12.567, 1.036271790079113, 0.08245975889863237, 0.08005089058524174, 0.7836940298507463, 0.431872460217994, 0.73, 0.298127539782006, 0, 0, 0, 250, 0, 0, 0, 160, 93, 250, 10, 14, 28
12.618, 1.041158711984697, 0.08251376699831171, 0.08005089058524174, 0.7836940298507463, 0.431872460217994, 0.21, -0.221872460217994, 0, 0, 0, 250, 0, 0, 0, -160, 93, 248, 0, 2, 29
12.676, 1.045556941699723, 0.08248319199272034, 0.08005089058524174, 0.7836940298507463, 0.431872460217994, 0.09, -0.3418724602179941, 0, 0, 0, 250, 0, 0, 0, -160, 104, 223, 11, 25, 29
12.723, 1.04946647922419, 0.08248577216255525, 0.08005089058524174, 0.7836940298507463, 0.431872460217994, 0.08, -0.351872460217994, 0, 0, 0, 250, 0, 0, 0, -160, 205, 146, 101, 77, 29
12.774, 1.053620362843937, 0.08248163166149498, 0.08005089058524174, 0.7836940298507463, 0.431872460217994, 0.08, -0.351872460217994, 0, 0, 0, 250, 0, 0, 0, -160, 265, 64, 60, 82, 29
12.821, 1.057285554273125, 0.08246513955800054, 0.08005089058524174, 0.7836940298507463, 0.431872460217994, 0.08, -0.351872460217994, 0, 0, 0, 250, 0, 0, 0, -160, 225, 98, 40, 34, 29
12.867, 1.061195091797592, 0.08247416583489485, 0.08005089058524174, 0.7836940298507463, 0.431872460217994, 0.11, -0.321872460217994, 0, 0, 0, 250, 0, 0, 0, -160, 261, 98, 36, 0, 29
12.916, 1.065837667607897, 0.08252072372312613, 0.08005089058524174, 0.7836940298507463, 0.431872460217994, 0.26, -0.171872460217994, 0, 0, 0, 250, 0, 0, 0, -160, 266, 84, 5, 14, 29
12.968, 1.069747205132365, 0.08249130206140997, 0.08005089058524174, 0.7836940298507463, 0.431872460217994, 0.55, 0.118127539782006, 0, 0, 0, 250, 0, 0, 0, 160, 246, 92, 20, 8, 30
13.012, 1.073412396561553, 0.08249403600995638, 0.08005089058524174, 0.7836940298507463, 0.431872460217994, 0.75, 0.318127539782006, 0, 0, 0, 250, 0, 0, 0, 160, 235, 103, 11, 11, 30
13.062, 1.077566280181299, 0.0824962701103429, 0.08005089058524174, 0.7836940298507463, 0.431872460217994, 0.8, 0.368127539782006, 0, 0, 0, 250, 0, 0, 0, 160, 155, 184, 80, 81, 30
13.107, 1.081720163801046, 0.08252995832769097, 0.08005089058524174, 0.7836940298507463, 0.431872460217994, 0.8, 0.368127539782006, 0, 0, 0, 250, 0, 0, 0, 160, 78, 261, 77, 77, 30
13.157, 1.085385355230234, 0.08249489665046999, 0.08005089058524174, 0.7836940298507463, 0.431872460217994, 0.8100000000000001, 0.378127539782006, 0, 0, 0, 250, 0, 0, 0, 160, 88, 231, 10, 30, 30
13.206, 1.08953923884998, 0.08250334990534455, 0.08005089058524174, 0.7836940298507463, 0.431872460217994, 0.8, 0.368127539782006, 0, 0, 0, 250, 0, 0, 0, 160, 99, 257, 11, 26, 30
13.25, 1.093448776374447, 0.08252443595278848, 0.08005089058524174, 0.7836940298507463, 0.431872460217994, 0.8, 0.368127539782006, 0, 0, 0, 250, 0, 0, 0, 160, 88, 264, 11, 7, 30
13.304, 1.097847006089473, 0.08252006960985215, 0.08005089058524174, 0.7836940298507463, 0.431872460217994, 0.8199999999999999, 0.388127539782006, 0, 0, 0, 250, 0, 0, 0, 160, 91, 242, 3, 22, 30
13.352, 1.101512197518661, 0.08249791772907889, 0.08005089058524174, 0.7836940298507463, 0.431872460217994, 0.79, 0.3581275397820059, 0, 0, 0, 250, 0, 0, 0, 160, 86, 258, 5, 16, 30
13.397, 1.105666081138408, 0.08253087117551749, 0.08005089058524174, 0.7836940298507463, 0.431872460217994, 0.5899999999999999, 0.158127539782006, 0, 0, 0, 250, 0, 0, 0, 160, 95, 255, 9, 3, 30
13.452, 1.110064310853433, 0.08252039182674944, 0.08005089058524174, 0.7836940298507463, 0.431872460217994, 0.13, -0.301872460217994, 0, 0, 0, 250, 0, 0, 0, -160, 86, 250, 9, 5, 31
13.503, 1.11421819447318, 0.08251634410673036, 0.08005089058524174, 0.7836940298507463, 0.431872460217994, 0.06, -0.371872460217994, 0, 0, 0, 250, 0, 0, 0, -160, 100, 228, 14, 22, 31
13.548, 1.118127731997647, 0.08253083348078293, 0.08005089058524174, 0.7836940298507463, 0.431872460217994, 0.05, -0.381872460217994, 0, 0, 0, 250, 0, 0, 0, -160, 195, 139, 95, 89, 31
13.599, 1.122281615617394, 0.08252677517592424, 0.08005089058524174, 0.7836940298507463, 0.431872460217994, 0.06, -0.371872460217994, 0, 0, 0, 250, 0, 0, 0, -160, 247, 86, 52, 53, 31
13.651, 1.12667984533242, 0.0825346015187473, 0.08005089058524174, 0.7836940298507463, 0.431872460217994, 0.05, -0.381872460217994, 0, 0, 0, 250, 0, 0, 0, -160, 257, 93, 10, 7, 31
13.706, 1.130833728952166, 0.08250647373064103, 0.08005089058524174, 0.7836940298507463, 0.431872460217994, 0.05, -0.381872460217994, 0, 0, 0, 250, 0, 0, 0, -160, 251, 93, 6, 0, 31
13.751, 1.134498920381354, 0.08250301217230414, 0.08005089058524174, 0.7836940298507463, 0.431872460217994, 0.05, -0.381872460217994, 0, 0, 0, 250, 0, 0, 0, -160, 241, 88, 10, 5, 31
13.798, 1.138652804001101, 0.082523032613502, 0.08005089058524174, 0.7836940298507463, 0.431872460217994, 0.07000000000000001, -0.361872460217994, 0, 0, 0, 250, 0, 0, 0, -160, 240, 94, 1, 6, 31
13.847, 1.142562341525568, 0.08251334884997242, 0.08005089058524174, 0.7836940298507463, 0.431872460217994, 0.18, -0.251872460217994, 0, 0, 0, 250, 0, 0, 0, -160, 247, 91, 7, 3, 31
13.903, 1.146960571240594, 0.08249734382799351, 0.08005089058524174, 0.7836940298507463, 0.431872460217994, 0.4600000000000001, 0.02812753978200597, 0, 0, 0, 250, 0, 0, 0, 160, 252, 88, 5, 3, 32
13.947, 1.150870108765061, 0.08251739505019437, 0.08005089058524174, 0.7836940298507463, 0.431872460217994, 0.61, 0.178127539782006, 0, 0, 0, 250, 0, 0, 0, 160, 239, 97, 13, 9, 32
13.997, 1.155023992384808, 0.08251939646958688, 0.08005089058524174, 0.7836940298507463, 0.431872460217994, 0.63, 0.198127539782006, 0, 0, 0, 250, 0, 0, 0, 160, 156, 188, 83, 91, 32
14.046, 1.159422222099833, 0.08254465485546298, 0.08005089058524174, 0.7836940298507463, 0.431872460217994, 0.6800000000000001, 0.248127539782006, 0, 0, 0, 250, 0, 0, 0, 160, 80, 265, 76, 77, 32
14.096, 1.163087413529021, 0.08251187666919845, 0.08005089058524174, 0.7836940298507463, 0.431872460217994, 0.62, 0.188127539782006, 0, 0, 0, 250, 0, 0, 0, 160, 88, 233, 8, 32, 32
14.153, 1.167974335434605, 0.08252485942447574, 0.08005089058524174, 0.7836940298507463, 0.431872460217994, 0.06, -0.371872460217994, 0, 0, 0, 250, 0, 0, 0, -160, 98, 268, 10, 35, 33
14.202, 1.172372565149631, 0.08254982151454943, 0.08005089058524174, 0.7836940298507463, 0.431872460217994, 0.06, -0.371872460217994, 0, 0, 0, 250, 0, 0, 0, -160, 109, 239, 11, 29, 33
14.249, 1.176282102674098, 0.08255190558453915, 0.08005089058524174, 0.7836940298507463, 0.431872460217994, 0.09, -0.3418724602179941, 0, 0, 0, 250, 0, 0, 0, -160, 199, 142, 90, 97, 33
14.298, 1.180191640198566, 0.08254242832553963, 0.08005089058524174, 0.7836940298507463, 0.431872460217994, 0.12, -0.311872460217994, 0, 0, 0, 250, 0, 0, 0, -160, 252, 71, 53, 71, 33
14.346, 1.184101177723033, 0.08253876883612385, 0.08005089058524174, 0.7836940298507463, 0.431872460217994, 0.09, -0.3418724602179941, 0, 0, 0, 250, 0, 0, 0, -160, 257, 95, 5, 24, 33
14.391, 1.187766369152221, 0.08253536023571822, 0.08005089058524174, 0.7836940298507463, 0.431872460217994, 0.07000000000000001, -0.361872460217994, 0, 0, 0, 250, 0, 0, 0, -160, 253, 96, 4, 1, 33
14.446, 1.192164598867247, 0.08252558485859385, 0.08005089058524174, 0.7836940298507463, 0.431872460217994, 0.07000000000000001, -0.361872460217994, 0, 0, 0, 250, 0, 0, 0, -160, 255, 78, 2, 18, 33
14.502, 1.19729586686811, 0.0825607410611026, 0.08005089058524174, 0.7836940298507463, 0.431872460217994, 0.06, -0.371872460217994, 0, 0, 0, 250, 0, 0, 0, -160, 253, 96, 2, 18, 33
14.553, 1.201205404392577, 0.08254005389902957, 0.08005089058524174, 0.7836940298507463, 0.431872460217994, 0.07000000000000001, -0.361872460217994, 0, 0, 0, 250, 0, 0, 0, -160, 248, 91, 5, 5, 33
14.598, 1.204870595821765, 0.08253668967130878, 0.08005089058524174, 0.7836940298507463, 0.431872460217994, 0.06, -0.371872460217994, 0, 0, 0, 250, 0, 0, 0, -160, 255, 91, 7, 0, 33
14.646, 1.208535787250953, 0.08251644047869409, 0.08005089058524174, 0.7836940298507463, 0.431872460217994, 0.06, -0.371872460217994, 0, 0, 0, 250, 0, 0, 0, -160, 231, 82, 24, 9, 33
14.692, 1.2126896708707, 0.08254081614965287, 0.08005089058524174, 0.7836940298507463, 0.431872460217994, 0.06, -0.371872460217994, 0, 0, 0, 250, 0, 0, 0, -160, 262, 95, 31, 13, 33
14.736, 1.216599208395167, 0.08255966397904229, 0.08005089058524174, 0.7836940298507463, 0.431872460217994, 0.11, -0.321872460217994, 0, 0, 0, 250, 0, 0, 0, -160, 259, 89, 3, 6, 33
14.787, 1.220997438110193, 0.08257235667208988, 0.08005089058524174, 0.7836940298507463, 0.431872460217994, 0.31, -0.121872460217994, 0, 0, 0, 250, 0, 0, 0, -160, 251, 89, 8, 0, 33
14.835, 1.22490697563466, 0.08256872097301384, 0.08005089058524174, 0.7836940298507463, 0.431872460217994, 0.54, 0.108127539782006, 0, 0, 0, 250, 0, 0, 0, 160, 240, 97, 11, 8, 34
14.888, 1.229549551444965, 0.08258661683536845, 0.08005089058524174, 0.7836940298507463, 0.431872460217994, 0.7, 0.268127539782006, 0, 0, 0, 250, 0, 0, 0, 160, 234, 103, 6, 6, 34
14.937, 1.233459088969433, 0.08257743114209228, 0.08005089058524174, 0.7836940298507463, 0.431872460217994, 0.74, 0.308127539782006, 0, 0, 0, 250, 0, 0, 0, 160, 139, 214, 95, 111, 34
14.987, 1.237124280398621, 0.08254649231991863, 0.08005089058524174, 0.7836940298507463, 0.431872460217994, 0.7800000000000001, 0.348127539782006, 0, 0, 0, 250, 0, 0, 0, 160, 65, 244, 74, 30, 34
15.036, 1.241278164018367, 0.0825537486045735, 0.08005089058524174, 0.7836940298507463, 0.431872460217994, 0.7199999999999999, 0.288127539782006, 0, 0, 0, 250, 0, 0, 0, 160, 91, 236, 26, 8, 34
15.095, 1.246898124209789, 0.08260338683072467, 0.08005089058524174, 0.7836940298507463, 0.431872460217994, 0.24, -0.191872460217994, 0, 0, 0, 250, 0, 0, 0, -160, 92, 272, 1, 36, 35
15.145, 1.250563315638977, 0.08257268508675979, 0.08005089058524174, 0.7836940298507463, 0.431872460217994, 0.08, -0.351872460217994, 0, 0, 0, 250, 0, 0, 0, -160, 98, 236, 6, 36, 35
15.193, 1.254472853163444, 0.082569134019841, 0.08005089058524174, 0.7836940298507463, 0.431872460217994, 0.08, -0.351872460217994, 0, 0, 0, 250, 0, 0, 0, -160, 186, 152, 88, 84, 35
15.238, 1.258138044592632, 0.08256582521279906, 0.08005089058524174, 0.7836940298507463, 0.431872460217994, 0.08, -0.351872460217994, 0, 0, 0, 250, 0, 0, 0, -160, 250, 81, 64, 71, 35
15.285, 1.261803236021821, 0.08255173281137196, 0.08005089058524174, 0.7836940298507463, 0.431872460217994, 0.08, -0.351872460217994, 0, 0, 0, 250, 0, 0, 0, -160, 240, 83, 10, 2, 35
15.331, 1.265712773546288, 0.08255904856475688, 0.08005089058524174, 0.7836940298507463, 0.431872460217994, 0.09, -0.3418724602179941, 0, 0, 0, 250, 0, 0, 0, -160, 261, 95, 21, 12, 35
15.382, 1.270355349356593, 0.08258713752155717, 0.08005089058524174, 0.7836940298507463, 0.431872460217994, 0.15, -0.2818724602179941, 0, 0, 0, 250, 0, 0, 0, -160, 263, 92, 2, 3, 35
15.427, 1.274020540785781, 0.08258381673596816, 0.08005089058524174, 0.7836940298507463, 0.431872460217994, 0.34, -0.09187246021799403, 0, 0, 0, 250, 0, 0, 0, -160, 237, 97, 26, 5, 35
15.477, 1.278174424405527, 0.08258541218618126, 0.08005089058524174, 0.7836940298507463, 0.431872460217994, 0.5600000000000001, 0.128127539782006, 0, 0, 0, 250, 0, 0, 0, 160, 242, 79, 5, 18, 36
15.527, 1.282572654120553, 0.08260273421269742, 0.08005089058524174, 0.7836940298507463, 0.431872460217994, 0.76, 0.328127539782006, 0, 0, 0, 250, 0, 0, 0, 160, 230, 113, 12, 34, 36
15.578, 1.2867265377403, 0.08259895607525355, 0.08005089058524174, 0.7836940298507463, 0.431872460217994, 0.8, 0.368127539782006, 0, 0, 0, 250, 0, 0, 0, 160, 151, 210, 79, 97, 36
15.624, 1.290636075264767, 0.08260599560066352, 0.08005089058524174, 0.7836940298507463, 0.431872460217994, 0.8100000000000001, 0.378127539782006, 0, 0, 0, 250, 0, 0, 0, 160, 75, 259, 76, 49, 36
15.676, 1.294301266693955, 0.0825657863417935, 0.08005089058524174, 0.7836940298507463, 0.431872460217994, 0.77, 0.338127539782006, 0, 0, 0, 250, 0, 0, 0, 160, 76, 243, 1, 16, 36
15.721, 1.298455150313701, 0.08259367408648949, 0.08005089058524174, 0.7836940298507463, 0.431872460217994, 0.45, 0.01812753978200597, 0, 0, 0, 250, 0, 0, 0, 160, 101, 258, 25, 15, 36
15.77, 1.302853380028727, 0.08261594039497318, 0.08005089058524174, 0.7836940298507463, 0.431872460217994, 0.15, -0.2818724602179941, 0, 0, 0, 250, 0, 0, 0, -160, 88, 255, 13, 3, 37
15.824, 1.306762917553195, 0.08258107416286618, 0.08005089058524174, 0.7836940298507463, 0.431872460217994, 0.08, -0.351872460217994, 0, 0, 0, 250, 0, 0, 0, -160, 97, 216, 9, 39, 37
15.875, 1.311405493363499, 0.08260822005439366, 0.08005089058524174, 0.7836940298507463, 0.431872460217994, 0.07000000000000001, -0.361872460217994, 0, 0, 0, 250, 0, 0, 0, -160, 201, 140, 104, 76, 37
15.927, 1.315315030887966, 0.08258397883392771, 0.08005089058524174, 0.7836940298507463, 0.431872460217994, 0.08, -0.351872460217994, 0, 0, 0, 250, 0, 0, 0, -160, 253, 77, 52, 63, 37
15.972, 1.318980222317155, 0.08258078026027766, 0.08005089058524174, 0.7836940298507463, 0.431872460217994, 0.07000000000000001, -0.361872460217994, 0, 0, 0, 250, 0, 0, 0, -160, 252, 95, 1, 18, 37
16.018, 1.323134105936901, 0.0826029532985954, 0.08005089058524174, 0.7836940298507463, 0.431872460217994, 0.1, -0.3318724602179941, 0, 0, 0, 250, 0, 0, 0, -160, 262, 97, 10, 2, 37
16.068, 1.327287989556648, 0.08260443051759072, 0.08005089058524174, 0.7836940298507463, 0.431872460217994, 0.17, -0.261872460217994, 0, 0, 0, 250, 0, 0, 0, -160, 240, 76, 22, 21, 37
16.126, 1.331686219271673, 0.0825800706481256, 0.08005089058524174, 0.7836940298507463, 0.431872460217994, 0.4699999999999999, 0.03812753978200597, 0, 0, 0, 250, 0, 0, 0, 160, 246, 96, 6, 20, 38
16.176, 1.336084448986699, 0.08259671420540919, 0.08005089058524174, 0.7836940298507463, 0.431872460217994, 0.76, 0.328127539782006, 0, 0, 0, 250, 0, 0, 0, 160, 247, 108, 1, 12, 38
16.223, 1.340238332606446, 0.08261347054222064, 0.08005089058524174, 0.7836940298507463, 0.431872460217994, 0.76, 0.328127539782006, 0, 0, 0, 250, 0, 0, 0, 160, 154, 200, 93, 92, 38
16.273, 1.343903524035634, 0.08258486597650304, 0.08005089058524174, 0.7836940298507463, 0.431872460217994, 0.77, 0.338127539782006, 0, 0, 0, 250, 0, 0, 0, 160, 83, 240, 71, 40, 38
16.317, 1.347813061560101, 0.08260176880309499, 0.08005089058524174, 0.7836940298507463, 0.431872460217994, 0.73, 0.298127539782006, 0, 0, 0, 250, 0, 0, 0, 160, 84, 258, 1, 18, 38
16.368, 1.352211291275127, 0.08261310430566514, 0.08005089058524174, 0.7836940298507463, 0.431872460217994, 0.43, -0.001872460217994032, 0, 0, 0, 250, 0, 0, 0, -160, 93, 251, 9, 7, 39
16.417, 1.356365174894873, 0.08261955137326389, 0.08005089058524174, 0.7836940298507463, 0.431872460217994, 0.15, -0.2818724602179941, 0, 0, 0, 250, 0, 0, 0, -160, 101, 242, 8, 9, 39
16.466, 1.360030366324061, 0.08259628120515373, 0.08005089058524174, 0.7836940298507463, 0.431872460217994, 0.1, -0.3318724602179941, 0, 0, 0, 250, 0, 0, 0, -160, 195, 140, 94, 102, 39
16.512, 1.363939903848529, 0.0826029496032297, 0.08005089058524174, 0.7836940298507463, 0.431872460217994, 0.1, -0.3318724602179941, 0, 0, 0, 250, 0, 0, 0, -160, 246, 76, 51, 64, 39
16.559, 1.368093787468275, 0.08261934823771211, 0.08005089058524174, 0.7836940298507463, 0.431872460217994, 0.16, -0.271872460217994, 0, 0, 0, 250, 0, 0, 0, -160, 245, 93, 1, 17, 39
16.613, 1.372492017183301, 0.08261554307971474, 0.08005089058524174, 0.7836940298507463, 0.431872460217994, 0.44, 0.008127539782005968, 0, 0, 0, 250, 0, 0, 0, 160, 255, 90, 10, 3, 40
16.663, 1.376401554707768, 0.08260226578093789, 0.08005089058524174, 0.7836940298507463, 0.431872460217994, 0.7, 0.268127539782006, 0, 0, 0, 250, 0, 0, 0, 160, 244, 99, 11, 9, 40
16.708, 1.380799784422794, 0.08264303234515166, 0.08005089058524174, 0.7836940298507463, 0.431872460217994, 0.76, 0.328127539782006, 0, 0, 0, 250, 0, 0, 0, 160, 144, 205, 100, 106, 40
16.755, 1.383976283661423, 0.08260079281775132, 0.08005089058524174, 0.7836940298507463, 0.431872460217994, 0.7800000000000001, 0.348127539782006, 0, 0, 0, 250, 0, 0, 0, 160, 71, 251, 73, 46, 40
16.804, 1.388374513376449, 0.08262166825615623, 0.08005089058524174, 0.7836940298507463, 0.431872460217994, 0.6600000000000001, 0.228127539782006, 0, 0, 0, 250, 0, 0, 0, 160, 96, 229, 25, 22, 40
16.864, 1.393505781377313, 0.08263198418983116, 0.08005089058524174, 0.7836940298507463, 0.431872460217994, 0.34, -0.09187246021799403, 0, 0, 0, 250, 0, 0, 0, -160, 94, 270, 2, 41, 41
16.918, 1.397904011092338, 0.08262820729946439, 0.08005089058524174, 0.7836940298507463, 0.431872460217994, 0.13, -0.301872460217994, 0, 0, 0, 250, 0, 0, 0, -160, 103, 221, 9, 49, 41
16.966, 1.401813548616806, 0.08262487024736565, 0.08005089058524174, 0.7836940298507463, 0.431872460217994, 0.1, -0.3318724602179941, 0, 0, 0, 250, 0, 0, 0, -160, 205, 142, 102, 79, 41
17.008, 1.405234393950714, 0.08262196577791125, 0.08005089058524174, 0.7836940298507463, 0.431872460217994, 0.12, -0.311872460217994, 0, 0, 0, 250, 0, 0, 0, -160, 250, 74, 45, 68, 41
17.056, 1.408899585379902, 0.08260433779197363, 0.08005089058524174, 0.7836940298507463, 0.431872460217994, 0.22, -0.211872460217994, 0, 0, 0, 250, 0, 0, 0, -160, 241, 91, 9, 17, 41
17.108, 1.413786507285487, 0.08263891204614724, 0.08005089058524174, 0.7836940298507463, 0.431872460217994, 0.6, 0.168127539782006, 0, 0, 0, 250, 0, 0, 0, 160, 265, 100, 24, 9, 42
17.156, 1.417696044809954, 0.08263558200104651, 0.08005089058524174, 0.7836940298507463, 0.431872460217994, 0.8, 0.368127539782006, 0, 0, 0, 250, 0, 0, 0, 160, 243, 99, 22, 1, 42
17.206, 1.422338620620259, 0.08266526912822613, 0.08005089058524174, 0.7836940298507463, 0.431872460217994, 0.8, 0.368127539782006, 0, 0, 0, 250, 0, 0, 0, 160, 147, 206, 96, 107, 42
17.256, 1.426248158144726, 0.08265230401858636, 0.08005089058524174, 0.7836940298507463, 0.431872460217994, 0.79, 0.3581275397820059, 0, 0, 0, 250, 0, 0, 0, 160, 83, 239, 64, 33, 42
17.306, 1.429913349573914, 0.08262529467086065, 0.08005089058524174, 0.7836940298507463, 0.431872460217994, 0.77, 0.338127539782006, 0, 0, 0, 250, 0, 0, 0, 160, 82, 243, 1, 4, 42
17.356, 1.434555925384219, 0.08265475486196239, 0.08005089058524174, 0.7836940298507463, 0.431872460217994, 0.77, 0.338127539782006, 0, 0, 0, 250, 0, 0, 0, 160, 99, 266, 17, 23, 42
17.405, 1.438709809003966, 0.0826607187017504, 0.08005089058524174, 0.7836940298507463, 0.431872460217994, 0.7800000000000001, 0.348127539782006, 0, 0, 0, 250, 0, 0, 0, 160, 95, 253, 4, 13, 42
17.456, 1.442619346528433, 0.08264317979654177, 0.08005089058524174, 0.7836940298507463, 0.431872460217994, 0.8100000000000001, 0.378127539782006, 0, 0, 0, 250, 0, 0, 0, 160, 81, 238, 14, 15, 42
17.507, 1.44677323014818, 0.08263970012841604, 0.08005089058524174, 0.7836940298507463, 0.431872460217994, 0.79, 0.3581275397820059, 0, 0, 0, 250, 0, 0, 0, 160, 97, 254, 16, 16, 42
17.555, 1.450438421577368, 0.08262252472670848, 0.08005089058524174, 0.7836940298507463, 0.431872460217994, 0.74, 0.308127539782006, 0, 0, 0, 250, 0, 0, 0, 160, 86, 245, 11, 9, 42
17.606, 1.454836651292393, 0.08263300302694498, 0.08005089058524174, 0.7836940298507463, 0.431872460217994, 0.79, 0.3581275397820059, 0, 0, 0, 250, 0, 0, 0, 160, 91, 259, 5, 14, 42
17.655, 1.459234881007419, 0.08265278283814325, 0.08005089058524174, 0.7836940298507463, 0.431872460217994, 0.8100000000000001, 0.378127539782006, 0, 0, 0, 250, 0, 0, 0, 160, 95, 239, 4, 20, 42
17.715, 1.463877456817724, 0.08263491147715065, 0.08005089058524174, 0.7836940298507463, 0.431872460217994, 0.84, 0.4081275397820059, 0, 0, 0, 250, 0, 0, 0, 160, 82, 254, 13, 15, 42
17.762, 1.467786994342191, 0.08263635819965044, 0.08005089058524174, 0.7836940298507463, 0.431872460217994, 0.8299999999999999, 0.398127539782006, 0, 0, 0, 250, 0, 0, 0, 160, 87, 251, 5, 3, 42
17.809, 1.471940877961938, 0.08265151765747305, 0.08005089058524174, 0.7836940298507463, 0.431872460217994, 0.8299999999999999, 0.398127539782006, 0, 0, 0, 250, 0, 0, 0, 160, 99, 252, 12, 1, 42
17.86, 1.476094761581684, 0.08264808295530147, 0.08005089058524174, 0.7836940298507463, 0.431872460217994, 0.7800000000000001, 0.348127539782006, 0, 0, 0, 250, 0, 0, 0, 160, 90, 250, 9, 2, 42
17.906, 1.479759953010872, 0.08264045308895746, 0.08005089058524174, 0.7836940298507463, 0.431872460217994, 0.8100000000000001, 0.378127539782006, 0, 0, 0, 250, 0, 0, 0, 160, 89, 242, 1, 8, 42
17.953, 1.48342514444006, 0.08262825959115803, 0.08005089058524174, 0.7836940298507463, 0.431872460217994, 0.8299999999999999, 0.398127539782006, 0, 0, 0, 250, 0, 0, 0, 160, 92, 240, 3, 2, 42
18.006, 1.488312066345645, 0.08265645153535736, 0.08005089058524174, 0.7836940298507463, 0.431872460217994, 0.8299999999999999, 0.398127539782006, 0, 0, 0, 250, 0, 0, 0, 160, 88, 261, 4, 21, 42
18.061, 1.49271029606067, 0.08264826399760093, 0.08005089058524174, 0.7836940298507463, 0.431872460217994, 0.8, 0.368127539782006, 0, 0, 0, 250, 0, 0, 0, 160, 92, 261, 4, 0, 42
18.112, 1.497108525775696, 0.08265837708567226, 0.08005089058524174, 0.7836940298507463, 0.431872460217994, 0.8, 0.368127539782006, 0, 0, 0, 250, 0, 0, 0, 160, 92, 234, 0, 27, 42
18.166, 1.501506755490722, 0.08265478121164382, 0.08005089058524174, 0.7836940298507463, 0.431872460217994, 0.8, 0.368127539782006, 0, 0, 0, 250, 0, 0, 0, 160, 91, 265, 1, 31, 42
18.215, 1.505660639110468, 0.08266047977548549, 0.08005089058524174, 0.7836940298507463, 0.431872460217994, 0.79, 0.3581275397820059, 0, 0, 0, 250, 0, 0, 0, 160, 85, 234, 6, 31, 42
18.258, 1.509081484444377, 0.08265316488357854, 0.08005089058524174, 0.7836940298507463, 0.431872460217994, 0.79, 0.3581275397820059, 0, 0, 0, 250, 0, 0, 0, 160, 95, 254, 10, 20, 42
18.305, 1.513235368064124, 0.08266787042142168, 0.08005089058524174, 0.7836940298507463, 0.431872460217994, 0.8199999999999999, 0.388127539782006, 0, 0, 0, 250, 0, 0, 0, 160, 91, 250, 4, 4, 42
18.358, 1.517633597779149, 0.08266878732863869, 0.08005089058524174, 0.7836940298507463, 0.431872460217994, 0.8299999999999999, 0.398127539782006, 0, 0, 0, 250, 0, 0, 0, 160, 85, 250, 6, 0, 42
18.405, 1.521298789208337, 0.08265682092954835, 0.08005089058524174, 0.7836940298507463, 0.431872460217994, 0.8299999999999999, 0.398127539782006, 0, 0, 0, 250, 0, 0, 0, 160, 92, 259, 7, 9, 42
18.452, 1.525208326732805, 0.08265815774619579, 0.08005089058524174, 0.7836940298507463, 0.431872460217994, 0.8699999999999999, 0.438127539782006, 0, 0, 0, 250, 0, 0, 0, 160, 88, 246, 4, 13, 42
18.507, 1.529850902543109, 0.08266336535057597, 0.08005089058524174, 0.7836940298507463, 0.431872460217994, 0.8, 0.368127539782006, 0, 0, 0, 250, 0, 0, 0, 160, 89, 253, 1, 7, 42
18.556, 1.533516093972298, 0.08264260045119087, 0.08005089058524174, 0.7836940298507463, 0.431872460217994, 0.8, 0.368127539782006, 0, 0, 0, 250, 0, 0, 0, 160, 90, 235, 1, 18, 42
18.601, 1.537425631496765, 0.08265284831443282, 0.08005089058524174, 0.7836940298507463, 0.431872460217994, 0.79, 0.3581275397820059, 0, 0, 0, 250, 0, 0, 0, 160, 92, 242, 2, 7, 42
18.648, 1.541823861211791, 0.08268038723786951, 0.08005089058524174, 0.7836940298507463, 0.431872460217994, 0.77, 0.338127539782006, 0, 0, 0, 250, 0, 0, 0, 160, 90, 281, 2, 39, 42
18.698, 1.545733398736258, 0.08266838157750872, 0.08005089058524174, 0.7836940298507463, 0.431872460217994, 0.76, 0.328127539782006, 0, 0, 0, 250, 0, 0, 0, 160, 87, 240, 3, 41, 42
18.748, 1.550131628451284, 0.08268250631807573, 0.08005089058524174, 0.7836940298507463, 0.431872460217994, 0.77, 0.338127539782006, 0, 0, 0, 250, 0, 0, 0, 160, 90, 248, 3, 8, 42
18.797, 1.553796819880472, 0.082661957752858, 0.08005089058524174, 0.7836940298507463, 0.431872460217994, 0.77, 0.338127539782006, 0, 0, 0, 250, 0, 0, 0, 160, 93, 240, 3, 8, 42
18.843, 1.557950703500218, 0.08268060836916725, 0.08005089058524174, 0.7836940298507463, 0.431872460217994, 0.76, 0.328127539782006, 0, 0, 0, 250, 0, 0, 0, 160, 96, 249, 3, 9, 42
18.888, 1.561371548834127, 0.08266473680824477, 0.08005089058524174, 0.7836940298507463, 0.431872460217994, 0.7800000000000001, 0.348127539782006, 0, 0, 0, 250, 0, 0, 0, 160, 87, 259, 9, 10, 42
18.936, 1.565281086358594, 0.08266165432818939, 0.08005089058524174, 0.7836940298507463, 0.431872460217994, 0.8299999999999999, 0.398127539782006, 0, 0, 0, 250, 0, 0, 0, 160, 88, 260, 1, 1, 42
18.987, 1.569923662168899, 0.08268413452198342, 0.08005089058524174, 0.7836940298507463, 0.431872460217994, 0.8100000000000001, 0.378127539782006, 0, 0, 0, 250, 0, 0, 0, 160, 96, 233, 8, 27, 42
19.043, 1.574077545788646, 0.08265911598953137, 0.08005089058524174, 0.7836940298507463, 0.431872460217994, 0.76, 0.328127539782006, 0, 0, 0, 250, 0, 0, 0, 160, 87, 259, 9, 26, 42
19.088, 1.577987083313113, 0.08266906345940452, 0.08005089058524174, 0.7836940298507463, 0.431872460217994, 0.7199999999999999, 0.288127539782006, 0, 0, 0, 250, 0, 0, 0, 160, 91, 254, 4, 5, 42
19.137, 1.582385313028139, 0.08268721915807802, 0.08005089058524174, 0.7836940298507463, 0.431872460217994, 0.7, 0.268127539782006, 0, 0, 0, 250, 0, 0, 0, 160, 90, 241, 1, 13, 42
19.186, 1.586294850552606, 0.08267981082834391, 0.08005089058524174, 0.7836940298507463, 0.431872460217994, 0.67, 0.238127539782006, 0, 0, 0, 250, 0, 0, 0, 160, 91, 240, 1, 1, 42
19.237, 1.590693080267632, 0.0826892488572871, 0.08005089058524174, 0.7836940298507463, 0.431872460217994, 0.74, 0.308127539782006, 0, 0, 0, 250, 0, 0, 0, 160, 85, 263, 6, 23, 42
19.286, 1.59435827169682, 0.08266920417384735, 0.08005089058524174, 0.7836940298507463, 0.431872460217994, 0.75, 0.318127539782006, 0, 0, 0, 250, 0, 0, 0, 160, 87, 246, 2, 17, 42
19.331, 1.598023463126008, 0.0826663629986037, 0.08005089058524174, 0.7836940298507463, 0.431872460217994, 0.61, 0.178127539782006, 0, 0, 0, 250, 0, 0, 0, 160, 92, 254, 5, 8, 42
19.382, 1.602421692841034, 0.08267576580543977, 0.08005089058524174, 0.7836940298507463, 0.431872460217994, 0.5600000000000001, 0.128127539782006, 0, 0, 0, 250, 0, 0, 0, 160, 86, 249, 6, 5, 42
19.428, 1.606575576460781, 0.08269382213613241, 0.08005089058524174, 0.7836940298507463, 0.431872460217994, 0.42, -0.01187246021799403, 0, 0, 0, 250, 0, 0, 0, -160, 98, 253, 12, 4, 43
19.486, 1.611462498366364, 0.0826984757449638, 0.08005089058524174, 0.7836940298507463, 0.431872460217994, 0.42, -0.01187246021799403, 0, 0, 0, 250, 0, 0, 0, -160, 107, 225, 9, 28, 43
19.536, 1.615127689795552, 0.08267443129584112, 0.08005089058524174, 0.7836940298507463, 0.431872460217994, 0.3, -0.131872460217994, 0, 0, 0, 250, 0, 0, 0, -160, 214, 147, 107, 78, 43
19.581, 1.618792881224741, 0.08267161438255149, 0.08005089058524174, 0.7836940298507463, 0.431872460217994, 0.2, -0.2318724602179941, 0, 0, 0, 250, 0, 0, 0, -160, 251, 63, 37, 84, 43
19.637, 1.623679803130325, 0.08268471778430129, 0.08005089058524174, 0.7836940298507463, 0.431872460217994, 0.05, -0.381872460217994, 0, 0, 0, 250, 0, 0, 0, -160, 239, 97, 12, 34, 43
19.692, 1.62807803284535, 0.08267712943557537, 0.08005089058524174, 0.7836940298507463, 0.431872460217994, 0.23, -0.201872460217994, 0, 0, 0, 250, 0, 0, 0, -160, 252, 99, 13, 2, 43
19.736, 1.632231916465097, 0.08270327910747351, 0.08005089058524174, 0.7836940298507463, 0.431872460217994, 0.23, -0.201872460217994, 0, 0, 0, 250, 0, 0, 0, -160, 266, 81, 14, 18, 43
19.785, 1.636385800084843, 0.0827084053618824, 0.08005089058524174, 0.7836940298507463, 0.431872460217994, 0.26, -0.171872460217994, 0, 0, 0, 250, 0, 0, 0, -160, 246, 97, 20, 16, 43
19.832, 1.639562299323473, 0.08267256450804119, 0.08005089058524174, 0.7836940298507463, 0.431872460217994, 0.21, -0.221872460217994, 0, 0, 0, 250, 0, 0, 0, -160, 243, 85, 3, 12, 43
19.886, 1.644693567324337, 0.08270610315419574, 0.08005089058524174, 0.7836940298507463, 0.431872460217994, 0.21, -0.221872460217994, 0, 0, 0, 250, 0, 0, 0, -160, 248, 88, 5, 3, 43
19.936, 1.648603104848804, 0.08269477853374818, 0.08005089058524174, 0.7836940298507463, 0.431872460217994, 0.21, -0.221872460217994, 0, 0, 0, 250, 0, 0, 0, -160, 257, 98, 9, 10, 43
19.985, 1.652512642373271, 0.08268764785455447, 0.08005089058524174, 0.7836940298507463, 0.431872460217994, 0.21, -0.221872460217994, 0, 0, 0, 250, 0, 0, 0, -160, 241, 87, 16, 11, 43
20.032, 1.656177833802459, 0.0826766091155381, 0.08005089058524174, 0.7836940298507463, 0.431872460217994, 0.21, -0.221872460217994, 0, 0, 0, 250, 0, 0, 0, -160, 247, 91, 6, 4, 43
20.078, 1.660576063517485, 0.08270624880553267, 0.08005089058524174, 0.7836940298507463, 0.431872460217994, 0.21, -0.221872460217994, 0, 0, 0, 250, 0, 0, 0, -160, 251, 86, 4, 5, 43
20.132, 1.664729947137231, 0.0826907384828746, 0.08005089058524174, 0.7836940298507463, 0.431872460217994, 0.21, -0.221872460217994, 0, 0, 0, 250, 0, 0, 0, -160, 245, 92, 6, 6, 43
20.178, 1.668639484661699, 0.08269598001098716, 0.08005089058524174, 0.7836940298507463, 0.431872460217994, 0.17, -0.261872460217994, 0, 0, 0, 250, 0, 0, 0, -160, 256, 91, 11, 1, 43
20.227, 1.672549022186166, 0.08268893173412597, 0.08005089058524174, 0.7836940298507463, 0.431872460217994, 0.19, -0.241872460217994, 0, 0, 0, 250, 0, 0, 0, -160, 242, 90, 14, 1, 43
20.276, 1.676458559710633, 0.08268191752370456, 0.08005089058524174, 0.7836940298507463, 0.431872460217994, 0.19, -0.241872460217994, 0, 0, 0, 250, 0, 0, 0, -160, 253, 93, 11, 3, 43
20.318, 1.6803680972351, 0.08270342047618371, 0.08005089058524174, 0.7836940298507463, 0.431872460217994, 0.19, -0.241872460217994, 0, 0, 0, 250, 0, 0, 0, -160, 257, 89, 4, 4, 43
20.366, 1.684033288664289, 0.0826884655143027, 0.08005089058524174, 0.7836940298507463, 0.431872460217994, 0.21, -0.221872460217994, 0, 0, 0, 250, 0, 0, 0, -160, 246, 88, 11, 1, 43
20.412, 1.688187172284035, 0.08270562278483418, 0.08005089058524174, 0.7836940298507463, 0.431872460217994, 0.22, -0.211872460217994, 0, 0, 0, 250, 0, 0, 0, -160, 234, 88, 12, 0, 43
20.458, 1.691608017617944, 0.08268687152302004, 0.08005089058524174, 0.7836940298507463, 0.431872460217994, 0.23, -0.201872460217994, 0, 0, 0, 250, 0, 0, 0, -160, 238, 90, 4, 2, 43
20.507, 1.69600624733297, 0.0827037717527171, 0.08005089058524174, 0.7836940298507463, 0.431872460217994, 0.25, -0.181872460217994, 0, 0, 0, 250, 0, 0, 0, -160, 251, 90, 13, 0, 43
20.561, 1.700404477047995, 0.08270047551422575, 0.08005089058524174, 0.7836940298507463, 0.431872460217994, 0.24, -0.191872460217994, 0, 0, 0, 250, 0, 0, 0, -160, 264, 85, 13, 5, 43
20.605, 1.704069668477184, 0.08270175532526977, 0.08005089058524174, 0.7836940298507463, 0.431872460217994, 0.21, -0.221872460217994, 0, 0, 0, 250, 0, 0, 0, -160, 243, 96, 21, 11, 43
20.652, 1.707734859906372, 0.08269101587770539, 0.08005089058524174, 0.7836940298507463, 0.431872460217994, 0.21, -0.221872460217994, 0, 0, 0, 250, 0, 0, 0, -160, 261, 83, 18, 13, 43
20.698, 1.712133089621397, 0.08271973570496653, 0.08005089058524174, 0.7836940298507463, 0.431872460217994, 0.2, -0.2318724602179941, 0, 0, 0, 250, 0, 0, 0, -160, 247, 100, 14, 17, 43
20.748, 1.716286973241144, 0.082720598286155, 0.08005089058524174, 0.7836940298507463, 0.431872460217994, 0.2, -0.2318724602179941, 0, 0, 0, 250, 0, 0, 0, -160, 253, 94, 6, 6, 43
20.796, 1.719952164670332, 0.08270591290009289, 0.08005089058524174, 0.7836940298507463, 0.431872460217994, 0.17, -0.261872460217994, 0, 0, 0, 250, 0, 0, 0, -160, 258, 82, 5, 12, 43
20.845, 1.724106048290079, 0.08271077228544392, 0.08005089058524174, 0.7836940298507463, 0.431872460217994, 0.18, -0.251872460217994, 0, 0, 0, 250, 0, 0, 0, -160, 242, 93, 16, 11, 43
20.888, 1.727526893623987, 0.08270427487667501, 0.08005089058524174, 0.7836940298507463, 0.431872460217994, 0.18, -0.251872460217994, 0, 0, 0, 250, 0, 0, 0, -160, 245, 86, 3, 7, 43
20.937, 1.731680777243734, 0.08270911674278711, 0.08005089058524174, 0.7836940298507463, 0.431872460217994, 0.18, -0.251872460217994, 0, 0, 0, 250, 0, 0, 0, -160, 247, 94, 2, 8, 43
20.985, 1.735590314768201, 0.08270623372733862, 0.08005089058524174, 0.7836940298507463, 0.431872460217994, 0.19, -0.241872460217994, 0, 0, 0, 250, 0, 0, 0, -160, 252, 89, 5, 5, 43
21.036, 1.739988544483227, 0.08271480055539204, 0.08005089058524174, 0.7836940298507463, 0.431872460217994, 0.21, -0.221872460217994, 0, 0, 0, 250, 0, 0, 0, -160, 246, 85, 6, 4, 43
21.087, 1.744386774198253, 0.0827233259448121, 0.08005089058524174, 0.7836940298507463, 0.431872460217994, 0.18, -0.251872460217994, 0, 0, 0, 250, 0, 0, 0, -160, 258, 98, 12, 13, 43
21.141, 1.748540657817999, 0.08270851226611791, 0.08005089058524174, 0.7836940298507463, 0.431872460217994, 0.2, -0.2318724602179941, 0, 0, 0, 250, 0, 0, 0, -160, 241, 86, 17, 12, 43
21.186, 1.752205849247187, 0.08270583636586364, 0.08005089058524174, 0.7836940298507463, 0.431872460217994, 0.19, -0.241872460217994, 0, 0, 0, 250, 0, 0, 0, -160, 246, 83, 5, 3, 43
21.236, 1.756359732866933, 0.0827067118509575, 0.08005089058524174, 0.7836940298507463, 0.431872460217994, 0.2, -0.2318724602179941, 0, 0, 0, 250, 0, 0, 0, -160, 245, 100, 1, 17, 43
21.285, 1.760757962581959, 0.08272294867662481, 0.08005089058524174, 0.7836940298507463, 0.431872460217994, 0.21, -0.221872460217994, 0, 0, 0, 250, 0, 0, 0, -160, 252, 84, 7, 16, 43
21.337, 1.765156192296985, 0.08272747772868655, 0.08005089058524174, 0.7836940298507463, 0.431872460217994, 0.21, -0.221872460217994, 0, 0, 0, 250, 0, 0, 0, -160, 260, 85, 8, 1, 43
21.384, 1.769065729821452, 0.08272847595498749, 0.08005089058524174, 0.7836940298507463, 0.431872460217994, 0.21, -0.221872460217994, 0, 0, 0, 250, 0, 0, 0, -160, 260, 96, 0, 11, 43
21.432, 1.773219613441199, 0.08273701070554306, 0.08005089058524174, 0.7836940298507463, 0.431872460217994, 0.2, -0.2318724602179941, 0, 0, 0, 250, 0, 0, 0, -160, 243, 91, 17, 5, 43
21.478, 1.776884804870387, 0.08273045930116339, 0.08005089058524174, 0.7836940298507463, 0.431872460217994, 0.21, -0.221872460217994, 0, 0, 0, 250, 0, 0, 0, -160, 244, 89, 1, 2, 43
21.526, 1.780794342394854, 0.08272760115185608, 0.08005089058524174, 0.7836940298507463, 0.431872460217994, 0.21, -0.221872460217994, 0, 0, 0, 250, 0, 0, 0, -160, 254, 93, 10, 4, 43
21.571, 1.784459533824042, 0.08272493318919116, 0.08005089058524174, 0.7836940298507463, 0.431872460217994, 0.22, -0.211872460217994, 0, 0, 0, 250, 0, 0, 0, -160, 251, 87, 3, 6, 43
21.617, 1.788613417443789, 0.08274105645759304, 0.08005089058524174, 0.7836940298507463, 0.431872460217994, 0.21, -0.221872460217994, 0, 0, 0, 250, 0, 0, 0, -160, 254, 99, 3, 12, 43
21.667, 1.792522954968256, 0.08273055591305932, 0.08005089058524174, 0.7836940298507463, 0.431872460217994, 0.21, -0.221872460217994, 0, 0, 0, 250, 0, 0, 0, -160, 244, 82, 10, 17, 43
21.723, 1.797165530778561, 0.08273100081842109, 0.08005089058524174, 0.7836940298507463, 0.431872460217994, 0.19, -0.241872460217994, 0, 0, 0, 250, 0, 0, 0, -160, 254, 99, 10, 17, 43
21.768, 1.801075068303028, 0.08273957498635742, 0.08005089058524174, 0.7836940298507463, 0.431872460217994, 0.2, -0.2318724602179941, 0, 0, 0, 250, 0, 0, 0, -160, 247, 82, 7, 17, 43
21.817, 1.804984605827496, 0.08273294246814391, 0.08005089058524174, 0.7836940298507463, 0.431872460217994, 0.19, -0.241872460217994, 0, 0, 0, 250, 0, 0, 0, -160, 257, 96, 10, 14, 43
21.867, 1.809138489447242, 0.08273373071053378, 0.08005089058524174, 0.7836940298507463, 0.431872460217994, 0.15, -0.2818724602179941, 0, 0, 0, 250, 0, 0, 0, -160, 242, 98, 15, 2, 43
21.916, 1.81304802697171, 0.08272714121973488, 0.08005089058524174, 0.7836940298507463, 0.431872460217994, 0.19, -0.241872460217994, 0, 0, 0, 250, 0, 0, 0, -160, 248, 84, 6, 14, 43
21.962, 1.816957564496177, 0.08273188072562503, 0.08005089058524174, 0.7836940298507463, 0.431872460217994, 0.21, -0.221872460217994, 0, 0, 0, 250, 0, 0, 0, -160, 251, 89, 3, 5, 43
22.012, 1.821111448115923, 0.08273266618734887, 0.08005089058524174, 0.7836940298507463, 0.431872460217994, 0.2, -0.2318724602179941, 0, 0, 0, 250, 0, 0, 0, -160, 248, 89, 3, 0, 43
22.057, 1.824776639545111, 0.0827300466765703, 0.08005089058524174, 0.7836940298507463, 0.431872460217994, 0.18, -0.251872460217994, 0, 0, 0, 250, 0, 0, 0, -160, 250, 86, 2, 3, 43
22.105, 1.829174869260137, 0.08274937205429255, 0.08005089058524174, 0.7836940298507463, 0.431872460217994, 0.19, -0.241872460217994, 0, 0, 0, 250, 0, 0, 0, -160, 255, 89, 5, 3, 43
22.156, 1.833084406784604, 0.08273534964725602, 0.08005089058524174, 0.7836940298507463, 0.431872460217994, 0.14, -0.291872460217994, 0, 0, 0, 250, 0, 0, 0, -160, 245, 91, 10, 2, 43
22.206, 1.837238290404351, 0.08273612043611417, 0.08005089058524174, 0.7836940298507463, 0.431872460217994, 0.13, -0.301872460217994, 0, 0, 0, 250, 0, 0, 0, -160, 244, 87, 1, 4, 43
22.248, 1.84065913573826, 0.08273369002778946, 0.08005089058524174, 0.7836940298507463, 0.431872460217994, 0.13, -0.301872460217994, 0, 0, 0, 250, 0, 0, 0, -160, 252, 91, 8, 4, 43
22.293, 1.844324327167448, 0.08273109618119802, 0.08005089058524174, 0.7836940298507463, 0.431872460217994, 0.16, -0.271872460217994, 0, 0, 0, 250, 0, 0, 0, -160, 250, 84, 2, 7, 43
22.337, 1.848233864691915, 0.08274315551291201, 0.08005089058524174, 0.7836940298507463, 0.431872460217994, 0.16, -0.271872460217994, 0, 0, 0, 250, 0, 0, 0, -160, 251, 96, 1, 12, 43
22.387, 1.852143402216383, 0.08273298799376345, 0.08005089058524174, 0.7836940298507463, 0.431872460217994, 0.16, -0.271872460217994, 0, 0, 0, 250, 0, 0, 0, -160, 254, 87, 3, 9, 43
22.435, 1.856541631931408, 0.08275202281842693, 0.08005089058524174, 0.7836940298507463, 0.431872460217994, 0.15, -0.2818724602179941, 0, 0, 0, 250, 0, 0, 0, -160, 251, 92, 3, 5, 43
22.486, 1.860451169455875, 0.08273820018926779, 0.08005089058524174, 0.7836940298507463, 0.431872460217994, 0.12, -0.311872460217994, 0, 0, 0, 250, 0, 0, 0, -160, 250, 99, 1, 7, 43
22.537, 1.864605053075622, 0.08273528211721269, 0.08005089058524174, 0.7836940298507463, 0.431872460217994, 0.14, -0.291872460217994, 0, 0, 0, 250, 0, 0, 0, -160, 248, 83, 2, 16, 43
22.586, 1.869003282790648, 0.08275052168558611, 0.08005089058524174, 0.7836940298507463, 0.431872460217994, 0.18, -0.251872460217994, 0, 0, 0, 250, 0, 0, 0, -160, 255, 94, 7, 11, 43
22.636, 1.872912820315115, 0.08274044974002098, 0.08005089058524174, 0.7836940298507463, 0.431872460217994, 0.2, -0.2318724602179941, 0, 0, 0, 250, 0, 0, 0, -160, 254, 87, 1, 7, 43
22.682, 1.876578011744303, 0.08273423912107852, 0.08005089058524174, 0.7836940298507463, 0.431872460217994, 0.19, -0.241872460217994, 0, 0, 0, 250, 0, 0, 0, -160, 249, 96, 5, 9, 43
22.728, 1.88048754926877, 0.08273880452608106, 0.08005089058524174, 0.7836940298507463, 0.431872460217994, 0.22, -0.211872460217994, 0, 0, 0, 250, 0, 0, 0, -160, 255, 79, 6, 17, 43
22.777, 1.884885778983796, 0.08275390872300109, 0.08005089058524174, 0.7836940298507463, 0.431872460217994, 0.23, -0.201872460217994, 0, 0, 0, 250, 0, 0, 0, -160, 242, 96, 13, 17, 43
22.826, 1.888550970412984, 0.08273683389174556, 0.08005089058524174, 0.7836940298507463, 0.431872460217994, 0.22, -0.211872460217994, 0, 0, 0, 250, 0, 0, 0, -160, 251, 89, 9, 7, 43
22.872, 1.892216161842173, 0.08273068213720586, 0.08005089058524174, 0.7836940298507463, 0.431872460217994, 0.19, -0.241872460217994, 0, 0, 0, 250, 0, 0, 0, -160, 241, 92, 10, 3, 43
22.928, 1.897591775938315, 0.08276307466583718, 0.08005089058524174, 0.7836940298507463, 0.431872460217994, 0.19, -0.241872460217994, 0, 0, 0, 250, 0, 0, 0, -160, 257, 91, 16, 1, 43
22.977, 1.901501313462782, 0.08275672687743318, 0.08005089058524174, 0.7836940298507463, 0.431872460217994, 0.21, -0.221872460217994, 0, 0, 0, 250, 0, 0, 0, -160, 249, 96, 8, 5, 43
23.028, 1.905410850987249, 0.08274321916741572, 0.08005089058524174, 0.7836940298507463, 0.431872460217994, 0.17, -0.261872460217994, 0, 0, 0, 250, 0, 0, 0, -160, 242, 90, 7, 6, 43
23.078, 1.909564734606996, 0.08274394378225997, 0.08005089058524174, 0.7836940298507463, 0.431872460217994, 0.11, -0.321872460217994, 0, 0, 0, 250, 0, 0, 0, -160, 257, 93, 15, 3, 43
23.126, 1.913474272131463, 0.08274125538923563, 0.08005089058524174, 0.7836940298507463, 0.431872460217994, 0.17, -0.261872460217994, 0, 0, 0, 250, 0, 0, 0, -160, 243, 83, 14, 10, 43
23.167, 1.916895117465372, 0.08274248359586361, 0.08005089058524174, 0.7836940298507463, 0.431872460217994, 0.15, -0.2818724602179941, 0, 0, 0, 250, 0, 0, 0, -160, 254, 96, 11, 13, 43
23.214, 1.921049001085119, 0.08275389855626425, 0.08005089058524174, 0.7836940298507463, 0.431872460217994, 0.13, -0.301872460217994, 0, 0, 0, 250, 0, 0, 0, -160, 246, 86, 8, 10, 43
23.263, 1.924714192514307, 0.08273714450046455, 0.08005089058524174, 0.7836940298507463, 0.431872460217994, 0.2, -0.2318724602179941, 0, 0, 0, 250, 0, 0, 0, -160, 250, 80, 4, 6, 43
23.306, 1.928379383943495, 0.08274175679839933, 0.08005089058524174, 0.7836940298507463, 0.431872460217994, 0.21, -0.221872460217994, 0, 0, 0, 250, 0, 0, 0, -160, 254, 98, 4, 18, 43
23.352, 1.932288921467962, 0.08274618540030669, 0.08005089058524174, 0.7836940298507463, 0.431872460217994, 0.22, -0.211872460217994, 0, 0, 0, 250, 0, 0, 0, -160, 247, 96, 7, 2, 43
23.4, 1.936442805087709, 0.08275396602938924, 0.08005089058524174, 0.7836940298507463, 0.431872460217994, 0.16, -0.271872460217994, 0, 0, 0, 250, 0, 0, 0, -160, 247, 82, 0, 14, 43
23.447, 1.940107996516897, 0.0827444021203948, 0.08005089058524174, 0.7836940298507463, 0.431872460217994, 0.17, -0.261872460217994, 0, 0, 0, 250, 0, 0, 0, -160, 248, 89, 1, 7, 43
23.498, 1.944750572327202, 0.08276238711069885, 0.08005089058524174, 0.7836940298507463, 0.431872460217994, 0.14, -0.291872460217994, 0, 0, 0, 250, 0, 0, 0, -160, 248, 101, 0, 12, 43
23.547, 1.948660109851669, 0.08275619441337195, 0.08005089058524174, 0.7836940298507463, 0.431872460217994, 0.14, -0.291872460217994, 0, 0, 0, 250, 0, 0, 0, -160, 260, 77, 12, 24, 43
23.603, 1.953302685661974, 0.08275654305223801, 0.08005089058524174, 0.7836940298507463, 0.431872460217994, 0.17, -0.261872460217994, 0, 0, 0, 250, 0, 0, 0, -160, 242, 95, 18, 18, 43
23.648, 1.956967877091162, 0.08275405434248826, 0.08005089058524174, 0.7836940298507463, 0.431872460217994, 0.17, -0.261872460217994, 0, 0, 0, 250, 0, 0, 0, -160, 249, 94, 7, 1, 43
23.696, 1.961121760710908, 0.08276172183958931, 0.08005089058524174, 0.7836940298507463, 0.431872460217994, 0.16, -0.271872460217994, 0, 0, 0, 250, 0, 0, 0, -160, 251, 89, 2, 5, 43
23.747, 1.965275644330655, 0.08275890193837768, 0.08005089058524174, 0.7836940298507463, 0.431872460217994, 0.15, -0.2818724602179941, 0, 0, 0, 250, 0, 0, 0, -160, 252, 92, 1, 3, 43
23.793, 1.969185181855122, 0.08276321530933982, 0.08005089058524174, 0.7836940298507463, 0.431872460217994, 0.13, -0.301872460217994, 0, 0, 0, 250, 0, 0, 0, -160, 261, 88, 9, 4, 43
23.838, 1.972606027189031, 0.08275048356359726, 0.08005089058524174, 0.7836940298507463, 0.431872460217994, 0.15, -0.2818724602179941, 0, 0, 0, 250, 0, 0, 0, -160, 220, 89, 41, 1, 43
23.885, 1.976759910808777, 0.08276156210210498, 0.08005089058524174, 0.7836940298507463, 0.431872460217994, 0.13, -0.301872460217994, 0, 0, 0, 250, 0, 0, 0, -160, 265, 93, 45, 4, 43
23.932, 1.980669448333245, 0.08276238711069885, 0.08005089058524174, 0.7836940298507463, 0.431872460217994, 0.22, -0.211872460217994, 0, 0, 0, 250, 0, 0, 0, -160, 264, 96, 1, 3, 43
23.978, 1.984578985857712, 0.08276666051621119, 0.08005089058524174, 0.7836940298507463, 0.431872460217994, 0.23, -0.201872460217994, 0, 0, 0, 250, 0, 0, 0, -160, 254, 86, 10, 10, 43
24.027, 1.988488523382179, 0.08276058281858656, 0.08005089058524174, 0.7836940298507463, 0.431872460217994, 0.2, -0.2318724602179941, 0, 0, 0, 250, 0, 0, 0, -160, 240, 88, 14, 2, 43
24.076, 1.992886753097205, 0.08277482775781714, 0.08005089058524174, 0.7836940298507463, 0.431872460217994, 0.23, -0.201872460217994, 0, 0, 0, 250, 0, 0, 0, -160, 258, 94, 18, 6, 43
24.134, 1.997284982812231, 0.08275814132809444, 0.08005089058524174, 0.7836940298507463, 0.431872460217994, 0.21, -0.221872460217994, 0, 0, 0, 250, 0, 0, 0, -160, 253, 89, 5, 5, 43
24.185, 2.001438866431977, 0.08275538004680493, 0.08005089058524174, 0.7836940298507463, 0.431872460217994, 0.22, -0.211872460217994, 0, 0, 0, 250, 0, 0, 0, -160, 245, 92, 8, 3, 43
24.234, 2.005592750051724, 0.08275945985193216, 0.08005089058524174, 0.7836940298507463, 0.431872460217994, 0.25, -0.181872460217994, 0, 0, 0, 250, 0, 0, 0, -160, 254, 89, 9, 3, 43
24.283, 2.00974663367147, 0.08276352319200553, 0.08005089058524174, 0.7836940298507463, 0.431872460217994, 0.2, -0.2318724602179941, 0, 0, 0, 250, 0, 0, 0, -160, 245, 89, 9, 0, 43
24.329, 2.013900517291217, 0.08277777620499062, 0.08005089058524174, 0.7836940298507463, 0.431872460217994, 0.17, -0.261872460217994, 0, 0, 0, 250, 0, 0, 0, -160, 247, 85, 2, 4, 43
24.379, 2.017810054815684, 0.08276836846530555, 0.08005089058524174, 0.7836940298507463, 0.431872460217994, 0.23, -0.201872460217994, 0, 0, 0, 250, 0, 0, 0, -160, 258, 96, 11, 11, 43
24.428, 2.021719592340152, 0.08276238711069885, 0.08005089058524174, 0.7836940298507463, 0.431872460217994, 0.2, -0.2318724602179941, 0, 0, 0, 250, 0, 0, 0, -160, 236, 88, 22, 8, 43
24.478, 2.025873475959898, 0.08276303112835599, 0.08005089058524174, 0.7836940298507463, 0.431872460217994, 0.2, -0.2318724602179941, 0, 0, 0, 250, 0, 0, 0, -160, 269, 82, 33, 6, 43
24.534, 2.030760397865482, 0.0827733104208642, 0.08005089058524174, 0.7836940298507463, 0.431872460217994, 0.2, -0.2318724602179941, 0, 0, 0, 250, 0, 0, 0, -160, 240, 102, 29, 20, 43
24.578, 2.03442558929467, 0.08277425296178167, 0.08005089058524174, 0.7836940298507463, 0.431872460217994, 0.2, -0.2318724602179941, 0, 0, 0, 250, 0, 0, 0, -160, 249, 86, 9, 16, 43
24.626, 2.038335126819137, 0.0827716692446657, 0.08005089058524174, 0.7836940298507463, 0.431872460217994, 0.22, -0.211872460217994, 0, 0, 0, 250, 0, 0, 0, -160, 242, 88, 7, 2, 43
24.672, 2.042000318248326, 0.08276590135572006, 0.08005089058524174, 0.7836940298507463, 0.431872460217994, 0.22, -0.211872460217994, 0, 0, 0, 250, 0, 0, 0, -160, 255, 92, 13, 4, 43
24.718, 2.045909855772793, 0.08277004028533025, 0.08005089058524174, 0.7836940298507463, 0.431872460217994, 0.2, -0.2318724602179941, 0, 0, 0, 250, 0, 0, 0, -160, 243, 90, 12, 2, 43
24.767, 2.050063739392539, 0.08277400328633018, 0.08005089058524174, 0.7836940298507463, 0.431872460217994, 0.18, -0.251872460217994, 0, 0, 0, 250, 0, 0, 0, -160, 255, 94, 12, 4, 43
24.816, 2.053973276917007, 0.08276810432450866, 0.08005089058524174, 0.7836940298507463, 0.431872460217994, 0.19, -0.241872460217994, 0, 0, 0, 250, 0, 0, 0, -160, 247, 88, 8, 6, 43
24.863, 2.057638468346195, 0.08275905837373585, 0.08005089058524174, 0.7836940298507463, 0.431872460217994, 0.21, -0.221872460217994, 0, 0, 0, 250, 0, 0, 0, -160, 246, 83, 1, 5, 43
24.908, 2.061548005870662, 0.08276650095835322, 0.08005089058524174, 0.7836940298507463, 0.431872460217994, 0.2, -0.2318724602179941, 0, 0, 0, 250, 0, 0, 0, -160, 251, 93, 5, 10, 43
24.951, 2.065213197299851, 0.08277075857880849, 0.08005089058524174, 0.7836940298507463, 0.431872460217994, 0.21, -0.221872460217994, 0, 0, 0, 250, 0, 0, 0, -160, 257, 93, 6, 0, 43
25.001, 2.069367080919597, 0.08277137238188859, 0.08005089058524174, 0.7836940298507463, 0.431872460217994, 0.23, -0.201872460217994, 0, 0, 0, 250, 0, 0, 0, -160, 256, 91, 1, 2, 43
25.047, 2.073276618444064, 0.08277544689759507, 0.08005089058524174, 0.7836940298507463, 0.431872460217994, 0.24, -0.191872460217994, 0, 0, 0, 250, 0, 0, 0, -160, 236, 89, 20, 2, 43
25.096, 2.077430502063811, 0.08277934738858029, 0.08005089058524174, 0.7836940298507463, 0.431872460217994, 0.24, -0.191872460217994, 0, 0, 0, 250, 0, 0, 0, -160, 252, 89, 16, 0, 43
25.147, 2.081584385683557, 0.08277664873279345, 0.08005089058524174, 0.7836940298507463, 0.431872460217994, 0.21, -0.221872460217994, 0, 0, 0, 250, 0, 0, 0, -160, 254, 89, 2, 0, 43
25.19600000000001, 2.085738269303304, 0.08278053140590981, 0.08005089058524174, 0.7836940298507463, 0.431872460217994, 0.18, -0.251872460217994, 0, 0, 0, 250, 0, 0, 0, -160, 250, 91, 4, 2, 43
25.247, 2.08989215292305, 0.08277784104737396, 0.08005089058524174, 0.7836940298507463, 0.431872460217994, 0.19, -0.241872460217994, 0, 0, 0, 250, 0, 0, 0, -160, 243, 89, 7, 2, 43
25.296, 2.093801690447517, 0.08277204658631867, 0.08005089058524174, 0.7836940298507463, 0.431872460217994, 0.18, -0.251872460217994, 0, 0, 0, 250, 0, 0, 0, -160, 253, 87, 10, 2, 43
25.353, 2.098688612353102, 0.08277870912133089, 0.08005089058524174, 0.7836940298507463, 0.431872460217994, 0.18, -0.251872460217994, 0, 0, 0, 250, 0, 0, 0, -160, 229, 93, 24, 6, 43
25.402, 2.102598149877569, 0.08277293716548179, 0.08005089058524174, 0.7836940298507463, 0.431872460217994, 0.17, -0.261872460217994, 0, 0, 0, 250, 0, 0, 0, -160, 263, 82, 34, 11, 43
25.447, 2.106752033497315, 0.08278979972088321, 0.08005089058524174, 0.7836940298507463, 0.431872460217994, 0.21, -0.221872460217994, 0, 0, 0, 250, 0, 0, 0, -160, 262, 98, 1, 16, 43
25.495, 2.110417224926504, 0.08277769072078854, 0.08005089058524174, 0.7836940298507463, 0.431872460217994, 0.18, -0.251872460217994, 0, 0, 0, 250, 0, 0, 0, -160, 247, 89, 15, 9, 43
25.542, 2.114082416355692, 0.0827688676045608, 0.08005089058524174, 0.7836940298507463, 0.431872460217994, 0.17, -0.261872460217994, 0, 0, 0, 250, 0, 0, 0, -160, 239, 87, 8, 2, 43
25.587, 2.118236299975438, 0.08278564505316909, 0.08005089058524174, 0.7836940298507463, 0.431872460217994, 0.21, -0.221872460217994, 0, 0, 0, 250, 0, 0, 0, -160, 258, 95, 19, 8, 43
25.636, 2.122390183595184, 0.08278944389121484, 0.08005089058524174, 0.7836940298507463, 0.431872460217994, 0.14, -0.291872460217994, 0, 0, 0, 250, 0, 0, 0, -160, 248, 87, 10, 8, 43
25.693, 2.12678841331021, 0.08277695922275367, 0.08005089058524174, 0.7836940298507463, 0.431872460217994, 0.5, 0.06812753978200598, 0, 0, 0, 250, 0, 0, 0, 160, 249, 88, 1, 1, 44
25.747, 2.131675335215794, 0.08279315396806597, 0.08005089058524174, 0.7836940298507463, 0.431872460217994, 0.7199999999999999, 0.288127539782006, 0, 0, 0, 250, 0, 0, 0, 160, 225, 106, 24, 18, 44
25.798, 2.135829218835541, 0.08279049611735566, 0.08005089058524174, 0.7836940298507463, 0.431872460217994, 0.75, 0.318127539782006, 0, 0, 0, 250, 0, 0, 0, 160, 130, 217, 95, 111, 44
25.845, 2.139494410264729, 0.0827817531539845, 0.08005089058524174, 0.7836940298507463, 0.431872460217994, 0.8199999999999999, 0.388127539782006, 0, 0, 0, 250, 0, 0, 0, 160, 76, 258, 54, 41, 44
25.891, 2.143159601693917, 0.08277623891290089, 0.08005089058524174, 0.7836940298507463, 0.431872460217994, 0.84, 0.4081275397820059, 0, 0, 0, 250, 0, 0, 0, 160, 91, 252, 15, 6, 44
25.939, 2.147557831408943, 0.08279262236049743, 0.08005089058524174, 0.7836940298507463, 0.431872460217994, 0.8, 0.368127539782006, 0, 0, 0, 250, 0, 0, 0, 160, 95, 263, 4, 11, 44
25.987, 2.15146736893341, 0.08279014002899181, 0.08005089058524174, 0.7836940298507463, 0.431872460217994, 0.8100000000000001, 0.378127539782006, 0, 0, 0, 250, 0, 0, 0, 160, 89, 239, 6, 24, 44
26.036, 2.155376906457877, 0.08278448711237814, 0.08005089058524174, 0.7836940298507463, 0.431872460217994, 0.8100000000000001, 0.378127539782006, 0, 0, 0, 250, 0, 0, 0, 160, 93, 251, 4, 12, 44
26.087, 2.159530790077624, 0.0827818756498495, 0.08005089058524174, 0.7836940298507463, 0.431872460217994, 0.8199999999999999, 0.388127539782006, 0, 0, 0, 250, 0, 0, 0, 160, 83, 261, 10, 10, 44
26.138, 2.164173365887929, 0.08279797099578886, 0.08005089058524174, 0.7836940298507463, 0.431872460217994, 0.8199999999999999, 0.388127539782006, 0, 0, 0, 250, 0, 0, 0, 160, 93, 234, 10, 27, 44
26.186, 2.167594211221838, 0.08277683537851667, 0.08005089058524174, 0.7836940298507463, 0.431872460217994, 0.8199999999999999, 0.388127539782006, 0, 0, 0, 250, 0, 0, 0, 160, 88, 244, 5, 10, 44
26.235, 2.171992440936863, 0.08278987768007864, 0.08005089058524174, 0.7836940298507463, 0.431872460217994, 0.8199999999999999, 0.388127539782006, 0, 0, 0, 250, 0, 0, 0, 160, 86, 244, 2, 0, 44
26.286, 2.17614632455661, 0.08278727552905005, 0.08005089058524174, 0.7836940298507463, 0.431872460217994, 0.8, 0.368127539782006, 0, 0, 0, 250, 0, 0, 0, 160, 96, 242, 10, 2, 44
26.333, 2.180055862081077, 0.08278797942053989, 0.08005089058524174, 0.7836940298507463, 0.431872460217994, 0.8299999999999999, 0.398127539782006, 0, 0, 0, 250, 0, 0, 0, 160, 90, 280, 6, 38, 44
26.376, 2.183721053510265, 0.08279197200145074, 0.08005089058524174, 0.7836940298507463, 0.431872460217994, 0.8199999999999999, 0.388127539782006, 0, 0, 0, 250, 0, 0, 0, 160, 83, 258, 7, 22, 44
26.424, 2.187386244939453, 0.08278028477669743, 0.08005089058524174, 0.7836940298507463, 0.431872460217994, 0.8199999999999999, 0.388127539782006, 0, 0, 0, 250, 0, 0, 0, 160, 92, 232, 9, 26, 44
26.472, 2.1915401285592, 0.08278710065575702, 0.08005089058524174, 0.7836940298507463, 0.431872460217994, 0.8199999999999999, 0.388127539782006, 0, 0, 0, 250, 0, 0, 0, 160, 91, 245, 1, 13, 44
26.52, 2.195694012178946, 0.08279389186195122, 0.08005089058524174, 0.7836940298507463, 0.431872460217994, 0.64, 0.208127539782006, 0, 0, 0, 250, 0, 0, 0, 160, 92, 250, 1, 5, 44
26.576, 2.200336587989251, 0.08279412206461661, 0.08005089058524174, 0.7836940298507463, 0.431872460217994, 0.27, -0.161872460217994, 0, 0, 0, 250, 0, 0, 0, -160, 88, 262, 4, 12, 45
26.625, 2.204246125513718, 0.08278858687375468, 0.08005089058524174, 0.7836940298507463, 0.431872460217994, 0.19, -0.241872460217994, 0, 0, 0, 250, 0, 0, 0, -160, 100, 230, 12, 32, 45
26.671, 2.208155663038186, 0.0827923836015967, 0.08005089058524174, 0.7836940298507463, 0.431872460217994, 0.2, -0.2318724602179941, 0, 0, 0, 250, 0, 0, 0, -160, 184, 161, 84, 69, 45
26.72, 2.211820854467374, 0.08277772658934783, 0.08005089058524174, 0.7836940298507463, 0.431872460217994, 0.24, -0.191872460217994, 0, 0, 0, 250, 0, 0, 0, -160, 248, 78, 64, 83, 45
26.767, 2.216219084182399, 0.08279669309905479, 0.08005089058524174, 0.7836940298507463, 0.431872460217994, 0.2, -0.2318724602179941, 0, 0, 0, 250, 0, 0, 0, -160, 266, 87, 18, 9, 45
26.822, 2.220861659992705, 0.08280000223669767, 0.08005089058524174, 0.7836940298507463, 0.431872460217994, 0.21, -0.221872460217994, 0, 0, 0, 250, 0, 0, 0, -160, 257, 98, 9, 11, 45
26.881, 2.22525988970773, 0.08278188645168447, 0.08005089058524174, 0.7836940298507463, 0.431872460217994, 0.2, -0.2318724602179941, 0, 0, 0, 250, 0, 0, 0, -160, 234, 85, 23, 13, 45
26.926, 2.229169427232197, 0.08278873309188878, 0.08005089058524174, 0.7836940298507463, 0.431872460217994, 0.19, -0.241872460217994, 0, 0, 0, 250, 0, 0, 0, -160, 237, 100, 3, 15, 45
26.971, 2.233078964756665, 0.08279555688542008, 0.08005089058524174, 0.7836940298507463, 0.431872460217994, 0.21, -0.221872460217994, 0, 0, 0, 250, 0, 0, 0, -160, 264, 89, 27, 11, 45
27.019, 2.237232848376411, 0.08280220764559797, 0.08005089058524174, 0.7836940298507463, 0.431872460217994, 0.23, -0.201872460217994, 0, 0, 0, 250, 0, 0, 0, -160, 264, 89, 0, 0, 45
27.067, 2.241142385900879, 0.08279980736324227, 0.08005089058524174, 0.7836940298507463, 0.431872460217994, 0.31, -0.121872460217994, 0, 0, 0, 250, 0, 0, 0, -160, 249, 91, 15, 2, 45
27.115, 2.245051923425346, 0.08279741557902808, 0.08005089058524174, 0.7836940298507463, 0.431872460217994, 0.45, 0.01812753978200597, 0, 0, 0, 250, 0, 0, 0, 160, 245, 93, 4, 2, 46
27.166, 2.249205807045092, 0.08279488356935477, 0.08005089058524174, 0.7836940298507463, 0.431872460217994, 0.6600000000000001, 0.228127539782006, 0, 0, 0, 250, 0, 0, 0, 160, 238, 108, 7, 15, 46
27.216, 2.253359690664839, 0.08279540309615076, 0.08005089058524174, 0.7836940298507463, 0.431872460217994, 0.7800000000000001, 0.348127539782006, 0, 0, 0, 250, 0, 0, 0, 160, 157, 194, 81, 86, 46
27.262, 2.257269228189307, 0.08279910601530725, 0.08005089058524174, 0.7836940298507463, 0.431872460217994, 0.77, 0.338127539782006, 0, 0, 0, 250, 0, 0, 0, 160, 80, 245, 77, 51, 46
27.319, 2.261911803999611, 0.08279628844392589, 0.08005089058524174, 0.7836940298507463, 0.431872460217994, 0.38, -0.05187246021799403, 0, 0, 0, 250, 0, 0, 0, -160, 95, 257, 15, 12, 47
27.371, 2.266065687619358, 0.0827907525344108, 0.08005089058524174, 0.7836940298507463, 0.431872460217994, 0.19, -0.241872460217994, 0, 0, 0, 250, 0, 0, 0, -160, 105, 235, 10, 22, 47
27.416, 2.269975225143825, 0.08279746225356817, 0.08005089058524174, 0.7836940298507463, 0.431872460217994, 0.21, -0.221872460217994, 0, 0, 0, 250, 0, 0, 0, -160, 188, 154, 83, 81, 47
27.463, 2.273640416573013, 0.08278922246560874, 0.08005089058524174, 0.7836940298507463, 0.431872460217994, 0.19, -0.241872460217994, 0, 0, 0, 250, 0, 0, 0, -160, 252, 80, 64, 74, 47
27.516, 2.278038646288039, 0.08278960046111495, 0.08005089058524174, 0.7836940298507463, 0.431872460217994, 0.21, -0.221872460217994, 0, 0, 0, 250, 0, 0, 0, -160, 253, 97, 1, 17, 47
27.563, 2.282192529907785, 0.0827991339806184, 0.08005089058524174, 0.7836940298507463, 0.431872460217994, 0.23, -0.201872460217994, 0, 0, 0, 250, 0, 0, 0, -160, 260, 96, 7, 1, 47
27.608, 2.285857721336973, 0.08279693282153627, 0.08005089058524174, 0.7836940298507463, 0.431872460217994, 0.21, -0.221872460217994, 0, 0, 0, 250, 0, 0, 0, -160, 242, 86, 18, 10, 47
27.657, 2.290255951051999, 0.08280926893921968, 0.08005089058524174, 0.7836940298507463, 0.431872460217994, 0.22, -0.211872460217994, 0, 0, 0, 250, 0, 0, 0, -160, 246, 91, 4, 5, 47
27.706, 2.293921142481187, 0.0827951036772247, 0.08005089058524174, 0.7836940298507463, 0.431872460217994, 0.22, -0.211872460217994, 0, 0, 0, 250, 0, 0, 0, -160, 255, 94, 9, 3, 47
27.767, 2.29929675657733, 0.08280681227994847, 0.08005089058524174, 0.7836940298507463, 0.431872460217994, 0.3, -0.131872460217994, 0, 0, 0, 250, 0, 0, 0, -160, 253, 84, 2, 10, 47
27.811, 2.302717601911239, 0.08279880629647401, 0.08005089058524174, 0.7836940298507463, 0.431872460217994, 0.42, -0.01187246021799403, 0, 0, 0, 250, 0, 0, 0, -160, 246, 85, 7, 1, 47
27.857, 2.306627139435706, 0.08280242450499715, 0.08005089058524174, 0.7836940298507463, 0.431872460217994, 0.52, 0.08812753978200597, 0, 0, 0, 250, 0, 0, 0, 160, 237, 94, 9, 9, 48
27.906, 2.311025369150731, 0.08281464090699963, 0.08005089058524174, 0.7836940298507463, 0.431872460217994, 0.5600000000000001, 0.128127539782006, 0, 0, 0, 250, 0, 0, 0, 160, 235, 109, 2, 15, 48
27.955, 2.315179252770478, 0.08281807378896362, 0.08005089058524174, 0.7836940298507463, 0.431872460217994, 0.55, 0.118127539782006, 0, 0, 0, 250, 0, 0, 0, 160, 150, 199, 85, 90, 48
28.004, 2.319088790294945, 0.08281276925778265, 0.08005089058524174, 0.7836940298507463, 0.431872460217994, 0.54, 0.108127539782006, 0, 0, 0, 250, 0, 0, 0, 160, 70, 256, 80, 57, 48
28.056, 2.322998327819413, 0.08279862873607829, 0.08005089058524174, 0.7836940298507463, 0.431872460217994, 0.3, -0.131872460217994, 0, 0, 0, 250, 0, 0, 0, -160, 91, 230, 21, 26, 49
28.103, 2.327152211439159, 0.08280796396965304, 0.08005089058524174, 0.7836940298507463, 0.431872460217994, 0.2, -0.2318724602179941, 0, 0, 0, 250, 0, 0, 0, -160, 107, 265, 16, 35, 49
28.157, 2.332039133344743, 0.08282271312088445, 0.08005089058524174, 0.7836940298507463, 0.431872460217994, 0.2, -0.2318724602179941, 0, 0, 0, 250, 0, 0, 0, -160, 191, 143, 84, 122, 49
28.206, 2.335704324773931, 0.08280877560710243, 0.08005089058524174, 0.7836940298507463, 0.431872460217994, 0.2, -0.2318724602179941, 0, 0, 0, 250, 0, 0, 0, -160, 247, 62, 56, 81, 49
28.255, 2.339369516203119, 0.08279488643436983, 0.08005089058524174, 0.7836940298507463, 0.431872460217994, 0.18, -0.251872460217994, 0, 0, 0, 250, 0, 0, 0, -160, 257, 98, 10, 36, 49
28.305, 2.343767745918146, 0.08280401858039729, 0.08005089058524174, 0.7836940298507463, 0.431872460217994, 0.2, -0.2318724602179941, 0, 0, 0, 250, 0, 0, 0, -160, 260, 100, 3, 2, 49
28.356, 2.348165975633171, 0.08281019804038548, 0.08005089058524174, 0.7836940298507463, 0.431872460217994, 0.21, -0.221872460217994, 0, 0, 0, 250, 0, 0, 0, -160, 235, 95, 25, 5, 49
28.406, 2.352319859252917, 0.0828106688464732, 0.08005089058524174, 0.7836940298507463, 0.431872460217994, 0.22, -0.211872460217994, 0, 0, 0, 250, 0, 0, 0, -160, 259, 92, 24, 3, 49
28.457, 2.356718088967944, 0.08281681445577339, 0.08005089058524174, 0.7836940298507463, 0.431872460217994, 0.19, -0.241872460217994, 0, 0, 0, 250, 0, 0, 0, -160, 249, 80, 10, 12, 49
28.508, 2.36062762649241, 0.08280579579389681, 0.08005089058524174, 0.7836940298507463, 0.431872460217994, 0.15, -0.2818724602179941, 0, 0, 0, 250, 0, 0, 0, -160, 239, 86, 10, 6, 49
28.567, 2.365758894493274, 0.08281439753888311, 0.08005089058524174, 0.7836940298507463, 0.431872460217994, 0.05, -0.381872460217994, 0, 0, 0, 250, 0, 0, 0, -160, 248, 96, 9, 10, 49
28.618, 2.369668432017741, 0.08280342553699562, 0.08005089058524174, 0.7836940298507463, 0.431872460217994, 0.14, -0.291872460217994, 0, 0, 0, 250, 0, 0, 0, -160, 251, 89, 3, 7, 49
28.675, 2.375044046113884, 0.08282629628993492, 0.08005089058524174, 0.7836940298507463, 0.431872460217994, 0.41, -0.02187246021799403, 0, 0, 0, 250, 0, 0, 0, -160, 255, 94, 4, 5, 49
28.726, 2.378709237543072, 0.08280683831870332, 0.08005089058524174, 0.7836940298507463, 0.431872460217994, 0.61, 0.178127539782006, 0, 0, 0, 250, 0, 0, 0, 160, 252, 79, 3, 15, 50
28.776, 2.382863121162818, 0.08280730890891084, 0.08005089058524174, 0.7836940298507463, 0.431872460217994, 0.6899999999999999, 0.258127539782006, 0, 0, 0, 250, 0, 0, 0, 160, 230, 111, 22, 32, 50
28.822, 2.387017004782565, 0.08281927016801626, 0.08005089058524174, 0.7836940298507463, 0.431872460217994, 0.71, 0.278127539782006, 0, 0, 0, 250, 0, 0, 0, 160, 153, 198, 77, 87, 50
28.876, 2.391170888402312, 0.08280824520024627, 0.08005089058524174, 0.7836940298507463, 0.431872460217994, 0.74, 0.308127539782006, 0, 0, 0, 250, 0, 0, 0, 160, 79, 240, 74, 42, 50
28.923, 2.395080425926778, 0.08280885198377687, 0.08005089058524174, 0.7836940298507463, 0.431872460217994, 0.7199999999999999, 0.288127539782006, 0, 0, 0, 250, 0, 0, 0, 160, 88, 240, 9, 0, 50
28.978, 2.399967347832363, 0.08282032396412323, 0.08005089058524174, 0.7836940298507463, 0.431872460217994, 0.28, -0.151872460217994, 0, 0, 0, 250, 0, 0, 0, -160, 95, 267, 7, 27, 51
29.026, 2.404121231452109, 0.08282647390105797, 0.08005089058524174, 0.7836940298507463, 0.431872460217994, 0.14, -0.291872460217994, 0, 0, 0, 250, 0, 0, 0, -160, 103, 228, 8, 39, 51
29.072, 2.407786422881297, 0.08282149225651132, 0.08005089058524174, 0.7836940298507463, 0.431872460217994, 0.14, -0.291872460217994, 0, 0, 0, 250, 0, 0, 0, -160, 194, 152, 91, 76, 51
29.118, 2.411207268215206, 0.0828081347693937, 0.08005089058524174, 0.7836940298507463, 0.431872460217994, 0.11, -0.321872460217994, 0, 0, 0, 250, 0, 0, 0, -160, 243, 72, 49, 80, 51
29.166, 2.415605497930232, 0.08282265301824838, 0.08005089058524174, 0.7836940298507463, 0.431872460217994, 0.17, -0.261872460217994, 0, 0, 0, 250, 0, 0, 0, -160, 260, 99, 17, 27, 51
29.212, 2.41927068935942, 0.0828177012652136, 0.08005089058524174, 0.7836940298507463, 0.431872460217994, 0.19, -0.241872460217994, 0, 0, 0, 250, 0, 0, 0, -160, 259, 100, 1, 1, 51
29.259, 2.423180226883887, 0.08281828589096985, 0.08005089058524174, 0.7836940298507463, 0.431872460217994, 0.18, -0.251872460217994, 0, 0, 0, 250, 0, 0, 0, -160, 240, 80, 19, 20, 51
29.309, 2.427334110503634, 0.08281872839413264, 0.08005089058524174, 0.7836940298507463, 0.431872460217994, 0.22, -0.211872460217994, 0, 0, 0, 250, 0, 0, 0, -160, 248, 96, 8, 16, 51
29.361, 2.431732340218659, 0.08282185008067366, 0.08005089058524174, 0.7836940298507463, 0.431872460217994, 0.34, -0.09187246021799403, 0, 0, 0, 250, 0, 0, 0, -160, 257, 89, 9, 7, 51
29.413, 2.435886223838406, 0.08281665331106673, 0.08005089058524174, 0.7836940298507463, 0.431872460217994, 0.5699999999999999, 0.138127539782006, 0, 0, 0, 250, 0, 0, 0, 160, 250, 88, 7, 1, 52
29.462, 2.440284453553432, 0.08282820085375846, 0.08005089058524174, 0.7836940298507463, 0.431872460217994, 0.73, 0.298127539782006, 0, 0, 0, 250, 0, 0, 0, 160, 232, 108, 18, 20, 52
29.512, 2.444193991077899, 0.08282034396441784, 0.08005089058524174, 0.7836940298507463, 0.431872460217994, 0.7800000000000001, 0.348127539782006, 0, 0, 0, 250, 0, 0, 0, 160, 147, 196, 85, 88, 52
29.557, 2.448103528602366, 0.08282652260386257, 0.08005089058524174, 0.7836940298507463, 0.431872460217994, 0.7800000000000001, 0.348127539782006, 0, 0, 0, 250, 0, 0, 0, 160, 71, 263, 76, 67, 52
29.613, 2.452257412222113, 0.08281016486752822, 0.08005089058524174, 0.7836940298507463, 0.431872460217994, 0.44, 0.008127539782005968, 0, 0, 0, 250, 0, 0, 0, 160, 89, 230, 18, 33, 52
29.661, 2.456655641937138, 0.0828244375421307, 0.08005089058524174, 0.7836940298507463, 0.431872460217994, 0.2, -0.2318724602179941, 0, 0, 0, 250, 0, 0, 0, -160, 98, 262, 9, 32, 53
29.708, 2.460809525556885, 0.08283322760054144, 0.08005089058524174, 0.7836940298507463, 0.431872460217994, 0.19, -0.241872460217994, 0, 0, 0, 250, 0, 0, 0, -160, 98, 243, 0, 19, 53
29.764, 2.464963409176632, 0.08281694023574222, 0.08005089058524174, 0.7836940298507463, 0.431872460217994, 0.2, -0.2318724602179941, 0, 0, 0, 250, 0, 0, 0, -160, 198, 133, 100, 110, 53
29.812, 2.468872946701099, 0.08281473724342879, 0.08005089058524174, 0.7836940298507463, 0.431872460217994, 0.21, -0.221872460217994, 0, 0, 0, 250, 0, 0, 0, -160, 259, 80, 61, 53, 53
29.863, 2.473026830320845, 0.0828124043237734, 0.08005089058524174, 0.7836940298507463, 0.431872460217994, 0.19, -0.241872460217994, 0, 0, 0, 250, 0, 0, 0, -160, 254, 99, 5, 19, 53
29.922, 2.478402444416988, 0.08282876961489832, 0.08005089058524174, 0.7836940298507463, 0.431872460217994, 0.2, -0.2318724602179941, 0, 0, 0, 250, 0, 0, 0, -160, 261, 88, 7, 11, 53
29.973, 2.482311981941455, 0.0828182691736381, 0.08005089058524174, 0.7836940298507463, 0.431872460217994, 0.19, -0.241872460217994, 0, 0, 0, 250, 0, 0, 0, -160, 229, 86, 32, 2, 53
30.022, 2.486465865561202, 0.08282145978153359, 0.08005089058524174, 0.7836940298507463, 0.431872460217994, 0.23, -0.201872460217994, 0, 0, 0, 250, 0, 0, 0, -160, 251, 91, 22, 5, 53
30.081, 2.491352787466786, 0.08282147493323977, 0.08005089058524174, 0.7836940298507463, 0.431872460217994, 0.32, -0.111872460217994, 0, 0, 0, 250, 0, 0, 0, -160, 249, 92, 2, 1, 53
30.134, 2.495751017181812, 0.08282176336303881, 0.08005089058524174, 0.7836940298507463, 0.431872460217994, 0.58, 0.148127539782006, 0, 0, 0, 250, 0, 0, 0, 160, 260, 89, 11, 3, 54
30.193, 2.500882285182675, 0.08282987067143626, 0.08005089058524174, 0.7836940298507463, 0.431872460217994, 0.79, 0.3581275397820059, 0, 0, 0, 250, 0, 0, 0, 160, 198, 121, 62, 32, 54
30.253, 2.505769207088259, 0.0828271314279, 0.08005089058524174, 0.7836940298507463, 0.431872460217994, 0.8, 0.368127539782006, 0, 0, 0, 250, 0, 0, 0, 160, 122, 241, 76, 120, 54
30.306, 2.510167436803285, 0.08282740832849221, 0.08005089058524174, 0.7836940298507463, 0.431872460217994, 0.8100000000000001, 0.378127539782006, 0, 0, 0, 250, 0, 0, 0, 160, 72, 247, 50, 6, 54
30.365, 2.514810012613589, 0.08281936481520138, 0.08005089058524174, 0.7836940298507463, 0.431872460217994, 0.6, 0.168127539782006, 0, 0, 0, 250, 0, 0, 0, 160, 100, 255, 28, 8, 54
30.422, 2.519941280614453, 0.08283286045014966, 0.08005089058524174, 0.7836940298507463, 0.431872460217994, 0.32, -0.111872460217994, 0, 0, 0, 250, 0, 0, 0, -160, 90, 255, 10, 0, 55
30.477, 2.524583856424758, 0.08283570746545783, 0.08005089058524174, 0.7836940298507463, 0.431872460217994, 0.21, -0.221872460217994, 0, 0, 0, 250, 0, 0, 0, -160, 106, 197, 16, 58, 55
30.527, 2.528737740044504, 0.08283610377844218, 0.08005089058524174, 0.7836940298507463, 0.431872460217994, 0.24, -0.191872460217994, 0, 0, 0, 250, 0, 0, 0, -160, 214, 136, 108, 61, 55
30.584, 2.53313596975953, 0.08282552869995847, 0.08005089058524174, 0.7836940298507463, 0.431872460217994, 0.23, -0.201872460217994, 0, 0, 0, 250, 0, 0, 0, -160, 237, 80, 23, 56, 55
30.636, 2.537778545569835, 0.08283648470981312, 0.08005089058524174, 0.7836940298507463, 0.431872460217994, 0.25, -0.181872460217994, 0, 0, 0, 250, 0, 0, 0, -160, 277, 99, 40, 19, 55
30.687, 2.541932429189581, 0.0828341782901418, 0.08005089058524174, 0.7836940298507463, 0.431872460217994, 0.34, -0.09187246021799403, 0, 0, 0, 250, 0, 0, 0, -160, 250, 84, 27, 15, 55
30.743, 2.546330658904607, 0.0828263558827898, 0.08005089058524174, 0.7836940298507463, 0.431872460217994, 0.6, 0.168127539782006, 0, 0, 0, 250, 0, 0, 0, 160, 237, 92, 13, 8, 56
30.792, 2.550484542524353, 0.0828294538362027, 0.08005089058524174, 0.7836940298507463, 0.431872460217994, 0.8, 0.368127539782006, 0, 0, 0, 250, 0, 0, 0, 160, 241, 94, 4, 2, 56
30.846, 2.555371464429938, 0.08284287960934765, 0.08005089058524174, 0.7836940298507463, 0.431872460217994, 0.8199999999999999, 0.388127539782006, 0, 0, 0, 250, 0, 0, 0, 160, 147, 228, 94, 134, 56
30.893, 2.559036655859126, 0.08283548557469738, 0.08005089058524174, 0.7836940298507463, 0.431872460217994, 0.8100000000000001, 0.378127539782006, 0, 0, 0, 250, 0, 0, 0, 160, 73, 256, 74, 28, 56
30.943, 2.562946193383593, 0.08282798026641222, 0.08005089058524174, 0.7836940298507463, 0.431872460217994, 0.77, 0.338127539782006, 0, 0, 0, 250, 0, 0, 0, 160, 89, 240, 16, 16, 56
30.996, 2.567344423098619, 0.08282824955151048, 0.08005089058524174, 0.7836940298507463, 0.431872460217994, 0.49, 0.05812753978200597, 0, 0, 0, 250, 0, 0, 0, 160, 94, 259, 5, 19, 56
31.04200000000001, 2.571253960623086, 0.0828314528903771, 0.08005089058524174, 0.7836940298507463, 0.431872460217994, 0.34, -0.09187246021799403, 0, 0, 0, 250, 0, 0, 0, -160, 85, 238, 9, 21, 57
31.093, 2.575407844242833, 0.08282918484040886, 0.08005089058524174, 0.7836940298507463, 0.431872460217994, 0.23, -0.201872460217994, 0, 0, 0, 250, 0, 0, 0, -160, 97, 248, 12, 10, 57
31.141, 2.5793173817673, 0.0828270569913394, 0.08005089058524174, 0.7836940298507463, 0.431872460217994, 0.22, -0.211872460217994, 0, 0, 0, 250, 0, 0, 0, -160, 185, 154, 88, 94, 57
31.186, 2.583226919291767, 0.0828329032030965, 0.08005089058524174, 0.7836940298507463, 0.431872460217994, 0.2, -0.2318724602179941, 0, 0, 0, 250, 0, 0, 0, -160, 254, 89, 69, 65, 57
31.235, 2.587136456816234, 0.082828124117696, 0.08005089058524174, 0.7836940298507463, 0.431872460217994, 0.21, -0.221872460217994, 0, 0, 0, 250, 0, 0, 0, -160, 243, 81, 11, 8, 57
31.282, 2.591290340435981, 0.0828364663524065, 0.08005089058524174, 0.7836940298507463, 0.431872460217994, 0.24, -0.191872460217994, 0, 0, 0, 250, 0, 0, 0, -160, 266, 94, 23, 13, 57
31.326, 2.59471118576989, 0.08282931704558163, 0.08005089058524174, 0.7836940298507463, 0.431872460217994, 0.33, -0.101872460217994, 0, 0, 0, 250, 0, 0, 0, -160, 244, 90, 22, 4, 57
31.387, 2.600086799866032, 0.08283960875094888, 0.08005089058524174, 0.7836940298507463, 0.431872460217994, 0.58, 0.148127539782006, 0, 0, 0, 250, 0, 0, 0, 160, 256, 81, 12, 9, 58
31.436, 2.604240683485779, 0.08284262258193724, 0.08005089058524174, 0.7836940298507463, 0.431872460217994, 0.77, 0.338127539782006, 0, 0, 0, 250, 0, 0, 0, 160, 239, 108, 17, 27, 58
31.483, 2.608150221010246, 0.08284312870470561, 0.08005089058524174, 0.7836940298507463, 0.431872460217994, 0.8, 0.368127539782006, 0, 0, 0, 250, 0, 0, 0, 160, 160, 192, 79, 84, 58
31.533, 2.612304104629993, 0.08284350060666579, 0.08005089058524174, 0.7836940298507463, 0.431872460217994, 0.76, 0.328127539782006, 0, 0, 0, 250, 0, 0, 0, 160, 77, 239, 83, 47, 58
31.577, 2.615480603868622, 0.08282866022322015, 0.08005089058524174, 0.7836940298507463, 0.431872460217994, 0.7199999999999999, 0.288127539782006, 0, 0, 0, 250, 0, 0, 0, 160, 72, 238, 5, 1, 58
31.628, 2.620367525774207, 0.08284961191900237, 0.08005089058524174, 0.7836940298507463, 0.431872460217994, 0.71, 0.278127539782006, 0, 0, 0, 250, 0, 0, 0, 160, 99, 260, 27, 22, 58
31.676, 2.624032717203395, 0.08283977513585661, 0.08005089058524174, 0.7836940298507463, 0.431872460217994, 0.84, 0.4081275397820059, 0, 0, 0, 250, 0, 0, 0, 160, 90, 263, 9, 3, 58
31.726, 2.628186600823141, 0.08284015006061718, 0.08005089058524174, 0.7836940298507463, 0.431872460217994, 0.77, 0.338127539782006, 0, 0, 0, 250, 0, 0, 0, 160, 86, 243, 4, 20, 58
31.785, 2.633073522728726, 0.08284012970673983, 0.08005089058524174, 0.7836940298507463, 0.431872460217994, 0.65, 0.218127539782006, 0, 0, 0, 250, 0, 0, 0, 160, 92, 249, 6, 6, 58
31.829, 2.636983060253193, 0.0828484419948221, 0.08005089058524174, 0.7836940298507463, 0.431872460217994, 0.65, 0.218127539782006, 0, 0, 0, 250, 0, 0, 0, 160, 86, 255, 6, 6, 58
31.887, 2.641625636063497, 0.0828433416772822, 0.08005089058524174, 0.7836940298507463, 0.431872460217994, 0.74, 0.308127539782006, 0, 0, 0, 250, 0, 0, 0, 160, 95, 251, 9, 4, 58
31.932, 2.645046481397406, 0.08283372420761012, 0.08005089058524174, 0.7836940298507463, 0.431872460217994, 0.79, 0.3581275397820059, 0, 0, 0, 250, 0, 0, 0, 160, 84, 251, 11, 0, 58
31.979, 2.649444711112432, 0.08284951721793776, 0.08005089058524174, 0.7836940298507463, 0.431872460217994, 0.8299999999999999, 0.398127539782006, 0, 0, 0, 250, 0, 0, 0, 160, 91, 249, 7, 2, 58
32.035, 2.653842940827458, 0.08284198348142525, 0.08005089058524174, 0.7836940298507463, 0.431872460217994, 0.8199999999999999, 0.388127539782006, 0, 0, 0, 250, 0, 0, 0, 160, 94, 253, 3, 4, 58
32.086, 2.658241170542484, 0.08284738423432286, 0.08005089058524174, 0.7836940298507463, 0.431872460217994, 0.8299999999999999, 0.398127539782006, 0, 0, 0, 250, 0, 0, 0, 160, 86, 251, 8, 2, 58
32.141, 2.662639400257509, 0.08284245668328644, 0.08005089058524174, 0.7836940298507463, 0.431872460217994, 0.8299999999999999, 0.398127539782006, 0, 0, 0, 250, 0, 0, 0, 160, 90, 249, 4, 2, 58
32.187, 2.666793283877256, 0.08285311721742492, 0.08005089058524174, 0.7836940298507463, 0.431872460217994, 0.8199999999999999, 0.388127539782006, 0, 0, 0, 250, 0, 0, 0, 160, 93, 251, 3, 2, 58
32.236, 2.670702821401723, 0.08284845580722555, 0.08005089058524174, 0.7836940298507463, 0.431872460217994, 0.7, 0.268127539782006, 0, 0, 0, 250, 0, 0, 0, 160, 91, 249, 2, 2, 58
32.288, 2.67461235892619, 0.08283611121550392, 0.08005089058524174, 0.7836940298507463, 0.431872460217994, 0.38, -0.05187246021799403, 0, 0, 0, 250, 0, 0, 0, -160, 84, 244, 7, 5, 59
32.33700000000001, 2.679010588641216, 0.08284660261128787, 0.08005089058524174, 0.7836940298507463, 0.431872460217994, 0.22, -0.211872460217994, 0, 0, 0, 250, 0, 0, 0, -160, 97, 226, 13, 18, 59
32.391, 2.683164472260962, 0.08283672848201546, 0.08005089058524174, 0.7836940298507463, 0.431872460217994, 0.21, -0.221872460217994, 0, 0, 0, 250, 0, 0, 0, -160, 207, 144, 110, 82, 59
32.436, 2.68682966369015, 0.08283480280213807, 0.08005089058524174, 0.7836940298507463, 0.431872460217994, 0.19, -0.241872460217994, 0, 0, 0, 250, 0, 0, 0, -160, 244, 74, 37, 70, 59
32.482, 2.690739201214618, 0.0828378548492894, 0.08005089058524174, 0.7836940298507463, 0.431872460217994, 0.18, -0.251872460217994, 0, 0, 0, 250, 0, 0, 0, -160, 250, 94, 6, 20, 59
32.528, 2.695137430929644, 0.08285592200349372, 0.08005089058524174, 0.7836940298507463, 0.431872460217994, 0.23, -0.201872460217994, 0, 0, 0, 250, 0, 0, 0, -160, 265, 89, 15, 5, 59
32.58100000000001, 2.69929131454939, 0.082848633085215, 0.08005089058524174, 0.7836940298507463, 0.431872460217994, 0.25, -0.181872460217994, 0, 0, 0, 250, 0, 0, 0, -160, 247, 88, 18, 1, 59
32.628, 2.703200852073857, 0.08284911278882729, 0.08005089058524174, 0.7836940298507463, 0.431872460217994, 0.34, -0.09187246021799403, 0, 0, 0, 250, 0, 0, 0, -160, 241, 91, 6, 3, 59
32.678, 2.707354735693604, 0.08284946250362948, 0.08005089058524174, 0.7836940298507463, 0.431872460217994, 0.5899999999999999, 0.158127539782006, 0, 0, 0, 250, 0, 0, 0, 160, 244, 90, 3, 1, 60
32.727, 2.711264273218071, 0.08284487650007856, 0.08005089058524174, 0.7836940298507463, 0.431872460217994, 0.75, 0.318127539782006, 0, 0, 0, 250, 0, 0, 0, 160, 244, 95, 0, 5, 60
32.77900000000001, 2.715662502933097, 0.0828476311947618, 0.08005089058524174, 0.7836940298507463, 0.431872460217994, 0.77, 0.338127539782006, 0, 0, 0, 250, 0, 0, 0, 160, 157, 205, 87, 110, 60
32.823, 2.719572040457565, 0.08285568170056255, 0.08005089058524174, 0.7836940298507463, 0.431872460217994, 0.79, 0.3581275397820059, 0, 0, 0, 250, 0, 0, 0, 160, 93, 251, 64, 46, 60
32.873, 2.723237231886753, 0.08284115328344697, 0.08005089058524174, 0.7836940298507463, 0.431872460217994, 0.76, 0.328127539782006, 0, 0, 0, 250, 0, 0, 0, 160, 74, 226, 19, 25, 60
32.925, 2.727635461601778, 0.08284390164318232, 0.08005089058524174, 0.7836940298507463, 0.431872460217994, 0.33, -0.101872460217994, 0, 0, 0, 250, 0, 0, 0, -160, 96, 263, 22, 37, 61
32.977, 2.732278037412083, 0.08285405092676966, 0.08005089058524174, 0.7836940298507463, 0.431872460217994, 0.1, -0.3318724602179941, 0, 0, 0, 250, 0, 0, 0, -160, 111, 235, 15, 28, 61
33.028, 2.73643192103183, 0.08285188085962909, 0.08005089058524174, 0.7836940298507463, 0.431872460217994, 0.22, -0.211872460217994, 0, 0, 0, 250, 0, 0, 0, -160, 193, 128, 82, 107, 61
33.076, 2.740341458556297, 0.08284984455666638, 0.08005089058524174, 0.7836940298507463, 0.431872460217994, 0.21, -0.221872460217994, 0, 0, 0, 250, 0, 0, 0, -160, 247, 78, 54, 50, 61
33.126, 2.744495342176043, 0.0828501884373617, 0.08005089058524174, 0.7836940298507463, 0.431872460217994, 0.2, -0.2318724602179941, 0, 0, 0, 250, 0, 0, 0, -160, 267, 99, 20, 21, 61
33.17600000000001, 2.74840487970051, 0.08284316613517333, 0.08005089058524174, 0.7836940298507463, 0.431872460217994, 0.2, -0.2318724602179941, 0, 0, 0, 250, 0, 0, 0, -160, 250, 84, 17, 15, 61
33.223, 2.752314417224978, 0.08284364498163855, 0.08005089058524174, 0.7836940298507463, 0.431872460217994, 0.18, -0.251872460217994, 0, 0, 0, 250, 0, 0, 0, -160, 247, 95, 3, 11, 61
33.26700000000001, 2.756223954749445, 0.08285159331317658, 0.08005089058524174, 0.7836940298507463, 0.431872460217994, 0.21, -0.221872460217994, 0, 0, 0, 250, 0, 0, 0, -160, 247, 91, 0, 4, 61
33.317, 2.760377838369191, 0.08285193259804879, 0.08005089058524174, 0.7836940298507463, 0.431872460217994, 0.26, -0.171872460217994, 0, 0, 0, 250, 0, 0, 0, -160, 254, 97, 7, 6, 61
33.367, 2.764531721988938, 0.08285227086609337, 0.08005089058524174, 0.7836940298507463, 0.431872460217994, 0.37, -0.06187246021799403, 0, 0, 0, 250, 0, 0, 0, -160, 244, 80, 10, 17, 61
33.417, 2.768441259513406, 0.08284529609221071, 0.08005089058524174, 0.7836940298507463, 0.431872460217994, 0.41, -0.02187246021799403, 0, 0, 0, 250, 0, 0, 0, -160, 217, 95, 27, 15, 61
33.466, 2.772350797037873, 0.08284081745765471, 0.08005089058524174, 0.7836940298507463, 0.431872460217994, 0.55, 0.118127539782006, 0, 0, 0, 250, 0, 0, 0, 160, 263, 96, 46, 1, 62
33.516, 2.777237718943457, 0.0828630420976088, 0.08005089058524174, 0.7836940298507463, 0.431872460217994, 0.6, 0.168127539782006, 0, 0, 0, 250, 0, 0, 0, 160, 250, 97, 13, 1, 62
33.566, 2.781635948658483, 0.08287064138290184, 0.08005089058524174, 0.7836940298507463, 0.431872460217994, 0.6600000000000001, 0.228127539782006, 0, 0, 0, 250, 0, 0, 0, 160, 162, 213, 88, 116, 62
33.616, 2.78554548618295, 0.0828636805742191, 0.08005089058524174, 0.7836940298507463, 0.431872460217994, 0.64, 0.208127539782006, 0, 0, 0, 250, 0, 0, 0, 160, 55, 267, 107, 54, 62
33.665, 2.788966331516859, 0.08284468532650703, 0.08005089058524174, 0.7836940298507463, 0.431872460217994, 0.6899999999999999, 0.258127539782006, 0, 0, 0, 250, 0, 0, 0, 160, 70, 221, 15, 46, 62
33.717, 2.793608907327163, 0.08285461065121938, 0.08005089058524174, 0.7836940298507463, 0.431872460217994, 0.31, -0.121872460217994, 0, 0, 0, 250, 0, 0, 0, -160, 100, 283, 30, 62, 63
33.772, 2.798007137042189, 0.08284990930481433, 0.08005089058524174, 0.7836940298507463, 0.431872460217994, 0.23, -0.201872460217994, 0, 0, 0, 250, 0, 0, 0, -160, 107, 196, 7, 87, 63
33.818, 2.801916674566657, 0.08285282023084324, 0.08005089058524174, 0.7836940298507463, 0.431872460217994, 0.22, -0.211872460217994, 0, 0, 0, 250, 0, 0, 0, -160, 204, 142, 97, 54, 63
33.869, 2.806070558186403, 0.08285070590175094, 0.08005089058524174, 0.7836940298507463, 0.431872460217994, 0.26, -0.171872460217994, 0, 0, 0, 250, 0, 0, 0, -160, 254, 77, 50, 65, 63
33.916, 2.81022444180615, 0.08285836896468185, 0.08005089058524174, 0.7836940298507463, 0.431872460217994, 0.33, -0.101872460217994, 0, 0, 0, 250, 0, 0, 0, -160, 248, 98, 6, 21, 63
33.966, 2.814622671521176, 0.08286588563625907, 0.08005089058524174, 0.7836940298507463, 0.431872460217994, 0.42, -0.01187246021799403, 0, 0, 0, 250, 0, 0, 0, -160, 271, 92, 23, 6, 63
34.016, 2.818532209045642, 0.08285901367137942, 0.08005089058524174, 0.7836940298507463, 0.431872460217994, 0.67, 0.238127539782006, 0, 0, 0, 250, 0, 0, 0, 160, 247, 94, 24, 2, 64
34.06600000000001, 2.822930438760669, 0.08286650733166995, 0.08005089058524174, 0.7836940298507463, 0.431872460217994, 0.8, 0.368127539782006, 0, 0, 0, 250, 0, 0, 0, 160, 222, 110, 25, 16, 64
34.116, 2.826595630189857, 0.08285249238450746, 0.08005089058524174, 0.7836940298507463, 0.431872460217994, 0.8100000000000001, 0.378127539782006, 0, 0, 0, 250, 0, 0, 0, 160, 138, 198, 84, 88, 64
34.161, 2.830260821619044, 0.08285064317845041, 0.08005089058524174, 0.7836940298507463, 0.431872460217994, 0.7800000000000001, 0.348127539782006, 0, 0, 0, 250, 0, 0, 0, 160, 90, 246, 48, 48, 64
34.21800000000001, 2.835636435715188, 0.0828697304259509, 0.08005089058524174, 0.7836940298507463, 0.431872460217994, 0.4600000000000001, 0.02812753978200597, 0, 0, 0, 250, 0, 0, 0, 160, 94, 271, 4, 25, 64
34.268, 2.839790319334933, 0.08287003383141512, 0.08005089058524174, 0.7836940298507463, 0.431872460217994, 0.22, -0.211872460217994, 0, 0, 0, 250, 0, 0, 0, -160, 93, 245, 1, 26, 65
34.317, 2.843455510764122, 0.08285851067296448, 0.08005089058524174, 0.7836940298507463, 0.431872460217994, 0.16, -0.271872460217994, 0, 0, 0, 250, 0, 0, 0, -160, 99, 229, 6, 16, 65
34.367, 2.847853740479147, 0.08286593943257042, 0.08005089058524174, 0.7836940298507463, 0.431872460217994, 0.18, -0.251872460217994, 0, 0, 0, 250, 0, 0, 0, -160, 190, 144, 91, 85, 65
34.415, 2.851030239717777, 0.08284266278418645, 0.08005089058524174, 0.7836940298507463, 0.431872460217994, 0.23, -0.201872460217994, 0, 0, 0, 250, 0, 0, 0, -160, 229, 70, 39, 74, 65
34.466, 2.855917161623362, 0.08286186855519531, 0.08005089058524174, 0.7836940298507463, 0.431872460217994, 0.22, -0.211872460217994, 0, 0, 0, 250, 0, 0, 0, -160, 271, 101, 42, 31, 65
34.51700000000001, 2.860071045243108, 0.08285978054996402, 0.08005089058524174, 0.7836940298507463, 0.431872460217994, 0.2, -0.2318724602179941, 0, 0, 0, 250, 0, 0, 0, -160, 259, 90, 12, 11, 65
34.567, 2.864224928862854, 0.08286009572317106, 0.08005089058524174, 0.7836940298507463, 0.431872460217994, 0.2, -0.2318724602179941, 0, 0, 0, 250, 0, 0, 0, -160, 253, 95, 6, 5, 65
34.616, 2.868134466387322, 0.08285574492683503, 0.08005089058524174, 0.7836940298507463, 0.431872460217994, 0.23, -0.201872460217994, 0, 0, 0, 250, 0, 0, 0, -160, 234, 85, 19, 10, 65
34.668, 2.872777042197626, 0.08286538139487789, 0.08005089058524174, 0.7836940298507463, 0.431872460217994, 0.4, -0.03187246021799403, 0, 0, 0, 250, 0, 0, 0, -160, 259, 85, 25, 0, 65
34.722, 2.876930925817373, 0.08285614094284238, 0.08005089058524174, 0.7836940298507463, 0.431872460217994, 0.73, 0.298127539782006, 0, 0, 0, 250, 0, 0, 0, 160, 246, 94, 13, 9, 66
34.76700000000001, 2.88108480943712, 0.08286837545480253, 0.08005089058524174, 0.7836940298507463, 0.431872460217994, 0.8199999999999999, 0.388127539782006, 0, 0, 0, 250, 0, 0, 0, 160, 243, 102, 3, 8, 66
34.816, 2.885238693056866, 0.08287105621142194, 0.08005089058524174, 0.7836940298507463, 0.431872460217994, 0.8299999999999999, 0.398127539782006, 0, 0, 0, 250, 0, 0, 0, 160, 164, 199, 79, 97, 66
34.866, 2.889148230581333, 0.08286434436360159, 0.08005089058524174, 0.7836940298507463, 0.431872460217994, 0.8299999999999999, 0.398127539782006, 0, 0, 0, 250, 0, 0, 0, 160, 77, 271, 87, 72, 66
34.922, 2.89354646029636, 0.08285740966429069, 0.08005089058524174, 0.7836940298507463, 0.431872460217994, 0.8299999999999999, 0.398127539782006, 0, 0, 0, 250, 0, 0, 0, 160, 91, 230, 14, 41, 66
34.968, 2.897455997820826, 0.08286021499144436, 0.08005089058524174, 0.7836940298507463, 0.431872460217994, 0.8, 0.368127539782006, 0, 0, 0, 250, 0, 0, 0, 160, 100, 265, 9, 35, 66
35.02600000000001, 2.90258726582169, 0.08286950453439415, 0.08005089058524174, 0.7836940298507463, 0.431872460217994, 0.64, 0.208127539782006, 0, 0, 0, 250, 0, 0, 0, 160, 90, 254, 10, 11, 66
35.076, 2.906496803346157, 0.08286283508228296, 0.08005089058524174, 0.7836940298507463, 0.431872460217994, 0.37, -0.06187246021799403, 0, 0, 0, 250, 0, 0, 0, -160, 89, 245, 1, 9, 67
35.12700000000001, 2.910650686965903, 0.08286078193315408, 0.08005089058524174, 0.7836940298507463, 0.431872460217994, 0.23, -0.201872460217994, 0, 0, 0, 250, 0, 0, 0, -160, 94, 228, 5, 17, 67
35.172, 2.914315878395091, 0.08285897527564799, 0.08005089058524174, 0.7836940298507463, 0.431872460217994, 0.2, -0.2318724602179941, 0, 0, 0, 250, 0, 0, 0, -160, 177, 144, 83, 84, 67
35.21800000000001, 2.91798106982428, 0.08285482054132205, 0.08005089058524174, 0.7836940298507463, 0.431872460217994, 0.21, -0.221872460217994, 0, 0, 0, 250, 0, 0, 0, -160, 258, 86, 81, 58, 67
35.267, 2.922623645634585, 0.08287134277467844, 0.08005089058524174, 0.7836940298507463, 0.431872460217994, 0.21, -0.221872460217994, 0, 0, 0, 250, 0, 0, 0, -160, 279, 96, 21, 10, 67
35.317, 2.926533183159052, 0.08286471623181619, 0.08005089058524174, 0.7836940298507463, 0.431872460217994, 0.3, -0.131872460217994, 0, 0, 0, 250, 0, 0, 0, -160, 250, 87, 29, 9, 67
35.364, 2.930687066778798, 0.08287204690585902, 0.08005089058524174, 0.7836940298507463, 0.431872460217994, 0.39, -0.04187246021799403, 0, 0, 0, 250, 0, 0, 0, -160, 232, 87, 18, 0, 67
35.416, 2.935085296493824, 0.08287455659853807, 0.08005089058524174, 0.7836940298507463, 0.431872460217994, 0.67, 0.238127539782006, 0, 0, 0, 250, 0, 0, 0, 160, 251, 92, 19, 5, 68
35.466, 2.938750487923012, 0.08286106377722358, 0.08005089058524174, 0.7836940298507463, 0.431872460217994, 0.8100000000000001, 0.378127539782006, 0, 0, 0, 250, 0, 0, 0, 160, 241, 94, 10, 2, 68
35.515, 2.943393063733317, 0.08287746202261909, 0.08005089058524174, 0.7836940298507463, 0.431872460217994, 0.79, 0.3581275397820059, 0, 0, 0, 250, 0, 0, 0, 160, 168, 198, 73, 104, 68
35.563, 2.947058255162505, 0.08286866280017168, 0.08005089058524174, 0.7836940298507463, 0.431872460217994, 0.74, 0.308127539782006, 0, 0, 0, 250, 0, 0, 0, 160, 85, 260, 83, 62, 68
35.608, 2.950723446591693, 0.08286686830464202, 0.08005089058524174, 0.7836940298507463, 0.431872460217994, 0.71, 0.278127539782006, 0, 0, 0, 250, 0, 0, 0, 160, 79, 237, 6, 23, 68
35.658, 2.954632984116161, 0.08286031140602839, 0.08005089058524174, 0.7836940298507463, 0.431872460217994, 0.76, 0.328127539782006, 0, 0, 0, 250, 0, 0, 0, 160, 96, 252, 17, 15, 68
35.708, 2.959275559926466, 0.08287430155501472, 0.08005089058524174, 0.7836940298507463, 0.431872460217994, 0.49, 0.05812753978200597, 0, 0, 0, 250, 0, 0, 0, 160, 94, 263, 2, 11, 68
35.75800000000001, 2.963429443546212, 0.08287458592612037, 0.08005089058524174, 0.7836940298507463, 0.431872460217994, 0.29, -0.141872460217994, 0, 0, 0, 250, 0, 0, 0, -160, 88, 240, 6, 23, 69
35.806, 2.9670946349754, 0.08286585027580294, 0.08005089058524174, 0.7836940298507463, 0.431872460217994, 0.23, -0.201872460217994, 0, 0, 0, 250, 0, 0, 0, -160, 99, 233, 11, 7, 69
35.856, 2.971492864690426, 0.08287296030484232, 0.08005089058524174, 0.7836940298507463, 0.431872460217994, 0.2, -0.2318724602179941, 0, 0, 0, 250, 0, 0, 0, -160, 193, 160, 94, 73, 69
35.906, 2.975402402214893, 0.08286644021096455, 0.08005089058524174, 0.7836940298507463, 0.431872460217994, 0.2, -0.2318724602179941, 0, 0, 0, 250, 0, 0, 0, -160, 256, 78, 63, 82, 69
35.95600000000001, 2.979311939739361, 0.08285993825062189, 0.08005089058524174, 0.7836940298507463, 0.431872460217994, 0.19, -0.241872460217994, 0, 0, 0, 250, 0, 0, 0, -160, 241, 85, 15, 7, 69
36.008, 2.983954515549665, 0.0828692100519236, 0.08005089058524174, 0.7836940298507463, 0.431872460217994, 0.31, -0.121872460217994, 0, 0, 0, 250, 0, 0, 0, -160, 268, 97, 27, 12, 69
36.056, 2.988352745264691, 0.08288087267763176, 0.08005089058524174, 0.7836940298507463, 0.431872460217994, 0.55, 0.118127539782006, 0, 0, 0, 250, 0, 0, 0, 160, 250, 86, 18, 11, 70
36.108, 2.992506628884438, 0.08287655447226204, 0.08005089058524174, 0.7836940298507463, 0.431872460217994, 0.76, 0.328127539782006, 0, 0, 0, 250, 0, 0, 0, 160, 228, 115, 22, 29, 70
36.157, 2.996660512504184, 0.08287912472008696, 0.08005089058524174, 0.7836940298507463, 0.431872460217994, 0.7199999999999999, 0.288127539782006, 0, 0, 0, 250, 0, 0, 0, 160, 148, 194, 80, 79, 70
36.208, 3.00081439612393, 0.08287710992388229, 0.08005089058524174, 0.7836940298507463, 0.431872460217994, 0.74, 0.308127539782006, 0, 0, 0, 250, 0, 0, 0, 160, 73, 255, 75, 61, 70
36.257, 3.004723933648398, 0.08287293305150447, 0.08005089058524174, 0.7836940298507463, 0.431872460217994, 0.73, 0.298127539782006, 0, 0, 0, 250, 0, 0, 0, 160, 82, 239, 9, 16, 70
36.313, 3.009366509458703, 0.08287297963425502, 0.08005089058524174, 0.7836940298507463, 0.431872460217994, 0.42, -0.01187246021799403, 0, 0, 0, 250, 0, 0, 0, -160, 101, 263, 19, 24, 71
36.357, 3.01327604698317, 0.08288021693162719, 0.08005089058524174, 0.7836940298507463, 0.431872460217994, 0.23, -0.201872460217994, 0, 0, 0, 250, 0, 0, 0, -160, 94, 238, 7, 25, 71
36.407, 3.017185584507637, 0.08287377659537004, 0.08005089058524174, 0.7836940298507463, 0.431872460217994, 0.18, -0.251872460217994, 0, 0, 0, 250, 0, 0, 0, -160, 188, 135, 94, 103, 71
36.456, 3.021095122032104, 0.0828696270032945, 0.08005089058524174, 0.7836940298507463, 0.431872460217994, 0.19, -0.241872460217994, 0, 0, 0, 250, 0, 0, 0, -160, 256, 90, 68, 45, 71
36.502, 3.025004659556572, 0.08287229903995868, 0.08005089058524174, 0.7836940298507463, 0.431872460217994, 0.28, -0.151872460217994, 0, 0, 0, 250, 0, 0, 0, -160, 256, 86, 0, 4, 71
36.554, 3.029402889271598, 0.08287473024215128, 0.08005089058524174, 0.7836940298507463, 0.431872460217994, 0.5, 0.06812753978200598, 0, 0, 0, 250, 0, 0, 0, 160, 260, 93, 4, 7, 72
36.608, 3.033801118986623, 0.08287262672056992, 0.08005089058524174, 0.7836940298507463, 0.431872460217994, 0.7199999999999999, 0.288127539782006, 0, 0, 0, 250, 0, 0, 0, 160, 215, 109, 45, 16, 72
36.657, 3.038199348701649, 0.08288183290235562, 0.08005089058524174, 0.7836940298507463, 0.431872460217994, 0.79, 0.3581275397820059, 0, 0, 0, 250, 0, 0, 0, 160, 139, 207, 76, 98, 72
36.707, 3.042353232321395, 0.08288209966277265, 0.08005089058524174, 0.7836940298507463, 0.431872460217994, 0.79, 0.3581275397820059, 0, 0, 0, 250, 0, 0, 0, 160, 82, 256, 57, 49, 72
36.756, 3.046018423750584, 0.0828713250557891, 0.08005089058524174, 0.7836940298507463, 0.431872460217994, 0.6899999999999999, 0.258127539782006, 0, 0, 0, 250, 0, 0, 0, 160, 82, 245, 0, 11, 72
36.807, 3.050660999560889, 0.08288263100934302, 0.08005089058524174, 0.7836940298507463, 0.431872460217994, 0.33, -0.101872460217994, 0, 0, 0, 250, 0, 0, 0, -160, 96, 262, 14, 17, 73
36.861, 3.054814883180635, 0.08287390149970523, 0.08005089058524174, 0.7836940298507463, 0.431872460217994, 0.18, -0.251872460217994, 0, 0, 0, 250, 0, 0, 0, -160, 97, 235, 1, 27, 73
36.917, 3.05945745899094, 0.08287394585125931, 0.08005089058524174, 0.7836940298507463, 0.431872460217994, 0.14, -0.291872460217994, 0, 0, 0, 250, 0, 0, 0, -160, 221, 95, 124, 140, 73
36.965, 3.063366996515408, 0.08287209513094568, 0.08005089058524174, 0.7836940298507463, 0.431872460217994, 0.2, -0.2318724602179941, 0, 0, 0, 250, 0, 0, 0, -160, 248, 91, 27, 4, 73
37.016, 3.067520880135154, 0.082870133999761, 0.08005089058524174, 0.7836940298507463, 0.431872460217994, 0.37, -0.06187246021799403, 0, 0, 0, 250, 0, 0, 0, -160, 272, 89, 24, 2, 73
37.071, 3.072163455945458, 0.08287241930202743, 0.08005089058524174, 0.7836940298507463, 0.431872460217994, 0.63, 0.198127539782006, 0, 0, 0, 250, 0, 0, 0, 160, 234, 89, 38, 0, 74
37.117, 3.076072993469926, 0.08287504360454578, 0.08005089058524174, 0.7836940298507463, 0.431872460217994, 0.74, 0.308127539782006, 0, 0, 0, 250, 0, 0, 0, 160, 235, 106, 1, 17, 74
37.164, 3.080471223184952, 0.08288858097042707, 0.08005089058524174, 0.7836940298507463, 0.431872460217994, 0.74, 0.308127539782006, 0, 0, 0, 250, 0, 0, 0, 160, 158, 195, 77, 89, 74
37.21500000000001, 3.084625106804698, 0.08288660773356707, 0.08005089058524174, 0.7836940298507463, 0.431872460217994, 0.77, 0.338127539782006, 0, 0, 0, 250, 0, 0, 0, 160, 83, 259, 75, 64, 74
37.264, 3.088290298233887, 0.08287597408313349, 0.08005089058524174, 0.7836940298507463, 0.431872460217994, 0.79, 0.3581275397820059, 0, 0, 0, 250, 0, 0, 0, 160, 78, 256, 5, 3, 74
37.312, 3.092444181853633, 0.08288068669204634, 0.08005089058524174, 0.7836940298507463, 0.431872460217994, 0.6800000000000001, 0.248127539782006, 0, 0, 0, 250, 0, 0, 0, 160, 97, 258, 19, 2, 74
37.363, 3.096598065473379, 0.08287873204703528, 0.08005089058524174, 0.7836940298507463, 0.431872460217994, 0.4, -0.03187246021799403, 0, 0, 0, 250, 0, 0, 0, -160, 95, 232, 2, 26, 75
37.409, 3.100507602997846, 0.08288132810280537, 0.08005089058524174, 0.7836940298507463, 0.431872460217994, 0.26, -0.171872460217994, 0, 0, 0, 250, 0, 0, 0, -160, 95, 235, 0, 3, 75
37.461, 3.104661486617593, 0.0828771652283066, 0.08005089058524174, 0.7836940298507463, 0.431872460217994, 0.19, -0.241872460217994, 0, 0, 0, 250, 0, 0, 0, -160, 194, 154, 99, 81, 75
37.51100000000001, 3.10857102414206, 0.08287091850769269, 0.08005089058524174, 0.7836940298507463, 0.431872460217994, 0.2, -0.2318724602179941, 0, 0, 0, 250, 0, 0, 0, -160, 263, 78, 69, 76, 75
37.561, 3.112724907761807, 0.08287119373184439, 0.08005089058524174, 0.7836940298507463, 0.431872460217994, 0.25, -0.181872460217994, 0, 0, 0, 250, 0, 0, 0, -160, 252, 87, 11, 9, 75
37.61200000000001, 3.117123137476832, 0.0828757613920247, 0.08005089058524174, 0.7836940298507463, 0.431872460217994, 0.4600000000000001, 0.02812753978200597, 0, 0, 0, 250, 0, 0, 0, 160, 258, 100, 6, 13, 76
37.663, 3.121277021096579, 0.08287382898591666, 0.08005089058524174, 0.7836940298507463, 0.431872460217994, 0.7199999999999999, 0.288127539782006, 0, 0, 0, 250, 0, 0, 0, 160, 227, 101, 31, 1, 76
37.713, 3.125919596906884, 0.08288705743130709, 0.08005089058524174, 0.7836940298507463, 0.431872460217994, 0.8199999999999999, 0.388127539782006, 0, 0, 0, 250, 0, 0, 0, 160, 151, 202, 76, 101, 76
37.758, 3.129584788336072, 0.08288534319445075, 0.08005089058524174, 0.7836940298507463, 0.431872460217994, 0.8199999999999999, 0.388127539782006, 0, 0, 0, 250, 0, 0, 0, 160, 73, 244, 78, 42, 76
37.813, 3.133983018051098, 0.08288109957028265, 0.08005089058524174, 0.7836940298507463, 0.431872460217994, 0.6, 0.168127539782006, 0, 0, 0, 250, 0, 0, 0, 160, 94, 254, 21, 10, 76
37.862, 3.138136901670844, 0.08288354819266928, 0.08005089058524174, 0.7836940298507463, 0.431872460217994, 0.4, -0.03187246021799403, 0, 0, 0, 250, 0, 0, 0, -160, 103, 261, 9, 7, 77
37.911, 3.142290785290591, 0.08288599048536284, 0.08005089058524174, 0.7836940298507463, 0.431872460217994, 0.21, -0.221872460217994, 0, 0, 0, 250, 0, 0, 0, -160, 100, 236, 3, 25, 77
37.958, 3.145955976719779, 0.08287991929816585, 0.08005089058524174, 0.7836940298507463, 0.431872460217994, 0.2, -0.2318724602179941, 0, 0, 0, 250, 0, 0, 0, -160, 199, 139, 99, 97, 77
38.006, 3.149865514244246, 0.08287811172562874, 0.08005089058524174, 0.7836940298507463, 0.431872460217994, 0.2, -0.2318724602179941, 0, 0, 0, 250, 0, 0, 0, -160, 255, 72, 56, 67, 77
38.056, 3.154019397863993, 0.08287837391906645, 0.08005089058524174, 0.7836940298507463, 0.431872460217994, 0.21, -0.221872460217994, 0, 0, 0, 250, 0, 0, 0, -160, 222, 96, 33, 24, 77
38.107, 3.158173281483739, 0.08287646053175896, 0.08005089058524174, 0.7836940298507463, 0.431872460217994, 0.13, -0.301872460217994, 0, 0, 0, 250, 0, 0, 0, -160, 280, 92, 58, 4, 77
38.152, 3.162327165103486, 0.08288758558145016, 0.08005089058524174, 0.7836940298507463, 0.431872460217994, 0.18, -0.251872460217994, 0, 0, 0, 250, 0, 0, 0, -160, 265, 88, 15, 4, 77
38.207, 3.166969740913791, 0.08288977781332715, 0.08005089058524174, 0.7836940298507463, 0.431872460217994, 0.15, -0.2818724602179941, 0, 0, 0, 250, 0, 0, 0, -160, 249, 93, 16, 5, 77
38.256, 3.170634932342979, 0.08287941583916192, 0.08005089058524174, 0.7836940298507463, 0.431872460217994, 0.18, -0.251872460217994, 0, 0, 0, 250, 0, 0, 0, -160, 247, 87, 2, 6, 77
38.306, 3.175033162058004, 0.08288605341351236, 0.08005089058524174, 0.7836940298507463, 0.431872460217994, 0.18, -0.251872460217994, 0, 0, 0, 250, 0, 0, 0, -160, 254, 94, 7, 7, 77
38.348, 3.178209661296634, 0.08287810736665886, 0.08005089058524174, 0.7836940298507463, 0.431872460217994, 0.15, -0.2818724602179941, 0, 0, 0, 250, 0, 0, 0, -160, 241, 84, 13, 10, 77
38.396, 3.182363544916381, 0.08288268426180801, 0.08005089058524174, 0.7836940298507463, 0.431872460217994, 0.19, -0.241872460217994, 0, 0, 0, 250, 0, 0, 0, -160, 249, 92, 8, 8, 77
38.446, 3.186517428536127, 0.08288293784883024, 0.08005089058524174, 0.7836940298507463, 0.431872460217994, 0.16, -0.271872460217994, 0, 0, 0, 250, 0, 0, 0, -160, 247, 87, 2, 5, 77
38.49600000000001, 3.190915658251153, 0.08288953808840276, 0.08005089058524174, 0.7836940298507463, 0.431872460217994, 0.19, -0.241872460217994, 0, 0, 0, 250, 0, 0, 0, -160, 259, 85, 12, 2, 77
38.549, 3.195069541870899, 0.08288333139305557, 0.08005089058524174, 0.7836940298507463, 0.431872460217994, 0.16, -0.271872460217994, 0, 0, 0, 250, 0, 0, 0, -160, 243, 96, 16, 11, 77
38.596, 3.199223425490646, 0.08289002553349171, 0.08005089058524174, 0.7836940298507463, 0.431872460217994, 0.2, -0.2318724602179941, 0, 0, 0, 250, 0, 0, 0, -160, 253, 87, 10, 9, 77
38.646, 3.203132963015114, 0.08288394563512689, 0.08005089058524174, 0.7836940298507463, 0.431872460217994, 0.22, -0.211872460217994, 0, 0, 0, 250, 0, 0, 0, -160, 247, 91, 6, 4, 77
38.69400000000001, 3.207286846634859, 0.08288848003914973, 0.08005089058524174, 0.7836940298507463, 0.431872460217994, 0.21, -0.221872460217994, 0, 0, 0, 250, 0, 0, 0, -160, 253, 90, 6, 1, 77
38.745, 3.211440730254606, 0.08288658485622936, 0.08005089058524174, 0.7836940298507463, 0.431872460217994, 0.19, -0.241872460217994, 0, 0, 0, 250, 0, 0, 0, -160, 254, 87, 1, 3, 77
38.796, 3.215838959969632, 0.08289099288508176, 0.08005089058524174, 0.7836940298507463, 0.431872460217994, 0.18, -0.251872460217994, 0, 0, 0, 250, 0, 0, 0, -160, 245, 93, 9, 6, 77
38.845, 3.21950415139882, 0.08288078649501402, 0.08005089058524174, 0.7836940298507463, 0.431872460217994, 0.19, -0.241872460217994, 0, 0, 0, 250, 0, 0, 0, -160, 256, 84, 11, 9, 77
38.891, 3.223658035018567, 0.08288956403842963, 0.08005089058524174, 0.7836940298507463, 0.431872460217994, 0.22, -0.211872460217994, 0, 0, 0, 250, 0, 0, 0, -160, 250, 91, 6, 7, 77
38.93800000000001, 3.227323226447754, 0.08288364133873733, 0.08005089058524174, 0.7836940298507463, 0.431872460217994, 0.21, -0.221872460217994, 0, 0, 0, 250, 0, 0, 0, -160, 238, 92, 12, 1, 77
38.986, 3.231232763972222, 0.08288187462094655, 0.08005089058524174, 0.7836940298507463, 0.431872460217994, 0.22, -0.211872460217994, 0, 0, 0, 250, 0, 0, 0, -160, 256, 96, 18, 4, 77
39.033, 3.235386647591969, 0.08288849557020901, 0.08005089058524174, 0.7836940298507463, 0.431872460217994, 0.22, -0.211872460217994, 0, 0, 0, 250, 0, 0, 0, -160, 256, 86, 0, 10, 77
39.082, 3.239296185116436, 0.08288460634349409, 0.08005089058524174, 0.7836940298507463, 0.431872460217994, 0.21, -0.221872460217994, 0, 0, 0, 250, 0, 0, 0, -160, 253, 93, 3, 7, 77
39.12700000000001, 3.243205722640903, 0.08288919985281018, 0.08005089058524174, 0.7836940298507463, 0.431872460217994, 0.19, -0.241872460217994, 0, 0, 0, 250, 0, 0, 0, -160, 243, 91, 10, 2, 77
39.176, 3.247359606260649, 0.08289155621453567, 0.08005089058524174, 0.7836940298507463, 0.431872460217994, 0.19, -0.241872460217994, 0, 0, 0, 250, 0, 0, 0, -160, 246, 87, 3, 4, 77
39.225, 3.251269143785117, 0.08288767734315147, 0.08005089058524174, 0.7836940298507463, 0.431872460217994, 0.2, -0.2318724602179941, 0, 0, 0, 250, 0, 0, 0, -160, 258, 88, 12, 1, 77
39.267, 3.254934335214305, 0.08289236089373532, 0.08005089058524174, 0.7836940298507463, 0.431872460217994, 0.18, -0.251872460217994, 0, 0, 0, 250, 0, 0, 0, -160, 256, 87, 2, 1, 77
39.316, 3.258843872738773, 0.08288848999742527, 0.08005089058524174, 0.7836940298507463, 0.431872460217994, 0.21, -0.221872460217994, 0, 0, 0, 250, 0, 0, 0, -160, 246, 99, 10, 12, 77
39.367, 3.263242102453798, 0.08289283162175931, 0.08005089058524174, 0.7836940298507463, 0.431872460217994, 0.22, -0.211872460217994, 0, 0, 0, 250, 0, 0, 0, -160, 247, 86, 1, 13, 77
39.416, 3.267151639978265, 0.08288896996088557, 0.08005089058524174, 0.7836940298507463, 0.431872460217994, 0.21, -0.221872460217994, 0, 0, 0, 250, 0, 0, 0, -160, 247, 97, 0, 11, 77
39.464, 3.271305523598012, 0.0828934097810159, 0.08005089058524174, 0.7836940298507463, 0.431872460217994, 0.21, -0.221872460217994, 0, 0, 0, 250, 0, 0, 0, -160, 254, 84, 7, 13, 77
39.50800000000001, 3.2749707150272, 0.08289386238299079, 0.08005089058524174, 0.7836940298507463, 0.431872460217994, 0.21, -0.221872460217994, 0, 0, 0, 250, 0, 0, 0, -160, 233, 82, 21, 2, 77
39.556, 3.278635906456388, 0.08288593150107159, 0.08005089058524174, 0.7836940298507463, 0.431872460217994, 0.21, -0.221872460217994, 0, 0, 0, 250, 0, 0, 0, -160, 255, 98, 22, 16, 77
39.605, 3.283034136171413, 0.08289443595938426, 0.08005089058524174, 0.7836940298507463, 0.431872460217994, 0.17, -0.261872460217994, 0, 0, 0, 250, 0, 0, 0, -160, 252, 86, 3, 12, 77
39.657, 3.287188019791161, 0.08289048641579445, 0.08005089058524174, 0.7836940298507463, 0.431872460217994, 0.19, -0.241872460217994, 0, 0, 0, 250, 0, 0, 0, -160, 253, 91, 1, 5, 77
39.702, 3.290853211220349, 0.08288885222961937, 0.08005089058524174, 0.7836940298507463, 0.431872460217994, 0.2, -0.2318724602179941, 0, 0, 0, 250, 0, 0, 0, -160, 251, 83, 2, 8, 77
39.748, 3.294518402649536, 0.08288513642572044, 0.08005089058524174, 0.7836940298507463, 0.431872460217994, 0.24, -0.191872460217994, 0, 0, 0, 250, 0, 0, 0, -160, 235, 99, 16, 16, 77
39.805, 3.2996496706504, 0.08289535662983043, 0.08005089058524174, 0.7836940298507463, 0.431872460217994, 0.24, -0.191872460217994, 0, 0, 0, 250, 0, 0, 0, -160, 263, 92, 28, 7, 77
39.85300000000001, 3.303070515984308, 0.08288135186772159, 0.08005089058524174, 0.7836940298507463, 0.431872460217994, 0.24, -0.191872460217994, 0, 0, 0, 250, 0, 0, 0, -160, 257, 86, 6, 6, 77
39.89800000000001, 3.307224399604055, 0.08289198455070567, 0.08005089058524174, 0.7836940298507463, 0.431872460217994, 0.2, -0.2318724602179941, 0, 0, 0, 250, 0, 0, 0, -160, 252, 95, 5, 9, 77
39.946, 3.311378283223802, 0.08289636717628303, 0.08005089058524174, 0.7836940298507463, 0.431872460217994, 0.2, -0.2318724602179941, 0, 0, 0, 250, 0, 0, 0, -160, 238, 89, 14, 6, 77
39.99600000000001, 3.315532166843548, 0.08289659383047175, 0.08005089058524174, 0.7836940298507463, 0.431872460217994, 0.2, -0.2318724602179941, 0, 0, 0, 250, 0, 0, 0, -160, 255, 89, 17, 0, 77
40.046, 3.319441704368015, 0.08289071828317473, 0.08005089058524174, 0.7836940298507463, 0.431872460217994, 0.19, -0.241872460217994, 0, 0, 0, 250, 0, 0, 0, -160, 245, 90, 10, 1, 77
40.087, 3.322862549701924, 0.0828912752189469, 0.08005089058524174, 0.7836940298507463, 0.431872460217994, 0.19, -0.241872460217994, 0, 0, 0, 250, 0, 0, 0, -160, 249, 92, 4, 2, 77
40.136, 3.326527741131112, 0.08288139677922844, 0.08005089058524174, 0.7836940298507463, 0.431872460217994, 0.19, -0.241872460217994, 0, 0, 0, 250, 0, 0, 0, -160, 241, 90, 8, 2, 77
40.185, 3.330925970846138, 0.08288978402006066, 0.08005089058524174, 0.7836940298507463, 0.431872460217994, 0.2, -0.2318724602179941, 0, 0, 0, 250, 0, 0, 0, -160, 257, 85, 16, 5, 77
40.238, 3.335568546656443, 0.08289598257011887, 0.08005089058524174, 0.7836940298507463, 0.431872460217994, 0.18, -0.251872460217994, 0, 0, 0, 250, 0, 0, 0, -160, 262, 95, 5, 10, 77
40.292, 3.33972243027619, 0.08288797851375433, 0.08005089058524174, 0.7836940298507463, 0.431872460217994, 0.17, -0.261872460217994, 0, 0, 0, 250, 0, 0, 0, -160, 235, 83, 27, 12, 77
40.34300000000001, 3.344120659991215, 0.08289221574972649, 0.08005089058524174, 0.7836940298507463, 0.431872460217994, 0.21, -0.221872460217994, 0, 0, 0, 250, 0, 0, 0, -160, 258, 92, 23, 9, 77
40.393, 3.348030197515682, 0.08288639609624642, 0.08005089058524174, 0.7836940298507463, 0.431872460217994, 0.37, -0.06187246021799403, 0, 0, 0, 250, 0, 0, 0, -160, 240, 91, 18, 1, 77
40.443, 3.352428427230709, 0.08289267431275395, 0.08005089058524174, 0.7836940298507463, 0.431872460217994, 0.5699999999999999, 0.138127539782006, 0, 0, 0, 250, 0, 0, 0, 160, 254, 87, 14, 4, 78
40.487, 3.355849272564617, 0.08288708159568792, 0.08005089058524174, 0.7836940298507463, 0.431872460217994, 0.75, 0.318127539782006, 0, 0, 0, 250, 0, 0, 0, 160, 223, 102, 31, 15, 78
40.54200000000001, 3.360736194470201, 0.08289517523728975, 0.08005089058524174, 0.7836940298507463, 0.431872460217994, 0.8100000000000001, 0.378127539782006, 0, 0, 0, 250, 0, 0, 0, 160, 165, 194, 58, 92, 78
40.592, 3.364645731994668, 0.0828893804689266, 0.08005089058524174, 0.7836940298507463, 0.431872460217994, 0.8199999999999999, 0.388127539782006, 0, 0, 0, 250, 0, 0, 0, 160, 78, 262, 87, 68, 78
40.638, 3.368555269519136, 0.0828917581947718, 0.08005089058524174, 0.7836940298507463, 0.431872460217994, 0.73, 0.298127539782006, 0, 0, 0, 250, 0, 0, 0, 160, 79, 230, 1, 32, 78
40.688, 3.37319784532944, 0.08290399737832876, 0.08005089058524174, 0.7836940298507463, 0.431872460217994, 0.4600000000000001, 0.02812753978200597, 0, 0, 0, 250, 0, 0, 0, 160, 117, 271, 38, 41, 78
40.738, 3.377107382853908, 0.08289821254980382, 0.08005089058524174, 0.7836940298507463, 0.431872460217994, 0.27, -0.161872460217994, 0, 0, 0, 250, 0, 0, 0, -160, 84, 247, 33, 24, 79
40.78600000000001, 3.381016920378375, 0.0828965066537139, 0.08005089058524174, 0.7836940298507463, 0.431872460217994, 0.2, -0.2318724602179941, 0, 0, 0, 250, 0, 0, 0, -160, 97, 228, 13, 19, 79
40.837, 3.385170803998122, 0.08289469853314696, 0.08005089058524174, 0.7836940298507463, 0.431872460217994, 0.19, -0.241872460217994, 0, 0, 0, 250, 0, 0, 0, -160, 195, 148, 98, 80, 79
40.887, 3.389324687617869, 0.08289492228869491, 0.08005089058524174, 0.7836940298507463, 0.431872460217994, 0.17, -0.261872460217994, 0, 0, 0, 250, 0, 0, 0, -160, 262, 72, 67, 76, 79
40.933, 3.392989879047057, 0.08289130723492185, 0.08005089058524174, 0.7836940298507463, 0.431872460217994, 0.19, -0.241872460217994, 0, 0, 0, 250, 0, 0, 0, -160, 242, 91, 20, 19, 79
40.978, 3.397388108762081, 0.08290761161506373, 0.08005089058524174, 0.7836940298507463, 0.431872460217994, 0.27, -0.161872460217994, 0, 0, 0, 250, 0, 0, 0, -160, 262, 98, 20, 7, 79
41.027, 3.401297646286549, 0.08290388393707921, 0.08005089058524174, 0.7836940298507463, 0.431872460217994, 0.41, -0.02187246021799403, 0, 0, 0, 250, 0, 0, 0, -160, 249, 83, 13, 15, 79
41.07600000000001, 3.405207183811017, 0.08290016515266863, 0.08005089058524174, 0.7836940298507463, 0.431872460217994, 0.61, 0.178127539782006, 0, 0, 0, 250, 0, 0, 0, 160, 248, 92, 1, 9, 80
41.12200000000001, 3.408628029144926, 0.08289061886933823, 0.08005089058524174, 0.7836940298507463, 0.431872460217994, 0.71, 0.278127539782006, 0, 0, 0, 250, 0, 0, 0, 160, 239, 99, 9, 7, 80
41.172, 3.413026258859951, 0.0828967807942279, 0.08005089058524174, 0.7836940298507463, 0.431872460217994, 0.75, 0.318127539782006, 0, 0, 0, 250, 0, 0, 0, 160, 162, 191, 77, 92, 80
41.218, 3.417180142479697, 0.08290504494346397, 0.08005089058524174, 0.7836940298507463, 0.431872460217994, 0.8100000000000001, 0.378127539782006, 0, 0, 0, 250, 0, 0, 0, 160, 78, 246, 84, 55, 80
41.268, 3.420600987813607, 0.08288749122355354, 0.08005089058524174, 0.7836940298507463, 0.431872460217994, 0.8299999999999999, 0.398127539782006, 0, 0, 0, 250, 0, 0, 0, 160, 77, 238, 1, 8, 80
41.318, 3.424999217528633, 0.08289363515970358, 0.08005089058524174, 0.7836940298507463, 0.431872460217994, 0.5300000000000001, 0.09812753978200597, 0, 0, 0, 250, 0, 0, 0, 160, 98, 256, 21, 18, 80
41.371, 3.429641793338937, 0.08289965902054428, 0.08005089058524174, 0.7836940298507463, 0.431872460217994, 0.23, -0.201872460217994, 0, 0, 0, 250, 0, 0, 0, -160, 87, 263, 11, 7, 81
41.42300000000001, 3.433795676958684, 0.08289587130238477, 0.08005089058524174, 0.7836940298507463, 0.431872460217994, 0.18, -0.251872460217994, 0, 0, 0, 250, 0, 0, 0, -160, 99, 219, 12, 44, 81
41.46800000000001, 3.437460868387872, 0.08289430086784682, 0.08005089058524174, 0.7836940298507463, 0.431872460217994, 0.18, -0.251872460217994, 0, 0, 0, 250, 0, 0, 0, -160, 190, 158, 91, 61, 81
41.523, 3.442103444198176, 0.08289630913465251, 0.08005089058524174, 0.7836940298507463, 0.431872460217994, 0.19, -0.241872460217994, 0, 0, 0, 250, 0, 0, 0, -160, 255, 77, 65, 81, 81
41.568, 3.446012981722644, 0.0829006202300482, 0.08005089058524174, 0.7836940298507463, 0.431872460217994, 0.21, -0.221872460217994, 0, 0, 0, 250, 0, 0, 0, -160, 260, 86, 5, 9, 81
41.617, 3.45041121143767, 0.08290869624042266, 0.08005089058524174, 0.7836940298507463, 0.431872460217994, 0.24, -0.191872460217994, 0, 0, 0, 250, 0, 0, 0, -160, 254, 90, 6, 4, 81
41.673, 3.454565095057417, 0.08289696194316264, 0.08005089058524174, 0.7836940298507463, 0.431872460217994, 0.39, -0.04187246021799403, 0, 0, 0, 250, 0, 0, 0, -160, 238, 95, 16, 5, 81
41.727, 3.459207670867722, 0.08290094353458722, 0.08005089058524174, 0.7836940298507463, 0.431872460217994, 0.6899999999999999, 0.258127539782006, 0, 0, 0, 250, 0, 0, 0, 160, 243, 88, 5, 7, 82
41.77600000000001, 3.463117208392189, 0.08289729051111138, 0.08005089058524174, 0.7836940298507463, 0.431872460217994, 0.7800000000000001, 0.348127539782006, 0, 0, 0, 250, 0, 0, 0, 160, 247, 104, 4, 16, 82
41.82200000000001, 3.467271092011935, 0.08290543474754758, 0.08005089058524174, 0.7836940298507463, 0.431872460217994, 0.79, 0.3581275397820059, 0, 0, 0, 250, 0, 0, 0, 160, 156, 194, 91, 90, 82
41.86900000000001, 3.471180629536402, 0.08290574481206626, 0.08005089058524174, 0.7836940298507463, 0.431872460217994, 0.8, 0.368127539782006, 0, 0, 0, 250, 0, 0, 0, 160, 69, 268, 87, 74, 82
41.927, 3.475823205346707, 0.08290178656585748, 0.08005089058524174, 0.7836940298507463, 0.431872460217994, 0.8100000000000001, 0.378127539782006, 0, 0, 0, 250, 0, 0, 0, 160, 93, 233, 24, 35, 82
41.976, 3.480221435061733, 0.08290979214460009, 0.08005089058524174, 0.7836940298507463, 0.431872460217994, 0.74, 0.308127539782006, 0, 0, 0, 250, 0, 0, 0, 160, 101, 263, 8, 30, 82
42.026, 3.4841309725862, 0.08290417771346787, 0.08005089058524174, 0.7836940298507463, 0.431872460217994, 0.49, 0.05812753978200597, 0, 0, 0, 250, 0, 0, 0, 160, 81, 248, 20, 15, 82
42.076, 3.488284856205947, 0.08290438388168901, 0.08005089058524174, 0.7836940298507463, 0.431872460217994, 0.29, -0.141872460217994, 0, 0, 0, 250, 0, 0, 0, -160, 92, 248, 11, 0, 83
42.12400000000001, 3.492194393730415, 0.08290272513841074, 0.08005089058524174, 0.7836940298507463, 0.431872460217994, 0.21, -0.221872460217994, 0, 0, 0, 250, 0, 0, 0, -160, 98, 235, 6, 13, 83
42.17300000000001, 3.496103931254881, 0.08289910443304677, 0.08005089058524174, 0.7836940298507463, 0.431872460217994, 0.14, -0.291872460217994, 0, 0, 0, 250, 0, 0, 0, -160, 190, 151, 92, 84, 83
42.223, 3.500013468779349, 0.08289352885345307, 0.08005089058524174, 0.7836940298507463, 0.431872460217994, 0.1, -0.3318724602179941, 0, 0, 0, 250, 0, 0, 0, -160, 251, 95, 61, 56, 83
42.267, 3.503923006303816, 0.08289973280109344, 0.08005089058524174, 0.7836940298507463, 0.431872460217994, 0.12, -0.311872460217994, 0, 0, 0, 250, 0, 0, 0, -160, 254, 80, 3, 15, 83
42.317, 3.507832543828284, 0.08289416886424567, 0.08005089058524174, 0.7836940298507463, 0.431872460217994, 0.16, -0.271872460217994, 0, 0, 0, 250, 0, 0, 0, -160, 257, 99, 3, 19, 83
42.366, 3.512230773543309, 0.08290210955821433, 0.08005089058524174, 0.7836940298507463, 0.431872460217994, 0.43, -0.001872460217994032, 0, 0, 0, 250, 0, 0, 0, -160, 241, 85, 16, 14, 83
42.41700000000001, 3.516629003258334, 0.08290612262202263, 0.08005089058524174, 0.7836940298507463, 0.431872460217994, 0.7800000000000001, 0.348127539782006, 0, 0, 0, 250, 0, 0, 0, 160, 250, 95, 9, 10, 84
42.466, 3.520294194687523, 0.08289676905495039, 0.08005089058524174, 0.7836940298507463, 0.431872460217994, 0.8, 0.368127539782006, 0, 0, 0, 250, 0, 0, 0, 160, 238, 101, 12, 6, 84
42.517, 3.524936770497828, 0.08290652610715309, 0.08005089058524174, 0.7836940298507463, 0.431872460217994, 0.8100000000000001, 0.378127539782006, 0, 0, 0, 250, 0, 0, 0, 160, 143, 207, 95, 106, 84
42.56600000000001, 3.528846308022295, 0.0829029344552529, 0.08005089058524174, 0.7836940298507463, 0.431872460217994, 0.8100000000000001, 0.378127539782006, 0, 0, 0, 250, 0, 0, 0, 160, 77, 257, 66, 50, 84
42.624, 3.5334888838326, 0.08289904475958615, 0.08005089058524174, 0.7836940298507463, 0.431872460217994, 0.77, 0.338127539782006, 0, 0, 0, 250, 0, 0, 0, 160, 96, 240, 19, 17, 84
42.671, 3.537642767452347, 0.08290508231474178, 0.08005089058524174, 0.7836940298507463, 0.431872460217994, 0.61, 0.178127539782006, 0, 0, 0, 250, 0, 0, 0, 160, 92, 268, 4, 28, 84
42.71800000000001, 3.541796651072092, 0.08291110658439283, 0.08005089058524174, 0.7836940298507463, 0.431872460217994, 0.38, -0.05187246021799403, 0, 0, 0, 250, 0, 0, 0, -160, 89, 234, 3, 34, 85
42.772, 3.54595053469184, 0.08290354752389039, 0.08005089058524174, 0.7836940298507463, 0.431872460217994, 0.23, -0.201872460217994, 0, 0, 0, 250, 0, 0, 0, -160, 106, 235, 17, 1, 85
42.818, 3.550104418311586, 0.08291149559324552, 0.08005089058524174, 0.7836940298507463, 0.431872460217994, 0.19, -0.241872460217994, 0, 0, 0, 250, 0, 0, 0, -160, 198, 147, 92, 88, 85
42.864, 3.553769609740774, 0.08290802560985382, 0.08005089058524174, 0.7836940298507463, 0.431872460217994, 0.22, -0.211872460217994, 0, 0, 0, 250, 0, 0, 0, -160, 251, 74, 53, 73, 85
42.914, 3.557190455074683, 0.08289114170374896, 0.08005089058524174, 0.7836940298507463, 0.431872460217994, 0.26, -0.171872460217994, 0, 0, 0, 250, 0, 0, 0, -160, 250, 92, 1, 18, 85
42.963, 3.561833030884987, 0.08290466287002742, 0.08005089058524174, 0.7836940298507463, 0.431872460217994, 0.43, -0.001872460217994032, 0, 0, 0, 250, 0, 0, 0, -160, 268, 99, 18, 7, 85
43.02300000000001, 3.566719952790572, 0.08290263237781124, 0.08005089058524174, 0.7836940298507463, 0.431872460217994, 0.7, 0.268127539782006, 0, 0, 0, 250, 0, 0, 0, 160, 247, 90, 21, 9, 86
43.068, 3.570873836410318, 0.08291246021199774, 0.08005089058524174, 0.7836940298507463, 0.431872460217994, 0.74, 0.308127539782006, 0, 0, 0, 250, 0, 0, 0, 160, 231, 94, 16, 4, 86
43.117, 3.574783373934785, 0.08290890771470151, 0.08005089058524174, 0.7836940298507463, 0.431872460217994, 0.77, 0.338127539782006, 0, 0, 0, 250, 0, 0, 0, 160, 152, 192, 79, 98, 86
43.167, 3.578937257554532, 0.08290910319351664, 0.08005089058524174, 0.7836940298507463, 0.431872460217994, 0.79, 0.3581275397820059, 0, 0, 0, 250, 0, 0, 0, 160, 88, 253, 64, 61, 86
43.216, 3.58260244898372, 0.08289990857515086, 0.08005089058524174, 0.7836940298507463, 0.431872460217994, 0.8299999999999999, 0.398127539782006, 0, 0, 0, 250, 0, 0, 0, 160, 80, 225, 8, 28, 86
43.263, 3.586511986508188, 0.08290021465243251, 0.08005089058524174, 0.7836940298507463, 0.431872460217994, 0.7199999999999999, 0.288127539782006, 0, 0, 0, 250, 0, 0, 0, 160, 95, 275, 15, 50, 86
43.31600000000001, 3.591398908413772, 0.08291160098840546, 0.08005089058524174, 0.7836940298507463, 0.431872460217994, 0.48, 0.04812753978200597, 0, 0, 0, 250, 0, 0, 0, 160, 92, 251, 3, 24, 86
43.364, 3.59506409984296, 0.08290434692009409, 0.08005089058524174, 0.7836940298507463, 0.431872460217994, 0.3, -0.131872460217994, 0, 0, 0, 250, 0, 0, 0, -160, 87, 235, 5, 16, 87
43.416, 3.599462329557985, 0.08290635548088229, 0.08005089058524174, 0.7836940298507463, 0.431872460217994, 0.2, -0.2318724602179941, 0, 0, 0, 250, 0, 0, 0, -160, 101, 234, 14, 1, 87
43.46800000000001, 3.603616213177733, 0.08290273794924387, 0.08005089058524174, 0.7836940298507463, 0.431872460217994, 0.22, -0.211872460217994, 0, 0, 0, 250, 0, 0, 0, -160, 203, 143, 102, 91, 87
43.525, 3.608014442892758, 0.08289521982522132, 0.08005089058524174, 0.7836940298507463, 0.431872460217994, 0.7800000000000001, 0.348127539782006, 0, 0, 0, 250, 0, 0, 0, 160, 256, 74, 53, 69, 88
43.571, 3.612168326512504, 0.08290303932690332, 0.08005089058524174, 0.7836940298507463, 0.431872460217994, 0.76, 0.328127539782006, 0, 0, 0, 250, 0, 0, 0, 160, 249, 97, 7, 23, 88
43.61800000000001, 3.616810902322809, 0.08292014540608944, 0.08005089058524174, 0.7836940298507463, 0.431872460217994, 0.77, 0.338127539782006, 0, 0, 0, 250, 0, 0, 0, 160, 161, 197, 88, 100, 88
43.668, 3.620476093751997, 0.08290913469249787, 0.08005089058524174, 0.7836940298507463, 0.431872460217994, 0.84, 0.4081275397820059, 0, 0, 0, 250, 0, 0, 0, 160, 65, 250, 96, 53, 88
43.718, 3.624141285181186, 0.08289814916467327, 0.08005089058524174, 0.7836940298507463, 0.431872460217994, 0.7800000000000001, 0.348127539782006, 0, 0, 0, 250, 0, 0, 0, 160, 68, 238, 3, 12, 88
43.77300000000001, 3.629272553182049, 0.08291121360615104, 0.08005089058524174, 0.7836940298507463, 0.431872460217994, 0.7199999999999999, 0.288127539782006, 0, 0, 0, 250, 0, 0, 0, 160, 125, 275, 57, 37, 88
43.823, 3.633670782897074, 0.08291697927793793, 0.08005089058524174, 0.7836940298507463, 0.431872460217994, 0.7, 0.268127539782006, 0, 0, 0, 250, 0, 0, 0, 160, 78, 249, 47, 26, 88
43.867, 3.637091628230983, 0.08291179310714165, 0.08005089058524174, 0.7836940298507463, 0.431872460217994, 0.6899999999999999, 0.258127539782006, 0, 0, 0, 250, 0, 0, 0, 160, 91, 228, 13, 21, 88
43.917, 3.64100116575545, 0.08290641814685545, 0.08005089058524174, 0.7836940298507463, 0.431872460217994, 0.7, 0.268127539782006, 0, 0, 0, 250, 0, 0, 0, 160, 89, 258, 2, 30, 88
43.96800000000001, 3.645399395470477, 0.08291028464952866, 0.08005089058524174, 0.7836940298507463, 0.431872460217994, 0.71, 0.278127539782006, 0, 0, 0, 250, 0, 0, 0, 160, 93, 253, 4, 5, 88
44.015, 3.649064586899665, 0.08290502298988219, 0.08005089058524174, 0.7836940298507463, 0.431872460217994, 0.71, 0.278127539782006, 0, 0, 0, 250, 0, 0, 0, 160, 100, 247, 7, 6, 88
44.057, 3.652729778328852, 0.0829091807959882, 0.08005089058524174, 0.7836940298507463, 0.431872460217994, 0.74, 0.308127539782006, 0, 0, 0, 250, 0, 0, 0, 160, 97, 248, 3, 1, 88
44.10600000000001, 3.656883661948599, 0.08291125157458394, 0.08005089058524174, 0.7836940298507463, 0.431872460217994, 0.76, 0.328127539782006, 0, 0, 0, 250, 0, 0, 0, 160, 76, 258, 21, 10, 88
44.152, 3.660548853377787, 0.0829078830716114, 0.08005089058524174, 0.7836940298507463, 0.431872460217994, 0.79, 0.3581275397820059, 0, 0, 0, 250, 0, 0, 0, 160, 94, 253, 18, 5, 88
44.196, 3.664214044806975, 0.08290827325565607, 0.08005089058524174, 0.7836940298507463, 0.431872460217994, 0.79, 0.3581275397820059, 0, 0, 0, 250, 0, 0, 0, 160, 88, 245, 6, 8, 88
44.24700000000001, 3.668612274522001, 0.08291211323981289, 0.08005089058524174, 0.7836940298507463, 0.431872460217994, 0.8199999999999999, 0.388127539782006, 0, 0, 0, 250, 0, 0, 0, 160, 96, 260, 8, 15, 88
44.291, 3.67203311985591, 0.08290698155056131, 0.08005089058524174, 0.7836940298507463, 0.431872460217994, 0.8199999999999999, 0.388127539782006, 0, 0, 0, 250, 0, 0, 0, 160, 86, 233, 10, 27, 88
44.342, 3.676187003475656, 0.08290530430462441, 0.08005089058524174, 0.7836940298507463, 0.431872460217994, 0.8100000000000001, 0.378127539782006, 0, 0, 0, 250, 0, 0, 0, 160, 86, 258, 0, 25, 88
44.388, 3.680340887095403, 0.0829129694308237, 0.08005089058524174, 0.7836940298507463, 0.431872460217994, 0.8100000000000001, 0.378127539782006, 0, 0, 0, 250, 0, 0, 0, 160, 99, 260, 13, 2, 88
44.436, 3.68425042461987, 0.08291138771761341, 0.08005089058524174, 0.7836940298507463, 0.431872460217994, 0.8100000000000001, 0.378127539782006, 0, 0, 0, 250, 0, 0, 0, 160, 91, 250, 8, 10, 88
44.486, 3.688648654334896, 0.08291706726464271, 0.08005089058524174, 0.7836940298507463, 0.431872460217994, 0.6800000000000001, 0.248127539782006, 0, 0, 0, 250, 0, 0, 0, 160, 89, 237, 2, 13, 88
44.543, 3.693046884049922, 0.08290970262555108, 0.08005089058524174, 0.7836940298507463, 0.431872460217994, 0.11, -0.321872460217994, 0, 0, 0, 250, 0, 0, 0, -160, 87, 248, 2, 11, 89
44.587, 3.696956421574389, 0.0829155678016998, 0.08005089058524174, 0.7836940298507463, 0.431872460217994, 0.08, -0.351872460217994, 0, 0, 0, 250, 0, 0, 0, -160, 97, 254, 10, 6, 89
44.637, 3.700865959098856, 0.0829102753119353, 0.08005089058524174, 0.7836940298507463, 0.431872460217994, 0.08, -0.351872460217994, 0, 0, 0, 250, 0, 0, 0, -160, 195, 150, 98, 104, 89
44.682, 3.704531150528044, 0.08290880333306575, 0.08005089058524174, 0.7836940298507463, 0.431872460217994, 0.09, -0.3418724602179941, 0, 0, 0, 250, 0, 0, 0, -160, 249, 75, 54, 75, 89
44.733, 3.708685034147791, 0.08290713867050703, 0.08005089058524174, 0.7836940298507463, 0.431872460217994, 0.24, -0.191872460217994, 0, 0, 0, 250, 0, 0, 0, -160, 246, 93, 3, 18, 89
44.784, 3.712838917767537, 0.0829054777993823, 0.08005089058524174, 0.7836940298507463, 0.431872460217994, 0.77, 0.338127539782006, 0, 0, 0, 250, 0, 0, 0, 160, 246, 96, 0, 3, 90
44.829, 3.716992801387283, 0.08291491671434304, 0.08005089058524174, 0.7836940298507463, 0.431872460217994, 0.8100000000000001, 0.378127539782006, 0, 0, 0, 250, 0, 0, 0, 160, 243, 99, 3, 3, 90
44.876, 3.72090233891175, 0.08291519607165858, 0.08005089058524174, 0.7836940298507463, 0.431872460217994, 0.8, 0.368127539782006, 0, 0, 0, 250, 0, 0, 0, 160, 158, 199, 85, 100, 90
44.922, 3.72432318424566, 0.0829064419270215, 0.08005089058524174, 0.7836940298507463, 0.431872460217994, 0.8100000000000001, 0.378127539782006, 0, 0, 0, 250, 0, 0, 0, 160, 87, 238, 71, 39, 90
44.968, 3.728232721770127, 0.08290857324697845, 0.08005089058524174, 0.7836940298507463, 0.431872460217994, 0.8100000000000001, 0.378127539782006, 0, 0, 0, 250, 0, 0, 0, 160, 71, 259, 16, 21, 90
45.02400000000001, 3.732875297580432, 0.08290856648854904, 0.08005089058524174, 0.7836940298507463, 0.431872460217994, 0.8100000000000001, 0.378127539782006, 0, 0, 0, 250, 0, 0, 0, 160, 96, 251, 25, 8, 90
45.073, 3.737029181200179, 0.08291059350831272, 0.08005089058524174, 0.7836940298507463, 0.431872460217994, 0.7800000000000001, 0.348127539782006, 0, 0, 0, 250, 0, 0, 0, 160, 91, 250, 5, 1, 90
45.123, 3.740938718724646, 0.08290536353355598, 0.08005089058524174, 0.7836940298507463, 0.431872460217994, 0.7800000000000001, 0.348127539782006, 0, 0, 0, 250, 0, 0, 0, 160, 85, 245, 6, 5, 90
45.168, 3.744848256249113, 0.08290932200338986, 0.08005089058524174, 0.7836940298507463, 0.431872460217994, 0.77, 0.338127539782006, 0, 0, 0, 250, 0, 0, 0, 160, 91, 260, 6, 15, 90
45.221, 3.749490832059418, 0.08291481462283935, 0.08005089058524174, 0.7836940298507463, 0.431872460217994, 0.77, 0.338127539782006, 0, 0, 0, 250, 0, 0, 0, 160, 93, 249, 2, 11, 90
45.266, 3.753156023488606, 0.08291335712209179, 0.08005089058524174, 0.7836940298507463, 0.431872460217994, 0.7800000000000001, 0.348127539782006, 0, 0, 0, 250, 0, 0, 0, 160, 85, 243, 8, 6, 90
45.316, 3.757554253203632, 0.08291893047055416, 0.08005089058524174, 0.7836940298507463, 0.431872460217994, 0.79, 0.3581275397820059, 0, 0, 0, 250, 0, 0, 0, 160, 91, 253, 6, 10, 90
45.365, 3.761463790728099, 0.08291554702365479, 0.08005089058524174, 0.7836940298507463, 0.431872460217994, 0.8, 0.368127539782006, 0, 0, 0, 250, 0, 0, 0, 160, 92, 260, 1, 7, 90
45.422, 3.766350712633684, 0.08291908574333327, 0.08005089058524174, 0.7836940298507463, 0.431872460217994, 0.8199999999999999, 0.388127539782006, 0, 0, 0, 250, 0, 0, 0, 160, 92, 244, 0, 16, 90
45.472, 3.770260250158151, 0.08291388657103605, 0.08005089058524174, 0.7836940298507463, 0.431872460217994, 0.8199999999999999, 0.388127539782006, 0, 0, 0, 250, 0, 0, 0, 160, 80, 263, 12, 19, 90
45.518, 3.774169787682618, 0.08291598461449578, 0.08005089058524174, 0.7836940298507463, 0.431872460217994, 0.8100000000000001, 0.378127539782006, 0, 0, 0, 250, 0, 0, 0, 160, 87, 246, 7, 17, 90
45.566, 3.778079325207085, 0.08291443895024987, 0.08005089058524174, 0.7836940298507463, 0.431872460217994, 0.8199999999999999, 0.388127539782006, 0, 0, 0, 250, 0, 0, 0, 160, 100, 253, 13, 7, 90
45.616, 3.782477554922111, 0.08291997445900805, 0.08005089058524174, 0.7836940298507463, 0.431872460217994, 0.8299999999999999, 0.398127539782006, 0, 0, 0, 250, 0, 0, 0, 160, 91, 249, 9, 4, 90
45.677, 3.787120130732416, 0.08291087704386049, 0.08005089058524174, 0.7836940298507463, 0.431872460217994, 0.8299999999999999, 0.398127539782006, 0, 0, 0, 250, 0, 0, 0, 160, 82, 254, 9, 5, 90
45.723, 3.791029668256883, 0.08291296870845926, 0.08005089058524174, 0.7836940298507463, 0.431872460217994, 0.8299999999999999, 0.398127539782006, 0, 0, 0, 250, 0, 0, 0, 160, 91, 250, 9, 4, 90
45.773, 3.795427897971909, 0.08291848683660476, 0.08005089058524174, 0.7836940298507463, 0.431872460217994, 0.8299999999999999, 0.398127539782006, 0, 0, 0, 250, 0, 0, 0, 160, 92, 247, 1, 3, 90
45.818, 3.798848743305818, 0.082911710317033, 0.08005089058524174, 0.7836940298507463, 0.431872460217994, 0.8199999999999999, 0.388127539782006, 0, 0, 0, 250, 0, 0, 0, 160, 88, 243, 4, 4, 90
45.866, 3.803246973020844, 0.08292083401693723, 0.08005089058524174, 0.7836940298507463, 0.431872460217994, 0.8299999999999999, 0.398127539782006, 0, 0, 0, 250, 0, 0, 0, 160, 92, 248, 4, 5, 90
45.921, 3.807400856640589, 0.08291197614687375, 0.08005089058524174, 0.7836940298507463, 0.431872460217994, 0.79, 0.3581275397820059, 0, 0, 0, 250, 0, 0, 0, 160, 86, 257, 6, 9, 90
45.966, 3.811310394165057, 0.08291585942142142, 0.08005089058524174, 0.7836940298507463, 0.431872460217994, 0.67, 0.238127539782006, 0, 0, 0, 250, 0, 0, 0, 160, 89, 248, 3, 9, 90
46.017, 3.815708623880083, 0.08291954329660957, 0.08005089058524174, 0.7836940298507463, 0.431872460217994, 0.8699999999999999, 0.438127539782006, 0, 0, 0, 250, 0, 0, 0, 160, 90, 251, 1, 3, 90
46.066, 3.819373815309271, 0.08291090642359379, 0.08005089058524174, 0.7836940298507463, 0.431872460217994, 0.86, 0.428127539782006, 0, 0, 0, 250, 0, 0, 0, 160, 91, 235, 1, 16, 90
46.117, 3.824016391119576, 0.08291988618339388, 0.08005089058524174, 0.7836940298507463, 0.431872460217994, 0.8100000000000001, 0.378127539782006, 0, 0, 0, 250, 0, 0, 0, 160, 95, 259, 4, 24, 90
46.166, 3.827925928644044, 0.08291656042637532, 0.08005089058524174, 0.7836940298507463, 0.431872460217994, 0.8199999999999999, 0.388127539782006, 0, 0, 0, 250, 0, 0, 0, 160, 81, 258, 14, 1, 90
46.217, 3.832324158359069, 0.08292022758636584, 0.08005089058524174, 0.7836940298507463, 0.431872460217994, 0.8199999999999999, 0.388127539782006, 0, 0, 0, 250, 0, 0, 0, 160, 98, 246, 17, 12, 90
46.266, 3.835989349788257, 0.08291162732434742, 0.08005089058524174, 0.7836940298507463, 0.431872460217994, 0.8199999999999999, 0.388127539782006, 0, 0, 0, 250, 0, 0, 0, 160, 93, 240, 5, 6, 90
46.315, 3.840143233408003, 0.08291359674852647, 0.08005089058524174, 0.7836940298507463, 0.431872460217994, 0.8100000000000001, 0.378127539782006, 0, 0, 0, 250, 0, 0, 0, 160, 87, 252, 6, 12, 90
46.363, 3.844052770932471, 0.08291208012709426, 0.08005089058524174, 0.7836940298507463, 0.431872460217994, 0.8, 0.368127539782006, 0, 0, 0, 250, 0, 0, 0, 160, 91, 251, 4, 1, 90
46.41, 3.848206654552217, 0.08291761806835202, 0.08005089058524174, 0.7836940298507463, 0.431872460217994, 0.7800000000000001, 0.348127539782006, 0, 0, 0, 250, 0, 0, 0, 160, 95, 252, 4, 1, 90
46.45600000000001, 3.851871845981406, 0.08291441032334696, 0.08005089058524174, 0.7836940298507463, 0.431872460217994, 0.79, 0.3581275397820059, 0, 0, 0, 250, 0, 0, 0, 160, 87, 248, 8, 4, 90
46.504, 3.855781383505873, 0.0829128974605598, 0.08005089058524174, 0.7836940298507463, 0.431872460217994, 0.8100000000000001, 0.378127539782006, 0, 0, 0, 250, 0, 0, 0, 160, 91, 250, 4, 2, 90
46.54800000000001, 3.859446574935061, 0.08291326318928977, 0.08005089058524174, 0.7836940298507463, 0.431872460217994, 0.79, 0.3581275397820059, 0, 0, 0, 250, 0, 0, 0, 160, 95, 250, 4, 0, 90
46.598, 3.863844804650086, 0.08291868330507931, 0.08005089058524174, 0.7836940298507463, 0.431872460217994, 0.8199999999999999, 0.388127539782006, 0, 0, 0, 250, 0, 0, 0, 160, 88, 266, 7, 16, 90
46.646, 3.867998688269833, 0.08292240895832082, 0.08005089058524174, 0.7836940298507463, 0.431872460217994, 0.8299999999999999, 0.398127539782006, 0, 0, 0, 250, 0, 0, 0, 160, 88, 238, 0, 28, 90
46.696, 3.8719082257943, 0.08291734250887227, 0.08005089058524174, 0.7836940298507463, 0.431872460217994, 0.84, 0.4081275397820059, 0, 0, 0, 250, 0, 0, 0, 160, 88, 256, 0, 18, 90
46.74600000000001, 3.876550801604605, 0.08292796820272548, 0.08005089058524174, 0.7836940298507463, 0.431872460217994, 0.8199999999999999, 0.388127539782006, 0, 0, 0, 250, 0, 0, 0, 160, 93, 252, 5, 4, 90
46.798, 3.880460339129073, 0.08291936277467141, 0.08005089058524174, 0.7836940298507463, 0.431872460217994, 0.8, 0.368127539782006, 0, 0, 0, 250, 0, 0, 0, 160, 87, 250, 6, 2, 90
46.848, 3.884614222748819, 0.08291953173558785, 0.08005089058524174, 0.7836940298507463, 0.431872460217994, 0.8, 0.368127539782006, 0, 0, 0, 250, 0, 0, 0, 160, 88, 252, 1, 2, 90
46.918, 3.89047852903552, 0.08292080926372648, 0.08005089058524174, 0.7836940298507463, 0.431872460217994, 0.79, 0.3581275397820059, 0, 0, 0, 250, 0, 0, 0, 160, 90, 236, 2, 16, 90
46.96800000000001, 3.894632412655266, 0.08292097625309287, 0.08005089058524174, 0.7836940298507463, 0.431872460217994, 0.62, 0.188127539782006, 0, 0, 0, 250, 0, 0, 0, 160, 90, 262, 0, 26, 90
47.033, 3.89976368065613, 0.08291547808254055, 0.08005089058524174, 0.7836940298507463, 0.431872460217994, 0.08, -0.351872460217994, 0, 0, 0, 250, 0, 0, 0, -160, 95, 240, 5, 22, 91
47.084, 3.903917564275876, 0.08291388931008147, 0.08005089058524174, 0.7836940298507463, 0.431872460217994, 0.08, -0.351872460217994, 0, 0, 0, 250, 0, 0, 0, -160, 97, 232, 2, 8, 91
47.12800000000001, 3.907827101800343, 0.0829194343447705, 0.08005089058524174, 0.7836940298507463, 0.431872460217994, 0.11, -0.321872460217994, 0, 0, 0, 250, 0, 0, 0, -160, 191, 157, 94, 75, 91
47.176, 3.911492293229532, 0.0829127584625558, 0.08005089058524174, 0.7836940298507463, 0.431872460217994, 0.2, -0.2318724602179941, 0, 0, 0, 250, 0, 0, 0, -160, 244, 80, 53, 77, 91
47.226, 3.915646176849278, 0.08291293306333964, 0.08005089058524174, 0.7836940298507463, 0.431872460217994, 0.13, -0.301872460217994, 0, 0, 0, 250, 0, 0, 0, -160, 245, 86, 1, 6, 91
47.275, 3.920288752659584, 0.08292519836403137, 0.08005089058524174, 0.7836940298507463, 0.431872460217994, 0.09, -0.3418724602179941, 0, 0, 0, 250, 0, 0, 0, -160, 277, 102, 32, 16, 91
47.32200000000001, 3.924198290184051, 0.08292545307011645, 0.08005089058524174, 0.7836940298507463, 0.431872460217994, 0.08, -0.351872460217994, 0, 0, 0, 250, 0, 0, 0, -160, 251, 85, 26, 17, 91
47.36800000000001, 3.927863481613239, 0.08292229947671926, 0.08005089058524174, 0.7836940298507463, 0.431872460217994, 0.08, -0.351872460217994, 0, 0, 0, 250, 0, 0, 0, -160, 238, 89, 13, 4, 91
47.416, 3.931528673042426, 0.08291565448461334, 0.08005089058524174, 0.7836940298507463, 0.431872460217994, 0.08, -0.351872460217994, 0, 0, 0, 250, 0, 0, 0, -160, 235, 88, 3, 1, 91
47.466, 3.936171248852732, 0.08292612077808814, 0.08005089058524174, 0.7836940298507463, 0.431872460217994, 0.08, -0.351872460217994, 0, 0, 0, 250, 0, 0, 0, -160, 250, 90, 15, 2, 91
47.518, 3.940325132472478, 0.08292278994217934, 0.08005089058524174, 0.7836940298507463, 0.431872460217994, 0.08, -0.351872460217994, 0, 0, 0, 250, 0, 0, 0, -160, 265, 85, 15, 5, 91
47.56600000000001, 3.943990323901666, 0.08291616541020195, 0.08005089058524174, 0.7836940298507463, 0.431872460217994, 0.08, -0.351872460217994, 0, 0, 0, 250, 0, 0, 0, -160, 239, 92, 26, 7, 91
47.613, 3.948144207521413, 0.08292155939599295, 0.08005089058524174, 0.7836940298507463, 0.431872460217994, 0.08, -0.351872460217994, 0, 0, 0, 250, 0, 0, 0, -160, 248, 86, 9, 6, 91
47.663, 3.95205374504588, 0.0829165966272765, 0.08005089058524174, 0.7836940298507463, 0.431872460217994, 0.14, -0.291872460217994, 0, 0, 0, 250, 0, 0, 0, -160, 249, 88, 1, 2, 91
47.708, 3.955963282570347, 0.0829203337505313, 0.08005089058524174, 0.7836940298507463, 0.431872460217994, 0.3, -0.131872460217994, 0, 0, 0, 250, 0, 0, 0, -160, 263, 97, 14, 9, 91
47.766, 3.961094550571211, 0.08292707261590275, 0.08005089058524174, 0.7836940298507463, 0.431872460217994, 0.62, 0.188127539782006, 0, 0, 0, 250, 0, 0, 0, 160, 244, 89, 19, 8, 92
47.815, 3.964759742000398, 0.08291874395065143, 0.08005089058524174, 0.7836940298507463, 0.431872460217994, 0.76, 0.328127539782006, 0, 0, 0, 250, 0, 0, 0, 160, 226, 95, 18, 6, 92
47.865, 3.968913625620146, 0.08291890996803813, 0.08005089058524174, 0.7836940298507463, 0.431872460217994, 0.76, 0.328127539782006, 0, 0, 0, 250, 0, 0, 0, 160, 160, 194, 66, 99, 92
47.91700000000001, 3.973800547525729, 0.0829309127767959, 0.08005089058524174, 0.7836940298507463, 0.431872460217994, 0.77, 0.338127539782006, 0, 0, 0, 250, 0, 0, 0, 160, 88, 278, 72, 84, 92
47.963, 3.976977046764359, 0.08291760412743903, 0.08005089058524174, 0.7836940298507463, 0.431872460217994, 0.7800000000000001, 0.348127539782006, 0, 0, 0, 250, 0, 0, 0, 160, 77, 229, 11, 49, 92
48.013, 3.981130930384105, 0.08291777082007176, 0.08005089058524174, 0.7836940298507463, 0.431872460217994, 0.55, 0.118127539782006, 0, 0, 0, 250, 0, 0, 0, 160, 97, 252, 20, 23, 92
48.065, 3.985529160099131, 0.08291957058356665, 0.08005089058524174, 0.7836940298507463, 0.431872460217994, 0.73, 0.298127539782006, 0, 0, 0, 250, 0, 0, 0, 160, 90, 266, 7, 14, 92
48.111, 3.989438697623598, 0.08292155011584873, 0.08005089058524174, 0.7836940298507463, 0.431872460217994, 0.8199999999999999, 0.388127539782006, 0, 0, 0, 250, 0, 0, 0, 160, 92, 243, 2, 23, 92
48.157, 3.993348235148066, 0.08292352586639671, 0.08005089058524174, 0.7836940298507463, 0.431872460217994, 0.84, 0.4081275397820059, 0, 0, 0, 250, 0, 0, 0, 160, 92, 250, 0, 7, 92
48.20600000000001, 3.997013426577254, 0.08291526836031311, 0.08005089058524174, 0.7836940298507463, 0.431872460217994, 0.8299999999999999, 0.398127539782006, 0, 0, 0, 250, 0, 0, 0, 160, 88, 241, 4, 9, 92
48.254, 4.001411656292279, 0.08292393700609855, 0.08005089058524174, 0.7836940298507463, 0.431872460217994, 0.84, 0.4081275397820059, 0, 0, 0, 250, 0, 0, 0, 160, 88, 253, 0, 12, 92
48.302, 4.005321193816747, 0.08292247099119596, 0.08005089058524174, 0.7836940298507463, 0.431872460217994, 0.8299999999999999, 0.398127539782006, 0, 0, 0, 250, 0, 0, 0, 160, 95, 254, 7, 1, 92
48.35100000000001, 4.009475077436494, 0.08292434649617368, 0.08005089058524174, 0.7836940298507463, 0.431872460217994, 0.8199999999999999, 0.388127539782006, 0, 0, 0, 250, 0, 0, 0, 160, 95, 246, 0, 8, 92
48.403, 4.013628961056241, 0.08292107846737268, 0.08005089058524174, 0.7836940298507463, 0.431872460217994, 0.8199999999999999, 0.388127539782006, 0, 0, 0, 250, 0, 0, 0, 160, 87, 258, 8, 12, 92
48.447, 4.017294152485428, 0.08292142243039669, 0.08005089058524174, 0.7836940298507463, 0.431872460217994, 0.8199999999999999, 0.388127539782006, 0, 0, 0, 250, 0, 0, 0, 160, 91, 245, 4, 13, 92
48.495, 4.021448036105174, 0.08292500332209867, 0.08005089058524174, 0.7836940298507463, 0.431872460217994, 0.8100000000000001, 0.378127539782006, 0, 0, 0, 250, 0, 0, 0, 160, 86, 248, 5, 3, 92
48.546, 4.025357573629642, 0.08291841910002146, 0.08005089058524174, 0.7836940298507463, 0.431872460217994, 0.8199999999999999, 0.388127539782006, 0, 0, 0, 250, 0, 0, 0, 160, 88, 251, 2, 3, 92
48.596, 4.030000149439947, 0.08292863917688589, 0.08005089058524174, 0.7836940298507463, 0.431872460217994, 0.8100000000000001, 0.378127539782006, 0, 0, 0, 250, 0, 0, 0, 160, 98, 252, 10, 1, 92
48.646, 4.034154033059694, 0.08292879235825543, 0.08005089058524174, 0.7836940298507463, 0.431872460217994, 0.8100000000000001, 0.378127539782006, 0, 0, 0, 250, 0, 0, 0, 160, 87, 251, 11, 1, 92
48.691, 4.037574878393602, 0.08292240616117152, 0.08005089058524174, 0.7836940298507463, 0.431872460217994, 0.8100000000000001, 0.378127539782006, 0, 0, 0, 250, 0, 0, 0, 160, 87, 250, 0, 1, 92
48.738, 4.041484415918069, 0.08292265615983563, 0.08005089058524174, 0.7836940298507463, 0.431872460217994, 0.8199999999999999, 0.388127539782006, 0, 0, 0, 250, 0, 0, 0, 160, 95, 249, 8, 1, 92
48.787, 4.045882645633095, 0.08292952314413871, 0.08005089058524174, 0.7836940298507463, 0.431872460217994, 0.8100000000000001, 0.378127539782006, 0, 0, 0, 250, 0, 0, 0, 160, 92, 257, 3, 8, 92
48.83800000000001, 4.049792183157563, 0.08292297356889231, 0.08005089058524174, 0.7836940298507463, 0.431872460217994, 0.79, 0.3581275397820059, 0, 0, 0, 250, 0, 0, 0, 160, 91, 233, 1, 24, 92
48.887, 4.053946066777309, 0.08292482800698158, 0.08005089058524174, 0.7836940298507463, 0.431872460217994, 0.79, 0.3581275397820059, 0, 0, 0, 250, 0, 0, 0, 160, 88, 271, 3, 38, 92
48.935, 4.057855604301776, 0.08292338008177737, 0.08005089058524174, 0.7836940298507463, 0.431872460217994, 0.8, 0.368127539782006, 0, 0, 0, 250, 0, 0, 0, 160, 87, 239, 1, 32, 92
48.982, 4.061765141826243, 0.08292362790058068, 0.08005089058524174, 0.7836940298507463, 0.431872460217994, 0.79, 0.3581275397820059, 0, 0, 0, 250, 0, 0, 0, 160, 99, 260, 12, 21, 92
49.038, 4.066407717636548, 0.0829236045033759, 0.08005089058524174, 0.7836940298507463, 0.431872460217994, 0.6800000000000001, 0.248127539782006, 0, 0, 0, 250, 0, 0, 0, 160, 81, 233, 18, 27, 92
49.08700000000001, 4.070805947351574, 0.08293042857277026, 0.08005089058524174, 0.7836940298507463, 0.431872460217994, 0.5699999999999999, 0.138127539782006, 0, 0, 0, 250, 0, 0, 0, 160, 95, 252, 14, 19, 92
49.14300000000001, 4.0752041770666, 0.08292542533151416, 0.08005089058524174, 0.7836940298507463, 0.431872460217994, 0.14, -0.291872460217994, 0, 0, 0, 250, 0, 0, 0, -160, 90, 245, 5, 7, 93
49.19700000000001, 4.079602406781626, 0.0829238044348563, 0.08005089058524174, 0.7836940298507463, 0.431872460217994, 0.22, -0.211872460217994, 0, 0, 0, 250, 0, 0, 0, -160, 106, 232, 16, 13, 93
49.24600000000001, 4.083756290401372, 0.08292564452750216, 0.08005089058524174, 0.7836940298507463, 0.431872460217994, 0.26, -0.171872460217994, 0, 0, 0, 250, 0, 0, 0, -160, 212, 131, 106, 101, 93
49.29200000000001, 4.08742148183056, 0.08292261384870892, 0.08005089058524174, 0.7836940298507463, 0.431872460217994, 0.26, -0.171872460217994, 0, 0, 0, 250, 0, 0, 0, -160, 250, 91, 38, 40, 93
49.33800000000001, 4.091086673259748, 0.08291958882118749, 0.08005089058524174, 0.7836940298507463, 0.431872460217994, 0.25, -0.181872460217994, 0, 0, 0, 250, 0, 0, 0, -160, 239, 83, 11, 8, 93
49.38600000000001, 4.095484902974774, 0.08292805456961029, 0.08005089058524174, 0.7836940298507463, 0.431872460217994, 0.24, -0.191872460217994, 0, 0, 0, 250, 0, 0, 0, -160, 263, 100, 24, 17, 93
49.438, 4.100127478785079, 0.0829347360084364, 0.08005089058524174, 0.7836940298507463, 0.431872460217994, 0.25, -0.181872460217994, 0, 0, 0, 250, 0, 0, 0, -160, 261, 84, 2, 16, 93
49.48700000000001, 4.103792670214267, 0.08292668115291423, 0.08005089058524174, 0.7836940298507463, 0.431872460217994, 0.23, -0.201872460217994, 0, 0, 0, 250, 0, 0, 0, -160, 237, 87, 24, 3, 93
49.537, 4.107946553834013, 0.08292683355540332, 0.08005089058524174, 0.7836940298507463, 0.431872460217994, 0.24, -0.191872460217994, 0, 0, 0, 250, 0, 0, 0, -160, 254, 96, 17, 9, 93
49.58400000000001, 4.11185609135848, 0.08292707509193452, 0.08005089058524174, 0.7836940298507463, 0.431872460217994, 0.2, -0.2318724602179941, 0, 0, 0, 250, 0, 0, 0, -160, 246, 87, 8, 9, 93
49.63200000000001, 4.115521282787668, 0.08292072217093143, 0.08005089058524174, 0.7836940298507463, 0.431872460217994, 0.17, -0.261872460217994, 0, 0, 0, 250, 0, 0, 0, -160, 249, 83, 3, 4, 93
49.683, 4.119919512502695, 0.08292412922936808, 0.08005089058524174, 0.7836940298507463, 0.431872460217994, 0.17, -0.261872460217994, 0, 0, 0, 250, 0, 0, 0, -160, 244, 98, 5, 15, 93
49.728, 4.123829050027162, 0.08292770773059768, 0.08005089058524174, 0.7836940298507463, 0.431872460217994, 0.11, -0.321872460217994, 0, 0, 0, 250, 0, 0, 0, -160, 249, 89, 5, 9, 93
49.77600000000001, 4.12749424145635, 0.08292137257827768, 0.08005089058524174, 0.7836940298507463, 0.431872460217994, 0.13, -0.301872460217994, 0, 0, 0, 250, 0, 0, 0, -160, 244, 89, 5, 0, 93
49.82200000000001, 4.131403778980817, 0.08292328246519244, 0.08005089058524174, 0.7836940298507463, 0.431872460217994, 0.14, -0.291872460217994, 0, 0, 0, 250, 0, 0, 0, -160, 248, 89, 4, 0, 93
49.87, 4.135313316505285, 0.08292186317435903, 0.08005089058524174, 0.7836940298507463, 0.431872460217994, 0.19, -0.241872460217994, 0, 0, 0, 250, 0, 0, 0, -160, 250, 94, 2, 5, 93
49.91700000000001, 4.13971154622031, 0.08293189787487849, 0.08005089058524174, 0.7836940298507463, 0.431872460217994, 0.17, -0.261872460217994, 0, 0, 0, 250, 0, 0, 0, -160, 250, 91, 0, 3, 93
49.96700000000001, 4.143621083744777, 0.08292715359626907, 0.08005089058524174, 0.7836940298507463, 0.431872460217994, 0.19, -0.241872460217994, 0, 0, 0, 250, 0, 0, 0, -160, 260, 87, 10, 4, 93
50.017, 4.148019313459804, 0.08293218932482564, 0.08005089058524174, 0.7836940298507463, 0.431872460217994, 0.21, -0.221872460217994, 0, 0, 0, 250, 0, 0, 0, -160, 240, 91, 20, 4, 93
50.06600000000001, 4.151684504888991, 0.08292423011402931, 0.08005089058524174, 0.7836940298507463, 0.431872460217994, 0.22, -0.211872460217994, 0, 0, 0, 250, 0, 0, 0, -160, 258, 88, 18, 3, 93
50.11200000000001, 4.155594042413458, 0.0829261263253005, 0.08005089058524174, 0.7836940298507463, 0.431872460217994, 0.17, -0.261872460217994, 0, 0, 0, 250, 0, 0, 0, -160, 255, 96, 3, 8, 93
50.16, 4.159503579937926, 0.08292471251869868, 0.08005089058524174, 0.7836940298507463, 0.431872460217994, 0.17, -0.261872460217994, 0, 0, 0, 250, 0, 0, 0, -160, 247, 90, 8, 6, 93
50.208, 4.163657463557673, 0.08292816809189119, 0.08005089058524174, 0.7836940298507463, 0.431872460217994, 0.17, -0.261872460217994, 0, 0, 0, 250, 0, 0, 0, -160, 249, 87, 2, 3, 93
50.254, 4.167322654986861, 0.08292519311869423, 0.08005089058524174, 0.7836940298507463, 0.431872460217994, 0.19, -0.241872460217994, 0, 0, 0, 250, 0, 0, 0, -160, 251, 92, 2, 5, 93
50.3, 4.171232192511328, 0.08292708136205423, 0.08005089058524174, 0.7836940298507463, 0.431872460217994, 0.16, -0.271872460217994, 0, 0, 0, 250, 0, 0, 0, -160, 259, 92, 8, 0, 93
50.34800000000001, 4.175630422226353, 0.08293537821217036, 0.08005089058524174, 0.7836940298507463, 0.431872460217994, 0.17, -0.261872460217994, 0, 0, 0, 250, 0, 0, 0, -160, 251, 88, 8, 4, 93
50.39800000000001, 4.17953995975082, 0.08293067105343109, 0.08005089058524174, 0.7836940298507463, 0.431872460217994, 0.16, -0.271872460217994, 0, 0, 0, 250, 0, 0, 0, -160, 253, 89, 2, 1, 93
50.445, 4.183205151180009, 0.08292606107998829, 0.08005089058524174, 0.7836940298507463, 0.431872460217994, 0.16, -0.271872460217994, 0, 0, 0, 250, 0, 0, 0, -160, 251, 90, 2, 1, 93
50.495, 4.187359034799755, 0.08292621120506496, 0.08005089058524174, 0.7836940298507463, 0.431872460217994, 0.15, -0.2818724602179941, 0, 0, 0, 250, 0, 0, 0, -160, 249, 89, 2, 1, 93
50.538, 4.191024226228944, 0.08292817733643879, 0.08005089058524174, 0.7836940298507463, 0.431872460217994, 0.17, -0.261872460217994, 0, 0, 0, 250, 0, 0, 0, -160, 253, 91, 4, 2, 93
50.585, 4.19517810984869, 0.08293324325093783, 0.08005089058524174, 0.7836940298507463, 0.431872460217994, 0.18, -0.251872460217994, 0, 0, 0, 250, 0, 0, 0, -160, 245, 92, 8, 1, 93
50.63700000000001, 4.199576339563716, 0.08293493571032478, 0.08005089058524174, 0.7836940298507463, 0.431872460217994, 0.18, -0.251872460217994, 0, 0, 0, 250, 0, 0, 0, -160, 247, 94, 2, 2, 93
50.684, 4.203241530992904, 0.08293034352049766, 0.08005089058524174, 0.7836940298507463, 0.431872460217994, 0.15, -0.2818724602179941, 0, 0, 0, 250, 0, 0, 0, -160, 248, 90, 1, 4, 93
50.733, 4.207395414612651, 0.08293212336374058, 0.08005089058524174, 0.7836940298507463, 0.431872460217994, 0.17, -0.261872460217994, 0, 0, 0, 250, 0, 0, 0, -160, 251, 83, 3, 7, 93
50.781, 4.211304952137118, 0.08293072117794289, 0.08005089058524174, 0.7836940298507463, 0.431872460217994, 0.17, -0.261872460217994, 0, 0, 0, 250, 0, 0, 0, -160, 254, 89, 3, 6, 93
50.82800000000001, 4.215458835756865, 0.08293576052091101, 0.08005089058524174, 0.7836940298507463, 0.431872460217994, 0.18, -0.251872460217994, 0, 0, 0, 250, 0, 0, 0, -160, 241, 98, 13, 9, 93
50.87700000000001, 4.219368373281331, 0.08293272742656468, 0.08005089058524174, 0.7836940298507463, 0.431872460217994, 0.13, -0.301872460217994, 0, 0, 0, 250, 0, 0, 0, -160, 248, 81, 7, 17, 93
50.92300000000001, 4.223033564710519, 0.08292978741846552, 0.08005089058524174, 0.7836940298507463, 0.431872460217994, 0.13, -0.301872460217994, 0, 0, 0, 250, 0, 0, 0, -160, 244, 92, 4, 11, 93
50.97200000000001, 4.227187448330266, 0.08293155945088021, 0.08005089058524174, 0.7836940298507463, 0.431872460217994, 0.18, -0.251872460217994, 0, 0, 0, 250, 0, 0, 0, -160, 254, 96, 10, 4, 93
51.01800000000001, 4.231341331950012, 0.08293820478948632, 0.08005089058524174, 0.7836940298507463, 0.431872460217994, 0.17, -0.261872460217994, 0, 0, 0, 250, 0, 0, 0, -160, 253, 83, 1, 13, 93
51.065, 4.235006523379201, 0.08293364385350438, 0.08005089058524174, 0.7836940298507463, 0.431872460217994, 0.2, -0.2318724602179941, 0, 0, 0, 250, 0, 0, 0, -160, 249, 88, 4, 5, 93
51.114, 4.238916060903668, 0.08293062685181491, 0.08005089058524174, 0.7836940298507463, 0.431872460217994, 0.18, -0.251872460217994, 0, 0, 0, 250, 0, 0, 0, -160, 245, 95, 4, 7, 93
51.162, 4.242825598428135, 0.08292923651202328, 0.08005089058524174, 0.7836940298507463, 0.431872460217994, 0.18, -0.251872460217994, 0, 0, 0, 250, 0, 0, 0, -160, 255, 87, 10, 8, 93
51.207, 4.246490789857323, 0.08292793543572799, 0.08005089058524174, 0.7836940298507463, 0.431872460217994, 0.19, -0.241872460217994, 0, 0, 0, 250, 0, 0, 0, -160, 244, 93, 11, 6, 93
51.25800000000001, 4.251133365667628, 0.08293599761339943, 0.08005089058524174, 0.7836940298507463, 0.431872460217994, 0.18, -0.251872460217994, 0, 0, 0, 250, 0, 0, 0, -160, 253, 93, 9, 0, 93
51.30500000000001, 4.254798557096817, 0.08293146003502226, 0.08005089058524174, 0.7836940298507463, 0.431872460217994, 0.18, -0.251872460217994, 0, 0, 0, 250, 0, 0, 0, -160, 247, 86, 6, 7, 93
51.356, 4.259196786811842, 0.08293474543990659, 0.08005089058524174, 0.7836940298507463, 0.431872460217994, 0.18, -0.251872460217994, 0, 0, 0, 250, 0, 0, 0, -160, 261, 94, 14, 8, 93
51.406, 4.263595016526867, 0.08293963771790974, 0.08005089058524174, 0.7836940298507463, 0.431872460217994, 0.21, -0.221872460217994, 0, 0, 0, 250, 0, 0, 0, -160, 245, 91, 16, 3, 93
51.45600000000001, 4.267504554051334, 0.08293502320528868, 0.08005089058524174, 0.7836940298507463, 0.431872460217994, 0.18, -0.251872460217994, 0, 0, 0, 250, 0, 0, 0, -160, 260, 85, 15, 6, 93
51.50600000000001, 4.271658437671082, 0.08293516168351418, 0.08005089058524174, 0.7836940298507463, 0.431872460217994, 0.15, -0.2818724602179941, 0, 0, 0, 250, 0, 0, 0, -160, 248, 99, 12, 14, 93
51.55200000000001, 4.275567975195549, 0.08293699517371875, 0.08005089058524174, 0.7836940298507463, 0.431872460217994, 0.18, -0.251872460217994, 0, 0, 0, 250, 0, 0, 0, -160, 254, 82, 6, 17, 93
51.603, 4.279477512720017, 0.08293078915411927, 0.08005089058524174, 0.7836940298507463, 0.431872460217994, 0.19, -0.241872460217994, 0, 0, 0, 250, 0, 0, 0, -160, 249, 90, 5, 8, 93
51.653, 4.283875742435042, 0.08293566186736573, 0.08005089058524174, 0.7836940298507463, 0.431872460217994, 0.22, -0.211872460217994, 0, 0, 0, 250, 0, 0, 0, -160, 252, 93, 3, 3, 93
51.70300000000001, 4.287785279959509, 0.08293107324448311, 0.08005089058524174, 0.7836940298507463, 0.431872460217994, 0.2, -0.2318724602179941, 0, 0, 0, 250, 0, 0, 0, -160, 250, 88, 2, 5, 93
51.74700000000001, 4.291450471388697, 0.08293138677389409, 0.08005089058524174, 0.7836940298507463, 0.431872460217994, 0.18, -0.251872460217994, 0, 0, 0, 250, 0, 0, 0, -160, 249, 89, 1, 1, 93
51.79200000000001, 4.295115662817885, 0.08293009852521404, 0.08005089058524174, 0.7836940298507463, 0.431872460217994, 0.18, -0.251872460217994, 0, 0, 0, 250, 0, 0, 0, -160, 246, 93, 3, 4, 93
51.847, 4.29975823862819, 0.08293166892256426, 0.08005089058524174, 0.7836940298507463, 0.431872460217994, 0.21, -0.221872460217994, 0, 0, 0, 250, 0, 0, 0, -160, 238, 85, 8, 8, 93
51.90200000000001, 4.304156468343217, 0.08292852815581703, 0.08005089058524174, 0.7836940298507463, 0.431872460217994, 0.2, -0.2318724602179941, 0, 0, 0, 250, 0, 0, 0, -160, 264, 92, 26, 7, 93
51.94800000000001, 4.308310351962962, 0.08293505721034423, 0.08005089058524174, 0.7836940298507463, 0.431872460217994, 0.17, -0.261872460217994, 0, 0, 0, 250, 0, 0, 0, -160, 257, 90, 7, 2, 93
51.996, 4.31221988948743, 0.082933685081303, 0.08005089058524174, 0.7836940298507463, 0.431872460217994, 0.18, -0.251872460217994, 0, 0, 0, 250, 0, 0, 0, -160, 242, 94, 15, 4, 93
52.046, 4.316129427011897, 0.08292912859800747, 0.08005089058524174, 0.7836940298507463, 0.431872460217994, 0.2, -0.2318724602179941, 0, 0, 0, 250, 0, 0, 0, -160, 244, 89, 2, 5, 93
52.092, 4.320038964536365, 0.08293094840928291, 0.08005089058524174, 0.7836940298507463, 0.431872460217994, 0.2, -0.2318724602179941, 0, 0, 0, 250, 0, 0, 0, -160, 254, 96, 10, 7, 93
52.138, 4.32443719425139, 0.08294213806151731, 0.08005089058524174, 0.7836940298507463, 0.431872460217994, 0.19, -0.241872460217994, 0, 0, 0, 250, 0, 0, 0, -160, 254, 89, 0, 7, 93
52.194, 4.328835423966416, 0.08293741472135526, 0.08005089058524174, 0.7836940298507463, 0.431872460217994, 0.15, -0.2818724602179941, 0, 0, 0, 250, 0, 0, 0, -160, 242, 87, 12, 2, 93
52.247, 4.333233653681442, 0.08293746346548973, 0.08005089058524174, 0.7836940298507463, 0.431872460217994, 0.14, -0.291872460217994, 0, 0, 0, 250, 0, 0, 0, -160, 248, 93, 6, 6, 93
52.297, 4.337143191205909, 0.08293292523865439, 0.08005089058524174, 0.7836940298507463, 0.431872460217994, 0.17, -0.261872460217994, 0, 0, 0, 250, 0, 0, 0, -160, 257, 87, 9, 6, 93
52.346, 4.341297074825655, 0.0829346478207629, 0.08005089058524174, 0.7836940298507463, 0.431872460217994, 0.16, -0.271872460217994, 0, 0, 0, 250, 0, 0, 0, -160, 252, 98, 5, 11, 93
52.39100000000001, 4.345450958445402, 0.08294269928891225, 0.08005089058524174, 0.7836940298507463, 0.431872460217994, 0.18, -0.251872460217994, 0, 0, 0, 250, 0, 0, 0, -160, 253, 86, 1, 12, 93
52.437, 4.348871803779311, 0.08293517561605947, 0.08005089058524174, 0.7836940298507463, 0.431872460217994, 0.2, -0.2318724602179941, 0, 0, 0, 250, 0, 0, 0, -160, 243, 88, 10, 2, 93
52.484, 4.352781341303778, 0.08293539633609821, 0.08005089058524174, 0.7836940298507463, 0.431872460217994, 0.2, -0.2318724602179941, 0, 0, 0, 250, 0, 0, 0, -160, 244, 95, 1, 7, 93
52.531, 4.356690878828245, 0.08293561666117617, 0.08005089058524174, 0.7836940298507463, 0.431872460217994, 0.19, -0.241872460217994, 0, 0, 0, 250, 0, 0, 0, -160, 254, 92, 10, 3, 93
52.578, 4.360600416352712, 0.08293583659235255, 0.08005089058524174, 0.7836940298507463, 0.431872460217994, 0.26, -0.171872460217994, 0, 0, 0, 250, 0, 0, 0, -160, 253, 88, 1, 4, 93
52.628, 4.36450995387718, 0.0829313284540013, 0.08005089058524174, 0.7836940298507463, 0.431872460217994, 0.25, -0.181872460217994, 0, 0, 0, 250, 0, 0, 0, -160, 255, 89, 2, 1, 93
52.674, 4.368419491401647, 0.08293312623688436, 0.08005089058524174, 0.7836940298507463, 0.431872460217994, 0.24, -0.191872460217994, 0, 0, 0, 250, 0, 0, 0, -160, 240, 85, 15, 4, 93
52.717, 4.371840336735556, 0.08293037040680533, 0.08005089058524174, 0.7836940298507463, 0.431872460217994, 0.22, -0.211872460217994, 0, 0, 0, 250, 0, 0, 0, -160, 255, 84, 15, 1, 93
52.761, 4.375749874260023, 0.08293530968442644, 0.08005089058524174, 0.7836940298507463, 0.431872460217994, 0.2, -0.2318724602179941, 0, 0, 0, 250, 0, 0, 0, -160, 245, 102, 10, 18, 93
52.808, 4.37990375787977, 0.0829401559968143, 0.08005089058524174, 0.7836940298507463, 0.431872460217994, 0.21, -0.221872460217994, 0, 0, 0, 250, 0, 0, 0, -160, 252, 77, 7, 25, 93
52.861, 4.383813295404237, 0.08293095657297888, 0.08005089058524174, 0.7836940298507463, 0.431872460217994, 0.2, -0.2318724602179941, 0, 0, 0, 250, 0, 0, 0, -160, 257, 92, 5, 15, 93
52.90500000000001, 4.387722832928705, 0.08293588191907579, 0.08005089058524174, 0.7836940298507463, 0.431872460217994, 0.23, -0.201872460217994, 0, 0, 0, 250, 0, 0, 0, -160, 241, 99, 16, 7, 93
52.95100000000001, 4.391632370453172, 0.08293766634158318, 0.08005089058524174, 0.7836940298507463, 0.431872460217994, 0.23, -0.201872460217994, 0, 0, 0, 250, 0, 0, 0, -160, 258, 80, 17, 19, 93
52.998, 4.395541907977639, 0.08293788271213327, 0.08005089058524174, 0.7836940298507463, 0.431872460217994, 0.21, -0.221872460217994, 0, 0, 0, 250, 0, 0, 0, -160, 237, 93, 21, 13, 93
53.051, 4.399695791597385, 0.08293332437837902, 0.08005089058524174, 0.7836940298507463, 0.431872460217994, 0.2, -0.2318724602179941, 0, 0, 0, 250, 0, 0, 0, -160, 257, 93, 20, 0, 93
53.098, 4.403849675217132, 0.08293814597945557, 0.08005089058524174, 0.7836940298507463, 0.431872460217994, 0.21, -0.221872460217994, 0, 0, 0, 250, 0, 0, 0, -160, 248, 92, 9, 1, 93
53.147, 4.408247904932157, 0.08294443533844163, 0.08005089058524174, 0.7836940298507463, 0.431872460217994, 0.22, -0.211872460217994, 0, 0, 0, 250, 0, 0, 0, -160, 250, 86, 2, 6, 93
53.196, 4.411913096361346, 0.08293693315966138, 0.08005089058524174, 0.7836940298507463, 0.431872460217994, 0.2, -0.2318724602179941, 0, 0, 0, 250, 0, 0, 0, -160, 243, 90, 7, 4, 93
53.24300000000001, 4.415822633885813, 0.08293714918178564, 0.08005089058524174, 0.7836940298507463, 0.431872460217994, 0.21, -0.221872460217994, 0, 0, 0, 250, 0, 0, 0, -160, 257, 94, 14, 4, 93
53.292, 4.419732171410281, 0.08293425225944384, 0.08005089058524174, 0.7836940298507463, 0.431872460217994, 0.21, -0.221872460217994, 0, 0, 0, 250, 0, 0, 0, -160, 243, 87, 14, 7, 93
53.338, 4.423641708934748, 0.08293602514032674, 0.08005089058524174, 0.7836940298507463, 0.431872460217994, 0.22, -0.211872460217994, 0, 0, 0, 250, 0, 0, 0, -160, 259, 96, 16, 9, 93
53.386, 4.427551246459216, 0.08293468786684178, 0.08005089058524174, 0.7836940298507463, 0.431872460217994, 0.2, -0.2318724602179941, 0, 0, 0, 250, 0, 0, 0, -160, 251, 83, 8, 13, 93
53.437, 4.43219382226952, 0.08294241484869136, 0.08005089058524174, 0.7836940298507463, 0.431872460217994, 0.21, -0.221872460217994, 0, 0, 0, 250, 0, 0, 0, -160, 246, 88, 5, 5, 93
53.48700000000001, 4.436347705889266, 0.08294254128833671, 0.08005089058524174, 0.7836940298507463, 0.431872460217994, 0.18, -0.251872460217994, 0, 0, 0, 250, 0, 0, 0, -160, 255, 92, 9, 4, 93
53.53300000000001, 4.440012897318454, 0.08293973618736956, 0.08005089058524174, 0.7836940298507463, 0.431872460217994, 0.18, -0.251872460217994, 0, 0, 0, 250, 0, 0, 0, -160, 246, 89, 9, 3, 93
53.57800000000001, 4.443678088747642, 0.08293848386926804, 0.08005089058524174, 0.7836940298507463, 0.431872460217994, 0.2, -0.2318724602179941, 0, 0, 0, 250, 0, 0, 0, -160, 252, 94, 6, 5, 93
53.623, 4.44734328017683, 0.08293723365303752, 0.08005089058524174, 0.7836940298507463, 0.431872460217994, 0.2, -0.2318724602179941, 0, 0, 0, 250, 0, 0, 0, -160, 241, 87, 11, 7, 93
53.668, 4.451252817701298, 0.08294053845310611, 0.08005089058524174, 0.7836940298507463, 0.431872460217994, 0.21, -0.221872460217994, 0, 0, 0, 250, 0, 0, 0, -160, 261, 87, 20, 0, 93
53.71700000000001, 4.455162355225766, 0.08293766135908122, 0.08005089058524174, 0.7836940298507463, 0.431872460217994, 0.19, -0.241872460217994, 0, 0, 0, 250, 0, 0, 0, -160, 250, 93, 11, 6, 93
53.766, 4.459071892750233, 0.0829347895091737, 0.08005089058524174, 0.7836940298507463, 0.431872460217994, 0.21, -0.221872460217994, 0, 0, 0, 250, 0, 0, 0, -160, 240, 87, 10, 6, 93
53.81600000000001, 4.463714468560538, 0.08294400305783666, 0.08005089058524174, 0.7836940298507463, 0.431872460217994, 0.17, -0.261872460217994, 0, 0, 0, 250, 0, 0, 0, -160, 250, 92, 10, 5, 93
53.866, 4.467624006085005, 0.08293959094948587, 0.08005089058524174, 0.7836940298507463, 0.431872460217994, 0.13, -0.301872460217994, 0, 0, 0, 250, 0, 0, 0, -160, 256, 87, 6, 5, 93
53.908, 4.471044851418914, 0.08293842938745481, 0.08005089058524174, 0.7836940298507463, 0.431872460217994, 0.12, -0.311872460217994, 0, 0, 0, 250, 0, 0, 0, -160, 253, 97, 3, 10, 93
53.958, 4.475198735038661, 0.08293855841652139, 0.08005089058524174, 0.7836940298507463, 0.431872460217994, 0.18, -0.251872460217994, 0, 0, 0, 250, 0, 0, 0, -160, 240, 82, 13, 15, 93
54.00500000000001, 4.478863926467849, 0.08293424546741688, 0.08005089058524174, 0.7836940298507463, 0.431872460217994, 0.16, -0.271872460217994, 0, 0, 0, 250, 0, 0, 0, -160, 248, 92, 8, 10, 93
54.053, 4.483017810087595, 0.08293744676683247, 0.08005089058524174, 0.7836940298507463, 0.431872460217994, 0.18, -0.251872460217994, 0, 0, 0, 250, 0, 0, 0, -160, 253, 92, 5, 0, 93
54.09800000000001, 4.486927347612062, 0.08294072512129953, 0.08005089058524174, 0.7836940298507463, 0.431872460217994, 0.21, -0.221872460217994, 0, 0, 0, 250, 0, 0, 0, -160, 248, 89, 5, 3, 93
54.146, 4.491325577327087, 0.08294842790468525, 0.08005089058524174, 0.7836940298507463, 0.431872460217994, 0.24, -0.191872460217994, 0, 0, 0, 250, 0, 0, 0, -160, 258, 91, 10, 2, 93
54.19700000000001, 4.494990768756276, 0.08293799968183251, 0.08005089058524174, 0.7836940298507463, 0.431872460217994, 0.25, -0.181872460217994, 0, 0, 0, 250, 0, 0, 0, -160, 245, 89, 13, 2, 93
54.252, 4.499388998471302, 0.08293498854367215, 0.08005089058524174, 0.7836940298507463, 0.431872460217994, 0.22, -0.211872460217994, 0, 0, 0, 250, 0, 0, 0, -160, 248, 87, 3, 2, 93
54.298, 4.503542882091049, 0.08294122954972648, 0.08005089058524174, 0.7836940298507463, 0.431872460217994, 0.22, -0.211872460217994, 0, 0, 0, 250, 0, 0, 0, -160, 261, 94, 13, 7, 93
54.346, 4.507452419615515, 0.08293991130194522, 0.08005089058524174, 0.7836940298507463, 0.431872460217994, 0.18, -0.251872460217994, 0, 0, 0, 250, 0, 0, 0, -160, 245, 92, 16, 2, 93
54.39800000000001, 4.511850649330541, 0.08294148037300159, 0.08005089058524174, 0.7836940298507463, 0.431872460217994, 0.2, -0.2318724602179941, 0, 0, 0, 250, 0, 0, 0, -160, 259, 91, 14, 1, 93
54.44700000000001, 4.515760186855008, 0.08293864100602434, 0.08005089058524174, 0.7836940298507463, 0.431872460217994, 0.21, -0.221872460217994, 0, 0, 0, 250, 0, 0, 0, -160, 240, 92, 19, 1, 93
54.49400000000001, 4.519669724379475, 0.08293885059601928, 0.08005089058524174, 0.7836940298507463, 0.431872460217994, 0.21, -0.221872460217994, 0, 0, 0, 250, 0, 0, 0, -160, 252, 81, 12, 11, 93
54.542, 4.523823607999222, 0.08294201914119801, 0.08005089058524174, 0.7836940298507463, 0.431872460217994, 0.2, -0.2318724602179941, 0, 0, 0, 250, 0, 0, 0, -160, 246, 99, 6, 18, 93
54.587, 4.52773314552369, 0.08294526435824812, 0.08005089058524174, 0.7836940298507463, 0.431872460217994, 0.2, -0.2318724602179941, 0, 0, 0, 250, 0, 0, 0, -160, 255, 86, 9, 13, 93
54.636, 4.531642683048156, 0.08294243141972613, 0.08005089058524174, 0.7836940298507463, 0.431872460217994, 0.21, -0.221872460217994, 0, 0, 0, 250, 0, 0, 0, -160, 238, 87, 17, 1, 93
54.682, 4.535552220572624, 0.08294415384537185, 0.08005089058524174, 0.7836940298507463, 0.431872460217994, 0.23, -0.201872460217994, 0, 0, 0, 250, 0, 0, 0, -160, 249, 93, 11, 6, 93
54.73400000000001, 4.539461758097092, 0.08293678075962092, 0.08005089058524174, 0.7836940298507463, 0.431872460217994, 0.23, -0.201872460217994, 0, 0, 0, 250, 0, 0, 0, -160, 259, 84, 10, 9, 93
54.778, 4.543371295621559, 0.08294153301729816, 0.08005089058524174, 0.7836940298507463, 0.431872460217994, 0.21, -0.221872460217994, 0, 0, 0, 250, 0, 0, 0, -160, 257, 99, 2, 15, 93
54.824, 4.547280833146026, 0.08294325173548128, 0.08005089058524174, 0.7836940298507463, 0.431872460217994, 0.21, -0.221872460217994, 0, 0, 0, 250, 0, 0, 0, -160, 255, 98, 2, 1, 93
54.87200000000001, 4.551190370670493, 0.08294194435541796, 0.08005089058524174, 0.7836940298507463, 0.431872460217994, 0.33, -0.101872460217994, 0, 0, 0, 250, 0, 0, 0, -160, 252, 81, 3, 17, 93
54.923, 4.55534425429024, 0.08294055776797043, 0.08005089058524174, 0.7836940298507463, 0.431872460217994, 0.5600000000000001, 0.128127539782006, 0, 0, 0, 250, 0, 0, 0, 160, 251, 95, 1, 14, 94
54.973, 4.559498137909986, 0.08294068247885299, 0.08005089058524174, 0.7836940298507463, 0.431872460217994, 0.75, 0.318127539782006, 0, 0, 0, 250, 0, 0, 0, 160, 240, 98, 11, 3, 94
55.02400000000001, 4.563896367625012, 0.08294374032467672, 0.08005089058524174, 0.7836940298507463, 0.431872460217994, 0.6800000000000001, 0.248127539782006, 0, 0, 0, 250, 0, 0, 0, 160, 138, 203, 102, 105, 94
55.07400000000001, 4.567805905149479, 0.08293942523058938, 0.08005089058524174, 0.7836940298507463, 0.431872460217994, 0.35, -0.08187246021799403, 0, 0, 0, 250, 0, 0, 0, -160, 74, 252, 64, 49, 95
55.11900000000001, 4.571959788769226, 0.08294707430775643, 0.08005089058524174, 0.7836940298507463, 0.431872460217994, 0.12, -0.311872460217994, 0, 0, 0, 250, 0, 0, 0, -160, 92, 251, 18, 1, 95
55.168, 4.575869326293693, 0.08294426708043963, 0.08005089058524174, 0.7836940298507463, 0.431872460217994, 0.18, -0.251872460217994, 0, 0, 0, 250, 0, 0, 0, -160, 200, 129, 108, 122, 95
55.22600000000001, 4.580267556008719, 0.08293679708848584, 0.08005089058524174, 0.7836940298507463, 0.431872460217994, 0.6, 0.168127539782006, 0, 0, 0, 250, 0, 0, 0, 160, 250, 53, 50, 76, 96
55.278, 4.585154477914303, 0.08294718473740554, 0.08005089058524174, 0.7836940298507463, 0.431872460217994, 0.86, 0.428127539782006, 0, 0, 0, 250, 0, 0, 0, 160, 268, 134, 18, 81, 96
55.327, 4.58930836153405, 0.08294880187854123, 0.08005089058524174, 0.7836940298507463, 0.431872460217994, 0.8199999999999999, 0.388127539782006, 0, 0, 0, 250, 0, 0, 0, 160, 145, 199, 123, 65, 96
55.37400000000001, 4.592973552963238, 0.08294458686320725, 0.08005089058524174, 0.7836940298507463, 0.431872460217994, 0.79, 0.3581275397820059, 0, 0, 0, 250, 0, 0, 0, 160, 65, 272, 80, 73, 96
55.421, 4.596638744392425, 0.08294037899699438, 0.08005089058524174, 0.7836940298507463, 0.431872460217994, 0.8, 0.368127539782006, 0, 0, 0, 250, 0, 0, 0, 160, 78, 263, 13, 9, 96
55.477, 4.601770012393289, 0.08294915032163399, 0.08005089058524174, 0.7836940298507463, 0.431872460217994, 0.8299999999999999, 0.398127539782006, 0, 0, 0, 250, 0, 0, 0, 160, 104, 236, 26, 27, 96
55.52600000000001, 4.605435203822477, 0.08294195879088132, 0.08005089058524174, 0.7836940298507463, 0.431872460217994, 0.8, 0.368127539782006, 0, 0, 0, 250, 0, 0, 0, 160, 80, 249, 24, 13, 96
55.57500000000001, 4.609344741346944, 0.08293917663242365, 0.08005089058524174, 0.7836940298507463, 0.431872460217994, 0.61, 0.178127539782006, 0, 0, 0, 250, 0, 0, 0, 160, 97, 259, 17, 10, 96
55.626, 4.613742971061971, 0.08294220276600818, 0.08005089058524174, 0.7836940298507463, 0.431872460217994, 0.23, -0.201872460217994, 0, 0, 0, 250, 0, 0, 0, -160, 88, 255, 9, 4, 97
55.67600000000001, 4.618141200776996, 0.08294671313989863, 0.08005089058524174, 0.7836940298507463, 0.431872460217994, 0.15, -0.2818724602179941, 0, 0, 0, 250, 0, 0, 0, -160, 93, 243, 5, 12, 97
55.727, 4.622050738301462, 0.082940957494598, 0.08005089058524174, 0.7836940298507463, 0.431872460217994, 0.19, -0.241872460217994, 0, 0, 0, 250, 0, 0, 0, -160, 199, 132, 106, 111, 97
55.777, 4.626448968016489, 0.08294546081747834, 0.08005089058524174, 0.7836940298507463, 0.431872460217994, 0.17, -0.261872460217994, 0, 0, 0, 250, 0, 0, 0, -160, 257, 79, 58, 53, 97
55.826, 4.630847197731515, 0.0829514419398043, 0.08005089058524174, 0.7836940298507463, 0.431872460217994, 0.17, -0.261872460217994, 0, 0, 0, 250, 0, 0, 0, -160, 262, 84, 5, 5, 97
55.87700000000001, 4.634512389160703, 0.08294132450132796, 0.08005089058524174, 0.7836940298507463, 0.431872460217994, 0.14, -0.291872460217994, 0, 0, 0, 250, 0, 0, 0, -160, 250, 97, 12, 13, 97
55.92600000000001, 4.638910618875729, 0.08294729855301163, 0.08005089058524174, 0.7836940298507463, 0.431872460217994, 0.13, -0.301872460217994, 0, 0, 0, 250, 0, 0, 0, -160, 235, 90, 15, 7, 97
55.97200000000001, 4.642331464209637, 0.08294024626973552, 0.08005089058524174, 0.7836940298507463, 0.431872460217994, 0.14, -0.291872460217994, 0, 0, 0, 250, 0, 0, 0, -160, 247, 86, 12, 4, 97
56.01900000000001, 4.646485347829383, 0.08294481065048258, 0.08005089058524174, 0.7836940298507463, 0.431872460217994, 0.17, -0.261872460217994, 0, 0, 0, 250, 0, 0, 0, -160, 256, 94, 9, 8, 97
56.067, 4.65063923144913, 0.08294788790998503, 0.08005089058524174, 0.7836940298507463, 0.431872460217994, 0.22, -0.211872460217994, 0, 0, 0, 250, 0, 0, 0, -160, 253, 87, 3, 7, 97
56.116, 4.654548768973597, 0.08294512739635039, 0.08005089058524174, 0.7836940298507463, 0.431872460217994, 0.24, -0.191872460217994, 0, 0, 0, 250, 0, 0, 0, -160, 258, 90, 5, 3, 97
56.162, 4.658213960402787, 0.08294245148682002, 0.08005089058524174, 0.7836940298507463, 0.431872460217994, 0.24, -0.191872460217994, 0, 0, 0, 250, 0, 0, 0, -160, 247, 91, 11, 1, 97
56.20900000000001, 4.662123497927253, 0.08294265149579699, 0.08005089058524174, 0.7836940298507463, 0.431872460217994, 0.25, -0.181872460217994, 0, 0, 0, 250, 0, 0, 0, -160, 234, 89, 13, 2, 97
56.26200000000001, 4.666766073737558, 0.08294703483234791, 0.08005089058524174, 0.7836940298507463, 0.431872460217994, 0.25, -0.181872460217994, 0, 0, 0, 250, 0, 0, 0, -160, 258, 95, 24, 6, 97
56.317, 4.671408649547862, 0.08294846404367886, 0.08005089058524174, 0.7836940298507463, 0.431872460217994, 0.29, -0.141872460217994, 0, 0, 0, 250, 0, 0, 0, -160, 258, 94, 0, 1, 97
56.36800000000001, 4.675562533167609, 0.08294710710274639, 0.08005089058524174, 0.7836940298507463, 0.431872460217994, 0.48, 0.04812753978200597, 0, 0, 0, 250, 0, 0, 0, 160, 244, 92, 14, 2, 98
56.417, 4.679716416787356, 0.08294869306746824, 0.08005089058524174, 0.7836940298507463, 0.431872460217994, 0.65, 0.218127539782006, 0, 0, 0, 250, 0, 0, 0, 160, 233, 94, 11, 2, 98
56.467, 4.683625954311823, 0.08294448003810761, 0.08005089058524174, 0.7836940298507463, 0.431872460217994, 0.7199999999999999, 0.288127539782006, 0, 0, 0, 250, 0, 0, 0, 160, 136, 207, 97, 113, 98
56.51700000000001, 4.687779837931569, 0.08294459787199548, 0.08005089058524174, 0.7836940298507463, 0.431872460217994, 0.76, 0.328127539782006, 0, 0, 0, 250, 0, 0, 0, 160, 77, 244, 59, 37, 98
56.56400000000001, 4.691445029360758, 0.08294047502582487, 0.08005089058524174, 0.7836940298507463, 0.431872460217994, 0.64, 0.208127539782006, 0, 0, 0, 250, 0, 0, 0, 160, 96, 257, 19, 13, 98
56.622, 4.69706498955218, 0.08295477004613366, 0.08005089058524174, 0.7836940298507463, 0.431872460217994, 0.3, -0.131872460217994, 0, 0, 0, 250, 0, 0, 0, -160, 98, 264, 2, 7, 99
56.678, 4.700974527076647, 0.08294178565010492, 0.08005089058524174, 0.7836940298507463, 0.431872460217994, 0.18, -0.251872460217994, 0, 0, 0, 250, 0, 0, 0, -160, 105, 205, 7, 59, 99
56.727, 4.705128410696393, 0.08294336754449192, 0.08005089058524174, 0.7836940298507463, 0.431872460217994, 0.22, -0.211872460217994, 0, 0, 0, 250, 0, 0, 0, -160, 198, 157, 93, 48, 99
56.77600000000001, 4.70928229431614, 0.08294494670840038, 0.08005089058524174, 0.7836940298507463, 0.431872460217994, 0.21, -0.221872460217994, 0, 0, 0, 250, 0, 0, 0, -160, 250, 66, 52, 91, 99
56.82500000000001, 4.713436177935887, 0.08294652314889374, 0.08005089058524174, 0.7836940298507463, 0.431872460217994, 0.22, -0.211872460217994, 0, 0, 0, 250, 0, 0, 0, -160, 251, 100, 1, 34, 99
56.87100000000001, 4.717101369365075, 0.08294387947046957, 0.08005089058524174, 0.7836940298507463, 0.431872460217994, 0.25, -0.181872460217994, 0, 0, 0, 250, 0, 0, 0, -160, 262, 93, 11, 7, 99
56.927, 4.721743945175379, 0.08294383939387952, 0.08005089058524174, 0.7836940298507463, 0.431872460217994, 0.31, -0.121872460217994, 0, 0, 0, 250, 0, 0, 0, -160, 239, 78, 23, 15, 99
56.97800000000001, 4.726386520985684, 0.08295107797721373, 0.08005089058524174, 0.7836940298507463, 0.431872460217994, 0.49, 0.05812753978200597, 0, 0, 0, 250, 0, 0, 0, 160, 248, 99, 9, 21, 100
57.027, 4.730296058510151, 0.08294835882143811, 0.08005089058524174, 0.7836940298507463, 0.431872460217994, 0.6800000000000001, 0.248127539782006, 0, 0, 0, 250, 0, 0, 0, 160, 236, 102, 12, 3, 100
57.077, 4.734694288225178, 0.082952753091879, 0.08005089058524174, 0.7836940298507463, 0.431872460217994, 0.7, 0.268127539782006, 0, 0, 0, 250, 0, 0, 0, 160, 156, 195, 80, 93, 100
57.12400000000001, 4.738359479654366, 0.0829486639530559, 0.08005089058524174, 0.7836940298507463, 0.431872460217994, 0.71, 0.278127539782006, 0, 0, 0, 250, 0, 0, 0, 160, 86, 273, 70, 78, 100
57.172, 4.742269017178833, 0.0829474046242712, 0.08005089058524174, 0.7836940298507463, 0.431872460217994, 0.71, 0.278127539782006, 0, 0, 0, 250, 0, 0, 0, 160, 77, 229, 9, 44, 100
57.22300000000001, 4.74642290079858, 0.08294606890233961, 0.08005089058524174, 0.7836940298507463, 0.431872460217994, 0.32, -0.111872460217994, 0, 0, 0, 250, 0, 0, 0, -160, 96, 266, 19, 37, 101
57.272, 4.750576784418326, 0.08294763207882255, 0.08005089058524174, 0.7836940298507463, 0.431872460217994, 0.18, -0.251872460217994, 0, 0, 0, 250, 0, 0, 0, -160, 101, 231, 5, 35, 101
57.319, 4.754486321942792, 0.08294782396662177, 0.08005089058524174, 0.7836940298507463, 0.431872460217994, 0.18, -0.251872460217994, 0, 0, 0, 250, 0, 0, 0, -160, 193, 145, 92, 86, 101
57.365, 4.757907167276701, 0.08294094251332174, 0.08005089058524174, 0.7836940298507463, 0.431872460217994, 0.21, -0.221872460217994, 0, 0, 0, 250, 0, 0, 0, -160, 247, 88, 54, 57, 101
57.416, 4.762305396991727, 0.08294387273567869, 0.08005089058524174, 0.7836940298507463, 0.431872460217994, 0.19, -0.241872460217994, 0, 0, 0, 250, 0, 0, 0, -160, 264, 91, 17, 3, 101
57.46600000000001, 4.766459280611474, 0.08294398915204598, 0.08005089058524174, 0.7836940298507463, 0.431872460217994, 0.26, -0.171872460217994, 0, 0, 0, 250, 0, 0, 0, -160, 250, 94, 14, 3, 101
57.522, 4.771101856421779, 0.08294394938322343, 0.08005089058524174, 0.7836940298507463, 0.431872460217994, 0.49, 0.05812753978200597, 0, 0, 0, 250, 0, 0, 0, 160, 244, 84, 6, 10, 102
57.568, 4.775255740041525, 0.0829498287250126, 0.08005089058524174, 0.7836940298507463, 0.431872460217994, 0.71, 0.278127539782006, 0, 0, 0, 250, 0, 0, 0, 160, 244, 103, 0, 19, 102
57.616, 4.779409623661272, 0.08295281907215482, 0.08005089058524174, 0.7836940298507463, 0.431872460217994, 0.75, 0.318127539782006, 0, 0, 0, 250, 0, 0, 0, 160, 152, 193, 92, 90, 102
57.668, 4.783319161185739, 0.08294581329655509, 0.08005089058524174, 0.7836940298507463, 0.431872460217994, 0.7800000000000001, 0.348127539782006, 0, 0, 0, 250, 0, 0, 0, 160, 85, 263, 67, 70, 102
57.717, 4.787228698710207, 0.08294313111752528, 0.08005089058524174, 0.7836940298507463, 0.431872460217994, 0.74, 0.308127539782006, 0, 0, 0, 250, 0, 0, 0, 160, 83, 233, 2, 30, 102
57.773, 4.79235996671107, 0.08295155118673204, 0.08005089058524174, 0.7836940298507463, 0.431872460217994, 0.32, -0.111872460217994, 0, 0, 0, 250, 0, 0, 0, -160, 92, 276, 9, 43, 103
57.81700000000001, 4.796025158140258, 0.08295181621565039, 0.08005089058524174, 0.7836940298507463, 0.431872460217994, 0.22, -0.211872460217994, 0, 0, 0, 250, 0, 0, 0, -160, 99, 235, 7, 41, 103
57.876, 4.800912080045842, 0.08295169120267197, 0.08005089058524174, 0.7836940298507463, 0.431872460217994, 0.23, -0.201872460217994, 0, 0, 0, 250, 0, 0, 0, -160, 202, 127, 103, 108, 103
57.92300000000001, 4.804332925379751, 0.08294344086769938, 0.08005089058524174, 0.7836940298507463, 0.431872460217994, 0.21, -0.221872460217994, 0, 0, 0, 250, 0, 0, 0, -160, 253, 75, 51, 52, 103
57.96800000000001, 4.808242462904218, 0.08294649570287431, 0.08005089058524174, 0.7836940298507463, 0.431872460217994, 0.27, -0.161872460217994, 0, 0, 0, 250, 0, 0, 0, -160, 263, 90, 10, 15, 103
58.017, 4.812640692619244, 0.08295225007530972, 0.08005089058524174, 0.7836940298507463, 0.431872460217994, 0.4699999999999999, 0.03812753978200597, 0, 0, 0, 250, 0, 0, 0, 160, 259, 96, 4, 6, 104
58.066, 4.816305884048432, 0.0829453705102544, 0.08005089058524174, 0.7836940298507463, 0.431872460217994, 0.58, 0.148127539782006, 0, 0, 0, 250, 0, 0, 0, 160, 216, 101, 43, 5, 104
58.117, 4.820948459858737, 0.08295246588534743, 0.08005089058524174, 0.7836940298507463, 0.431872460217994, 0.77, 0.338127539782006, 0, 0, 0, 250, 0, 0, 0, 160, 151, 204, 65, 103, 104
58.165, 4.824857997383205, 0.08295122491847684, 0.08005089058524174, 0.7836940298507463, 0.431872460217994, 0.8, 0.368127539782006, 0, 0, 0, 250, 0, 0, 0, 160, 79, 260, 72, 56, 104
58.217, 4.828767534907672, 0.08294428663290228, 0.08005089058524174, 0.7836940298507463, 0.431872460217994, 0.5600000000000001, 0.128127539782006, 0, 0, 0, 250, 0, 0, 0, 160, 78, 246, 1, 14, 104
58.272, 4.833654456813256, 0.08294986368776181, 0.08005089058524174, 0.7836940298507463, 0.431872460217994, 0.31, -0.121872460217994, 0, 0, 0, 250, 0, 0, 0, -160, 99, 258, 21, 12, 105
58.318, 4.837319648242444, 0.08294728296996542, 0.08005089058524174, 0.7836940298507463, 0.431872460217994, 0.23, -0.201872460217994, 0, 0, 0, 250, 0, 0, 0, -160, 92, 219, 7, 39, 105
58.36600000000001, 4.841229185766911, 0.08294605053913086, 0.08005089058524174, 0.7836940298507463, 0.431872460217994, 0.18, -0.251872460217994, 0, 0, 0, 250, 0, 0, 0, -160, 191, 158, 99, 61, 105
58.413, 4.845383069386657, 0.0829504231829671, 0.08005089058524174, 0.7836940298507463, 0.431872460217994, 0.24, -0.191872460217994, 0, 0, 0, 250, 0, 0, 0, -160, 247, 80, 56, 78, 105
58.45800000000001, 4.849048260815845, 0.08294926718012668, 0.08005089058524174, 0.7836940298507463, 0.431872460217994, 0.26, -0.171872460217994, 0, 0, 0, 250, 0, 0, 0, -160, 257, 88, 10, 8, 105
58.507, 4.853202144435592, 0.08295079468158669, 0.08005089058524174, 0.7836940298507463, 0.431872460217994, 0.28, -0.151872460217994, 0, 0, 0, 250, 0, 0, 0, -160, 262, 102, 5, 14, 105
58.55700000000001, 4.857356028055339, 0.08295090301851765, 0.08005089058524174, 0.7836940298507463, 0.431872460217994, 0.39, -0.04187246021799403, 0, 0, 0, 250, 0, 0, 0, -160, 242, 82, 20, 20, 105
58.607, 4.861509911675086, 0.08295101117059541, 0.08005089058524174, 0.7836940298507463, 0.431872460217994, 0.67, 0.238127539782006, 0, 0, 0, 250, 0, 0, 0, 160, 242, 93, 0, 11, 106
58.657, 4.865663795294832, 0.08295111913829267, 0.08005089058524174, 0.7836940298507463, 0.431872460217994, 0.74, 0.308127539782006, 0, 0, 0, 250, 0, 0, 0, 160, 237, 106, 5, 13, 106
58.708, 4.870306371105136, 0.08295813809200002, 0.08005089058524174, 0.7836940298507463, 0.431872460217994, 0.74, 0.308127539782006, 0, 0, 0, 250, 0, 0, 0, 160, 149, 210, 88, 104, 106
58.756, 4.874215908629604, 0.08295690497361297, 0.08005089058524174, 0.7836940298507463, 0.431872460217994, 0.76, 0.328127539782006, 0, 0, 0, 250, 0, 0, 0, 160, 70, 266, 79, 56, 106
58.803, 4.877392407868234, 0.08294461860565335, 0.08005089058524174, 0.7836940298507463, 0.431872460217994, 0.77, 0.338127539782006, 0, 0, 0, 250, 0, 0, 0, 160, 82, 218, 12, 48, 106
58.85300000000001, 4.881790637583259, 0.08294888344830779, 0.08005089058524174, 0.7836940298507463, 0.431872460217994, 0.73, 0.298127539782006, 0, 0, 0, 250, 0, 0, 0, 160, 106, 277, 24, 59, 106
58.897, 4.885700175107726, 0.08295329431223536, 0.08005089058524174, 0.7836940298507463, 0.431872460217994, 0.62, 0.188127539782006, 0, 0, 0, 250, 0, 0, 0, 160, 82, 249, 24, 28, 106
58.95300000000001, 4.890098404822753, 0.08294910190868578, 0.08005089058524174, 0.7836940298507463, 0.431872460217994, 0.4, -0.03187246021799403, 0, 0, 0, 250, 0, 0, 0, -160, 94, 246, 12, 3, 107
59.00200000000001, 4.894252288442499, 0.08295061673235651, 0.08005089058524174, 0.7836940298507463, 0.431872460217994, 0.23, -0.201872460217994, 0, 0, 0, 250, 0, 0, 0, -160, 104, 244, 10, 2, 107
59.04800000000001, 4.898161825966966, 0.08295220542553459, 0.08005089058524174, 0.7836940298507463, 0.431872460217994, 0.17, -0.261872460217994, 0, 0, 0, 250, 0, 0, 0, -160, 196, 149, 92, 95, 107
59.096, 4.902071363491433, 0.08295098422044525, 0.08005089058524174, 0.7836940298507463, 0.431872460217994, 0.17, -0.261872460217994, 0, 0, 0, 250, 0, 0, 0, -160, 258, 71, 62, 78, 107
59.146, 4.90622524711118, 0.08295109131828323, 0.08005089058524174, 0.7836940298507463, 0.431872460217994, 0.19, -0.241872460217994, 0, 0, 0, 250, 0, 0, 0, -160, 252, 86, 6, 15, 107
59.19700000000001, 4.910867822921484, 0.08295805231551403, 0.08005089058524174, 0.7836940298507463, 0.431872460217994, 0.38, -0.05187246021799403, 0, 0, 0, 250, 0, 0, 0, -160, 250, 100, 2, 14, 107
59.248, 4.914777360445951, 0.08295262895702727, 0.08005089058524174, 0.7836940298507463, 0.431872460217994, 0.64, 0.208127539782006, 0, 0, 0, 250, 0, 0, 0, 160, 246, 90, 4, 10, 108
59.298, 4.918931244065699, 0.08295273439349891, 0.08005089058524174, 0.7836940298507463, 0.431872460217994, 0.77, 0.338127539782006, 0, 0, 0, 250, 0, 0, 0, 160, 254, 104, 8, 14, 108
59.344, 4.922840781590166, 0.08295431352099902, 0.08005089058524174, 0.7836940298507463, 0.431872460217994, 0.76, 0.328127539782006, 0, 0, 0, 250, 0, 0, 0, 160, 156, 187, 98, 83, 108
59.391, 4.926750319114634, 0.08295449342685986, 0.08005089058524174, 0.7836940298507463, 0.431872460217994, 0.77, 0.338127539782006, 0, 0, 0, 250, 0, 0, 0, 160, 67, 267, 89, 80, 108
59.438, 4.930171164448542, 0.08294645116673747, 0.08005089058524174, 0.7836940298507463, 0.431872460217994, 0.77, 0.338127539782006, 0, 0, 0, 250, 0, 0, 0, 160, 90, 233, 23, 34, 108
59.492, 4.934813740258847, 0.08294919888823451, 0.08005089058524174, 0.7836940298507463, 0.431872460217994, 0.6, 0.168127539782006, 0, 0, 0, 250, 0, 0, 0, 160, 90, 262, 0, 29, 108
59.543, 4.939456316069152, 0.08295612105653314, 0.08005089058524174, 0.7836940298507463, 0.431872460217994, 0.36, -0.07187246021799404, 0, 0, 0, 250, 0, 0, 0, -160, 95, 263, 5, 1, 109
59.592, 4.943365853593619, 0.082953514793825, 0.08005089058524174, 0.7836940298507463, 0.431872460217994, 0.2, -0.2318724602179941, 0, 0, 0, 250, 0, 0, 0, -160, 99, 222, 4, 41, 109
59.64, 4.947031045022807, 0.08294820665698872, 0.08005089058524174, 0.7836940298507463, 0.431872460217994, 0.17, -0.261872460217994, 0, 0, 0, 250, 0, 0, 0, -160, 199, 141, 100, 81, 109
59.68800000000001, 4.950940582547274, 0.08294700077984308, 0.08005089058524174, 0.7836940298507463, 0.431872460217994, 0.15, -0.2818724602179941, 0, 0, 0, 250, 0, 0, 0, -160, 257, 77, 58, 64, 109
59.73700000000001, 4.955583158357579, 0.08295667941740595, 0.08005089058524174, 0.7836940298507463, 0.431872460217994, 0.2, -0.2318724602179941, 0, 0, 0, 250, 0, 0, 0, -160, 272, 95, 15, 18, 109
59.787, 4.959737041977326, 0.08295678060409999, 0.08005089058524174, 0.7836940298507463, 0.431872460217994, 0.31, -0.121872460217994, 0, 0, 0, 250, 0, 0, 0, -160, 238, 88, 34, 7, 109
59.838, 4.963890925597073, 0.08295549526383022, 0.08005089058524174, 0.7836940298507463, 0.431872460217994, 0.51, 0.07812753978200597, 0, 0, 0, 250, 0, 0, 0, 160, 247, 82, 9, 6, 110
59.89800000000001, 4.968777847502657, 0.08295398590107611, 0.08005089058524174, 0.7836940298507463, 0.431872460217994, 0.79, 0.3581275397820059, 0, 0, 0, 250, 0, 0, 0, 160, 213, 117, 34, 35, 110
59.946, 4.972931731122403, 0.08295685668972748, 0.08005089058524174, 0.7836940298507463, 0.431872460217994, 0.8199999999999999, 0.388127539782006, 0, 0, 0, 250, 0, 0, 0, 160, 151, 208, 62, 91, 110
59.99600000000001, 4.97684126864687, 0.08295288466975915, 0.08005089058524174, 0.7836940298507463, 0.431872460217994, 0.8100000000000001, 0.378127539782006, 0, 0, 0, 250, 0, 0, 0, 160, 83, 262, 68, 54, 110
60.04300000000001, 4.980750806171338, 0.08295306374050828, 0.08005089058524174, 0.7836940298507463, 0.431872460217994, 0.75, 0.318127539782006, 0, 0, 0, 250, 0, 0, 0, 160, 81, 240, 2, 22, 110
60.094, 4.984660343695805, 0.0829477209654176, 0.08005089058524174, 0.7836940298507463, 0.431872460217994, 0.5300000000000001, 0.09812753978200597, 0, 0, 0, 250, 0, 0, 0, 160, 97, 263, 16, 23, 110
60.14600000000001, 4.989547265601389, 0.08295725843117395, 0.08005089058524174, 0.7836940298507463, 0.431872460217994, 0.3, -0.131872460217994, 0, 0, 0, 250, 0, 0, 0, -160, 91, 245, 6, 18, 111
60.19500000000001, 4.993456803125857, 0.08295467735070782, 0.08005089058524174, 0.7836940298507463, 0.431872460217994, 0.18, -0.251872460217994, 0, 0, 0, 250, 0, 0, 0, -160, 95, 238, 4, 7, 111
60.238, 4.996633302364486, 0.0829481938703889, 0.08005089058524174, 0.7836940298507463, 0.431872460217994, 0.16, -0.271872460217994, 0, 0, 0, 250, 0, 0, 0, -160, 181, 144, 86, 94, 111
60.289, 5.000787185984232, 0.0829469254090171, 0.08005089058524174, 0.7836940298507463, 0.431872460217994, 0.17, -0.261872460217994, 0, 0, 0, 250, 0, 0, 0, -160, 253, 73, 72, 71, 111
60.34300000000001, 5.005674107889817, 0.08295368324229514, 0.08005089058524174, 0.7836940298507463, 0.431872460217994, 0.23, -0.201872460217994, 0, 0, 0, 250, 0, 0, 0, -160, 281, 106, 28, 33, 111
60.4, 5.01080537589068, 0.08296035390547484, 0.08005089058524174, 0.7836940298507463, 0.431872460217994, 0.38, -0.05187246021799403, 0, 0, 0, 250, 0, 0, 0, -160, 250, 88, 31, 18, 111
60.456, 5.014959259510427, 0.08295221747238367, 0.08005089058524174, 0.7836940298507463, 0.431872460217994, 0.5600000000000001, 0.128127539782006, 0, 0, 0, 250, 0, 0, 0, 160, 234, 87, 16, 1, 112
60.521, 5.02009052751129, 0.08294791109716115, 0.08005089058524174, 0.7836940298507463, 0.431872460217994, 0.76, 0.328127539782006, 0, 0, 0, 250, 0, 0, 0, 160, 226, 118, 8, 31, 112
60.571, 5.024733103321595, 0.08295608630073128, 0.08005089058524174, 0.7836940298507463, 0.431872460217994, 0.8100000000000001, 0.378127539782006, 0, 0, 0, 250, 0, 0, 0, 160, 137, 239, 89, 121, 112
60.617, 5.028642640846062, 0.08295762972179524, 0.08005089058524174, 0.7836940298507463, 0.431872460217994, 0.8100000000000001, 0.378127539782006, 0, 0, 0, 250, 0, 0, 0, 160, 71, 243, 66, 4, 112
60.672, 5.032796524465809, 0.08295089208309944, 0.08005089058524174, 0.7836940298507463, 0.431872460217994, 0.7199999999999999, 0.288127539782006, 0, 0, 0, 250, 0, 0, 0, 160, 98, 269, 27, 26, 112
60.735, 5.03866083075251, 0.08296140332184919, 0.08005089058524174, 0.7836940298507463, 0.431872460217994, 0.45, 0.01812753978200597, 0, 0, 0, 250, 0, 0, 0, 160, 96, 246, 2, 23, 112
60.787, 5.042570368276977, 0.08295474967142608, 0.08005089058524174, 0.7836940298507463, 0.431872460217994, 0.25, -0.181872460217994, 0, 0, 0, 250, 0, 0, 0, -160, 79, 249, 17, 3, 113
60.844, 5.047212944087282, 0.08295333876943136, 0.08005089058524174, 0.7836940298507463, 0.431872460217994, 0.18, -0.251872460217994, 0, 0, 0, 250, 0, 0, 0, -160, 115, 220, 36, 29, 113
60.898, 5.051855519897587, 0.08295601694468763, 0.08005089058524174, 0.7836940298507463, 0.431872460217994, 0.17, -0.261872460217994, 0, 0, 0, 250, 0, 0, 0, -160, 227, 127, 112, 93, 113
60.951, 5.056009403517334, 0.08295203365846882, 0.08005089058524174, 0.7836940298507463, 0.431872460217994, 0.18, -0.251872460217994, 0, 0, 0, 250, 0, 0, 0, -160, 247, 76, 20, 51, 113
60.99600000000001, 5.059674594946522, 0.08295092456794741, 0.08005089058524174, 0.7836940298507463, 0.431872460217994, 0.21, -0.221872460217994, 0, 0, 0, 250, 0, 0, 0, -160, 255, 99, 8, 23, 113
61.044, 5.064072824661547, 0.08295774891326825, 0.08005089058524174, 0.7836940298507463, 0.431872460217994, 0.29, -0.141872460217994, 0, 0, 0, 250, 0, 0, 0, -160, 257, 88, 2, 11, 113
61.10300000000001, 5.068715400471851, 0.0829536258526071, 0.08005089058524174, 0.7836940298507463, 0.431872460217994, 0.45, 0.01812753978200597, 0, 0, 0, 250, 0, 0, 0, 160, 246, 91, 11, 3, 114
61.15500000000001, 5.072869284091598, 0.08295101437481151, 0.08005089058524174, 0.7836940298507463, 0.431872460217994, 0.71, 0.278127539782006, 0, 0, 0, 250, 0, 0, 0, 160, 220, 110, 26, 19, 114
61.205, 5.077267513806624, 0.08295511010222407, 0.08005089058524174, 0.7836940298507463, 0.431872460217994, 0.77, 0.338127539782006, 0, 0, 0, 250, 0, 0, 0, 160, 150, 199, 70, 89, 114
61.248, 5.080688359140533, 0.08295272268711685, 0.08005089058524174, 0.7836940298507463, 0.431872460217994, 0.7800000000000001, 0.348127539782006, 0, 0, 0, 250, 0, 0, 0, 160, 77, 262, 73, 63, 114
61.299, 5.085330934950838, 0.08295944362796845, 0.08005089058524174, 0.7836940298507463, 0.431872460217994, 0.67, 0.238127539782006, 0, 0, 0, 250, 0, 0, 0, 160, 89, 247, 12, 15, 114
61.346, 5.089240472475305, 0.08295961387010244, 0.08005089058524174, 0.7836940298507463, 0.431872460217994, 0.35, -0.08187246021799403, 0, 0, 0, 250, 0, 0, 0, -160, 105, 265, 16, 18, 115
61.397, 5.093638702190331, 0.08296233858641841, 0.08005089058524174, 0.7836940298507463, 0.431872460217994, 0.19, -0.241872460217994, 0, 0, 0, 250, 0, 0, 0, -160, 92, 218, 13, 47, 115
61.451, 5.097792585810077, 0.08295703220143004, 0.08005089058524174, 0.7836940298507463, 0.431872460217994, 0.17, -0.261872460217994, 0, 0, 0, 250, 0, 0, 0, -160, 205, 134, 113, 84, 115
61.501, 5.101702123334545, 0.08295315723865539, 0.08005089058524174, 0.7836940298507463, 0.431872460217994, 0.22, -0.211872460217994, 0, 0, 0, 250, 0, 0, 0, -160, 250, 72, 45, 62, 115
61.54800000000001, 5.105611660859012, 0.08295333172254194, 0.08005089058524174, 0.7836940298507463, 0.431872460217994, 0.33, -0.101872460217994, 0, 0, 0, 250, 0, 0, 0, -160, 259, 91, 9, 19, 115
61.596, 5.109765544478758, 0.08295612611985776, 0.08005089058524174, 0.7836940298507463, 0.431872460217994, 0.5300000000000001, 0.09812753978200597, 0, 0, 0, 250, 0, 0, 0, 160, 259, 93, 0, 2, 116
61.646, 5.114163774193784, 0.08296018840141752, 0.08005089058524174, 0.7836940298507463, 0.431872460217994, 0.74, 0.308127539782006, 0, 0, 0, 250, 0, 0, 0, 160, 233, 103, 26, 10, 116
61.696, 5.118317657813531, 0.08296028361341952, 0.08005089058524174, 0.7836940298507463, 0.431872460217994, 0.8100000000000001, 0.378127539782006, 0, 0, 0, 250, 0, 0, 0, 160, 141, 207, 92, 104, 116
61.74600000000001, 5.122471541433278, 0.08296037867122207, 0.08005089058524174, 0.7836940298507463, 0.431872460217994, 0.8100000000000001, 0.378127539782006, 0, 0, 0, 250, 0, 0, 0, 160, 72, 272, 69, 65, 116
61.79500000000001, 5.126136732862466, 0.08295390780584944, 0.08005089058524174, 0.7836940298507463, 0.431872460217994, 0.7199999999999999, 0.288127539782006, 0, 0, 0, 250, 0, 0, 0, 160, 85, 227, 13, 45, 116
61.847, 5.13077930867277, 0.08295922694185279, 0.08005089058524174, 0.7836940298507463, 0.431872460217994, 0.42, -0.01187246021799403, 0, 0, 0, 250, 0, 0, 0, -160, 101, 254, 16, 27, 117
61.916, 5.136399268864192, 0.08295754358912383, 0.08005089058524174, 0.7836940298507463, 0.431872460217994, 0.12, -0.311872460217994, 0, 0, 0, 250, 0, 0, 0, -160, 130, 212, 29, 42, 117
61.967, 5.140797498579218, 0.08296024494616841, 0.08005089058524174, 0.7836940298507463, 0.431872460217994, 0.07000000000000001, -0.361872460217994, 0, 0, 0, 250, 0, 0, 0, -160, 233, 87, 103, 125, 117
62.015, 5.144218343913127, 0.08295119477405672, 0.08005089058524174, 0.7836940298507463, 0.431872460217994, 0.15, -0.2818724602179941, 0, 0, 0, 250, 0, 0, 0, -160, 253, 75, 20, 12, 117
62.06700000000001, 5.148616573628153, 0.08295256051731439, 0.08005089058524174, 0.7836940298507463, 0.431872460217994, 0.4699999999999999, 0.03812753978200597, 0, 0, 0, 250, 0, 0, 0, 160, 255, 92, 2, 17, 118
62.118, 5.153259149438457, 0.08295919297849991, 0.08005089058524174, 0.7836940298507463, 0.431872460217994, 0.73, 0.298127539782006, 0, 0, 0, 250, 0, 0, 0, 160, 237, 108, 18, 16, 118
62.166, 5.157168686962925, 0.08295802668601688, 0.08005089058524174, 0.7836940298507463, 0.431872460217994, 0.8, 0.368127539782006, 0, 0, 0, 250, 0, 0, 0, 160, 139, 200, 98, 92, 118
62.213, 5.160833878392113, 0.08295426805317398, 0.08005089058524174, 0.7836940298507463, 0.431872460217994, 0.79, 0.3581275397820059, 0, 0, 0, 250, 0, 0, 0, 160, 76, 259, 63, 59, 118
62.262, 5.16498776201186, 0.08295569949587001, 0.08005089058524174, 0.7836940298507463, 0.431872460217994, 0.54, 0.108127539782006, 0, 0, 0, 250, 0, 0, 0, 160, 92, 238, 16, 21, 118
62.306, 5.168652953441048, 0.08295594250057857, 0.08005089058524174, 0.7836940298507463, 0.431872460217994, 0.35, -0.08187246021799403, 0, 0, 0, 250, 0, 0, 0, -160, 98, 260, 6, 22, 119
62.35600000000001, 5.173295529251352, 0.08296387724118532, 0.08005089058524174, 0.7836940298507463, 0.431872460217994, 0.2, -0.2318724602179941, 0, 0, 0, 250, 0, 0, 0, -160, 103, 224, 5, 36, 119
62.407, 5.177205066775819, 0.08295872364920312, 0.08005089058524174, 0.7836940298507463, 0.431872460217994, 0.14, -0.291872460217994, 0, 0, 0, 250, 0, 0, 0, -160, 196, 128, 93, 96, 119
62.456, 5.180870258205008, 0.08295232256636686, 0.08005089058524174, 0.7836940298507463, 0.431872460217994, 0.17, -0.261872460217994, 0, 0, 0, 250, 0, 0, 0, -160, 257, 85, 61, 43, 119
62.51200000000001, 5.18600152620587, 0.08296009608084642, 0.08005089058524174, 0.7836940298507463, 0.431872460217994, 0.28, -0.151872460217994, 0, 0, 0, 250, 0, 0, 0, -160, 256, 90, 1, 5, 119
62.55800000000001, 5.189911063730339, 0.08296158866540392, 0.08005089058524174, 0.7836940298507463, 0.431872460217994, 0.48, 0.04812753978200597, 0, 0, 0, 250, 0, 0, 0, 160, 264, 85, 8, 5, 120
62.613, 5.194309293445364, 0.08295895889743925, 0.08005089058524174, 0.7836940298507463, 0.431872460217994, 0.71, 0.278127539782006, 0, 0, 0, 250, 0, 0, 0, 160, 221, 107, 43, 22, 120
62.66500000000001, 5.198951869255668, 0.08296420440845239, 0.08005089058524174, 0.7836940298507463, 0.431872460217994, 0.8, 0.368127539782006, 0, 0, 0, 250, 0, 0, 0, 160, 137, 224, 84, 117, 120
62.714, 5.202861406780136, 0.08296172157381344, 0.08005089058524174, 0.7836940298507463, 0.431872460217994, 0.79, 0.3581275397820059, 0, 0, 0, 250, 0, 0, 0, 160, 75, 251, 62, 27, 120
62.762, 5.206526598209324, 0.08295667120565508, 0.08005089058524174, 0.7836940298507463, 0.431872460217994, 0.62, 0.188127539782006, 0, 0, 0, 250, 0, 0, 0, 160, 82, 243, 7, 8, 120
62.81700000000001, 5.211169174019629, 0.08295794409188005, 0.08005089058524174, 0.7836940298507463, 0.431872460217994, 0.33, -0.101872460217994, 0, 0, 0, 250, 0, 0, 0, -160, 99, 254, 17, 11, 121
62.865, 5.215323057639377, 0.08296067855944289, 0.08005089058524174, 0.7836940298507463, 0.431872460217994, 0.28, -0.151872460217994, 0, 0, 0, 250, 0, 0, 0, -160, 102, 231, 3, 23, 121
62.911, 5.218988249068564, 0.0829582783466892, 0.08005089058524174, 0.7836940298507463, 0.431872460217994, 0.21, -0.221872460217994, 0, 0, 0, 250, 0, 0, 0, -160, 196, 163, 94, 68, 121
62.958, 5.222653440497752, 0.08295456400295041, 0.08005089058524174, 0.7836940298507463, 0.431872460217994, 0.19, -0.241872460217994, 0, 0, 0, 250, 0, 0, 0, -160, 251, 74, 55, 89, 121
63.00800000000001, 5.227051670212778, 0.08295853971262027, 0.08005089058524174, 0.7836940298507463, 0.431872460217994, 0.31, -0.121872460217994, 0, 0, 0, 250, 0, 0, 0, -160, 253, 102, 2, 28, 121
63.059, 5.231449899927803, 0.08296119348432109, 0.08005089058524174, 0.7836940298507463, 0.431872460217994, 0.36, -0.07187246021799404, 0, 0, 0, 250, 0, 0, 0, -160, 256, 81, 3, 21, 121
63.10700000000001, 5.235359437452271, 0.08296004306102764, 0.08005089058524174, 0.7836940298507463, 0.431872460217994, 0.26, -0.171872460217994, 0, 0, 0, 250, 0, 0, 0, -160, 244, 92, 12, 11, 121
63.156, 5.239268974976738, 0.0829575808312233, 0.08005089058524174, 0.7836940298507463, 0.431872460217994, 0.18, -0.251872460217994, 0, 0, 0, 250, 0, 0, 0, -160, 244, 92, 0, 0, 121
63.204, 5.243422858596484, 0.08296030090811474, 0.08005089058524174, 0.7836940298507463, 0.431872460217994, 0.2, -0.2318724602179941, 0, 0, 0, 250, 0, 0, 0, -160, 250, 89, 6, 3, 121
63.247, 5.246843703930393, 0.08295798542113292, 0.08005089058524174, 0.7836940298507463, 0.431872460217994, 0.2, -0.2318724602179941, 0, 0, 0, 250, 0, 0, 0, -160, 254, 96, 4, 7, 121
63.296, 5.251241933645419, 0.08296325097392282, 0.08005089058524174, 0.7836940298507463, 0.431872460217994, 0.21, -0.221872460217994, 0, 0, 0, 250, 0, 0, 0, -160, 249, 85, 5, 11, 121
63.34300000000001, 5.254662778979329, 0.08295569800892487, 0.08005089058524174, 0.7836940298507463, 0.431872460217994, 0.19, -0.241872460217994, 0, 0, 0, 250, 0, 0, 0, -160, 249, 92, 0, 7, 121
63.386, 5.258572316503796, 0.08296110050332558, 0.08005089058524174, 0.7836940298507463, 0.431872460217994, 0.18, -0.251872460217994, 0, 0, 0, 250, 0, 0, 0, -160, 251, 91, 2, 1, 121
63.42700000000001, 5.261993161837704, 0.08296140700076787, 0.08005089058524174, 0.7836940298507463, 0.431872460217994, 0.17, -0.261872460217994, 0, 0, 0, 250, 0, 0, 0, -160, 250, 89, 1, 2, 121
63.476, 5.265902699362171, 0.08295895613085531, 0.08005089058524174, 0.7836940298507463, 0.431872460217994, 0.18, -0.251872460217994, 0, 0, 0, 250, 0, 0, 0, -160, 245, 87, 5, 2, 121
63.52600000000001, 5.270300929077197, 0.08296289596507251, 0.08005089058524174, 0.7836940298507463, 0.431872460217994, 0.17, -0.261872460217994, 0, 0, 0, 250, 0, 0, 0, -160, 251, 92, 6, 5, 121
63.57200000000001, 5.273966120506385, 0.08296051910442308, 0.08005089058524174, 0.7836940298507463, 0.431872460217994, 0.18, -0.251872460217994, 0, 0, 0, 250, 0, 0, 0, -160, 252, 92, 1, 0, 121
63.62400000000001, 5.278120004126132, 0.0829580033340584, 0.08005089058524174, 0.7836940298507463, 0.431872460217994, 0.2, -0.2318724602179941, 0, 0, 0, 250, 0, 0, 0, -160, 245, 87, 7, 5, 121
63.673, 5.282273887745878, 0.08295940018133084, 0.08005089058524174, 0.7836940298507463, 0.431872460217994, 0.17, -0.261872460217994, 0, 0, 0, 250, 0, 0, 0, -160, 251, 92, 6, 5, 121
63.71700000000001, 5.286183425270345, 0.08296347011426063, 0.08005089058524174, 0.7836940298507463, 0.431872460217994, 0.19, -0.241872460217994, 0, 0, 0, 250, 0, 0, 0, -160, 262, 91, 11, 1, 121
63.767, 5.290581654985371, 0.08296739151889492, 0.08005089058524174, 0.7836940298507463, 0.431872460217994, 0.18, -0.251872460217994, 0, 0, 0, 250, 0, 0, 0, -160, 241, 90, 21, 1, 121
63.81600000000001, 5.294246846414559, 0.08296112019579038, 0.08005089058524174, 0.7836940298507463, 0.431872460217994, 0.17, -0.261872460217994, 0, 0, 0, 250, 0, 0, 0, -160, 248, 92, 7, 2, 121
63.86500000000001, 5.298156383939027, 0.08295868447410987, 0.08005089058524174, 0.7836940298507463, 0.431872460217994, 0.18, -0.251872460217994, 0, 0, 0, 250, 0, 0, 0, -160, 247, 94, 1, 2, 121
63.918, 5.302798959749332, 0.08296252948698852, 0.08005089058524174, 0.7836940298507463, 0.431872460217994, 0.19, -0.241872460217994, 0, 0, 0, 250, 0, 0, 0, -160, 255, 83, 8, 11, 121
63.96500000000001, 5.30646415117852, 0.08295887049446604, 0.08005089058524174, 0.7836940298507463, 0.431872460217994, 0.18, -0.251872460217994, 0, 0, 0, 250, 0, 0, 0, -160, 241, 89, 14, 6, 121
64.011, 5.310373688702987, 0.0829603300792518, 0.08005089058524174, 0.7836940298507463, 0.431872460217994, 0.21, -0.221872460217994, 0, 0, 0, 250, 0, 0, 0, -160, 260, 93, 19, 4, 121
64.05800000000001, 5.314527572322733, 0.08296430691440154, 0.08005089058524174, 0.7836940298507463, 0.431872460217994, 0.19, -0.241872460217994, 0, 0, 0, 250, 0, 0, 0, -160, 250, 90, 10, 3, 121
64.106, 5.3184371098472, 0.08296317208759241, 0.08005089058524174, 0.7836940298507463, 0.431872460217994, 0.2, -0.2318724602179941, 0, 0, 0, 250, 0, 0, 0, -160, 242, 83, 8, 7, 121
64.15600000000001, 5.322346647371668, 0.08295945269922795, 0.08005089058524174, 0.7836940298507463, 0.431872460217994, 0.19, -0.241872460217994, 0, 0, 0, 250, 0, 0, 0, -160, 258, 95, 16, 12, 121
64.206, 5.326256184896135, 0.08295573910376188, 0.08005089058524174, 0.7836940298507463, 0.431872460217994, 0.2, -0.2318724602179941, 0, 0, 0, 250, 0, 0, 0, -160, 242, 92, 16, 3, 121
64.252, 5.330410068515882, 0.08296099838940238, 0.08005089058524174, 0.7836940298507463, 0.431872460217994, 0.22, -0.211872460217994, 0, 0, 0, 250, 0, 0, 0, -160, 256, 86, 14, 6, 121
64.306, 5.335052644326187, 0.08296352819839809, 0.08005089058524174, 0.7836940298507463, 0.431872460217994, 0.21, -0.221872460217994, 0, 0, 0, 250, 0, 0, 0, -160, 249, 96, 7, 10, 121
64.356, 5.339206527945933, 0.08296361688025875, 0.08005089058524174, 0.7836940298507463, 0.431872460217994, 0.2, -0.2318724602179941, 0, 0, 0, 250, 0, 0, 0, -160, 249, 85, 0, 11, 121
64.40200000000001, 5.342871719375121, 0.08296127013718706, 0.08005089058524174, 0.7836940298507463, 0.431872460217994, 0.18, -0.251872460217994, 0, 0, 0, 250, 0, 0, 0, -160, 248, 95, 1, 10, 121
64.44700000000001, 5.346781256899589, 0.08296400541374444, 0.08005089058524174, 0.7836940298507463, 0.431872460217994, 0.18, -0.251872460217994, 0, 0, 0, 250, 0, 0, 0, -160, 259, 83, 11, 12, 121
64.497, 5.350935140519335, 0.08296409353178186, 0.08005089058524174, 0.7836940298507463, 0.431872460217994, 0.19, -0.241872460217994, 0, 0, 0, 250, 0, 0, 0, -160, 252, 93, 7, 10, 121
64.545, 5.354844678043802, 0.08296296658213343, 0.08005089058524174, 0.7836940298507463, 0.431872460217994, 0.18, -0.251872460217994, 0, 0, 0, 250, 0, 0, 0, -160, 254, 88, 2, 5, 121
64.59300000000001, 5.35850986947299, 0.08295805845018796, 0.08005089058524174, 0.7836940298507463, 0.431872460217994, 0.2, -0.2318724602179941, 0, 0, 0, 250, 0, 0, 0, -160, 243, 82, 11, 6, 121
64.637, 5.362419406997457, 0.08296207136775312, 0.08005089058524174, 0.7836940298507463, 0.431872460217994, 0.2, -0.2318724602179941, 0, 0, 0, 250, 0, 0, 0, -160, 252, 98, 9, 16, 121
64.68600000000001, 5.366573290617204, 0.08296344325846711, 0.08005089058524174, 0.7836940298507463, 0.431872460217994, 0.19, -0.241872460217994, 0, 0, 0, 250, 0, 0, 0, -160, 246, 86, 6, 12, 121
64.73300000000001, 5.370238482046392, 0.08295982701321416, 0.08005089058524174, 0.7836940298507463, 0.431872460217994, 0.22, -0.211872460217994, 0, 0, 0, 250, 0, 0, 0, -160, 255, 88, 9, 2, 121
64.77800000000001, 5.37414801957086, 0.08296254931567598, 0.08005089058524174, 0.7836940298507463, 0.431872460217994, 0.2, -0.2318724602179941, 0, 0, 0, 250, 0, 0, 0, -160, 245, 92, 10, 4, 121
64.827, 5.378057557095327, 0.08296014865866578, 0.08005089058524174, 0.7836940298507463, 0.431872460217994, 0.22, -0.211872460217994, 0, 0, 0, 250, 0, 0, 0, -160, 243, 88, 2, 4, 121
64.87500000000001, 5.382211440715073, 0.0829627967740281, 0.08005089058524174, 0.7836940298507463, 0.431872460217994, 0.22, -0.211872460217994, 0, 0, 0, 250, 0, 0, 0, -160, 272, 91, 29, 3, 121
64.926, 5.3866096704301, 0.08296537089039983, 0.08005089058524174, 0.7836940298507463, 0.431872460217994, 0.22, -0.211872460217994, 0, 0, 0, 250, 0, 0, 0, -160, 237, 96, 35, 5, 121
64.968, 5.38978616966873, 0.08296062938167605, 0.08005089058524174, 0.7836940298507463, 0.431872460217994, 0.23, -0.201872460217994, 0, 0, 0, 250, 0, 0, 0, -160, 246, 80, 9, 16, 121
65.01600000000001, 5.393940053288476, 0.08296327139917061, 0.08005089058524174, 0.7836940298507463, 0.431872460217994, 0.22, -0.211872460217994, 0, 0, 0, 250, 0, 0, 0, -160, 256, 94, 10, 14, 121
65.06600000000001, 5.398093936908221, 0.08296335931067256, 0.08005089058524174, 0.7836940298507463, 0.431872460217994, 0.21, -0.221872460217994, 0, 0, 0, 250, 0, 0, 0, -160, 253, 87, 3, 7, 121
65.11100000000001, 5.401759128337409, 0.08296231248694397, 0.08005089058524174, 0.7836940298507463, 0.431872460217994, 0.22, -0.211872460217994, 0, 0, 0, 250, 0, 0, 0, -160, 249, 88, 4, 1, 121
65.157, 5.405424319766598, 0.08295999385739979, 0.08005089058524174, 0.7836940298507463, 0.431872460217994, 0.2, -0.2318724602179941, 0, 0, 0, 250, 0, 0, 0, -160, 244, 94, 5, 6, 121
65.207, 5.409822549481623, 0.08296383132917667, 0.08005089058524174, 0.7836940298507463, 0.431872460217994, 0.2, -0.2318724602179941, 0, 0, 0, 250, 0, 0, 0, -160, 243, 87, 1, 7, 121
65.252, 5.413487740910811, 0.08296278644196057, 0.08005089058524174, 0.7836940298507463, 0.431872460217994, 0.21, -0.221872460217994, 0, 0, 0, 250, 0, 0, 0, -160, 254, 87, 11, 0, 121
65.303, 5.417885970625838, 0.0829653457057997, 0.08005089058524174, 0.7836940298507463, 0.431872460217994, 0.22, -0.211872460217994, 0, 0, 0, 250, 0, 0, 0, -160, 259, 94, 5, 7, 121
65.347, 5.421551162055026, 0.08296557090692803, 0.08005089058524174, 0.7836940298507463, 0.431872460217994, 0.33, -0.101872460217994, 0, 0, 0, 250, 0, 0, 0, -160, 249, 90, 10, 4, 121
65.398, 5.425705045674772, 0.08296438798854357, 0.08005089058524174, 0.7836940298507463, 0.431872460217994, 0.6, 0.168127539782006, 0, 0, 0, 250, 0, 0, 0, 160, 252, 96, 3, 6, 122
65.45300000000001, 5.430347621485077, 0.08296560312720695, 0.08005089058524174, 0.7836940298507463, 0.431872460217994, 0.67, 0.238127539782006, 0, 0, 0, 250, 0, 0, 0, 160, 228, 105, 24, 9, 122
65.50700000000001, 5.434745851200102, 0.08296435268292095, 0.08005089058524174, 0.7836940298507463, 0.431872460217994, 0.6899999999999999, 0.258127539782006, 0, 0, 0, 250, 0, 0, 0, 160, 143, 208, 85, 103, 122
65.55700000000001, 5.438899734819849, 0.08296443911130542, 0.08005089058524174, 0.7836940298507463, 0.431872460217994, 0.8100000000000001, 0.378127539782006, 0, 0, 0, 250, 0, 0, 0, 160, 66, 259, 77, 51, 122
65.60500000000001, 5.442564926249037, 0.08295960561312455, 0.08005089058524174, 0.7836940298507463, 0.431872460217994, 0.79, 0.3581275397820059, 0, 0, 0, 250, 0, 0, 0, 160, 92, 243, 26, 16, 122
65.657, 5.447451848154621, 0.08296833312753584, 0.08005089058524174, 0.7836940298507463, 0.431872460217994, 0.42, -0.01187246021799403, 0, 0, 0, 250, 0, 0, 0, -160, 95, 253, 3, 10, 123
65.707, 5.451361385679089, 0.08296469760724259, 0.08005089058524174, 0.7836940298507463, 0.431872460217994, 0.24, -0.191872460217994, 0, 0, 0, 250, 0, 0, 0, -160, 96, 237, 1, 16, 123
65.753, 5.455026577108277, 0.08296239832567755, 0.08005089058524174, 0.7836940298507463, 0.431872460217994, 0.2, -0.2318724602179941, 0, 0, 0, 250, 0, 0, 0, -160, 196, 149, 100, 88, 123
65.79900000000001, 5.459180460728024, 0.08296752930482263, 0.08005089058524174, 0.7836940298507463, 0.431872460217994, 0.2, -0.2318724602179941, 0, 0, 0, 250, 0, 0, 0, -160, 254, 86, 58, 63, 123
65.85100000000001, 5.463089998252491, 0.08296138248853458, 0.08005089058524174, 0.7836940298507463, 0.431872460217994, 0.26, -0.171872460217994, 0, 0, 0, 250, 0, 0, 0, -160, 250, 86, 4, 0, 123
65.905, 5.467976920158074, 0.08296755815428382, 0.08005089058524174, 0.7836940298507463, 0.431872460217994, 0.4600000000000001, 0.02812753978200597, 0, 0, 0, 250, 0, 0, 0, 160, 258, 94, 8, 8, 124
65.959, 5.4723751498731, 0.08296631467840781, 0.08005089058524174, 0.7836940298507463, 0.431872460217994, 0.7199999999999999, 0.288127539782006, 0, 0, 0, 250, 0, 0, 0, 160, 215, 110, 43, 16, 124
66.00700000000001, 5.476529033492847, 0.08296891289549361, 0.08005089058524174, 0.7836940298507463, 0.431872460217994, 0.76, 0.328127539782006, 0, 0, 0, 250, 0, 0, 0, 160, 161, 203, 54, 93, 124
66.056, 5.480438571017315, 0.08296655218325837, 0.08005089058524174, 0.7836940298507463, 0.431872460217994, 0.73, 0.298127539782006, 0, 0, 0, 250, 0, 0, 0, 160, 70, 253, 91, 50, 124
66.107, 5.48483680073234, 0.0829690774158915, 0.08005089058524174, 0.7836940298507463, 0.431872460217994, 0.54, 0.108127539782006, 0, 0, 0, 250, 0, 0, 0, 160, 94, 249, 24, 4, 124
66.158, 5.488990684352086, 0.08296790538335632, 0.08005089058524174, 0.7836940298507463, 0.431872460217994, 0.34, -0.09187246021799403, 0, 0, 0, 250, 0, 0, 0, -160, 89, 255, 5, 6, 125
66.20699999999999, 5.493144567971832, 0.08296924143930147, 0.08005089058524174, 0.7836940298507463, 0.431872460217994, 0.21, -0.221872460217994, 0, 0, 0, 250, 0, 0, 0, -160, 90, 236, 1, 19, 125
66.256, 5.497054105496301, 0.08296688761012286, 0.08005089058524174, 0.7836940298507463, 0.431872460217994, 0.18, -0.251872460217994, 0, 0, 0, 250, 0, 0, 0, -160, 192, 153, 102, 83, 125
66.313, 5.501696681306606, 0.08296558263548031, 0.08005089058524174, 0.7836940298507463, 0.431872460217994, 0.18, -0.251872460217994, 0, 0, 0, 250, 0, 0, 0, -160, 258, 71, 66, 82, 125
66.35800000000001, 5.505117526640515, 0.08296087173574421, 0.08005089058524174, 0.7836940298507463, 0.431872460217994, 0.19, -0.241872460217994, 0, 0, 0, 250, 0, 0, 0, -160, 236, 91, 22, 20, 125
66.407, 5.509515756355539, 0.08296588848096647, 0.08005089058524174, 0.7836940298507463, 0.431872460217994, 0.27, -0.161872460217994, 0, 0, 0, 250, 0, 0, 0, -160, 270, 100, 34, 9, 125
66.45600000000001, 5.513913986070565, 0.08297089782819558, 0.08005089058524174, 0.7836940298507463, 0.431872460217994, 0.36, -0.07187246021799404, 0, 0, 0, 250, 0, 0, 0, -160, 249, 84, 21, 16, 125
66.505, 5.517579177499754, 0.08296487749041058, 0.08005089058524174, 0.7836940298507463, 0.431872460217994, 0.61, 0.178127539782006, 0, 0, 0, 250, 0, 0, 0, 160, 246, 86, 3, 2, 126
66.55500000000001, 5.521977407214779, 0.08296863356945051, 0.08005089058524174, 0.7836940298507463, 0.431872460217994, 0.74, 0.308127539782006, 0, 0, 0, 250, 0, 0, 0, 160, 236, 102, 10, 16, 126
66.60800000000001, 5.526375636929806, 0.08296864696327477, 0.08005089058524174, 0.7836940298507463, 0.431872460217994, 0.73, 0.298127539782006, 0, 0, 0, 250, 0, 0, 0, 160, 142, 220, 94, 118, 126
66.651, 5.529796482263714, 0.08296644434837757, 0.08005089058524174, 0.7836940298507463, 0.431872460217994, 0.73, 0.298127539782006, 0, 0, 0, 250, 0, 0, 0, 160, 77, 249, 65, 29, 126
66.706, 5.53395036588346, 0.08296030890599736, 0.08005089058524174, 0.7836940298507463, 0.431872460217994, 0.71, 0.278127539782006, 0, 0, 0, 250, 0, 0, 0, 160, 85, 235, 8, 14, 126
66.755, 5.538348595598486, 0.08296529991159442, 0.08005089058524174, 0.7836940298507463, 0.431872460217994, 0.52, 0.08812753978200597, 0, 0, 0, 250, 0, 0, 0, 160, 99, 271, 14, 36, 126
66.80500000000001, 5.542991171408791, 0.08297269922024984, 0.08005089058524174, 0.7836940298507463, 0.431872460217994, 0.3, -0.131872460217994, 0, 0, 0, 250, 0, 0, 0, -160, 90, 253, 9, 18, 127
66.856, 5.546656362837979, 0.08296422703778239, 0.08005089058524174, 0.7836940298507463, 0.431872460217994, 0.2, -0.2318724602179941, 0, 0, 0, 250, 0, 0, 0, -160, 92, 229, 2, 24, 127
66.911, 5.551298938648284, 0.08296541583070473, 0.08005089058524174, 0.7836940298507463, 0.431872460217994, 0.18, -0.251872460217994, 0, 0, 0, 250, 0, 0, 0, -160, 197, 128, 105, 101, 127
66.958, 5.555208476172751, 0.08296556761212626, 0.08005089058524174, 0.7836940298507463, 0.431872460217994, 0.2, -0.2318724602179941, 0, 0, 0, 250, 0, 0, 0, -160, 258, 77, 61, 51, 127
67.00700000000001, 5.559362359792498, 0.08296688942636587, 0.08005089058524174, 0.7836940298507463, 0.431872460217994, 0.24, -0.191872460217994, 0, 0, 0, 250, 0, 0, 0, -160, 263, 88, 5, 11, 127
67.057, 5.563760589507524, 0.08297061588659684, 0.08005089058524174, 0.7836940298507463, 0.431872460217994, 0.39, -0.04187246021799403, 0, 0, 0, 250, 0, 0, 0, -160, 248, 96, 15, 8, 127
67.117, 5.568403165317828, 0.08296561475211687, 0.08005089058524174, 0.7836940298507463, 0.431872460217994, 0.6800000000000001, 0.248127539782006, 0, 0, 0, 250, 0, 0, 0, 160, 251, 84, 3, 12, 128
67.163, 5.572068356747016, 0.08296336311283021, 0.08005089058524174, 0.7836940298507463, 0.431872460217994, 0.74, 0.308127539782006, 0, 0, 0, 250, 0, 0, 0, 160, 232, 105, 19, 21, 128
67.207, 5.575977894271483, 0.08296721910324049, 0.08005089058524174, 0.7836940298507463, 0.431872460217994, 0.73, 0.298127539782006, 0, 0, 0, 250, 0, 0, 0, 160, 168, 185, 64, 80, 128
67.25700000000001, 5.58037612398651, 0.08297093423712788, 0.08005089058524174, 0.7836940298507463, 0.431872460217994, 0.76, 0.328127539782006, 0, 0, 0, 250, 0, 0, 0, 160, 69, 252, 99, 67, 128
67.30700000000001, 5.584285661510977, 0.08296738320696178, 0.08005089058524174, 0.7836940298507463, 0.431872460217994, 0.75, 0.318127539782006, 0, 0, 0, 250, 0, 0, 0, 160, 94, 246, 25, 6, 128
67.35500000000001, 5.588439545130724, 0.0829699286635101, 0.08005089058524174, 0.7836940298507463, 0.431872460217994, 0.61, 0.178127539782006, 0, 0, 0, 250, 0, 0, 0, 160, 92, 272, 2, 26, 128
67.40500000000001, 5.592349082655191, 0.08296638354209911, 0.08005089058524174, 0.7836940298507463, 0.431872460217994, 0.31, -0.121872460217994, 0, 0, 0, 250, 0, 0, 0, -160, 89, 250, 3, 22, 129
67.45200000000001, 5.596014274084379, 0.08296291101945648, 0.08005089058524174, 0.7836940298507463, 0.431872460217994, 0.22, -0.211872460217994, 0, 0, 0, 250, 0, 0, 0, -160, 96, 217, 7, 33, 129
67.50700000000001, 5.601145542085241, 0.08297132952264567, 0.08005089058524174, 0.7836940298507463, 0.431872460217994, 0.17, -0.261872460217994, 0, 0, 0, 250, 0, 0, 0, -160, 200, 139, 104, 78, 129
67.55500000000001, 5.604322041323871, 0.08295939665937194, 0.08005089058524174, 0.7836940298507463, 0.431872460217994, 0.2, -0.2318724602179941, 0, 0, 0, 250, 0, 0, 0, -160, 253, 78, 53, 61, 129
67.60400000000001, 5.608964617134176, 0.08296794002032685, 0.08005089058524174, 0.7836940298507463, 0.431872460217994, 0.27, -0.161872460217994, 0, 0, 0, 250, 0, 0, 0, -160, 264, 90, 11, 12, 129
67.658, 5.613607192944482, 0.08297033895392239, 0.08005089058524174, 0.7836940298507463, 0.431872460217994, 0.48, 0.04812753978200597, 0, 0, 0, 250, 0, 0, 0, 160, 252, 97, 12, 7, 130
67.704, 5.61727238437367, 0.08296810209697609, 0.08005089058524174, 0.7836940298507463, 0.431872460217994, 0.7199999999999999, 0.288127539782006, 0, 0, 0, 250, 0, 0, 0, 160, 231, 99, 21, 2, 130
67.75600000000001, 5.621670614088695, 0.08296934019258362, 0.08005089058524174, 0.7836940298507463, 0.431872460217994, 0.8100000000000001, 0.378127539782006, 0, 0, 0, 250, 0, 0, 0, 160, 145, 209, 86, 110, 130
67.807, 5.626068843803721, 0.08297180001775217, 0.08005089058524174, 0.7836940298507463, 0.431872460217994, 0.8100000000000001, 0.378127539782006, 0, 0, 0, 250, 0, 0, 0, 160, 76, 248, 69, 39, 130
67.85500000000001, 5.62948968913763, 0.08296352058267821, 0.08005089058524174, 0.7836940298507463, 0.431872460217994, 0.6800000000000001, 0.248127539782006, 0, 0, 0, 250, 0, 0, 0, 160, 86, 238, 10, 10, 130
67.914, 5.634865303233774, 0.08297059962943978, 0.08005089058524174, 0.7836940298507463, 0.431872460217994, 0.38, -0.05187246021799403, 0, 0, 0, 250, 0, 0, 0, -160, 99, 263, 13, 25, 131
67.961, 5.63877484075824, 0.0829707455858248, 0.08005089058524174, 0.7836940298507463, 0.431872460217994, 0.23, -0.201872460217994, 0, 0, 0, 250, 0, 0, 0, -160, 98, 235, 1, 28, 131
68.00700000000001, 5.642684378282707, 0.08297211137504533, 0.08005089058524174, 0.7836940298507463, 0.431872460217994, 0.19, -0.241872460217994, 0, 0, 0, 250, 0, 0, 0, -160, 184, 155, 86, 80, 131
68.056, 5.646349569711895, 0.082966227367343, 0.08005089058524174, 0.7836940298507463, 0.431872460217994, 0.21, -0.221872460217994, 0, 0, 0, 250, 0, 0, 0, -160, 247, 80, 63, 75, 131
68.103, 5.650259107236363, 0.08296637603683191, 0.08005089058524174, 0.7836940298507463, 0.431872460217994, 0.2, -0.2318724602179941, 0, 0, 0, 250, 0, 0, 0, -160, 259, 87, 12, 7, 131
68.15000000000001, 5.654657336951388, 0.08297369533310913, 0.08005089058524174, 0.7836940298507463, 0.431872460217994, 0.31, -0.121872460217994, 0, 0, 0, 250, 0, 0, 0, -160, 260, 100, 1, 13, 131
68.203, 5.658566874475856, 0.08296653922079463, 0.08005089058524174, 0.7836940298507463, 0.431872460217994, 0.5, 0.06812753978200598, 0, 0, 0, 250, 0, 0, 0, 160, 248, 86, 12, 14, 132
68.24800000000001, 5.662720758095602, 0.08297269895228581, 0.08005089058524174, 0.7836940298507463, 0.431872460217994, 0.54, 0.108127539782006, 0, 0, 0, 250, 0, 0, 0, 160, 236, 102, 12, 16, 132
68.30800000000001, 5.667607680001186, 0.08297136030920516, 0.08005089058524174, 0.7836940298507463, 0.431872460217994, 0.77, 0.338127539782006, 0, 0, 0, 250, 0, 0, 0, 160, 133, 208, 103, 106, 132
68.35800000000001, 5.671517217525653, 0.08296786356425955, 0.08005089058524174, 0.7836940298507463, 0.431872460217994, 0.8299999999999999, 0.398127539782006, 0, 0, 0, 250, 0, 0, 0, 160, 70, 243, 63, 35, 132
68.40600000000001, 5.675426755050121, 0.0829667975769687, 0.08005089058524174, 0.7836940298507463, 0.431872460217994, 0.8299999999999999, 0.398127539782006, 0, 0, 0, 250, 0, 0, 0, 160, 93, 248, 23, 5, 132
68.45600000000001, 5.679824984765146, 0.08297044794853841, 0.08005089058524174, 0.7836940298507463, 0.431872460217994, 0.5699999999999999, 0.138127539782006, 0, 0, 0, 250, 0, 0, 0, 160, 105, 259, 12, 11, 132
68.508, 5.684223214480172, 0.08297167067320855, 0.08005089058524174, 0.7836940298507463, 0.431872460217994, 0.62, 0.188127539782006, 0, 0, 0, 250, 0, 0, 0, 160, 81, 261, 24, 2, 132
68.55700000000001, 5.688132752004639, 0.08296939411007832, 0.08005089058524174, 0.7836940298507463, 0.431872460217994, 0.8, 0.368127539782006, 0, 0, 0, 250, 0, 0, 0, 160, 89, 236, 8, 25, 132
68.606, 5.692286635624386, 0.08297068238382044, 0.08005089058524174, 0.7836940298507463, 0.431872460217994, 0.8, 0.368127539782006, 0, 0, 0, 250, 0, 0, 0, 160, 93, 252, 4, 16, 132
68.663, 5.696684865339411, 0.08296586029359933, 0.08005089058524174, 0.7836940298507463, 0.431872460217994, 0.6899999999999999, 0.258127539782006, 0, 0, 0, 250, 0, 0, 0, 160, 89, 242, 4, 10, 132
68.718, 5.701327441149716, 0.08296701651895743, 0.08005089058524174, 0.7836940298507463, 0.431872460217994, 0.8, 0.368127539782006, 0, 0, 0, 250, 0, 0, 0, 160, 93, 260, 4, 18, 132
68.76600000000001, 5.705481324769464, 0.08296951000159183, 0.08005089058524174, 0.7836940298507463, 0.431872460217994, 0.8, 0.368127539782006, 0, 0, 0, 250, 0, 0, 0, 160, 85, 249, 8, 11, 132
68.81699999999999, 5.709635208389209, 0.08296838293429253, 0.08005089058524174, 0.7836940298507463, 0.431872460217994, 0.8, 0.368127539782006, 0, 0, 0, 250, 0, 0, 0, 160, 92, 253, 7, 4, 132
68.865, 5.713544745913677, 0.08296732369002655, 0.08005089058524174, 0.7836940298507463, 0.431872460217994, 0.8100000000000001, 0.378127539782006, 0, 0, 0, 250, 0, 0, 0, 160, 94, 246, 2, 7, 132
68.917, 5.718431667819262, 0.0829756325408718, 0.08005089058524174, 0.7836940298507463, 0.431872460217994, 0.8, 0.368127539782006, 0, 0, 0, 250, 0, 0, 0, 160, 90, 254, 4, 8, 132
68.972, 5.722585551439008, 0.0829696913448792, 0.08005089058524174, 0.7836940298507463, 0.431872460217994, 0.76, 0.328127539782006, 0, 0, 0, 250, 0, 0, 0, 160, 94, 246, 4, 8, 132
69.017, 5.726495088963475, 0.08297224001280084, 0.08005089058524174, 0.7836940298507463, 0.431872460217994, 0.8100000000000001, 0.378127539782006, 0, 0, 0, 250, 0, 0, 0, 160, 82, 255, 12, 9, 132
69.067, 5.730648972583221, 0.08297231633896393, 0.08005089058524174, 0.7836940298507463, 0.431872460217994, 0.84, 0.4081275397820059, 0, 0, 0, 250, 0, 0, 0, 160, 93, 248, 11, 7, 132
69.124, 5.735291548393526, 0.08297105995592741, 0.08005089058524174, 0.7836940298507463, 0.431872460217994, 0.8199999999999999, 0.388127539782006, 0, 0, 0, 250, 0, 0, 0, 160, 91, 248, 2, 0, 132
69.17700000000001, 5.739689778108552, 0.08297107099337282, 0.08005089058524174, 0.7836940298507463, 0.431872460217994, 0.8199999999999999, 0.388127539782006, 0, 0, 0, 250, 0, 0, 0, 160, 85, 263, 6, 15, 132
69.22700000000001, 5.743843661728298, 0.08297114798746584, 0.08005089058524174, 0.7836940298507463, 0.431872460217994, 0.8100000000000001, 0.378127539782006, 0, 0, 0, 250, 0, 0, 0, 160, 93, 247, 8, 16, 132
69.27800000000001, 5.747997545348046, 0.08297002721423896, 0.08005089058524174, 0.7836940298507463, 0.431872460217994, 0.79, 0.3581275397820059, 0, 0, 0, 250, 0, 0, 0, 160, 89, 243, 4, 4, 132
69.333, 5.75264012115835, 0.08297116987810062, 0.08005089058524174, 0.7836940298507463, 0.431872460217994, 0.79, 0.3581275397820059, 0, 0, 0, 250, 0, 0, 0, 160, 95, 259, 6, 16, 132
69.378, 5.756305312587537, 0.08297018237175385, 0.08005089058524174, 0.7836940298507463, 0.431872460217994, 0.77, 0.338127539782006, 0, 0, 0, 250, 0, 0, 0, 160, 84, 254, 11, 5, 132
69.42600000000001, 5.760459196207284, 0.08297264996121459, 0.08005089058524174, 0.7836940298507463, 0.431872460217994, 0.74, 0.308127539782006, 0, 0, 0, 250, 0, 0, 0, 160, 95, 245, 11, 9, 132
69.48600000000001, 5.765346118112869, 0.08297133405452708, 0.08005089058524174, 0.7836940298507463, 0.431872460217994, 0.3, -0.131872460217994, 0, 0, 0, 250, 0, 0, 0, -160, 88, 259, 7, 14, 133
69.53600000000001, 5.769255655637336, 0.08296789656634457, 0.08005089058524174, 0.7836940298507463, 0.431872460217994, 0.09, -0.3418724602179941, 0, 0, 0, 250, 0, 0, 0, -160, 102, 236, 14, 23, 133
69.58600000000001, 5.773653885352362, 0.08297148687023771, 0.08005089058524174, 0.7836940298507463, 0.431872460217994, 0.09, -0.3418724602179941, 0, 0, 0, 250, 0, 0, 0, -160, 192, 150, 90, 86, 133
69.633, 5.777563422876829, 0.08297162872311734, 0.08005089058524174, 0.7836940298507463, 0.431872460217994, 0.08, -0.351872460217994, 0, 0, 0, 250, 0, 0, 0, -160, 246, 69, 54, 81, 133
69.678, 5.780984268210738, 0.08296713838242685, 0.08005089058524174, 0.7836940298507463, 0.431872460217994, 0.11, -0.321872460217994, 0, 0, 0, 250, 0, 0, 0, -160, 257, 94, 11, 25, 133
69.737, 5.7861155362116, 0.0829705254916558, 0.08005089058524174, 0.7836940298507463, 0.431872460217994, 0.65, 0.218127539782006, 0, 0, 0, 250, 0, 0, 0, 160, 256, 93, 1, 1, 134
69.78100000000001, 5.789536381545509, 0.08296723150349678, 0.08005089058524174, 0.7836940298507463, 0.431872460217994, 0.75, 0.318127539782006, 0, 0, 0, 250, 0, 0, 0, 160, 227, 101, 29, 8, 134
69.829, 5.793934611260536, 0.08297318608687704, 0.08005089058524174, 0.7836940298507463, 0.431872460217994, 0.75, 0.318127539782006, 0, 0, 0, 250, 0, 0, 0, 160, 162, 190, 65, 89, 134
69.87900000000001, 5.798332840975562, 0.08297675755199075, 0.08005089058524174, 0.7836940298507463, 0.431872460217994, 0.76, 0.328127539782006, 0, 0, 0, 250, 0, 0, 0, 160, 70, 247, 92, 57, 134
69.93300000000001, 5.802242378500028, 0.08296858962864496, 0.08005089058524174, 0.7836940298507463, 0.431872460217994, 0.7800000000000001, 0.348127539782006, 0, 0, 0, 250, 0, 0, 0, 160, 88, 245, 18, 2, 134
69.978, 5.806151916024496, 0.08297110400446563, 0.08005089058524174, 0.7836940298507463, 0.431872460217994, 0.7800000000000001, 0.348127539782006, 0, 0, 0, 250, 0, 0, 0, 160, 99, 267, 11, 22, 134
70.02800000000001, 5.810550145739522, 0.08297466935710746, 0.08005089058524174, 0.7836940298507463, 0.431872460217994, 0.8199999999999999, 0.388127539782006, 0, 0, 0, 250, 0, 0, 0, 160, 89, 251, 10, 16, 134
70.076, 5.814215337168711, 0.08297013723912197, 0.08005089058524174, 0.7836940298507463, 0.431872460217994, 0.8199999999999999, 0.388127539782006, 0, 0, 0, 250, 0, 0, 0, 160, 87, 232, 2, 19, 134
70.127, 5.818857912979015, 0.08297599944356689, 0.08005089058524174, 0.7836940298507463, 0.431872460217994, 0.84, 0.4081275397820059, 0, 0, 0, 250, 0, 0, 0, 160, 88, 266, 1, 34, 134
70.17600000000001, 5.822767450503482, 0.0829737723794956, 0.08005089058524174, 0.7836940298507463, 0.431872460217994, 0.84, 0.4081275397820059, 0, 0, 0, 250, 0, 0, 0, 160, 94, 246, 6, 20, 134
70.228, 5.827165680218507, 0.08297496269605437, 0.08005089058524174, 0.7836940298507463, 0.431872460217994, 0.8299999999999999, 0.398127539782006, 0, 0, 0, 250, 0, 0, 0, 160, 96, 249, 2, 3, 134
70.277, 5.831075217742975, 0.08297273955551567, 0.08005089058524174, 0.7836940298507463, 0.431872460217994, 0.8299999999999999, 0.398127539782006, 0, 0, 0, 250, 0, 0, 0, 160, 80, 248, 16, 1, 134
70.335, 5.83571779355328, 0.08297032478216082, 0.08005089058524174, 0.7836940298507463, 0.431872460217994, 0.8100000000000001, 0.378127539782006, 0, 0, 0, 250, 0, 0, 0, 160, 96, 245, 16, 3, 134
70.384, 5.839871677173026, 0.08297157986435874, 0.08005089058524174, 0.7836940298507463, 0.431872460217994, 0.8299999999999999, 0.398127539782006, 0, 0, 0, 250, 0, 0, 0, 160, 91, 259, 5, 14, 134
70.43300000000001, 5.843781214697493, 0.08296936400121384, 0.08005089058524174, 0.7836940298507463, 0.431872460217994, 0.8100000000000001, 0.378127539782006, 0, 0, 0, 250, 0, 0, 0, 160, 84, 249, 7, 10, 134
70.478, 5.84793509831724, 0.08297532702853713, 0.08005089058524174, 0.7836940298507463, 0.431872460217994, 0.8, 0.368127539782006, 0, 0, 0, 250, 0, 0, 0, 160, 92, 252, 8, 3, 134
70.52500000000001, 5.851600289746429, 0.08297199985461084, 0.08005089058524174, 0.7836940298507463, 0.431872460217994, 0.8100000000000001, 0.378127539782006, 0, 0, 0, 250, 0, 0, 0, 160, 97, 242, 5, 10, 134
70.568, 5.855265481175616, 0.08297338001892665, 0.08005089058524174, 0.7836940298507463, 0.431872460217994, 0.8100000000000001, 0.378127539782006, 0, 0, 0, 250, 0, 0, 0, 160, 88, 252, 9, 10, 134
70.618, 5.859663710890643, 0.08297691397222582, 0.08005089058524174, 0.7836940298507463, 0.431872460217994, 0.8299999999999999, 0.398127539782006, 0, 0, 0, 250, 0, 0, 0, 160, 89, 263, 1, 11, 134
70.66700000000001, 5.863328902319831, 0.08297124403639366, 0.08005089058524174, 0.7836940298507463, 0.431872460217994, 0.84, 0.4081275397820059, 0, 0, 0, 250, 0, 0, 0, 160, 84, 235, 5, 28, 134
70.71800000000001, 5.867971478130134, 0.08297705645140041, 0.08005089058524174, 0.7836940298507463, 0.431872460217994, 0.8800000000000001, 0.448127539782006, 0, 0, 0, 250, 0, 0, 0, 160, 94, 258, 10, 23, 134
70.76600000000001, 5.871636669559323, 0.08297256690443609, 0.08005089058524174, 0.7836940298507463, 0.431872460217994, 0.8800000000000001, 0.448127539782006, 0, 0, 0, 250, 0, 0, 0, 160, 88, 250, 6, 8, 134
70.81600000000001, 5.875790553179069, 0.08297264111470669, 0.08005089058524174, 0.7836940298507463, 0.431872460217994, 0.8800000000000001, 0.448127539782006, 0, 0, 0, 250, 0, 0, 0, 160, 93, 251, 5, 1, 134
70.867, 5.879944436798817, 0.08297154439723451, 0.08005089058524174, 0.7836940298507463, 0.431872460217994, 0.8699999999999999, 0.438127539782006, 0, 0, 0, 250, 0, 0, 0, 160, 92, 253, 1, 2, 134
70.913, 5.883609628228004, 0.08296940798200618, 0.08005089058524174, 0.7836940298507463, 0.431872460217994, 0.8299999999999999, 0.398127539782006, 0, 0, 0, 250, 0, 0, 0, 160, 93, 245, 1, 8, 134
70.959, 5.888007857943031, 0.08297760478505943, 0.08005089058524174, 0.7836940298507463, 0.431872460217994, 0.8299999999999999, 0.398127539782006, 0, 0, 0, 250, 0, 0, 0, 160, 86, 259, 7, 14, 134
71.006, 5.891917395467497, 0.08297773984547076, 0.08005089058524174, 0.7836940298507463, 0.431872460217994, 0.8199999999999999, 0.388127539782006, 0, 0, 0, 250, 0, 0, 0, 160, 93, 248, 7, 11, 134
71.05200000000001, 5.895338240801407, 0.08297216462311274, 0.08005089058524174, 0.7836940298507463, 0.431872460217994, 0.8100000000000001, 0.378127539782006, 0, 0, 0, 250, 0, 0, 0, 160, 86, 245, 7, 3, 134
71.101, 5.899247778325873, 0.08296996917519968, 0.08005089058524174, 0.7836940298507463, 0.431872460217994, 0.8100000000000001, 0.378127539782006, 0, 0, 0, 250, 0, 0, 0, 160, 85, 243, 1, 2, 134
71.148, 5.9036460080409, 0.08297697768090318, 0.08005089058524174, 0.7836940298507463, 0.431872460217994, 0.8199999999999999, 0.388127539782006, 0, 0, 0, 250, 0, 0, 0, 160, 89, 258, 4, 15, 134
71.19700000000001, 5.907311199470087, 0.08297134990898615, 0.08005089058524174, 0.7836940298507463, 0.431872460217994, 0.8100000000000001, 0.378127539782006, 0, 0, 0, 250, 0, 0, 0, 160, 97, 249, 8, 9, 134
71.238, 5.910732044803996, 0.0829716169011482, 0.08005089058524174, 0.7836940298507463, 0.431872460217994, 0.8100000000000001, 0.378127539782006, 0, 0, 0, 250, 0, 0, 0, 160, 92, 234, 5, 15, 134
71.286, 5.914885928423742, 0.08297401914013612, 0.08005089058524174, 0.7836940298507463, 0.431872460217994, 0.8100000000000001, 0.378127539782006, 0, 0, 0, 250, 0, 0, 0, 160, 84, 264, 8, 30, 134
71.336, 5.918551119852931, 0.08296724122256547, 0.08005089058524174, 0.7836940298507463, 0.431872460217994, 0.8100000000000001, 0.378127539782006, 0, 0, 0, 250, 0, 0, 0, 160, 88, 235, 4, 29, 134
71.38200000000001, 5.922949349567956, 0.0829753908487848, 0.08005089058524174, 0.7836940298507463, 0.431872460217994, 0.8100000000000001, 0.378127539782006, 0, 0, 0, 250, 0, 0, 0, 160, 96, 269, 8, 34, 134
71.43300000000001, 5.927103233187703, 0.08297430085797465, 0.08005089058524174, 0.7836940298507463, 0.431872460217994, 0.8100000000000001, 0.378127539782006, 0, 0, 0, 250, 0, 0, 0, 160, 88, 239, 8, 30, 134
71.478, 5.93101277071217, 0.0829767588728304, 0.08005089058524174, 0.7836940298507463, 0.431872460217994, 0.7800000000000001, 0.348127539782006, 0, 0, 0, 250, 0, 0, 0, 160, 91, 245, 3, 6, 134
71.527, 5.935166654331918, 0.08297798949112806, 0.08005089058524174, 0.7836940298507463, 0.431872460217994, 0.76, 0.328127539782006, 0, 0, 0, 250, 0, 0, 0, 160, 90, 270, 1, 25, 134
71.57800000000001, 5.939076191856384, 0.08297348615295739, 0.08005089058524174, 0.7836940298507463, 0.431872460217994, 0.79, 0.3581275397820059, 0, 0, 0, 250, 0, 0, 0, 160, 88, 239, 2, 31, 134
71.62300000000001, 5.942497037190294, 0.08296911658531887, 0.08005089058524174, 0.7836940298507463, 0.431872460217994, 0.8, 0.368127539782006, 0, 0, 0, 250, 0, 0, 0, 160, 95, 224, 7, 15, 134
71.672, 5.946895266905319, 0.08297375916543864, 0.08005089058524174, 0.7836940298507463, 0.431872460217994, 0.8, 0.368127539782006, 0, 0, 0, 250, 0, 0, 0, 160, 84, 264, 11, 40, 134
71.71800000000001, 5.950560458334508, 0.08297164530988745, 0.08005089058524174, 0.7836940298507463, 0.431872460217994, 0.79, 0.3581275397820059, 0, 0, 0, 250, 0, 0, 0, 160, 90, 244, 6, 20, 134
71.767, 5.954958688049532, 0.08297628001796832, 0.08005089058524174, 0.7836940298507463, 0.431872460217994, 0.7800000000000001, 0.348127539782006, 0, 0, 0, 250, 0, 0, 0, 160, 95, 255, 5, 11, 134
71.816, 5.959112571669278, 0.0829775060107675, 0.08005089058524174, 0.7836940298507463, 0.431872460217994, 0.7800000000000001, 0.348127539782006, 0, 0, 0, 250, 0, 0, 0, 160, 82, 245, 13, 10, 134
71.866, 5.963022109193746, 0.08297417567686731, 0.08005089058524174, 0.7836940298507463, 0.431872460217994, 0.76, 0.328127539782006, 0, 0, 0, 250, 0, 0, 0, 160, 99, 258, 17, 13, 134
71.925, 5.967909031099331, 0.0829740567410404, 0.08005089058524174, 0.7836940298507463, 0.431872460217994, 0.75, 0.318127539782006, 0, 0, 0, 250, 0, 0, 0, 160, 87, 256, 12, 2, 134
71.976, 5.972062914719077, 0.08297297591862673, 0.08005089058524174, 0.7836940298507463, 0.431872460217994, 0.74, 0.308127539782006, 0, 0, 0, 250, 0, 0, 0, 160, 89, 242, 2, 14, 134
72.02100000000001, 5.975728106148265, 0.08297202352297615, 0.08005089058524174, 0.7836940298507463, 0.431872460217994, 0.76, 0.328127539782006, 0, 0, 0, 250, 0, 0, 0, 160, 89, 254, 0, 12, 134
72.068, 5.979637643672732, 0.08297216023301232, 0.08005089058524174, 0.7836940298507463, 0.431872460217994, 0.5699999999999999, 0.138127539782006, 0, 0, 0, 250, 0, 0, 0, 160, 92, 238, 3, 16, 134
72.121, 5.984035873387757, 0.0829721700113387, 0.08005089058524174, 0.7836940298507463, 0.431872460217994, 0.07000000000000001, -0.361872460217994, 0, 0, 0, 250, 0, 0, 0, -160, 92, 246, 0, 8, 135
72.167, 5.988189757007505, 0.0829768420054527, 0.08005089058524174, 0.7836940298507463, 0.431872460217994, 0.08, -0.351872460217994, 0, 0, 0, 250, 0, 0, 0, -160, 98, 237, 6, 9, 135
72.217, 5.991854948436692, 0.08297014481959499, 0.08005089058524174, 0.7836940298507463, 0.431872460217994, 0.14, -0.291872460217994, 0, 0, 0, 250, 0, 0, 0, -160, 199, 141, 101, 96, 135
72.26600000000001, 5.99600883205644, 0.08297136733811804, 0.08005089058524174, 0.7836940298507463, 0.431872460217994, 0.39, -0.04187246021799403, 0, 0, 0, 250, 0, 0, 0, -160, 252, 87, 53, 54, 135
72.316, 6.000407061771465, 0.08297481970478822, 0.08005089058524174, 0.7836940298507463, 0.431872460217994, 0.35, -0.08187246021799403, 0, 0, 0, 250, 0, 0, 0, -160, 233, 92, 19, 5, 135
72.362, 6.004072253200653, 0.08297272398773739, 0.08005089058524174, 0.7836940298507463, 0.431872460217994, 0.29, -0.141872460217994, 0, 0, 0, 250, 0, 0, 0, -160, 264, 92, 31, 0, 135
72.41, 6.0082261368204, 0.08297508820356857, 0.08005089058524174, 0.7836940298507463, 0.431872460217994, 0.29, -0.141872460217994, 0, 0, 0, 250, 0, 0, 0, -160, 249, 92, 15, 0, 135
72.45699999999999, 6.011891328249588, 0.08297184990062503, 0.08005089058524174, 0.7836940298507463, 0.431872460217994, 0.3, -0.131872460217994, 0, 0, 0, 250, 0, 0, 0, -160, 246, 90, 3, 2, 135
72.508, 6.016289557964614, 0.08297414847967966, 0.08005089058524174, 0.7836940298507463, 0.431872460217994, 0.27, -0.161872460217994, 0, 0, 0, 250, 0, 0, 0, -160, 247, 91, 1, 1, 135
72.553, 6.019954749393801, 0.08297320234027266, 0.08005089058524174, 0.7836940298507463, 0.431872460217994, 0.22, -0.211872460217994, 0, 0, 0, 250, 0, 0, 0, -160, 239, 88, 8, 3, 135
72.601, 6.024108633013547, 0.08297556002002104, 0.08005089058524174, 0.7836940298507463, 0.431872460217994, 0.15, -0.2818724602179941, 0, 0, 0, 250, 0, 0, 0, -160, 265, 89, 26, 1, 135
72.652, 6.028262516633293, 0.08297448819899376, 0.08005089058524174, 0.7836940298507463, 0.431872460217994, 0.1, -0.3318724602179941, 0, 0, 0, 250, 0, 0, 0, -160, 252, 94, 13, 5, 135
72.699, 6.032172054157763, 0.0829746221290219, 0.08005089058524174, 0.7836940298507463, 0.431872460217994, 0.08, -0.351872460217994, 0, 0, 0, 250, 0, 0, 0, -160, 245, 85, 7, 9, 135
72.743, 6.035592899491672, 0.08297145978983094, 0.08005089058524174, 0.7836940298507463, 0.431872460217994, 0.07000000000000001, -0.361872460217994, 0, 0, 0, 250, 0, 0, 0, -160, 244, 91, 1, 6, 135
72.78700000000001, 6.039502437016139, 0.0829750152776751, 0.08005089058524174, 0.7836940298507463, 0.431872460217994, 0.08, -0.351872460217994, 0, 0, 0, 250, 0, 0, 0, -160, 248, 93, 4, 2, 135
72.83700000000001, 6.043411974540606, 0.08297173105071057, 0.08005089058524174, 0.7836940298507463, 0.431872460217994, 0.08, -0.351872460217994, 0, 0, 0, 250, 0, 0, 0, -160, 244, 90, 4, 3, 135
72.88800000000001, 6.047810204255631, 0.08297401772933311, 0.08005089058524174, 0.7836940298507463, 0.431872460217994, 0.07000000000000001, -0.361872460217994, 0, 0, 0, 250, 0, 0, 0, -160, 251, 91, 7, 1, 135
72.937, 6.052208433970656, 0.08297857649712293, 0.08005089058524174, 0.7836940298507463, 0.431872460217994, 0.08, -0.351872460217994, 0, 0, 0, 250, 0, 0, 0, -160, 260, 90, 9, 1, 135
72.987, 6.055873625399845, 0.08297194877717738, 0.08005089058524174, 0.7836940298507463, 0.431872460217994, 0.08, -0.351872460217994, 0, 0, 0, 250, 0, 0, 0, -160, 245, 88, 15, 2, 135
73.03400000000001, 6.059783162924312, 0.08297208372709029, 0.08005089058524174, 0.7836940298507463, 0.431872460217994, 0.13, -0.301872460217994, 0, 0, 0, 250, 0, 0, 0, -160, 244, 94, 1, 6, 135
73.083, 6.063937046544059, 0.08297329127901234, 0.08005089058524174, 0.7836940298507463, 0.431872460217994, 0.27, -0.161872460217994, 0, 0, 0, 250, 0, 0, 0, -160, 262, 91, 18, 3, 135
73.13700000000001, 6.068579622354364, 0.08297550654736131, 0.08005089058524174, 0.7836940298507463, 0.431872460217994, 0.58, 0.148127539782006, 0, 0, 0, 250, 0, 0, 0, 160, 259, 86, 3, 5, 136
73.187, 6.07273350597411, 0.0829755763451721, 0.08005089058524174, 0.7836940298507463, 0.431872460217994, 0.76, 0.328127539782006, 0, 0, 0, 250, 0, 0, 0, 160, 232, 108, 27, 22, 136
73.235, 6.076643043498577, 0.08297457559225203, 0.08005089058524174, 0.7836940298507463, 0.431872460217994, 0.8100000000000001, 0.378127539782006, 0, 0, 0, 250, 0, 0, 0, 160, 158, 201, 74, 93, 136
73.282, 6.080552581023045, 0.08297470840074022, 0.08005089058524174, 0.7836940298507463, 0.431872460217994, 0.8100000000000001, 0.378127539782006, 0, 0, 0, 250, 0, 0, 0, 160, 70, 260, 88, 59, 136
73.33100000000001, 6.084462118547513, 0.08297257801676661, 0.08005089058524174, 0.7836940298507463, 0.431872460217994, 0.6899999999999999, 0.258127539782006, 0, 0, 0, 250, 0, 0, 0, 160, 89, 227, 19, 33, 136
73.386, 6.089593386548374, 0.08298031486316702, 0.08005089058524174, 0.7836940298507463, 0.431872460217994, 0.3, -0.131872460217994, 0, 0, 0, 250, 0, 0, 0, -160, 103, 265, 14, 38, 137
73.43600000000001, 6.093258577977563, 0.08297372648261838, 0.08005089058524174, 0.7836940298507463, 0.431872460217994, 0.09, -0.3418724602179941, 0, 0, 0, 250, 0, 0, 0, -160, 99, 243, 4, 22, 137
73.481, 6.09716811550203, 0.08297611784681795, 0.08005089058524174, 0.7836940298507463, 0.431872460217994, 0.08, -0.351872460217994, 0, 0, 0, 250, 0, 0, 0, -160, 192, 153, 93, 90, 137
73.53700000000001, 6.101810691312335, 0.08297606227222126, 0.08005089058524174, 0.7836940298507463, 0.431872460217994, 0.08, -0.351872460217994, 0, 0, 0, 250, 0, 0, 0, -160, 244, 71, 52, 82, 137
73.581, 6.105231536646245, 0.08297293508713178, 0.08005089058524174, 0.7836940298507463, 0.431872460217994, 0.08, -0.351872460217994, 0, 0, 0, 250, 0, 0, 0, -160, 249, 94, 5, 23, 137
73.634, 6.10962976636127, 0.08297294410681573, 0.08005089058524174, 0.7836940298507463, 0.431872460217994, 0.11, -0.321872460217994, 0, 0, 0, 250, 0, 0, 0, -160, 251, 98, 2, 4, 137
73.687, 6.114516688266853, 0.08297958511361371, 0.08005089058524174, 0.7836940298507463, 0.431872460217994, 0.23, -0.201872460217994, 0, 0, 0, 250, 0, 0, 0, -160, 256, 82, 5, 16, 137
73.73200000000001, 6.117693187505483, 0.08297202283276574, 0.08005089058524174, 0.7836940298507463, 0.431872460217994, 0.43, -0.001872460217994032, 0, 0, 0, 250, 0, 0, 0, -160, 247, 85, 9, 3, 137
73.782, 6.12209141722051, 0.08297540615896168, 0.08005089058524174, 0.7836940298507463, 0.431872460217994, 0.64, 0.208127539782006, 0, 0, 0, 250, 0, 0, 0, 160, 243, 102, 4, 17, 138
73.828, 6.125756608649697, 0.08297335169108871, 0.08005089058524174, 0.7836940298507463, 0.431872460217994, 0.8, 0.368127539782006, 0, 0, 0, 250, 0, 0, 0, 160, 232, 97, 11, 5, 138
73.87600000000001, 6.130154838364724, 0.0829789761000152, 0.08005089058524174, 0.7836940298507463, 0.431872460217994, 0.8299999999999999, 0.398127539782006, 0, 0, 0, 250, 0, 0, 0, 160, 160, 191, 72, 94, 138
73.92600000000001, 6.134064375889191, 0.08297573757391435, 0.08005089058524174, 0.7836940298507463, 0.431872460217994, 0.8199999999999999, 0.388127539782006, 0, 0, 0, 250, 0, 0, 0, 160, 86, 260, 74, 69, 138
73.977, 6.138218259508937, 0.08297468482783753, 0.08005089058524174, 0.7836940298507463, 0.431872460217994, 0.79, 0.3581275397820059, 0, 0, 0, 250, 0, 0, 0, 160, 84, 221, 2, 39, 138
74.026, 6.142127797033405, 0.082972574460776, 0.08005089058524174, 0.7836940298507463, 0.431872460217994, 0.5600000000000001, 0.128127539782006, 0, 0, 0, 250, 0, 0, 0, 160, 98, 255, 14, 34, 138
74.076, 6.14677037284371, 0.08297924257308319, 0.08005089058524174, 0.7836940298507463, 0.431872460217994, 0.19, -0.241872460217994, 0, 0, 0, 250, 0, 0, 0, -160, 87, 261, 11, 6, 139
74.122, 6.150679910368176, 0.08298049041267337, 0.08005089058524174, 0.7836940298507463, 0.431872460217994, 0.08, -0.351872460217994, 0, 0, 0, 250, 0, 0, 0, -160, 96, 222, 9, 39, 139
74.17300000000001, 6.154589447892644, 0.08297614290769745, 0.08005089058524174, 0.7836940298507463, 0.431872460217994, 0.08, -0.351872460217994, 0, 0, 0, 250, 0, 0, 0, -160, 197, 164, 101, 58, 139
74.222, 6.158254639321832, 0.08297074505297395, 0.08005089058524174, 0.7836940298507463, 0.431872460217994, 0.07000000000000001, -0.361872460217994, 0, 0, 0, 250, 0, 0, 0, -160, 250, 82, 53, 82, 139
74.267, 6.1621641768463, 0.08297311291483835, 0.08005089058524174, 0.7836940298507463, 0.431872460217994, 0.07000000000000001, -0.361872460217994, 0, 0, 0, 250, 0, 0, 0, -160, 251, 78, 1, 4, 139
74.31699999999999, 6.166562406561325, 0.08297647115143675, 0.08005089058524174, 0.7836940298507463, 0.431872460217994, 0.08, -0.351872460217994, 0, 0, 0, 250, 0, 0, 0, -160, 249, 104, 2, 26, 139
74.36700000000001, 6.170716290181073, 0.08297653919320496, 0.08005089058524174, 0.7836940298507463, 0.431872460217994, 0.13, -0.301872460217994, 0, 0, 0, 250, 0, 0, 0, -160, 262, 81, 13, 23, 139
74.42100000000001, 6.175114519896097, 0.08297543058943171, 0.08005089058524174, 0.7836940298507463, 0.431872460217994, 0.31, -0.121872460217994, 0, 0, 0, 250, 0, 0, 0, -160, 248, 94, 14, 13, 139
74.47700000000001, 6.180001441801681, 0.08297865705924892, 0.08005089058524174, 0.7836940298507463, 0.431872460217994, 0.61, 0.178127539782006, 0, 0, 0, 250, 0, 0, 0, 160, 248, 94, 0, 0, 140
74.526, 6.184155325421428, 0.08297983690821226, 0.08005089058524174, 0.7836940298507463, 0.431872460217994, 0.75, 0.318127539782006, 0, 0, 0, 250, 0, 0, 0, 160, 225, 105, 23, 11, 140
74.57599999999999, 6.188064862945896, 0.08297662603177825, 0.08005089058524174, 0.7836940298507463, 0.431872460217994, 0.75, 0.318127539782006, 0, 0, 0, 250, 0, 0, 0, 160, 146, 197, 79, 92, 140
74.62600000000001, 6.192463092660922, 0.08297996800928525, 0.08005089058524174, 0.7836940298507463, 0.431872460217994, 0.77, 0.338127539782006, 0, 0, 0, 250, 0, 0, 0, 160, 77, 260, 69, 63, 140
74.67600000000001, 6.196372630185388, 0.08297676134481478, 0.08005089058524174, 0.7836940298507463, 0.431872460217994, 0.7800000000000001, 0.348127539782006, 0, 0, 0, 250, 0, 0, 0, 160, 95, 231, 18, 29, 140
74.737, 6.201503898186251, 0.08297769375525178, 0.08005089058524174, 0.7836940298507463, 0.431872460217994, 0.63, 0.198127539782006, 0, 0, 0, 250, 0, 0, 0, 160, 101, 267, 6, 36, 140
74.78700000000001, 6.205902127901277, 0.08298102782437157, 0.08005089058524174, 0.7836940298507463, 0.431872460217994, 0.3, -0.131872460217994, 0, 0, 0, 250, 0, 0, 0, -160, 89, 261, 12, 6, 141
74.83700000000001, 6.210056011521025, 0.08298109239441754, 0.08005089058524174, 0.7836940298507463, 0.431872460217994, 0.12, -0.311872460217994, 0, 0, 0, 250, 0, 0, 0, -160, 100, 219, 11, 42, 141
74.886, 6.213721202950212, 0.08297573916286371, 0.08005089058524174, 0.7836940298507463, 0.431872460217994, 0.09, -0.3418724602179941, 0, 0, 0, 250, 0, 0, 0, -160, 199, 144, 99, 75, 141
74.928, 6.217386394379401, 0.08297814427689783, 0.08005089058524174, 0.7836940298507463, 0.431872460217994, 0.1, -0.3318724602179941, 0, 0, 0, 250, 0, 0, 0, -160, 247, 86, 48, 58, 141
74.976, 6.221295931903867, 0.08297716511822271, 0.08005089058524174, 0.7836940298507463, 0.431872460217994, 0.19, -0.241872460217994, 0, 0, 0, 250, 0, 0, 0, -160, 259, 84, 12, 2, 141
75.02800000000001, 6.225694161618893, 0.0829782769315308, 0.08005089058524174, 0.7836940298507463, 0.431872460217994, 0.54, 0.108127539782006, 0, 0, 0, 250, 0, 0, 0, 160, 259, 96, 0, 12, 142
75.077, 6.229848045238639, 0.08297944836952247, 0.08005089058524174, 0.7836940298507463, 0.431872460217994, 0.79, 0.3581275397820059, 0, 0, 0, 250, 0, 0, 0, 160, 238, 97, 21, 1, 142
75.127, 6.234001928858385, 0.08297951374150951, 0.08005089058524174, 0.7836940298507463, 0.431872460217994, 0.8100000000000001, 0.378127539782006, 0, 0, 0, 250, 0, 0, 0, 160, 146, 195, 92, 98, 142
75.17300000000001, 6.237667120287574, 0.08297749351878432, 0.08005089058524174, 0.7836940298507463, 0.431872460217994, 0.8, 0.368127539782006, 0, 0, 0, 250, 0, 0, 0, 160, 77, 258, 69, 63, 142
75.225, 6.241821003907321, 0.08297535399012721, 0.08005089058524174, 0.7836940298507463, 0.431872460217994, 0.77, 0.338127539782006, 0, 0, 0, 250, 0, 0, 0, 160, 92, 246, 15, 12, 142
75.27500000000001, 6.246219233622347, 0.08297866799896841, 0.08005089058524174, 0.7836940298507463, 0.431872460217994, 0.76, 0.328127539782006, 0, 0, 0, 250, 0, 0, 0, 160, 103, 263, 11, 17, 142
75.32299999999999, 6.250128771146814, 0.08297769301736274, 0.08005089058524174, 0.7836940298507463, 0.431872460217994, 0.77, 0.338127539782006, 0, 0, 0, 250, 0, 0, 0, 160, 78, 244, 25, 19, 142
75.37300000000001, 6.25428265476656, 0.08297775934043438, 0.08005089058524174, 0.7836940298507463, 0.431872460217994, 0.8100000000000001, 0.378127539782006, 0, 0, 0, 250, 0, 0, 0, 160, 91, 256, 13, 12, 142
75.42300000000001, 6.258192192291028, 0.08297458589940771, 0.08005089058524174, 0.7836940298507463, 0.431872460217994, 0.8100000000000001, 0.378127539782006, 0, 0, 0, 250, 0, 0, 0, 160, 100, 243, 9, 13, 142
75.466, 6.262101729815494, 0.08297911284307496, 0.08005089058524174, 0.7836940298507463, 0.431872460217994, 0.7800000000000001, 0.348127539782006, 0, 0, 0, 250, 0, 0, 0, 160, 81, 251, 19, 8, 142
75.51600000000001, 6.266255613435241, 0.08297917810047197, 0.08005089058524174, 0.7836940298507463, 0.431872460217994, 0.76, 0.328127539782006, 0, 0, 0, 250, 0, 0, 0, 160, 86, 257, 5, 6, 142
75.564, 6.270165150959708, 0.08297820590439507, 0.08005089058524174, 0.7836940298507463, 0.431872460217994, 0.7800000000000001, 0.348127539782006, 0, 0, 0, 250, 0, 0, 0, 160, 100, 241, 14, 16, 142
75.61100000000001, 6.273830342388896, 0.0829751007444538, 0.08005089058524174, 0.7836940298507463, 0.431872460217994, 0.79, 0.3581275397820059, 0, 0, 0, 250, 0, 0, 0, 160, 86, 237, 14, 4, 142
75.661, 6.278228572103923, 0.08297839801355947, 0.08005089058524174, 0.7836940298507463, 0.431872460217994, 0.8299999999999999, 0.398127539782006, 0, 0, 0, 250, 0, 0, 0, 160, 86, 261, 0, 24, 142
75.707, 6.282138109628391, 0.08297962024156803, 0.08005089058524174, 0.7836940298507463, 0.431872460217994, 0.8199999999999999, 0.388127539782006, 0, 0, 0, 250, 0, 0, 0, 160, 88, 257, 2, 4, 142
75.75700000000001, 6.286291993248136, 0.08297968495648107, 0.08005089058524174, 0.7836940298507463, 0.431872460217994, 0.8199999999999999, 0.388127539782006, 0, 0, 0, 250, 0, 0, 0, 160, 94, 249, 6, 8, 142
75.807, 6.290445876867882, 0.08297974958602612, 0.08005089058524174, 0.7836940298507463, 0.431872460217994, 0.79, 0.3581275397820059, 0, 0, 0, 250, 0, 0, 0, 160, 88, 235, 6, 14, 142
75.857, 6.29435541439235, 0.08297659298933981, 0.08005089058524174, 0.7836940298507463, 0.431872460217994, 0.8199999999999999, 0.388127539782006, 0, 0, 0, 250, 0, 0, 0, 160, 87, 259, 1, 24, 142
75.90900000000001, 6.298753644107375, 0.08297769229086636, 0.08005089058524174, 0.7836940298507463, 0.431872460217994, 0.85, 0.418127539782006, 0, 0, 0, 250, 0, 0, 0, 160, 89, 247, 2, 12, 142
75.96299999999999, 6.303396219917681, 0.08297982201753063, 0.08005089058524174, 0.7836940298507463, 0.431872460217994, 0.8199999999999999, 0.388127539782006, 0, 0, 0, 250, 0, 0, 0, 160, 91, 249, 2, 2, 142
76.01600000000001, 6.308038795727986, 0.08298304035634583, 0.08005089058524174, 0.7836940298507463, 0.431872460217994, 0.8, 0.368127539782006, 0, 0, 0, 250, 0, 0, 0, 160, 92, 256, 1, 7, 142
76.064, 6.311703987157174, 0.08297885973860399, 0.08005089058524174, 0.7836940298507463, 0.431872460217994, 0.8100000000000001, 0.378127539782006, 0, 0, 0, 250, 0, 0, 0, 160, 92, 255, 0, 1, 142
76.112, 6.315369178586362, 0.08297468439387169, 0.08005089058524174, 0.7836940298507463, 0.431872460217994, 0.8, 0.368127539782006, 0, 0, 0, 250, 0, 0, 0, 160, 85, 238, 7, 17, 142
76.16500000000001, 6.320011754396667, 0.08297790001177269, 0.08005089058524174, 0.7836940298507463, 0.431872460217994, 0.79, 0.3581275397820059, 0, 0, 0, 250, 0, 0, 0, 160, 95, 251, 10, 13, 142
76.216, 6.324409984111692, 0.08298008271375686, 0.08005089058524174, 0.7836940298507463, 0.431872460217994, 0.8, 0.368127539782006, 0, 0, 0, 250, 0, 0, 0, 160, 89, 254, 6, 3, 142
76.261, 6.32807517554088, 0.08297917907634151, 0.08005089058524174, 0.7836940298507463, 0.431872460217994, 0.8199999999999999, 0.388127539782006, 0, 0, 0, 250, 0, 0, 0, 160, 90, 250, 1, 4, 142
76.30800000000001, 6.331984713065347, 0.08297930378289758, 0.08005089058524174, 0.7836940298507463, 0.431872460217994, 0.84, 0.4081275397820059, 0, 0, 0, 250, 0, 0, 0, 160, 94, 245, 4, 5, 142
76.362, 6.336627288875653, 0.08298142124192207, 0.08005089058524174, 0.7836940298507463, 0.431872460217994, 0.8699999999999999, 0.438127539782006, 0, 0, 0, 250, 0, 0, 0, 160, 85, 257, 9, 12, 142
76.413, 6.340536826400119, 0.08297720056011569, 0.08005089058524174, 0.7836940298507463, 0.431872460217994, 0.8199999999999999, 0.388127539782006, 0, 0, 0, 250, 0, 0, 0, 160, 85, 259, 0, 2, 142
76.458, 6.344690710019867, 0.08298269258965531, 0.08005089058524174, 0.7836940298507463, 0.431872460217994, 0.8100000000000001, 0.378127539782006, 0, 0, 0, 250, 0, 0, 0, 160, 99, 245, 14, 14, 142
76.50700000000001, 6.348600247544333, 0.08298064552974672, 0.08005089058524174, 0.7836940298507463, 0.431872460217994, 0.8, 0.368127539782006, 0, 0, 0, 250, 0, 0, 0, 160, 91, 246, 8, 1, 142
76.556, 6.352509785068801, 0.08297860109029731, 0.08005089058524174, 0.7836940298507463, 0.431872460217994, 0.79, 0.3581275397820059, 0, 0, 0, 250, 0, 0, 0, 160, 81, 252, 10, 6, 142
76.606, 6.356419322593267, 0.08297547610622233, 0.08005089058524174, 0.7836940298507463, 0.431872460217994, 0.77, 0.338127539782006, 0, 0, 0, 250, 0, 0, 0, 160, 95, 259, 14, 7, 142
76.657, 6.361061898403573, 0.08298083538885649, 0.08005089058524174, 0.7836940298507463, 0.431872460217994, 0.7800000000000001, 0.348127539782006, 0, 0, 0, 250, 0, 0, 0, 160, 92, 246, 3, 13, 142
76.707, 6.3654601281186, 0.08298408395737805, 0.08005089058524174, 0.7836940298507463, 0.431872460217994, 0.77, 0.338127539782006, 0, 0, 0, 250, 0, 0, 0, 160, 87, 253, 5, 7, 142
76.761, 6.369369665643066, 0.08297663742842154, 0.08005089058524174, 0.7836940298507463, 0.431872460217994, 0.77, 0.338127539782006, 0, 0, 0, 250, 0, 0, 0, 160, 91, 240, 4, 13, 142
76.80800000000001, 6.373767895358092, 0.08298312539524648, 0.08005089058524174, 0.7836940298507463, 0.431872460217994, 0.77, 0.338127539782006, 0, 0, 0, 250, 0, 0, 0, 160, 97, 270, 6, 30, 142
76.856, 6.377921778977838, 0.082985346348728, 0.08005089058524174, 0.7836940298507463, 0.431872460217994, 0.7800000000000001, 0.348127539782006, 0, 0, 0, 250, 0, 0, 0, 160, 85, 243, 12, 27, 142
76.904, 6.381342624311748, 0.08297803266815443, 0.08005089058524174, 0.7836940298507463, 0.431872460217994, 0.79, 0.3581275397820059, 0, 0, 0, 250, 0, 0, 0, 160, 91, 239, 6, 4, 142
76.952, 6.385740854026773, 0.08298342933291886, 0.08005089058524174, 0.7836940298507463, 0.431872460217994, 0.77, 0.338127539782006, 0, 0, 0, 250, 0, 0, 0, 160, 91, 246, 0, 7, 142
77.00400000000001, 6.38965039155124, 0.08297816206367514, 0.08005089058524174, 0.7836940298507463, 0.431872460217994, 0.7199999999999999, 0.288127539782006, 0, 0, 0, 250, 0, 0, 0, 160, 86, 251, 5, 5, 142
77.04800000000001, 6.393315582980428, 0.08297834574525528, 0.08005089058524174, 0.7836940298507463, 0.431872460217994, 0.6800000000000001, 0.248127539782006, 0, 0, 0, 250, 0, 0, 0, 160, 95, 249, 9, 2, 142
77.098, 6.397713812695454, 0.08298157945336396, 0.08005089058524174, 0.7836940298507463, 0.431872460217994, 0.7, 0.268127539782006, 0, 0, 0, 250, 0, 0, 0, 160, 88, 253, 7, 4, 142
77.15300000000001, 6.402112042410479, 0.08297943103198163, 0.08005089058524174, 0.7836940298507463, 0.431872460217994, 0.67, 0.238127539782006, 0, 0, 0, 250, 0, 0, 0, 160, 91, 246, 3, 7, 142
77.20300000000001, 6.406265926030227, 0.0829794946573349, 0.08005089058524174, 0.7836940298507463, 0.431872460217994, 0.6899999999999999, 0.258127539782006, 0, 0, 0, 250, 0, 0, 0, 160, 85, 261, 6, 15, 142
77.252, 6.410419809649973, 0.08298063234155716, 0.08005089058524174, 0.7836940298507463, 0.431872460217994, 0.74, 0.308127539782006, 0, 0, 0, 250, 0, 0, 0, 160, 92, 245, 7, 16, 142
77.30700000000001, 6.415062385460278, 0.0829816495978408, 0.08005089058524174, 0.7836940298507463, 0.431872460217994, 0.67, 0.238127539782006, 0, 0, 0, 250, 0, 0, 0, 160, 92, 251, 0, 6, 142
77.361, 6.418971922984746, 0.08297426252226247, 0.08005089058524174, 0.7836940298507463, 0.431872460217994, 0.51, 0.07812753978200597, 0, 0, 0, 250, 0, 0, 0, 160, 83, 246, 9, 5, 142
77.416, 6.424347537080887, 0.08298475169320151, 0.08005089058524174, 0.7836940298507463, 0.431872460217994, 0.51, 0.07812753978200597, 0, 0, 0, 250, 0, 0, 0, 160, 89, 259, 6, 13, 142
77.466, 6.428257074605355, 0.08298165743171657, 0.08005089058524174, 0.7836940298507463, 0.431872460217994, 0.5699999999999999, 0.138127539782006, 0, 0, 0, 250, 0, 0, 0, 160, 99, 248, 10, 11, 142
77.53100000000001, 6.433632688701498, 0.08298142276897625, 0.08005089058524174, 0.7836940298507463, 0.431872460217994, 0.32, -0.111872460217994, 0, 0, 0, 250, 0, 0, 0, -160, 84, 252, 15, 4, 143
