Tempo (s), Distância (m), Vel. Média (m/s), Preto (%), Branco (%), Limite (%), Refletância (%), Erro (%), Ganho Proporcional ((°/s)/%), Ganho Integral ((°/s)/%), Ganho Derivativo ((°/s)/%), Vel. Base (°/s), Correção P (°/s), Correção I (°/s), Correção D (°/s), Correção (°/s), Vel. Angular Esq. (°/s), Vel. Angular Dir. (°/s), Suavidade Esq. (°/s), Suavidade Dir. (°/s), Oscilação
0.006, 0.0, 0.0, 0.08005089058524174, 0.7836940298507463, 0.431872460217994, 0.62, 0.188127539782006, 0, 0, 0, 260, 0, 0, 0, 190, 0, 0, 0, 0, 0
0.05800000000000001, 0.0004886921905584122, 0.008425727423420902, 0.08005089058524174, 0.7836940298507463, 0.431872460217994, 0.8100000000000001, 0.378127539782006, 0, 0, 0, 260, 0, 0, 0, 190, 3, 0, 3, 0, 0
0.1, 0.001466076571675237, 0.01466076571675237, 0.08005089058524174, 0.7836940298507463, 0.431872460217994, 0.8100000000000001, 0.378127539782006, 0, 0, 0, 260, 0, 0, 0, 190, 48, 28, 45, 28, 0
0.149, 0.004153883619746504, 0.02787841355534566, 0.08005089058524174, 0.7836940298507463, 0.431872460217994, 0.8, 0.368127539782006, 0, 0, 0, 260, 0, 0, 0, 190, 70, 185, 22, 157, 0
0.2, 0.008063421144213802, 0.04031710572106901, 0.08005089058524174, 0.7836940298507463, 0.431872460217994, 0.74, 0.308127539782006, 0, 0, 0, 260, 0, 0, 0, 190, 78, 253, 8, 68, 0
0.25, 0.01246165085923951, 0.04984660343695805, 0.08005089058524174, 0.7836940298507463, 0.431872460217994, 0.39, -0.04187246021799403, 0, 0, 0, 260, 0, 0, 0, -190, 71, 277, 7, 24, 1
0.3, 0.01661553447898602, 0.05538511492995339, 0.08005089058524174, 0.7836940298507463, 0.431872460217994, 0.1, -0.3318724602179941, 0, 0, 0, 260, 0, 0, 0, -190, 90, 244, 19, 33, 1
0.349, 0.02052507200345331, 0.05881109456576881, 0.08005089058524174, 0.7836940298507463, 0.431872460217994, 0.08, -0.351872460217994, 0, 0, 0, 260, 0, 0, 0, -190, 181, 164, 91, 80, 1
0.398, 0.02443460952792061, 0.06139349127618244, 0.08005089058524174, 0.7836940298507463, 0.431872460217994, 0.08, -0.351872460217994, 0, 0, 0, 260, 0, 0, 0, -190, 244, 60, 63, 104, 1
0.449, 0.0280998009571087, 0.06258307562830446, 0.08005089058524174, 0.7836940298507463, 0.431872460217994, 0.08, -0.351872460217994, 0, 0, 0, 260, 0, 0, 0, -190, 261, 76, 17, 16, 1
0.5, 0.03249803067213442, 0.06499606134426884, 0.08005089058524174, 0.7836940298507463, 0.431872460217994, 0.12, -0.311872460217994, 0, 0, 0, 260, 0, 0, 0, -190, 271, 73, 10, 3, 1
0.549, 0.03665191429188092, 0.06676122821836233, 0.08005089058524174, 0.7836940298507463, 0.431872460217994, 0.27, -0.161872460217994, 0, 0, 0, 260, 0, 0, 0, -190, 264, 57, 7, 16, 1
0.604, 0.04056145181634822, 0.06715472155024539, 0.08005089058524174, 0.7836940298507463, 0.431872460217994, 0.5300000000000001, 0.09812753978200597, 0, 0, 0, 260, 0, 0, 0, 190, 250, 77, 14, 20, 2
0.656, 0.04495968153137392, 0.06853609989538707, 0.08005089058524174, 0.7836940298507463, 0.431872460217994, 0.7800000000000001, 0.348127539782006, 0, 0, 0, 260, 0, 0, 0, 190, 247, 84, 3, 7, 2
0.7, 0.04886921905584122, 0.06981317007977318, 0.08005089058524174, 0.7836940298507463, 0.431872460217994, 0.8199999999999999, 0.388127539782006, 0, 0, 0, 260, 0, 0, 0, 190, 156, 193, 91, 109, 2
0.75, 0.05277875658030853, 0.07037167544041136, 0.08005089058524174, 0.7836940298507463, 0.431872460217994, 0.8100000000000001, 0.378127539782006, 0, 0, 0, 260, 0, 0, 0, 190, 72, 261, 84, 68, 2
0.7960000000000001, 0.0561996019142174, 0.07060251496760981, 0.08005089058524174, 0.7836940298507463, 0.431872460217994, 0.79, 0.3581275397820059, 0, 0, 0, 260, 0, 0, 0, 190, 53, 254, 19, 7, 2
0.849, 0.06084217772452232, 0.07166334243171063, 0.08005089058524174, 0.7836940298507463, 0.431872460217994, 0.65, 0.218127539782006, 0, 0, 0, 260, 0, 0, 0, 190, 81, 264, 28, 10, 2
0.909, 0.06572909963010645, 0.0723092405171688, 0.08005089058524174, 0.7836940298507463, 0.431872460217994, 0.17, -0.261872460217994, 0, 0, 0, 260, 0, 0, 0, -190, 64, 273, 17, 9, 3
0.959, 0.06939429105929453, 0.07236109599509337, 0.08005089058524174, 0.7836940298507463, 0.431872460217994, 0.08, -0.351872460217994, 0, 0, 0, 260, 0, 0, 0, -190, 75, 225, 11, 48, 3
1.009, 0.07330382858376185, 0.07264997877478874, 0.08005089058524174, 0.7836940298507463, 0.431872460217994, 0.08, -0.351872460217994, 0, 0, 0, 260, 0, 0, 0, -190, 192, 145, 117, 80, 3
1.055, 0.07696902001294993, 0.07295641707388619, 0.08005089058524174, 0.7836940298507463, 0.431872460217994, 0.08, -0.351872460217994, 0, 0, 0, 260, 0, 0, 0, -190, 238, 87, 46, 58, 3
1.106, 0.08087855753741723, 0.07312708638102823, 0.08005089058524174, 0.7836940298507463, 0.431872460217994, 0.08, -0.351872460217994, 0, 0, 0, 260, 0, 0, 0, -190, 251, 63, 13, 24, 3
1.15, 0.08478809506188455, 0.07372877831468221, 0.08005089058524174, 0.7836940298507463, 0.431872460217994, 0.08, -0.351872460217994, 0, 0, 0, 260, 0, 0, 0, -190, 275, 72, 24, 9, 3
1.2, 0.08918632477691023, 0.07432193731409187, 0.08005089058524174, 0.7836940298507463, 0.431872460217994, 0.11, -0.321872460217994, 0, 0, 0, 260, 0, 0, 0, -190, 260, 74, 15, 2, 3
1.249, 0.09309586230137754, 0.07453631889621901, 0.08005089058524174, 0.7836940298507463, 0.431872460217994, 0.3, -0.131872460217994, 0, 0, 0, 260, 0, 0, 0, -190, 259, 58, 1, 16, 3
1.301, 0.09724974592112405, 0.07474999686481478, 0.08005089058524174, 0.7836940298507463, 0.431872460217994, 0.6800000000000001, 0.248127539782006, 0, 0, 0, 260, 0, 0, 0, 190, 258, 75, 1, 17, 4
1.35, 0.1011592834455913, 0.07493280255228987, 0.08005089058524174, 0.7836940298507463, 0.431872460217994, 0.8100000000000001, 0.378127539782006, 0, 0, 0, 260, 0, 0, 0, 190, 240, 94, 18, 19, 4
1.399, 0.1053131670653378, 0.07527746037550953, 0.08005089058524174, 0.7836940298507463, 0.431872460217994, 0.85, 0.418127539782006, 0, 0, 0, 260, 0, 0, 0, 190, 170, 182, 70, 88, 4
1.45, 0.1092227045898051, 0.07532600316538286, 0.08005089058524174, 0.7836940298507463, 0.431872460217994, 0.8699999999999999, 0.438127539782006, 0, 0, 0, 260, 0, 0, 0, 190, 86, 254, 84, 72, 4
1.499, 0.112643549923714, 0.07514579714724085, 0.08005089058524174, 0.7836940298507463, 0.431872460217994, 0.8800000000000001, 0.448127539782006, 0, 0, 0, 260, 0, 0, 0, 190, 45, 248, 41, 6, 4
1.545, 0.1167974335434605, 0.07559704436469938, 0.08005089058524174, 0.7836940298507463, 0.431872460217994, 0.8699999999999999, 0.438127539782006, 0, 0, 0, 260, 0, 0, 0, 190, 84, 253, 39, 5, 4
1.594, 0.120951317163207, 0.07587911992672963, 0.08005089058524174, 0.7836940298507463, 0.431872460217994, 0.77, 0.338127539782006, 0, 0, 0, 260, 0, 0, 0, 190, 81, 270, 3, 17, 4
1.647, 0.1248608546876743, 0.07581108359907367, 0.08005089058524174, 0.7836940298507463, 0.431872460217994, 0.39, -0.04187246021799403, 0, 0, 0, 260, 0, 0, 0, -190, 70, 263, 11, 7, 5
1.698, 0.1290147383074208, 0.07598041125289802, 0.08005089058524174, 0.7836940298507463, 0.431872460217994, 0.13, -0.301872460217994, 0, 0, 0, 260, 0, 0, 0, -190, 88, 245, 18, 18, 5
1.748, 0.1329242758318882, 0.07604363605943256, 0.08005089058524174, 0.7836940298507463, 0.431872460217994, 0.09, -0.3418724602179941, 0, 0, 0, 260, 0, 0, 0, -190, 192, 150, 104, 95, 5
1.799, 0.1370781594516346, 0.07619686462014154, 0.08005089058524174, 0.7836940298507463, 0.431872460217994, 0.08, -0.351872460217994, 0, 0, 0, 260, 0, 0, 0, -190, 249, 67, 57, 83, 5
1.861, 0.1419650813572188, 0.07628429949340074, 0.08005089058524174, 0.7836940298507463, 0.431872460217994, 0.1, -0.3318724602179941, 0, 0, 0, 260, 0, 0, 0, -190, 267, 70, 18, 3, 5
1.911, 0.1466076571675237, 0.07671776931843207, 0.08005089058524174, 0.7836940298507463, 0.431872460217994, 0.32, -0.111872460217994, 0, 0, 0, 260, 0, 0, 0, -190, 270, 81, 3, 11, 5
1.96, 0.1502728485967117, 0.07666982071260804, 0.08005089058524174, 0.7836940298507463, 0.431872460217994, 0.65, 0.218127539782006, 0, 0, 0, 260, 0, 0, 0, 190, 257, 62, 13, 19, 6
2.01, 0.1544267322164583, 0.0768292200081882, 0.08005089058524174, 0.7836940298507463, 0.431872460217994, 0.76, 0.328127539782006, 0, 0, 0, 260, 0, 0, 0, 190, 240, 90, 17, 28, 6
2.061, 0.1585806158362048, 0.07694353024561123, 0.08005089058524174, 0.7836940298507463, 0.431872460217994, 0.76, 0.328127539782006, 0, 0, 0, 260, 0, 0, 0, 190, 161, 185, 79, 95, 6
2.109, 0.1622458072653929, 0.07693020733304545, 0.08005089058524174, 0.7836940298507463, 0.431872460217994, 0.7800000000000001, 0.348127539782006, 0, 0, 0, 260, 0, 0, 0, 190, 80, 261, 81, 76, 6
2.164, 0.1663996908851394, 0.07689449671217162, 0.08005089058524174, 0.7836940298507463, 0.431872460217994, 0.8100000000000001, 0.378127539782006, 0, 0, 0, 260, 0, 0, 0, 190, 57, 235, 23, 26, 6
2.21, 0.1703092284096066, 0.07706299928036502, 0.08005089058524174, 0.7836940298507463, 0.431872460217994, 0.8, 0.368127539782006, 0, 0, 0, 260, 0, 0, 0, 190, 83, 270, 26, 35, 6
2.264, 0.1749518042199116, 0.07727553189925423, 0.08005089058524174, 0.7836940298507463, 0.431872460217994, 0.55, 0.118127539782006, 0, 0, 0, 260, 0, 0, 0, 190, 65, 273, 18, 3, 6
2.319, 0.1791056878396581, 0.07723401804211215, 0.08005089058524174, 0.7836940298507463, 0.431872460217994, 0.13, -0.301872460217994, 0, 0, 0, 260, 0, 0, 0, -190, 60, 254, 5, 19, 7
2.369, 0.1832595714594046, 0.0773573539296769, 0.08005089058524174, 0.7836940298507463, 0.431872460217994, 0.08, -0.351872460217994, 0, 0, 0, 260, 0, 0, 0, -190, 96, 231, 36, 23, 7
2.418, 0.1871691089838719, 0.07740657939779648, 0.08005089058524174, 0.7836940298507463, 0.431872460217994, 0.08, -0.351872460217994, 0, 0, 0, 260, 0, 0, 0, -190, 182, 160, 86, 71, 7
2.469, 0.1913229926036184, 0.07749007395853315, 0.08005089058524174, 0.7836940298507463, 0.431872460217994, 0.08, -0.351872460217994, 0, 0, 0, 260, 0, 0, 0, -190, 243, 58, 61, 102, 7
2.519, 0.1952325301280857, 0.07750398178963307, 0.08005089058524174, 0.7836940298507463, 0.431872460217994, 0.08, -0.351872460217994, 0, 0, 0, 260, 0, 0, 0, -190, 251, 53, 8, 5, 7
2.564, 0.1986533754619946, 0.07747791554679977, 0.08005089058524174, 0.7836940298507463, 0.431872460217994, 0.07000000000000001, -0.361872460217994, 0, 0, 0, 260, 0, 0, 0, -190, 273, 88, 22, 35, 7
2.613, 0.2030516051770203, 0.07770823007157301, 0.08005089058524174, 0.7836940298507463, 0.431872460217994, 0.12, -0.311872460217994, 0, 0, 0, 260, 0, 0, 0, -190, 275, 65, 2, 23, 7
2.661, 0.2067167966062084, 0.07768387696588064, 0.08005089058524174, 0.7836940298507463, 0.431872460217994, 0.33, -0.101872460217994, 0, 0, 0, 260, 0, 0, 0, -190, 244, 72, 31, 7, 7
2.71, 0.2106263341306756, 0.07772189451316446, 0.08005089058524174, 0.7836940298507463, 0.431872460217994, 0.71, 0.278127539782006, 0, 0, 0, 260, 0, 0, 0, 190, 261, 65, 17, 7, 8
2.756, 0.2140471794645846, 0.07766588514680137, 0.08005089058524174, 0.7836940298507463, 0.431872460217994, 0.74, 0.308127539782006, 0, 0, 0, 260, 0, 0, 0, 190, 239, 92, 22, 27, 8
2.801, 0.2184454091796103, 0.07798836457679768, 0.08005089058524174, 0.7836940298507463, 0.431872460217994, 0.74, 0.308127539782006, 0, 0, 0, 260, 0, 0, 0, 190, 178, 176, 61, 84, 8
2.847, 0.2218662545135191, 0.0779298400117735, 0.08005089058524174, 0.7836940298507463, 0.431872460217994, 0.75, 0.318127539782006, 0, 0, 0, 260, 0, 0, 0, 190, 97, 247, 81, 71, 8
2.894, 0.225287099847428, 0.07784626808826124, 0.08005089058524174, 0.7836940298507463, 0.431872460217994, 0.79, 0.3581275397820059, 0, 0, 0, 260, 0, 0, 0, 190, 56, 253, 41, 6, 8
2.94, 0.2289522912766162, 0.07787492900565175, 0.08005089058524174, 0.7836940298507463, 0.431872460217994, 0.7800000000000001, 0.348127539782006, 0, 0, 0, 260, 0, 0, 0, 190, 75, 253, 19, 0, 8
2.989, 0.2335948670869211, 0.07815151123684211, 0.08005089058524174, 0.7836940298507463, 0.431872460217994, 0.76, 0.328127539782006, 0, 0, 0, 260, 0, 0, 0, 190, 76, 279, 1, 26, 8
3.046, 0.2379930968019468, 0.07813299304069165, 0.08005089058524174, 0.7836940298507463, 0.431872460217994, 0.45, 0.01812753978200597, 0, 0, 0, 260, 0, 0, 0, 190, 68, 251, 8, 28, 8
3.1, 0.2423913265169725, 0.07819075048934597, 0.08005089058524174, 0.7836940298507463, 0.431872460217994, 0.14, -0.291872460217994, 0, 0, 0, 260, 0, 0, 0, -190, 73, 249, 5, 2, 9
3.146, 0.2455678257556022, 0.07805716012574766, 0.08005089058524174, 0.7836940298507463, 0.431872460217994, 0.09, -0.3418724602179941, 0, 0, 0, 260, 0, 0, 0, -190, 67, 257, 6, 8, 9
3.191, 0.2494773632800695, 0.07818156166721074, 0.08005089058524174, 0.7836940298507463, 0.431872460217994, 0.08, -0.351872460217994, 0, 0, 0, 260, 0, 0, 0, -190, 164, 157, 97, 100, 9
3.24, 0.2531425547092576, 0.07813041812014122, 0.08005089058524174, 0.7836940298507463, 0.431872460217994, 0.08, -0.351872460217994, 0, 0, 0, 260, 0, 0, 0, -190, 243, 96, 79, 61, 9
3.285, 0.2568077461384457, 0.07817587401474753, 0.08005089058524174, 0.7836940298507463, 0.431872460217994, 0.08, -0.351872460217994, 0, 0, 0, 260, 0, 0, 0, -190, 247, 61, 4, 35, 9
3.33, 0.2604729375676337, 0.07822010137166179, 0.08005089058524174, 0.7836940298507463, 0.431872460217994, 0.08, -0.351872460217994, 0, 0, 0, 260, 0, 0, 0, -190, 271, 72, 24, 11, 9
3.383, 0.2648711672826594, 0.07829475828633149, 0.08005089058524174, 0.7836940298507463, 0.431872460217994, 0.09, -0.3418724602179941, 0, 0, 0, 260, 0, 0, 0, -190, 264, 71, 7, 1, 9
3.428, 0.2685363587118475, 0.07833616065106403, 0.08005089058524174, 0.7836940298507463, 0.431872460217994, 0.16, -0.271872460217994, 0, 0, 0, 260, 0, 0, 0, -190, 252, 66, 12, 5, 9
3.479, 0.2724458962363149, 0.07831155396272345, 0.08005089058524174, 0.7836940298507463, 0.431872460217994, 0.38, -0.05187246021799403, 0, 0, 0, 260, 0, 0, 0, -190, 251, 79, 1, 13, 9
3.53, 0.2765997798560613, 0.07835687814619301, 0.08005089058524174, 0.7836940298507463, 0.431872460217994, 0.7199999999999999, 0.288127539782006, 0, 0, 0, 260, 0, 0, 0, 190, 273, 65, 22, 14, 10
3.578, 0.2805093173805286, 0.07839835589170728, 0.08005089058524174, 0.7836940298507463, 0.431872460217994, 0.8199999999999999, 0.388127539782006, 0, 0, 0, 260, 0, 0, 0, 190, 247, 85, 26, 20, 10
3.63, 0.2851518931908336, 0.078554240548439, 0.08005089058524174, 0.7836940298507463, 0.431872460217994, 0.8199999999999999, 0.388127539782006, 0, 0, 0, 260, 0, 0, 0, 190, 167, 176, 80, 91, 10
3.68, 0.2890614307153008, 0.07854930182481001, 0.08005089058524174, 0.7836940298507463, 0.431872460217994, 0.8299999999999999, 0.398127539782006, 0, 0, 0, 260, 0, 0, 0, 190, 66, 257, 101, 81, 10
3.726, 0.2922379299539306, 0.07843207996616495, 0.08005089058524174, 0.7836940298507463, 0.431872460217994, 0.8199999999999999, 0.388127539782006, 0, 0, 0, 260, 0, 0, 0, 190, 47, 249, 19, 8, 10
3.781, 0.2971248518595146, 0.07858366883351353, 0.08005089058524174, 0.7836940298507463, 0.431872460217994, 0.8100000000000001, 0.378127539782006, 0, 0, 0, 260, 0, 0, 0, 190, 100, 256, 53, 7, 10
3.831, 0.3010343893839819, 0.07857854069015451, 0.08005089058524174, 0.7836940298507463, 0.431872460217994, 0.8, 0.368127539782006, 0, 0, 0, 260, 0, 0, 0, 190, 65, 276, 35, 20, 10
3.879, 0.3049439269084493, 0.07861405694984514, 0.08005089058524174, 0.7836940298507463, 0.431872460217994, 0.64, 0.208127539782006, 0, 0, 0, 260, 0, 0, 0, 190, 64, 270, 1, 6, 10
3.931, 0.3090978105281957, 0.07863083452765091, 0.08005089058524174, 0.7836940298507463, 0.431872460217994, 0.3, -0.131872460217994, 0, 0, 0, 260, 0, 0, 0, -190, 74, 248, 10, 22, 11
3.979, 0.313007348052663, 0.0786648273567889, 0.08005089058524174, 0.7836940298507463, 0.431872460217994, 0.1, -0.3318724602179941, 0, 0, 0, 260, 0, 0, 0, -190, 88, 247, 14, 1, 11
4.029, 0.3171612316724095, 0.07871959088419199, 0.08005089058524174, 0.7836940298507463, 0.431872460217994, 0.09, -0.3418724602179941, 0, 0, 0, 260, 0, 0, 0, -190, 185, 156, 97, 91, 11
4.08, 0.3208264231015976, 0.07863392723078373, 0.08005089058524174, 0.7836940298507463, 0.431872460217994, 0.09, -0.3418724602179941, 0, 0, 0, 260, 0, 0, 0, -190, 246, 75, 61, 81, 11
4.129, 0.3249803067213441, 0.07870678293081719, 0.08005089058524174, 0.7836940298507463, 0.431872460217994, 0.09, -0.3418724602179941, 0, 0, 0, 260, 0, 0, 0, -190, 252, 57, 6, 18, 11
4.176, 0.3288898442458115, 0.07875714661058702, 0.08005089058524174, 0.7836940298507463, 0.431872460217994, 0.09, -0.3418724602179941, 0, 0, 0, 260, 0, 0, 0, -190, 273, 80, 21, 23, 11
4.227, 0.333043727865558, 0.07878962097600141, 0.08005089058524174, 0.7836940298507463, 0.431872460217994, 0.2, -0.2318724602179941, 0, 0, 0, 260, 0, 0, 0, -190, 269, 70, 4, 10, 11
4.277, 0.3369532653900253, 0.07878261991817284, 0.08005089058524174, 0.7836940298507463, 0.431872460217994, 0.5, 0.06812753978200598, 0, 0, 0, 260, 0, 0, 0, 190, 248, 66, 21, 4, 12
4.329, 0.3411071490097718, 0.07879583021708749, 0.08005089058524174, 0.7836940298507463, 0.431872460217994, 0.74, 0.308127539782006, 0, 0, 0, 260, 0, 0, 0, 190, 254, 98, 6, 32, 12
4.379, 0.3455053787247975, 0.0789005203756103, 0.08005089058524174, 0.7836940298507463, 0.431872460217994, 0.79, 0.3581275397820059, 0, 0, 0, 260, 0, 0, 0, 190, 143, 197, 111, 99, 12
4.424, 0.3489262240587063, 0.07887120796987034, 0.08005089058524174, 0.7836940298507463, 0.431872460217994, 0.79, 0.3581275397820059, 0, 0, 0, 260, 0, 0, 0, 190, 75, 247, 68, 50, 12
4.47, 0.3525914154878945, 0.07887951129483097, 0.08005089058524174, 0.7836940298507463, 0.431872460217994, 0.7199999999999999, 0.288127539782006, 0, 0, 0, 260, 0, 0, 0, 190, 57, 263, 18, 16, 12
4.526, 0.356745299107641, 0.07882132105780842, 0.08005089058524174, 0.7836940298507463, 0.431872460217994, 0.18, -0.251872460217994, 0, 0, 0, 260, 0, 0, 0, -190, 80, 258, 23, 5, 13
4.571, 0.3608991827273875, 0.07895409816831929, 0.08005089058524174, 0.7836940298507463, 0.431872460217994, 0.08, -0.351872460217994, 0, 0, 0, 260, 0, 0, 0, -190, 81, 266, 1, 8, 13
4.624, 0.365053066347134, 0.07894746244531445, 0.08005089058524174, 0.7836940298507463, 0.431872460217994, 0.09, -0.3418724602179941, 0, 0, 0, 260, 0, 0, 0, -190, 191, 147, 110, 119, 13
4.671, 0.3689626038716013, 0.07899006719580417, 0.08005089058524174, 0.7836940298507463, 0.431872460217994, 0.1, -0.3318724602179941, 0, 0, 0, 260, 0, 0, 0, -190, 252, 65, 61, 82, 13
4.719, 0.3723834492055102, 0.0789115171022484, 0.08005089058524174, 0.7836940298507463, 0.431872460217994, 0.09, -0.3418724602179941, 0, 0, 0, 260, 0, 0, 0, -190, 248, 60, 4, 5, 13
4.769, 0.3767816789205359, 0.07900643298816017, 0.08005089058524174, 0.7836940298507463, 0.431872460217994, 0.08, -0.351872460217994, 0, 0, 0, 260, 0, 0, 0, -190, 277, 78, 29, 18, 13
4.819, 0.3806912164450031, 0.07899796979560138, 0.08005089058524174, 0.7836940298507463, 0.431872460217994, 0.08, -0.351872460217994, 0, 0, 0, 260, 0, 0, 0, -190, 264, 69, 13, 9, 13
4.875, 0.3853337922553081, 0.07904282918057603, 0.08005089058524174, 0.7836940298507463, 0.431872460217994, 0.08, -0.351872460217994, 0, 0, 0, 260, 0, 0, 0, -190, 260, 69, 4, 0, 13
4.921, 0.388754637589217, 0.07899911351132229, 0.08005089058524174, 0.7836940298507463, 0.431872460217994, 0.08, -0.351872460217994, 0, 0, 0, 260, 0, 0, 0, -190, 255, 71, 5, 2, 13
4.97, 0.3931528673042426, 0.07910520468898242, 0.08005089058524174, 0.7836940298507463, 0.431872460217994, 0.09, -0.3418724602179941, 0, 0, 0, 260, 0, 0, 0, -190, 265, 74, 10, 3, 13
5.02, 0.39706240482871, 0.0790960965794243, 0.08005089058524174, 0.7836940298507463, 0.431872460217994, 0.13, -0.301872460217994, 0, 0, 0, 260, 0, 0, 0, -190, 260, 66, 5, 8, 13
5.074, 0.4012162884484565, 0.07907297762090194, 0.08005089058524174, 0.7836940298507463, 0.431872460217994, 0.34, -0.09187246021799403, 0, 0, 0, 260, 0, 0, 0, -190, 263, 73, 3, 7, 13
5.129, 0.4058588642587614, 0.07913021334738962, 0.08005089058524174, 0.7836940298507463, 0.431872460217994, 0.63, 0.198127539782006, 0, 0, 0, 260, 0, 0, 0, 190, 256, 67, 7, 6, 14
5.176, 0.4095240556879495, 0.07911979437556984, 0.08005089058524174, 0.7836940298507463, 0.431872460217994, 0.76, 0.328127539782006, 0, 0, 0, 260, 0, 0, 0, 190, 234, 97, 22, 30, 14
5.23, 0.4139222854029752, 0.07914384042121897, 0.08005089058524174, 0.7836940298507463, 0.431872460217994, 0.7800000000000001, 0.348127539782006, 0, 0, 0, 260, 0, 0, 0, 190, 160, 185, 74, 88, 14
5.28, 0.4180761690227217, 0.07918109261793972, 0.08005089058524174, 0.7836940298507463, 0.431872460217994, 0.7800000000000001, 0.348127539782006, 0, 0, 0, 260, 0, 0, 0, 190, 88, 261, 72, 76, 14
5.338, 0.4224743987377474, 0.07914469815244425, 0.08005089058524174, 0.7836940298507463, 0.431872460217994, 0.4699999999999999, 0.03812753978200597, 0, 0, 0, 260, 0, 0, 0, 190, 52, 234, 36, 27, 14
5.389, 0.4266282823574939, 0.0791665025714407, 0.08005089058524174, 0.7836940298507463, 0.431872460217994, 0.08, -0.351872460217994, 0, 0, 0, 260, 0, 0, 0, -190, 86, 277, 34, 43, 15
5.44, 0.4310265120725197, 0.07923281471921317, 0.08005089058524174, 0.7836940298507463, 0.431872460217994, 0.09, -0.3418724602179941, 0, 0, 0, 260, 0, 0, 0, -190, 87, 254, 1, 23, 15
5.498, 0.4356690878828245, 0.07924137647923326, 0.08005089058524174, 0.7836940298507463, 0.431872460217994, 0.5899999999999999, 0.158127539782006, 0, 0, 0, 260, 0, 0, 0, 190, 191, 138, 104, 116, 16
5.55, 0.4395786254072918, 0.07920335592924176, 0.08005089058524174, 0.7836940298507463, 0.431872460217994, 0.71, 0.278127539782006, 0, 0, 0, 260, 0, 0, 0, 190, 215, 88, 24, 50, 16
5.595, 0.44324381683648, 0.07922141498417872, 0.08005089058524174, 0.7836940298507463, 0.431872460217994, 0.77, 0.338127539782006, 0, 0, 0, 260, 0, 0, 0, 190, 147, 199, 68, 111, 16
5.64, 0.446909008265668, 0.07923918586270711, 0.08005089058524174, 0.7836940298507463, 0.431872460217994, 0.8199999999999999, 0.388127539782006, 0, 0, 0, 260, 0, 0, 0, 190, 82, 258, 65, 59, 16
5.693, 0.4513072379806937, 0.07927406252954396, 0.08005089058524174, 0.7836940298507463, 0.431872460217994, 0.79, 0.3581275397820059, 0, 0, 0, 260, 0, 0, 0, 190, 63, 278, 19, 20, 16
5.738, 0.4549724294098819, 0.07929111701113312, 0.08005089058524174, 0.7836940298507463, 0.431872460217994, 0.77, 0.338127539782006, 0, 0, 0, 260, 0, 0, 0, 190, 72, 251, 9, 27, 16
5.788, 0.4588819669343492, 0.07928161142611422, 0.08005089058524174, 0.7836940298507463, 0.431872460217994, 0.7800000000000001, 0.348127539782006, 0, 0, 0, 260, 0, 0, 0, 190, 78, 263, 6, 12, 16
5.839, 0.4632801966493748, 0.07934238682126646, 0.08005089058524174, 0.7836940298507463, 0.431872460217994, 0.8, 0.368127539782006, 0, 0, 0, 260, 0, 0, 0, 190, 67, 252, 11, 11, 16
5.881, 0.4662123497927253, 0.07927433256125238, 0.08005089058524174, 0.7836940298507463, 0.431872460217994, 0.8, 0.368127539782006, 0, 0, 0, 260, 0, 0, 0, 190, 70, 256, 3, 4, 16
5.93, 0.4703662334124718, 0.07931976954679119, 0.08005089058524174, 0.7836940298507463, 0.431872460217994, 0.79, 0.3581275397820059, 0, 0, 0, 260, 0, 0, 0, 190, 66, 263, 4, 7, 16
5.981, 0.4745201170322184, 0.07933792292797498, 0.08005089058524174, 0.7836940298507463, 0.431872460217994, 0.7800000000000001, 0.348127539782006, 0, 0, 0, 260, 0, 0, 0, 190, 74, 262, 8, 1, 16
6.031, 0.4786740006519647, 0.07936892731752028, 0.08005089058524174, 0.7836940298507463, 0.431872460217994, 0.75, 0.318127539782006, 0, 0, 0, 260, 0, 0, 0, 190, 72, 254, 2, 8, 16
6.08, 0.4823391920811529, 0.07933210396071594, 0.08005089058524174, 0.7836940298507463, 0.431872460217994, 0.71, 0.278127539782006, 0, 0, 0, 260, 0, 0, 0, 190, 69, 271, 3, 17, 16
6.129, 0.4867374217961785, 0.079415471006066, 0.08005089058524174, 0.7836940298507463, 0.431872460217994, 0.7, 0.268127539782006, 0, 0, 0, 260, 0, 0, 0, 190, 70, 252, 1, 19, 16
6.179, 0.4906469593206459, 0.07940556066040555, 0.08005089058524174, 0.7836940298507463, 0.431872460217994, 0.67, 0.238127539782006, 0, 0, 0, 260, 0, 0, 0, 190, 66, 259, 4, 7, 16
6.229, 0.4945564968451132, 0.07939580941485201, 0.08005089058524174, 0.7836940298507463, 0.431872460217994, 0.6600000000000001, 0.228127539782006, 0, 0, 0, 260, 0, 0, 0, 190, 74, 266, 8, 7, 16
6.274, 0.4979773421790221, 0.07937158785129457, 0.08005089058524174, 0.7836940298507463, 0.431872460217994, 0.7199999999999999, 0.288127539782006, 0, 0, 0, 260, 0, 0, 0, 190, 67, 252, 7, 14, 16
6.325, 0.5023755718940478, 0.079426967888387, 0.08005089058524174, 0.7836940298507463, 0.431872460217994, 0.7800000000000001, 0.348127539782006, 0, 0, 0, 260, 0, 0, 0, 190, 75, 257, 8, 5, 16
6.374, 0.5060407633232359, 0.07939139681883212, 0.08005089058524174, 0.7836940298507463, 0.431872460217994, 0.79, 0.3581275397820059, 0, 0, 0, 260, 0, 0, 0, 190, 69, 258, 6, 1, 16
6.42, 0.509705954752424, 0.0793934508960162, 0.08005089058524174, 0.7836940298507463, 0.431872460217994, 0.79, 0.3581275397820059, 0, 0, 0, 260, 0, 0, 0, 190, 74, 266, 5, 8, 16
6.471, 0.5141041844674498, 0.079447409128025, 0.08005089058524174, 0.7836940298507463, 0.431872460217994, 0.79, 0.3581275397820059, 0, 0, 0, 260, 0, 0, 0, 190, 65, 267, 9, 1, 16
6.529, 0.5189911063730338, 0.07949013729101453, 0.08005089058524174, 0.7836940298507463, 0.431872460217994, 0.35, -0.08187246021799403, 0, 0, 0, 260, 0, 0, 0, -190, 74, 256, 9, 11, 17
6.579, 0.5229006438975011, 0.07948026203032393, 0.08005089058524174, 0.7836940298507463, 0.431872460217994, 0.2, -0.2318724602179941, 0, 0, 0, 260, 0, 0, 0, -190, 88, 233, 14, 23, 17
6.634, 0.5268101814219684, 0.07941063934609111, 0.08005089058524174, 0.7836940298507463, 0.431872460217994, 0.21, -0.221872460217994, 0, 0, 0, 260, 0, 0, 0, -190, 191, 156, 103, 77, 17
6.678, 0.5304753728511566, 0.0794362642784002, 0.08005089058524174, 0.7836940298507463, 0.431872460217994, 0.19, -0.241872460217994, 0, 0, 0, 260, 0, 0, 0, -190, 246, 84, 55, 72, 17
6.725, 0.5343849103756239, 0.07946244020455373, 0.08005089058524174, 0.7836940298507463, 0.431872460217994, 0.18, -0.251872460217994, 0, 0, 0, 260, 0, 0, 0, -190, 263, 55, 17, 29, 17
6.776, 0.5387831400906496, 0.07951345042660117, 0.08005089058524174, 0.7836940298507463, 0.431872460217994, 0.19, -0.241872460217994, 0, 0, 0, 260, 0, 0, 0, -190, 248, 86, 15, 31, 17
6.829, 0.5424483315198376, 0.07943305484255934, 0.08005089058524174, 0.7836940298507463, 0.431872460217994, 0.2, -0.2318724602179941, 0, 0, 0, 260, 0, 0, 0, -190, 279, 59, 31, 27, 17
6.886, 0.5473352534254218, 0.07948522413961978, 0.08005089058524174, 0.7836940298507463, 0.431872460217994, 0.19, -0.241872460217994, 0, 0, 0, 260, 0, 0, 0, -190, 263, 73, 16, 14, 17
6.939, 0.5517334831404474, 0.0795119589480397, 0.08005089058524174, 0.7836940298507463, 0.431872460217994, 0.2, -0.2318724602179941, 0, 0, 0, 260, 0, 0, 0, -190, 254, 67, 9, 6, 17
6.991, 0.5561317128554731, 0.07954966569238636, 0.08005089058524174, 0.7836940298507463, 0.431872460217994, 0.19, -0.241872460217994, 0, 0, 0, 260, 0, 0, 0, -190, 263, 80, 9, 13, 17
7.044, 0.5600412503799403, 0.0795061400312238, 0.08005089058524174, 0.7836940298507463, 0.431872460217994, 0.18, -0.251872460217994, 0, 0, 0, 260, 0, 0, 0, -190, 257, 62, 6, 18, 17
7.089, 0.5641951339996869, 0.07958740781488038, 0.08005089058524174, 0.7836940298507463, 0.431872460217994, 0.19, -0.241872460217994, 0, 0, 0, 260, 0, 0, 0, -190, 274, 71, 17, 9, 17
7.139, 0.5678603254288751, 0.07954339899550007, 0.08005089058524174, 0.7836940298507463, 0.431872460217994, 0.18, -0.251872460217994, 0, 0, 0, 260, 0, 0, 0, -190, 245, 72, 29, 1, 17
7.189, 0.5717698629533423, 0.07953399123012134, 0.08005089058524174, 0.7836940298507463, 0.431872460217994, 0.18, -0.251872460217994, 0, 0, 0, 260, 0, 0, 0, -190, 255, 68, 10, 4, 17
7.234, 0.5754350543825304, 0.07954590190524335, 0.08005089058524174, 0.7836940298507463, 0.431872460217994, 0.17, -0.261872460217994, 0, 0, 0, 260, 0, 0, 0, -190, 269, 75, 14, 7, 17
7.284, 0.579588938002277, 0.07957014525017531, 0.08005089058524174, 0.7836940298507463, 0.431872460217994, 0.2, -0.2318724602179941, 0, 0, 0, 260, 0, 0, 0, -190, 261, 68, 8, 7, 17
7.336, 0.5837428216220236, 0.0795723584544743, 0.08005089058524174, 0.7836940298507463, 0.431872460217994, 0.2, -0.2318724602179941, 0, 0, 0, 260, 0, 0, 0, -190, 265, 72, 4, 4, 17
7.385, 0.58789670524177, 0.07960686597722004, 0.08005089058524174, 0.7836940298507463, 0.431872460217994, 0.18, -0.251872460217994, 0, 0, 0, 260, 0, 0, 0, -190, 249, 66, 16, 6, 17
7.435, 0.591561896670958, 0.07956447836865609, 0.08005089058524174, 0.7836940298507463, 0.431872460217994, 0.17, -0.261872460217994, 0, 0, 0, 260, 0, 0, 0, -190, 255, 74, 6, 8, 17
7.481, 0.5952270881001462, 0.0795651768614017, 0.08005089058524174, 0.7836940298507463, 0.431872460217994, 0.18, -0.251872460217994, 0, 0, 0, 260, 0, 0, 0, -190, 264, 62, 9, 12, 17
7.529, 0.5993809717198926, 0.07960963895867879, 0.08005089058524174, 0.7836940298507463, 0.431872460217994, 0.19, -0.241872460217994, 0, 0, 0, 260, 0, 0, 0, -190, 255, 76, 9, 14, 17
7.575, 0.6025574709585223, 0.079545540720597, 0.08005089058524174, 0.7836940298507463, 0.431872460217994, 0.2, -0.2318724602179941, 0, 0, 0, 260, 0, 0, 0, -190, 236, 65, 19, 11, 17
7.621, 0.6064670084829896, 0.07957840289764986, 0.08005089058524174, 0.7836940298507463, 0.431872460217994, 0.2, -0.2318724602179941, 0, 0, 0, 260, 0, 0, 0, -190, 257, 73, 21, 8, 17
7.67, 0.6108652381980154, 0.0796434469619316, 0.08005089058524174, 0.7836940298507463, 0.431872460217994, 0.22, -0.211872460217994, 0, 0, 0, 260, 0, 0, 0, -190, 279, 68, 22, 5, 17
7.718, 0.6147747757224826, 0.07965467423198791, 0.08005089058524174, 0.7836940298507463, 0.431872460217994, 0.22, -0.211872460217994, 0, 0, 0, 260, 0, 0, 0, -190, 273, 72, 6, 4, 17
7.768, 0.6184399671516708, 0.07961379597730057, 0.08005089058524174, 0.7836940298507463, 0.431872460217994, 0.22, -0.211872460217994, 0, 0, 0, 260, 0, 0, 0, -190, 246, 64, 27, 8, 17
7.814, 0.6218608124855796, 0.07958290408057072, 0.08005089058524174, 0.7836940298507463, 0.431872460217994, 0.26, -0.171872460217994, 0, 0, 0, 260, 0, 0, 0, -190, 251, 72, 5, 8, 17
7.866, 0.6262590422006054, 0.07961594739392388, 0.08005089058524174, 0.7836940298507463, 0.431872460217994, 0.25, -0.181872460217994, 0, 0, 0, 260, 0, 0, 0, -190, 272, 73, 21, 1, 17
7.916, 0.6306572719156311, 0.07966868013082756, 0.08005089058524174, 0.7836940298507463, 0.431872460217994, 0.23, -0.201872460217994, 0, 0, 0, 260, 0, 0, 0, -190, 261, 73, 11, 0, 17
7.962, 0.6343224633448191, 0.07966873440653343, 0.08005089058524174, 0.7836940298507463, 0.431872460217994, 0.23, -0.201872460217994, 0, 0, 0, 260, 0, 0, 0, -190, 263, 68, 2, 5, 17
8.01, 0.6382320008692863, 0.0796794008575888, 0.08005089058524174, 0.7836940298507463, 0.431872460217994, 0.22, -0.211872460217994, 0, 0, 0, 260, 0, 0, 0, -190, 253, 71, 10, 3, 17
8.061, 0.6421415383937537, 0.07966028264405827, 0.08005089058524174, 0.7836940298507463, 0.431872460217994, 0.2, -0.2318724602179941, 0, 0, 0, 260, 0, 0, 0, -190, 268, 64, 15, 7, 17
8.105, 0.6455623837276626, 0.07964989311877391, 0.08005089058524174, 0.7836940298507463, 0.431872460217994, 0.2, -0.2318724602179941, 0, 0, 0, 260, 0, 0, 0, -190, 254, 75, 14, 11, 17
8.148999999999999, 0.6492275751568507, 0.07966960058373428, 0.08005089058524174, 0.7836940298507463, 0.431872460217994, 0.19, -0.241872460217994, 0, 0, 0, 260, 0, 0, 0, -190, 268, 63, 14, 12, 17
8.199, 0.6531371126813179, 0.07966058210529551, 0.08005089058524174, 0.7836940298507463, 0.431872460217994, 0.19, -0.241872460217994, 0, 0, 0, 260, 0, 0, 0, -190, 256, 76, 12, 13, 17
8.246, 0.6570466502057853, 0.07968065124979206, 0.08005089058524174, 0.7836940298507463, 0.431872460217994, 0.21, -0.221872460217994, 0, 0, 0, 260, 0, 0, 0, -190, 265, 75, 9, 1, 17
8.289999999999999, 0.6607118416349733, 0.07969986026959872, 0.08005089058524174, 0.7836940298507463, 0.431872460217994, 0.23, -0.201872460217994, 0, 0, 0, 260, 0, 0, 0, -190, 254, 68, 11, 7, 17
8.339, 0.6646213791594406, 0.0797003692480442, 0.08005089058524174, 0.7836940298507463, 0.431872460217994, 0.26, -0.171872460217994, 0, 0, 0, 260, 0, 0, 0, -190, 252, 71, 2, 3, 17
8.387, 0.6682865705886289, 0.07968124127681278, 0.08005089058524174, 0.7836940298507463, 0.431872460217994, 0.2, -0.2318724602179941, 0, 0, 0, 260, 0, 0, 0, -190, 255, 64, 3, 7, 17
8.43, 0.6719517620178169, 0.07970958031053582, 0.08005089058524174, 0.7836940298507463, 0.431872460217994, 0.21, -0.221872460217994, 0, 0, 0, 260, 0, 0, 0, -190, 262, 73, 7, 9, 17
8.48, 0.6758612995422842, 0.07970062494602407, 0.08005089058524174, 0.7836940298507463, 0.431872460217994, 0.21, -0.221872460217994, 0, 0, 0, 260, 0, 0, 0, -190, 261, 65, 1, 8, 17
8.526999999999999, 0.6795264909714723, 0.07969115644089037, 0.08005089058524174, 0.7836940298507463, 0.431872460217994, 0.21, -0.221872460217994, 0, 0, 0, 260, 0, 0, 0, -190, 264, 67, 3, 2, 17
8.576000000000001, 0.6836803745912188, 0.07972019293274473, 0.08005089058524174, 0.7836940298507463, 0.431872460217994, 0.23, -0.201872460217994, 0, 0, 0, 260, 0, 0, 0, -190, 263, 81, 1, 14, 17
8.621, 0.6873455660204069, 0.07972921540661256, 0.08005089058524174, 0.7836940298507463, 0.431872460217994, 0.25, -0.181872460217994, 0, 0, 0, 260, 0, 0, 0, -190, 257, 60, 6, 21, 17
8.67, 0.6914994496401533, 0.07975772198848365, 0.08005089058524174, 0.7836940298507463, 0.431872460217994, 0.22, -0.211872460217994, 0, 0, 0, 260, 0, 0, 0, -190, 264, 79, 7, 19, 17
8.720000000000001, 0.6954089871646207, 0.07974873706016293, 0.08005089058524174, 0.7836940298507463, 0.431872460217994, 0.21, -0.221872460217994, 0, 0, 0, 260, 0, 0, 0, -190, 261, 73, 3, 6, 17
8.769, 0.6993185246890881, 0.07974894796317573, 0.08005089058524174, 0.7836940298507463, 0.431872460217994, 0.21, -0.221872460217994, 0, 0, 0, 260, 0, 0, 0, -190, 250, 65, 11, 8, 17
8.82, 0.7034724083088344, 0.0797587764522488, 0.08005089058524174, 0.7836940298507463, 0.431872460217994, 0.21, -0.221872460217994, 0, 0, 0, 260, 0, 0, 0, -190, 260, 69, 10, 4, 17
8.869999999999999, 0.7073819458333016, 0.07974993752348382, 0.08005089058524174, 0.7836940298507463, 0.431872460217994, 0.23, -0.201872460217994, 0, 0, 0, 260, 0, 0, 0, -190, 257, 65, 3, 4, 17
8.920999999999999, 0.7115358294530482, 0.07975964908116223, 0.08005089058524174, 0.7836940298507463, 0.431872460217994, 0.19, -0.241872460217994, 0, 0, 0, 260, 0, 0, 0, -190, 265, 72, 8, 7, 17
8.970000000000001, 0.7154453669775155, 0.07975979564966728, 0.08005089058524174, 0.7836940298507463, 0.431872460217994, 0.19, -0.241872460217994, 0, 0, 0, 260, 0, 0, 0, -190, 248, 68, 17, 4, 17
9.02, 0.7193549045019828, 0.07975109806008679, 0.08005089058524174, 0.7836940298507463, 0.431872460217994, 0.18, -0.251872460217994, 0, 0, 0, 260, 0, 0, 0, -190, 265, 74, 17, 6, 17
9.077999999999999, 0.7239974803122879, 0.07975297205466929, 0.08005089058524174, 0.7836940298507463, 0.431872460217994, 0.18, -0.251872460217994, 0, 0, 0, 260, 0, 0, 0, -190, 261, 61, 4, 13, 17
9.122, 0.7276626717414758, 0.07977008021721945, 0.08005089058524174, 0.7836940298507463, 0.431872460217994, 0.17, -0.261872460217994, 0, 0, 0, 260, 0, 0, 0, -190, 257, 73, 4, 12, 17
9.169, 0.7313278631706639, 0.07976091865750506, 0.08005089058524174, 0.7836940298507463, 0.431872460217994, 0.16, -0.271872460217994, 0, 0, 0, 260, 0, 0, 0, -190, 265, 77, 8, 4, 17
9.218999999999999, 0.7354817467904105, 0.07977890734248946, 0.08005089058524174, 0.7836940298507463, 0.431872460217994, 0.17, -0.261872460217994, 0, 0, 0, 260, 0, 0, 0, -190, 260, 68, 5, 9, 17
9.269, 0.7393912843148777, 0.07977034030800278, 0.08005089058524174, 0.7836940298507463, 0.431872460217994, 0.2, -0.2318724602179941, 0, 0, 0, 260, 0, 0, 0, -190, 257, 72, 3, 4, 17
9.316000000000001, 0.743300821839345, 0.07978755064827661, 0.08005089058524174, 0.7836940298507463, 0.431872460217994, 0.2, -0.2318724602179941, 0, 0, 0, 260, 0, 0, 0, -190, 265, 65, 8, 7, 17
9.359999999999999, 0.7469660132685332, 0.07980406124663817, 0.08005089058524174, 0.7836940298507463, 0.431872460217994, 0.19, -0.241872460217994, 0, 0, 0, 260, 0, 0, 0, -190, 261, 73, 4, 8, 17
9.411, 0.7508755507930005, 0.07978700996631606, 0.08005089058524174, 0.7836940298507463, 0.431872460217994, 0.2, -0.2318724602179941, 0, 0, 0, 260, 0, 0, 0, -190, 258, 63, 3, 10, 17
9.465, 0.7552737805080261, 0.07979649028082685, 0.08005089058524174, 0.7836940298507463, 0.431872460217994, 0.21, -0.221872460217994, 0, 0, 0, 260, 0, 0, 0, -190, 254, 75, 4, 12, 17
9.516, 0.7594276641277727, 0.07980534511641157, 0.08005089058524174, 0.7836940298507463, 0.431872460217994, 0.18, -0.251872460217994, 0, 0, 0, 260, 0, 0, 0, -190, 257, 66, 3, 9, 17
9.566000000000001, 0.7633372016522398, 0.07979690588043487, 0.08005089058524174, 0.7836940298507463, 0.431872460217994, 0.18, -0.251872460217994, 0, 0, 0, 260, 0, 0, 0, -190, 257, 74, 0, 8, 17
9.619, 0.7679797774625449, 0.07983987706232922, 0.08005089058524174, 0.7836940298507463, 0.431872460217994, 0.44, 0.008127539782005968, 0, 0, 0, 260, 0, 0, 0, 190, 270, 69, 13, 5, 18
9.676, 0.7723780071775705, 0.07982410160991842, 0.08005089058524174, 0.7836940298507463, 0.431872460217994, 0.73, 0.298127539782006, 0, 0, 0, 260, 0, 0, 0, 190, 239, 91, 31, 22, 18
9.726000000000001, 0.776531890797317, 0.07984082776036572, 0.08005089058524174, 0.7836940298507463, 0.431872460217994, 0.6899999999999999, 0.258127539782006, 0, 0, 0, 260, 0, 0, 0, 190, 148, 188, 91, 97, 18
9.771000000000001, 0.7804414283217843, 0.07987324002883884, 0.08005089058524174, 0.7836940298507463, 0.431872460217994, 0.7, 0.268127539782006, 0, 0, 0, 260, 0, 0, 0, 190, 71, 257, 77, 69, 18
9.82, 0.7841066197509726, 0.07984792461822531, 0.08005089058524174, 0.7836940298507463, 0.431872460217994, 0.7, 0.268127539782006, 0, 0, 0, 260, 0, 0, 0, 190, 66, 237, 5, 20, 18
9.871, 0.7877718111801606, 0.07980668738528625, 0.08005089058524174, 0.7836940298507463, 0.431872460217994, 0.7, 0.268127539782006, 0, 0, 0, 260, 0, 0, 0, 190, 68, 278, 2, 41, 18
9.92, 0.7921700408951864, 0.07985585089669217, 0.08005089058524174, 0.7836940298507463, 0.431872460217994, 0.71, 0.278127539782006, 0, 0, 0, 260, 0, 0, 0, 190, 72, 272, 4, 6, 18
9.968999999999999, 0.7963239245149327, 0.07988002051509005, 0.08005089058524174, 0.7836940298507463, 0.431872460217994, 0.73, 0.298127539782006, 0, 0, 0, 260, 0, 0, 0, 190, 68, 250, 4, 22, 18
10.017, 0.7997447698488417, 0.07983875110800057, 0.08005089058524174, 0.7836940298507463, 0.431872460217994, 0.61, 0.178127539782006, 0, 0, 0, 260, 0, 0, 0, 190, 71, 256, 3, 6, 18
10.068, 0.8043873456591465, 0.07989544553626803, 0.08005089058524174, 0.7836940298507463, 0.431872460217994, 0.41, -0.02187246021799403, 0, 0, 0, 260, 0, 0, 0, -190, 71, 272, 0, 16, 19
10.12, 0.8082968831836139, 0.07987123351616737, 0.08005089058524174, 0.7836940298507463, 0.431872460217994, 0.25, -0.181872460217994, 0, 0, 0, 260, 0, 0, 0, -190, 80, 231, 9, 41, 19
10.164, 0.8117177285175227, 0.07986203547004357, 0.08005089058524174, 0.7836940298507463, 0.431872460217994, 0.2, -0.2318724602179941, 0, 0, 0, 260, 0, 0, 0, -190, 177, 167, 97, 64, 19
10.211, 0.8153829199467108, 0.0798533855593684, 0.08005089058524174, 0.7836940298507463, 0.431872460217994, 0.15, -0.2818724602179941, 0, 0, 0, 260, 0, 0, 0, -190, 230, 79, 53, 88, 19
10.261, 0.8195368035664574, 0.07986909692685483, 0.08005089058524174, 0.7836940298507463, 0.431872460217994, 0.18, -0.251872460217994, 0, 0, 0, 260, 0, 0, 0, -190, 278, 56, 48, 23, 19
10.316, 0.8241793793767622, 0.07989330936184201, 0.08005089058524174, 0.7836940298507463, 0.431872460217994, 0.5899999999999999, 0.158127539782006, 0, 0, 0, 260, 0, 0, 0, 190, 280, 78, 2, 22, 20
10.361, 0.8280889169012296, 0.07992364799741623, 0.08005089058524174, 0.7836940298507463, 0.431872460217994, 0.6899999999999999, 0.258127539782006, 0, 0, 0, 260, 0, 0, 0, 190, 234, 93, 46, 15, 20
10.414, 0.8319984544256968, 0.07989230405470491, 0.08005089058524174, 0.7836940298507463, 0.431872460217994, 0.67, 0.238127539782006, 0, 0, 0, 260, 0, 0, 0, 190, 145, 189, 89, 96, 20
10.466, 0.8363966841407226, 0.0799156013893295, 0.08005089058524174, 0.7836940298507463, 0.431872460217994, 0.6800000000000001, 0.248127539782006, 0, 0, 0, 260, 0, 0, 0, 190, 71, 261, 74, 72, 20
10.515, 0.8395731833793523, 0.07984528610359984, 0.08005089058524174, 0.7836940298507463, 0.431872460217994, 0.73, 0.298127539782006, 0, 0, 0, 260, 0, 0, 0, 190, 54, 243, 17, 18, 20
10.56, 0.8437270669990989, 0.07989839649612679, 0.08005089058524174, 0.7836940298507463, 0.431872460217994, 0.74, 0.308127539782006, 0, 0, 0, 260, 0, 0, 0, 190, 87, 281, 33, 38, 20
10.617, 0.8486139889046829, 0.07992973428507892, 0.08005089058524174, 0.7836940298507463, 0.431872460217994, 0.49, 0.05812753978200597, 0, 0, 0, 260, 0, 0, 0, 190, 67, 259, 20, 22, 20
10.67, 0.8525235264291503, 0.07989911213019214, 0.08005089058524174, 0.7836940298507463, 0.431872460217994, 0.27, -0.161872460217994, 0, 0, 0, 260, 0, 0, 0, -190, 68, 238, 1, 21, 21
10.72, 0.8566774100488967, 0.07991393750456126, 0.08005089058524174, 0.7836940298507463, 0.431872460217994, 0.18, -0.251872460217994, 0, 0, 0, 260, 0, 0, 0, -190, 93, 251, 25, 13, 21
10.768, 0.8603426014780847, 0.07989808706148632, 0.08005089058524174, 0.7836940298507463, 0.431872460217994, 0.19, -0.241872460217994, 0, 0, 0, 260, 0, 0, 0, -190, 185, 148, 92, 103, 21
10.819, 0.8647408311931105, 0.07992798143942236, 0.08005089058524174, 0.7836940298507463, 0.431872460217994, 0.22, -0.211872460217994, 0, 0, 0, 260, 0, 0, 0, -190, 248, 76, 63, 72, 21
10.869, 0.8681616765270192, 0.07987502774192835, 0.08005089058524174, 0.7836940298507463, 0.431872460217994, 0.22, -0.211872460217994, 0, 0, 0, 260, 0, 0, 0, -190, 278, 52, 30, 24, 21
10.918, 0.872559906242045, 0.07991939056988872, 0.08005089058524174, 0.7836940298507463, 0.431872460217994, 0.29, -0.141872460217994, 0, 0, 0, 260, 0, 0, 0, -190, 261, 78, 17, 26, 21
10.97, 0.8767137898617916, 0.0799192151195799, 0.08005089058524174, 0.7836940298507463, 0.431872460217994, 0.4699999999999999, 0.03812753978200597, 0, 0, 0, 260, 0, 0, 0, 190, 255, 69, 6, 9, 22
11.02, 0.8806233273862588, 0.07991137272107612, 0.08005089058524174, 0.7836940298507463, 0.431872460217994, 0.73, 0.298127539782006, 0, 0, 0, 260, 0, 0, 0, 190, 236, 77, 19, 8, 22
11.079, 0.8857545953871222, 0.07994896609686093, 0.08005089058524174, 0.7836940298507463, 0.431872460217994, 0.7800000000000001, 0.348127539782006, 0, 0, 0, 260, 0, 0, 0, 190, 155, 205, 81, 128, 22
11.128, 0.8896641329115894, 0.07994825062109899, 0.08005089058524174, 0.7836940298507463, 0.431872460217994, 0.77, 0.338127539782006, 0, 0, 0, 260, 0, 0, 0, 190, 79, 269, 76, 64, 22
11.175, 0.8930849782454985, 0.07991811885865758, 0.08005089058524174, 0.7836940298507463, 0.431872460217994, 0.8100000000000001, 0.378127539782006, 0, 0, 0, 260, 0, 0, 0, 190, 43, 243, 36, 26, 22
11.228, 0.8974832079605241, 0.07993259778772034, 0.08005089058524174, 0.7836940298507463, 0.431872460217994, 0.4699999999999999, 0.03812753978200597, 0, 0, 0, 260, 0, 0, 0, 190, 85, 272, 42, 29, 22
11.278, 0.9016370915802707, 0.07994654119349802, 0.08005089058524174, 0.7836940298507463, 0.431872460217994, 0.36, -0.07187246021799404, 0, 0, 0, 260, 0, 0, 0, -190, 65, 260, 20, 12, 23
11.331, 0.9057909752000171, 0.07993919117465511, 0.08005089058524174, 0.7836940298507463, 0.431872460217994, 0.2, -0.2318724602179941, 0, 0, 0, 260, 0, 0, 0, -190, 98, 220, 33, 40, 23
11.379, 0.9097005127244843, 0.07994555872435929, 0.08005089058524174, 0.7836940298507463, 0.431872460217994, 0.18, -0.251872460217994, 0, 0, 0, 260, 0, 0, 0, -190, 188, 157, 90, 63, 23
11.431, 0.9138543963442309, 0.07994527130996685, 0.08005089058524174, 0.7836940298507463, 0.431872460217994, 0.5899999999999999, 0.158127539782006, 0, 0, 0, 260, 0, 0, 0, 190, 259, 61, 71, 96, 24
11.49, 0.9187413182498151, 0.07996007991730332, 0.08005089058524174, 0.7836940298507463, 0.431872460217994, 0.73, 0.298127539782006, 0, 0, 0, 260, 0, 0, 0, 190, 253, 72, 6, 11, 24
11.54, 0.9231395479648407, 0.07999476152208325, 0.08005089058524174, 0.7836940298507463, 0.431872460217994, 0.8, 0.368127539782006, 0, 0, 0, 260, 0, 0, 0, 190, 141, 211, 112, 139, 24
11.587, 0.9265603932987496, 0.07996551249665571, 0.08005089058524174, 0.7836940298507463, 0.431872460217994, 0.8, 0.368127539782006, 0, 0, 0, 260, 0, 0, 0, 190, 68, 245, 73, 34, 24
11.641, 0.930469930823217, 0.07993041240642702, 0.08005089058524174, 0.7836940298507463, 0.431872460217994, 0.8, 0.368127539782006, 0, 0, 0, 260, 0, 0, 0, 190, 50, 247, 18, 2, 24
11.691, 0.9348681605382428, 0.07996477294827154, 0.08005089058524174, 0.7836940298507463, 0.431872460217994, 0.8100000000000001, 0.378127539782006, 0, 0, 0, 260, 0, 0, 0, 190, 85, 295, 35, 48, 24
11.738, 0.9390220441579892, 0.07999847028096687, 0.08005089058524174, 0.7836940298507463, 0.431872460217994, 0.8, 0.368127539782006, 0, 0, 0, 260, 0, 0, 0, 190, 71, 246, 14, 49, 24
11.785, 0.9424428894918979, 0.07996969787797182, 0.08005089058524174, 0.7836940298507463, 0.431872460217994, 0.8, 0.368127539782006, 0, 0, 0, 260, 0, 0, 0, 190, 68, 254, 3, 8, 24
11.835, 0.9463524270163653, 0.07996218225740305, 0.08005089058524174, 0.7836940298507463, 0.431872460217994, 0.8100000000000001, 0.378127539782006, 0, 0, 0, 260, 0, 0, 0, 190, 71, 267, 3, 13, 24
11.89, 0.9509950028266703, 0.07998275885842475, 0.08005089058524174, 0.7836940298507463, 0.431872460217994, 0.8100000000000001, 0.378127539782006, 0, 0, 0, 260, 0, 0, 0, 190, 72, 263, 1, 4, 24
11.94, 0.9551488864464167, 0.07999571913286571, 0.08005089058524174, 0.7836940298507463, 0.431872460217994, 0.8, 0.368127539782006, 0, 0, 0, 260, 0, 0, 0, 190, 72, 263, 0, 0, 24
11.989, 0.9588140778756049, 0.07997448309914129, 0.08005089058524174, 0.7836940298507463, 0.431872460217994, 0.8, 0.368127539782006, 0, 0, 0, 260, 0, 0, 0, 190, 62, 259, 10, 4, 24
12.04, 0.9632123075906305, 0.08000102222513544, 0.08005089058524174, 0.7836940298507463, 0.431872460217994, 0.8199999999999999, 0.388127539782006, 0, 0, 0, 260, 0, 0, 0, 190, 74, 260, 12, 1, 24
12.095, 0.9671218451150978, 0.07996046673130202, 0.08005089058524174, 0.7836940298507463, 0.431872460217994, 0.84, 0.4081275397820059, 0, 0, 0, 260, 0, 0, 0, 190, 72, 262, 2, 2, 24
12.149, 0.9715200748301235, 0.07996708163882817, 0.08005089058524174, 0.7836940298507463, 0.431872460217994, 0.84, 0.4081275397820059, 0, 0, 0, 260, 0, 0, 0, 190, 71, 260, 1, 2, 24
12.198, 0.97567395844987, 0.07998638780536727, 0.08005089058524174, 0.7836940298507463, 0.431872460217994, 0.8299999999999999, 0.398127539782006, 0, 0, 0, 260, 0, 0, 0, 190, 71, 254, 0, 6, 24
12.249, 0.9800721881648959, 0.08001242453791296, 0.08005089058524174, 0.7836940298507463, 0.431872460217994, 0.8199999999999999, 0.388127539782006, 0, 0, 0, 260, 0, 0, 0, 190, 65, 258, 6, 4, 24
12.302, 0.9842260717846422, 0.08000537081650481, 0.08005089058524174, 0.7836940298507463, 0.431872460217994, 0.79, 0.3581275397820059, 0, 0, 0, 260, 0, 0, 0, 190, 75, 265, 10, 7, 24
12.35, 0.9881356093091096, 0.08001098051085908, 0.08005089058524174, 0.7836940298507463, 0.431872460217994, 0.74, 0.308127539782006, 0, 0, 0, 260, 0, 0, 0, 190, 69, 276, 6, 11, 24
12.41, 0.9927781851194146, 0.07999824215305517, 0.08005089058524174, 0.7836940298507463, 0.431872460217994, 0.24, -0.191872460217994, 0, 0, 0, 260, 0, 0, 0, -190, 73, 247, 4, 29, 25
12.459, 0.996932068739161, 0.0800170213290923, 0.08005089058524174, 0.7836940298507463, 0.431872460217994, 0.09, -0.3418724602179941, 0, 0, 0, 260, 0, 0, 0, -190, 91, 244, 18, 3, 25
12.511, 1.001330298454187, 0.08003599220319613, 0.08005089058524174, 0.7836940298507463, 0.431872460217994, 0.08, -0.351872460217994, 0, 0, 0, 260, 0, 0, 0, -190, 196, 142, 105, 102, 25
12.559, 1.004995489883375, 0.0800219356543813, 0.08005089058524174, 0.7836940298507463, 0.431872460217994, 0.09, -0.3418724602179941, 0, 0, 0, 260, 0, 0, 0, -190, 248, 76, 52, 66, 25
12.608, 1.008660681312563, 0.08000164033253196, 0.08005089058524174, 0.7836940298507463, 0.431872460217994, 0.11, -0.321872460217994, 0, 0, 0, 260, 0, 0, 0, -190, 258, 59, 10, 17, 25
12.666, 1.013547603218147, 0.08002112768183698, 0.08005089058524174, 0.7836940298507463, 0.431872460217994, 0.7199999999999999, 0.288127539782006, 0, 0, 0, 260, 0, 0, 0, 190, 270, 75, 12, 16, 26
12.711, 1.017212794647335, 0.08002618162594093, 0.08005089058524174, 0.7836940298507463, 0.431872460217994, 0.77, 0.338127539782006, 0, 0, 0, 260, 0, 0, 0, 190, 241, 80, 29, 5, 26
12.759, 1.021122332171802, 0.08003153320572164, 0.08005089058524174, 0.7836940298507463, 0.431872460217994, 0.7800000000000001, 0.348127539782006, 0, 0, 0, 260, 0, 0, 0, 190, 153, 181, 88, 101, 26
12.807, 1.024787523600991, 0.0800177655657836, 0.08005089058524174, 0.7836940298507463, 0.431872460217994, 0.79, 0.3581275397820059, 0, 0, 0, 260, 0, 0, 0, 190, 88, 243, 65, 62, 26
12.851, 1.0282083689349, 0.08000998902302541, 0.08005089058524174, 0.7836940298507463, 0.431872460217994, 0.79, 0.3581275397820059, 0, 0, 0, 260, 0, 0, 0, 190, 58, 253, 30, 10, 26
12.9, 1.032606598649925, 0.08004702315115699, 0.08005089058524174, 0.7836940298507463, 0.431872460217994, 0.76, 0.328127539782006, 0, 0, 0, 260, 0, 0, 0, 190, 71, 277, 13, 24, 26
12.95, 1.037004828364951, 0.08007759292393445, 0.08005089058524174, 0.7836940298507463, 0.431872460217994, 0.76, 0.328127539782006, 0, 0, 0, 260, 0, 0, 0, 190, 80, 261, 9, 16, 26
13.0, 1.04042567369886, 0.08003274413068151, 0.08005089058524174, 0.7836940298507463, 0.431872460217994, 0.7800000000000001, 0.348127539782006, 0, 0, 0, 260, 0, 0, 0, 190, 66, 235, 14, 26, 26
13.051, 1.044579557318606, 0.08003827732117127, 0.08005089058524174, 0.7836940298507463, 0.431872460217994, 0.79, 0.3581275397820059, 0, 0, 0, 260, 0, 0, 0, 190, 64, 266, 2, 31, 26
13.106, 1.048733440938353, 0.08001933777951722, 0.08005089058524174, 0.7836940298507463, 0.431872460217994, 0.8, 0.368127539782006, 0, 0, 0, 260, 0, 0, 0, 190, 77, 268, 13, 2, 26
13.16, 1.053620362843937, 0.08006233760212286, 0.08005089058524174, 0.7836940298507463, 0.431872460217994, 0.8199999999999999, 0.388127539782006, 0, 0, 0, 260, 0, 0, 0, 190, 64, 261, 13, 7, 26
13.212, 1.057774246463683, 0.08006162931151099, 0.08005089058524174, 0.7836940298507463, 0.431872460217994, 0.8299999999999999, 0.398127539782006, 0, 0, 0, 260, 0, 0, 0, 190, 67, 257, 3, 4, 26
13.266, 1.061683783988151, 0.08003043750852939, 0.08005089058524174, 0.7836940298507463, 0.431872460217994, 0.8299999999999999, 0.398127539782006, 0, 0, 0, 260, 0, 0, 0, 190, 73, 253, 6, 4, 26
13.316, 1.065593321512618, 0.08002352970205902, 0.08005089058524174, 0.7836940298507463, 0.431872460217994, 0.8100000000000001, 0.378127539782006, 0, 0, 0, 260, 0, 0, 0, 190, 66, 269, 7, 16, 26
13.368, 1.069991551227644, 0.08004125906849518, 0.08005089058524174, 0.7836940298507463, 0.431872460217994, 0.8, 0.368127539782006, 0, 0, 0, 260, 0, 0, 0, 190, 71, 260, 5, 9, 26
13.416, 1.073901088752111, 0.08004629462970417, 0.08005089058524174, 0.7836940298507463, 0.431872460217994, 0.8, 0.368127539782006, 0, 0, 0, 260, 0, 0, 0, 190, 74, 259, 3, 1, 26
13.466, 1.078054972371858, 0.08005755030238062, 0.08005089058524174, 0.7836940298507463, 0.431872460217994, 0.8100000000000001, 0.378127539782006, 0, 0, 0, 260, 0, 0, 0, 190, 69, 261, 5, 2, 26
13.511, 1.081720163801046, 0.08006218368744323, 0.08005089058524174, 0.7836940298507463, 0.431872460217994, 0.8199999999999999, 0.388127539782006, 0, 0, 0, 260, 0, 0, 0, 190, 66, 266, 3, 5, 26
13.559, 1.085629701325513, 0.08006709206619313, 0.08005089058524174, 0.7836940298507463, 0.431872460217994, 0.8199999999999999, 0.388127539782006, 0, 0, 0, 260, 0, 0, 0, 190, 71, 252, 5, 14, 26
13.61, 1.08978358494526, 0.08007226928326666, 0.08005089058524174, 0.7836940298507463, 0.431872460217994, 0.8299999999999999, 0.398127539782006, 0, 0, 0, 260, 0, 0, 0, 190, 70, 249, 1, 3, 26
13.661, 1.093937468565006, 0.08007740784459454, 0.08005089058524174, 0.7836940298507463, 0.431872460217994, 0.84, 0.4081275397820059, 0, 0, 0, 260, 0, 0, 0, 190, 72, 270, 2, 21, 26
13.71, 1.097602659994194, 0.08005854558673917, 0.08005089058524174, 0.7836940298507463, 0.431872460217994, 0.84, 0.4081275397820059, 0, 0, 0, 260, 0, 0, 0, 190, 70, 255, 2, 15, 26
13.756, 1.101512197518661, 0.08007503616739323, 0.08005089058524174, 0.7836940298507463, 0.431872460217994, 0.8699999999999999, 0.438127539782006, 0, 0, 0, 260, 0, 0, 0, 190, 72, 267, 2, 12, 26
13.8, 1.105177388947849, 0.08008531803969921, 0.08005089058524174, 0.7836940298507463, 0.431872460217994, 0.8699999999999999, 0.438127539782006, 0, 0, 0, 260, 0, 0, 0, 190, 68, 253, 4, 14, 26
13.849, 1.108842580377037, 0.08006661711149089, 0.08005089058524174, 0.7836940298507463, 0.431872460217994, 0.8800000000000001, 0.448127539782006, 0, 0, 0, 260, 0, 0, 0, 190, 69, 258, 1, 5, 26
13.907, 1.113485156187342, 0.08006652449754384, 0.08005089058524174, 0.7836940298507463, 0.431872460217994, 0.85, 0.418127539782006, 0, 0, 0, 260, 0, 0, 0, 190, 74, 247, 5, 11, 26
13.956, 1.11739469371181, 0.08006554125192102, 0.08005089058524174, 0.7836940298507463, 0.431872460217994, 0.8299999999999999, 0.398127539782006, 0, 0, 0, 260, 0, 0, 0, 190, 71, 271, 3, 24, 26
14.001, 1.121059885140998, 0.08006998679672863, 0.08005089058524174, 0.7836940298507463, 0.431872460217994, 0.8199999999999999, 0.388127539782006, 0, 0, 0, 260, 0, 0, 0, 190, 69, 256, 2, 15, 26
14.049, 1.124969422665465, 0.08007469732119475, 0.08005089058524174, 0.7836940298507463, 0.431872460217994, 0.8100000000000001, 0.378127539782006, 0, 0, 0, 260, 0, 0, 0, 190, 69, 264, 0, 8, 26
14.101, 1.129367652380491, 0.08009131638752505, 0.08005089058524174, 0.7836940298507463, 0.431872460217994, 0.8199999999999999, 0.388127539782006, 0, 0, 0, 260, 0, 0, 0, 190, 68, 266, 1, 2, 26
14.145, 1.13254415161912, 0.08006674808194559, 0.08005089058524174, 0.7836940298507463, 0.431872460217994, 0.8100000000000001, 0.378127539782006, 0, 0, 0, 260, 0, 0, 0, 190, 68, 248, 0, 18, 26
14.189, 1.136209343048308, 0.08007677377181679, 0.08005089058524174, 0.7836940298507463, 0.431872460217994, 0.8100000000000001, 0.378127539782006, 0, 0, 0, 260, 0, 0, 0, 190, 74, 260, 6, 12, 26
14.236, 1.139874534477497, 0.08006986052806242, 0.08005089058524174, 0.7836940298507463, 0.431872460217994, 0.8100000000000001, 0.378127539782006, 0, 0, 0, 260, 0, 0, 0, 190, 65, 269, 9, 9, 26
14.279, 1.143784072001964, 0.08010253323075593, 0.08005089058524174, 0.7836940298507463, 0.431872460217994, 0.8100000000000001, 0.378127539782006, 0, 0, 0, 260, 0, 0, 0, 190, 73, 268, 8, 1, 26
14.329, 1.147693609526431, 0.08009586220437093, 0.08005089058524174, 0.7836940298507463, 0.431872460217994, 0.8100000000000001, 0.378127539782006, 0, 0, 0, 260, 0, 0, 0, 190, 74, 244, 1, 24, 26
14.384, 1.151847493146178, 0.08007838522985107, 0.08005089058524174, 0.7836940298507463, 0.431872460217994, 0.8199999999999999, 0.388127539782006, 0, 0, 0, 260, 0, 0, 0, 190, 64, 254, 10, 10, 26
14.429, 1.155268338480087, 0.08006572447710074, 0.08005089058524174, 0.7836940298507463, 0.431872460217994, 0.8100000000000001, 0.378127539782006, 0, 0, 0, 260, 0, 0, 0, 190, 70, 270, 6, 16, 26
14.479, 1.159666568195112, 0.08009300146385195, 0.08005089058524174, 0.7836940298507463, 0.431872460217994, 0.8199999999999999, 0.388127539782006, 0, 0, 0, 260, 0, 0, 0, 190, 68, 264, 2, 6, 26
14.535, 1.164309144005417, 0.0801038282769465, 0.08005089058524174, 0.7836940298507463, 0.431872460217994, 0.75, 0.318127539782006, 0, 0, 0, 260, 0, 0, 0, 190, 68, 268, 0, 4, 26
14.59, 1.168707373720443, 0.08010331553944091, 0.08005089058524174, 0.7836940298507463, 0.431872460217994, 0.7, 0.268127539782006, 0, 0, 0, 260, 0, 0, 0, 190, 71, 254, 3, 14, 26
14.639, 1.17286125734019, 0.08011894646766782, 0.08005089058524174, 0.7836940298507463, 0.431872460217994, 0.6600000000000001, 0.228127539782006, 0, 0, 0, 260, 0, 0, 0, 190, 75, 237, 4, 17, 26
14.691, 1.176526448769378, 0.08008484437882906, 0.08005089058524174, 0.7836940298507463, 0.431872460217994, 0.64, 0.208127539782006, 0, 0, 0, 260, 0, 0, 0, 190, 62, 267, 13, 30, 26
14.74, 1.180680332389124, 0.08010042960577504, 0.08005089058524174, 0.7836940298507463, 0.431872460217994, 0.62, 0.188127539782006, 0, 0, 0, 260, 0, 0, 0, 190, 74, 263, 12, 4, 26
14.791, 1.184834216008871, 0.0801050784942783, 0.08005089058524174, 0.7836940298507463, 0.431872460217994, 0.65, 0.218127539782006, 0, 0, 0, 260, 0, 0, 0, 190, 69, 261, 5, 2, 26
14.84, 1.188988099628617, 0.08012049188872084, 0.08005089058524174, 0.7836940298507463, 0.431872460217994, 0.4699999999999999, 0.03812753978200597, 0, 0, 0, 260, 0, 0, 0, 190, 69, 259, 0, 2, 26
14.889, 1.192408944962526, 0.08008657028427201, 0.08005089058524174, 0.7836940298507463, 0.431872460217994, 0.07000000000000001, -0.361872460217994, 0, 0, 0, 260, 0, 0, 0, -190, 63, 260, 6, 1, 27
14.937, 1.196562828582272, 0.0801073059236977, 0.08005089058524174, 0.7836940298507463, 0.431872460217994, 0.07000000000000001, -0.361872460217994, 0, 0, 0, 260, 0, 0, 0, -190, 89, 241, 26, 19, 27
14.99, 1.200716712202019, 0.08010118160120207, 0.08005089058524174, 0.7836940298507463, 0.431872460217994, 0.36, -0.07187246021799404, 0, 0, 0, 260, 0, 0, 0, -190, 177, 152, 88, 89, 27
15.039, 1.204870595821765, 0.08011640373839786, 0.08005089058524174, 0.7836940298507463, 0.431872460217994, 0.61, 0.178127539782006, 0, 0, 0, 260, 0, 0, 0, 190, 248, 78, 71, 74, 28
15.091, 1.208780133346233, 0.0800994058277273, 0.08005089058524174, 0.7836940298507463, 0.431872460217994, 0.61, 0.178127539782006, 0, 0, 0, 260, 0, 0, 0, 190, 249, 90, 1, 12, 28
15.139, 1.213178363061258, 0.08013596426852885, 0.08005089058524174, 0.7836940298507463, 0.431872460217994, 0.63, 0.198127539782006, 0, 0, 0, 260, 0, 0, 0, 190, 175, 197, 74, 107, 28
15.189, 1.217087900585726, 0.08012956090497898, 0.08005089058524174, 0.7836940298507463, 0.431872460217994, 0.6899999999999999, 0.258127539782006, 0, 0, 0, 260, 0, 0, 0, 190, 71, 243, 104, 46, 28
15.245, 1.220997438110193, 0.08009166534012419, 0.08005089058524174, 0.7836940298507463, 0.431872460217994, 0.7, 0.268127539782006, 0, 0, 0, 260, 0, 0, 0, 190, 53, 255, 18, 12, 28
15.291, 1.225395667825219, 0.08013836033125489, 0.08005089058524174, 0.7836940298507463, 0.431872460217994, 0.77, 0.338127539782006, 0, 0, 0, 260, 0, 0, 0, 190, 85, 268, 32, 13, 28
15.34, 1.229549551444965, 0.08015316502248798, 0.08005089058524174, 0.7836940298507463, 0.431872460217994, 0.7800000000000001, 0.348127539782006, 0, 0, 0, 260, 0, 0, 0, 190, 76, 265, 9, 3, 28
15.389, 1.233214742874153, 0.08013611949276452, 0.08005089058524174, 0.7836940298507463, 0.431872460217994, 0.8199999999999999, 0.388127539782006, 0, 0, 0, 260, 0, 0, 0, 190, 62, 254, 14, 11, 28
15.439, 1.236879934303342, 0.0801139927652919, 0.08005089058524174, 0.7836940298507463, 0.431872460217994, 0.8199999999999999, 0.388127539782006, 0, 0, 0, 260, 0, 0, 0, 190, 74, 258, 12, 4, 28
15.489, 1.241033817923088, 0.08012355981167847, 0.08005089058524174, 0.7836940298507463, 0.431872460217994, 0.8, 0.368127539782006, 0, 0, 0, 260, 0, 0, 0, 190, 75, 254, 1, 4, 28
15.535, 1.244943355447555, 0.08013796945269103, 0.08005089058524174, 0.7836940298507463, 0.431872460217994, 0.8, 0.368127539782006, 0, 0, 0, 260, 0, 0, 0, 190, 66, 279, 9, 25, 28
15.586, 1.248852892972023, 0.08012658109662663, 0.08005089058524174, 0.7836940298507463, 0.431872460217994, 0.8, 0.368127539782006, 0, 0, 0, 260, 0, 0, 0, 190, 74, 258, 8, 21, 28
15.639, 1.253006776591769, 0.08012064560341257, 0.08005089058524174, 0.7836940298507463, 0.431872460217994, 0.8100000000000001, 0.378127539782006, 0, 0, 0, 260, 0, 0, 0, 190, 68, 246, 6, 12, 28
15.691, 1.257649352402074, 0.0801510007266633, 0.08005089058524174, 0.7836940298507463, 0.431872460217994, 0.8100000000000001, 0.378127539782006, 0, 0, 0, 260, 0, 0, 0, 190, 76, 276, 8, 30, 28
15.745, 1.261803236021821, 0.0801399324243773, 0.08005089058524174, 0.7836940298507463, 0.431872460217994, 0.7800000000000001, 0.348127539782006, 0, 0, 0, 260, 0, 0, 0, 190, 66, 254, 10, 22, 28
15.791, 1.265712773546288, 0.0801540607653909, 0.08005089058524174, 0.7836940298507463, 0.431872460217994, 0.7800000000000001, 0.348127539782006, 0, 0, 0, 260, 0, 0, 0, 190, 73, 269, 7, 15, 28
15.84, 1.269622311070755, 0.08015292367870929, 0.08005089058524174, 0.7836940298507463, 0.431872460217994, 0.7, 0.268127539782006, 0, 0, 0, 260, 0, 0, 0, 190, 66, 253, 7, 16, 28
15.899, 1.274020540785781, 0.08013211779267756, 0.08005089058524174, 0.7836940298507463, 0.431872460217994, 0.22, -0.211872460217994, 0, 0, 0, 260, 0, 0, 0, -190, 73, 263, 7, 10, 29
15.949, 1.278174424405527, 0.08014135208511675, 0.08005089058524174, 0.7836940298507463, 0.431872460217994, 0.22, -0.211872460217994, 0, 0, 0, 260, 0, 0, 0, -190, 82, 242, 9, 21, 29
16.0, 1.282572654120553, 0.08016079088253456, 0.08005089058524174, 0.7836940298507463, 0.431872460217994, 0.22, -0.211872460217994, 0, 0, 0, 260, 0, 0, 0, -190, 188, 151, 106, 91, 29
16.044, 1.285749153359183, 0.08013893999994906, 0.08005089058524174, 0.7836940298507463, 0.431872460217994, 0.2, -0.2318724602179941, 0, 0, 0, 260, 0, 0, 0, -190, 244, 71, 56, 80, 29
16.099, 1.290147383074208, 0.08013835536829671, 0.08005089058524174, 0.7836940298507463, 0.431872460217994, 0.18, -0.251872460217994, 0, 0, 0, 260, 0, 0, 0, -190, 253, 60, 9, 11, 29
16.15, 1.294545612789234, 0.08015762308292473, 0.08005089058524174, 0.7836940298507463, 0.431872460217994, 0.19, -0.241872460217994, 0, 0, 0, 260, 0, 0, 0, -190, 280, 73, 27, 13, 29
16.199, 1.298455150313701, 0.08015650042062482, 0.08005089058524174, 0.7836940298507463, 0.431872460217994, 0.18, -0.251872460217994, 0, 0, 0, 260, 0, 0, 0, -190, 253, 71, 27, 2, 29
16.249, 1.302609033933448, 0.08016548919523958, 0.08005089058524174, 0.7836940298507463, 0.431872460217994, 0.19, -0.241872460217994, 0, 0, 0, 260, 0, 0, 0, -190, 268, 73, 15, 2, 29
16.299, 1.306274225362636, 0.08014443986518412, 0.08005089058524174, 0.7836940298507463, 0.431872460217994, 0.21, -0.221872460217994, 0, 0, 0, 260, 0, 0, 0, -190, 252, 68, 16, 5, 29
16.346, 1.310183762887103, 0.08015317281824931, 0.08005089058524174, 0.7836940298507463, 0.431872460217994, 0.21, -0.221872460217994, 0, 0, 0, 260, 0, 0, 0, -190, 270, 70, 18, 2, 29
16.391, 1.313848954316291, 0.08015672956599911, 0.08005089058524174, 0.7836940298507463, 0.431872460217994, 0.18, -0.251872460217994, 0, 0, 0, 260, 0, 0, 0, -190, 257, 72, 13, 2, 29
16.439, 1.317758491840759, 0.08016050196731911, 0.08005089058524174, 0.7836940298507463, 0.431872460217994, 0.17, -0.261872460217994, 0, 0, 0, 260, 0, 0, 0, -190, 261, 65, 4, 7, 29
16.489, 1.321912375460505, 0.08016934777491086, 0.08005089058524174, 0.7836940298507463, 0.431872460217994, 0.18, -0.251872460217994, 0, 0, 0, 260, 0, 0, 0, -190, 258, 72, 3, 7, 29
16.539, 1.325821912984972, 0.08016336616391392, 0.08005089058524174, 0.7836940298507463, 0.431872460217994, 0.19, -0.241872460217994, 0, 0, 0, 260, 0, 0, 0, -190, 263, 69, 5, 3, 29
16.59, 1.329975796604719, 0.0801673174565834, 0.08005089058524174, 0.7836940298507463, 0.431872460217994, 0.16, -0.271872460217994, 0, 0, 0, 260, 0, 0, 0, -190, 260, 70, 3, 1, 29
16.639, 1.333640988033907, 0.08015151078994574, 0.08005089058524174, 0.7836940298507463, 0.431872460217994, 0.19, -0.241872460217994, 0, 0, 0, 260, 0, 0, 0, -190, 260, 77, 0, 7, 29
16.689, 1.337794871653654, 0.08016027752733258, 0.08005089058524174, 0.7836940298507463, 0.431872460217994, 0.2, -0.2318724602179941, 0, 0, 0, 260, 0, 0, 0, -190, 263, 60, 3, 17, 29
16.737, 1.341704409178121, 0.08016397258637276, 0.08005089058524174, 0.7836940298507463, 0.431872460217994, 0.19, -0.241872460217994, 0, 0, 0, 260, 0, 0, 0, -190, 264, 72, 1, 12, 29
16.781, 1.345369600607309, 0.08017219478024606, 0.08005089058524174, 0.7836940298507463, 0.431872460217994, 0.18, -0.251872460217994, 0, 0, 0, 260, 0, 0, 0, -190, 256, 70, 8, 2, 29
16.834, 1.349279138131776, 0.08015202198715555, 0.08005089058524174, 0.7836940298507463, 0.431872460217994, 0.21, -0.221872460217994, 0, 0, 0, 260, 0, 0, 0, -190, 254, 70, 2, 0, 29
16.91, 1.355632136609036, 0.08016748294553729, 0.08005089058524174, 0.7836940298507463, 0.431872460217994, 0.21, -0.221872460217994, 0, 0, 0, 260, 0, 0, 0, -190, 262, 77, 8, 7, 29
16.96, 1.359786020228782, 0.08017606251348951, 0.08005089058524174, 0.7836940298507463, 0.431872460217994, 0.19, -0.241872460217994, 0, 0, 0, 260, 0, 0, 0, -190, 250, 64, 12, 13, 29
17.006, 1.363206865562691, 0.08016034726347707, 0.08005089058524174, 0.7836940298507463, 0.431872460217994, 0.18, -0.251872460217994, 0, 0, 0, 260, 0, 0, 0, -190, 267, 66, 17, 2, 29
17.056, 1.367360749182438, 0.08016889945957068, 0.08005089058524174, 0.7836940298507463, 0.431872460217994, 0.2, -0.2318724602179941, 0, 0, 0, 260, 0, 0, 0, -190, 262, 75, 5, 9, 29
17.111, 1.372003324992742, 0.08018253316537562, 0.08005089058524174, 0.7836940298507463, 0.431872460217994, 0.17, -0.261872460217994, 0, 0, 0, 260, 0, 0, 0, -190, 248, 67, 14, 8, 29
17.159, 1.37591286251721, 0.08018607509279152, 0.08005089058524174, 0.7836940298507463, 0.431872460217994, 0.17, -0.261872460217994, 0, 0, 0, 260, 0, 0, 0, -190, 276, 75, 28, 8, 29
17.209, 1.379822400041677, 0.08018027776405818, 0.08005089058524174, 0.7836940298507463, 0.431872460217994, 0.15, -0.2818724602179941, 0, 0, 0, 260, 0, 0, 0, -190, 261, 73, 15, 2, 29
17.256, 1.383243245375586, 0.0801601324394753, 0.08005089058524174, 0.7836940298507463, 0.431872460217994, 0.19, -0.241872460217994, 0, 0, 0, 260, 0, 0, 0, -190, 248, 58, 13, 15, 29
17.3, 1.387152782900053, 0.08018224178613023, 0.08005089058524174, 0.7836940298507463, 0.431872460217994, 0.18, -0.251872460217994, 0, 0, 0, 260, 0, 0, 0, -190, 265, 78, 17, 20, 29
17.35, 1.3913066665198, 0.08019058596655904, 0.08005089058524174, 0.7836940298507463, 0.431872460217994, 0.18, -0.251872460217994, 0, 0, 0, 260, 0, 0, 0, -190, 263, 69, 2, 9, 29
17.397, 1.394727511853709, 0.080170576067926, 0.08005089058524174, 0.7836940298507463, 0.431872460217994, 0.2, -0.2318724602179941, 0, 0, 0, 260, 0, 0, 0, -190, 259, 68, 4, 1, 29
17.447, 1.399125741568734, 0.08019291233843838, 0.08005089058524174, 0.7836940298507463, 0.431872460217994, 0.22, -0.211872460217994, 0, 0, 0, 260, 0, 0, 0, -190, 261, 76, 2, 8, 29
17.505, 1.403768317379039, 0.08019242030157322, 0.08005089058524174, 0.7836940298507463, 0.431872460217994, 0.21, -0.221872460217994, 0, 0, 0, 260, 0, 0, 0, -190, 267, 63, 6, 13, 29
17.551, 1.407433508808227, 0.08019107223566904, 0.08005089058524174, 0.7836940298507463, 0.431872460217994, 0.21, -0.221872460217994, 0, 0, 0, 260, 0, 0, 0, -190, 262, 73, 5, 10, 29
17.601, 1.411587392427974, 0.08019927233838837, 0.08005089058524174, 0.7836940298507463, 0.431872460217994, 0.31, -0.121872460217994, 0, 0, 0, 260, 0, 0, 0, -190, 264, 69, 2, 4, 29
17.65, 1.41574127604772, 0.08021197031431843, 0.08005089058524174, 0.7836940298507463, 0.431872460217994, 0.55, 0.118127539782006, 0, 0, 0, 260, 0, 0, 0, 190, 257, 76, 7, 7, 30
17.7, 1.419406467476909, 0.08019245578965585, 0.08005089058524174, 0.7836940298507463, 0.431872460217994, 0.7800000000000001, 0.348127539782006, 0, 0, 0, 260, 0, 0, 0, 190, 244, 79, 13, 3, 30
17.749, 1.423560351096655, 0.08020510175765704, 0.08005089058524174, 0.7836940298507463, 0.431872460217994, 0.8100000000000001, 0.378127539782006, 0, 0, 0, 260, 0, 0, 0, 190, 165, 185, 79, 106, 30
17.796, 1.427225542525843, 0.08019923255371113, 0.08005089058524174, 0.7836940298507463, 0.431872460217994, 0.8100000000000001, 0.378127539782006, 0, 0, 0, 260, 0, 0, 0, 190, 76, 251, 89, 66, 30
17.846, 1.43113508005031, 0.08019360529251994, 0.08005089058524174, 0.7836940298507463, 0.431872460217994, 0.8, 0.368127539782006, 0, 0, 0, 260, 0, 0, 0, 190, 55, 255, 21, 4, 30
17.906, 1.435777655860615, 0.08018416485315623, 0.08005089058524174, 0.7836940298507463, 0.431872460217994, 0.43, -0.001872460217994032, 0, 0, 0, 260, 0, 0, 0, -190, 82, 275, 27, 20, 31
17.95, 1.439931539480362, 0.08021902726910092, 0.08005089058524174, 0.7836940298507463, 0.431872460217994, 0.19, -0.241872460217994, 0, 0, 0, 260, 0, 0, 0, -190, 85, 252, 3, 23, 31
17.999, 1.443352384814271, 0.08019069863960613, 0.08005089058524174, 0.7836940298507463, 0.431872460217994, 0.16, -0.271872460217994, 0, 0, 0, 260, 0, 0, 0, -190, 156, 162, 71, 90, 31
18.046, 1.447017576243459, 0.08018494825686904, 0.08005089058524174, 0.7836940298507463, 0.431872460217994, 0.17, -0.261872460217994, 0, 0, 0, 260, 0, 0, 0, -190, 238, 77, 82, 85, 31
18.094, 1.450927113767926, 0.08018830074985773, 0.08005089058524174, 0.7836940298507463, 0.431872460217994, 0.18, -0.251872460217994, 0, 0, 0, 260, 0, 0, 0, -190, 269, 53, 31, 24, 31
18.146, 1.455325343482952, 0.08020088964416134, 0.08005089058524174, 0.7836940298507463, 0.431872460217994, 0.25, -0.181872460217994, 0, 0, 0, 260, 0, 0, 0, -190, 279, 87, 10, 34, 31
18.199, 1.459723573197977, 0.08020899902181316, 0.08005089058524174, 0.7836940298507463, 0.431872460217994, 0.45, 0.01812753978200597, 0, 0, 0, 260, 0, 0, 0, 190, 254, 69, 25, 18, 32
18.249, 1.463633110722445, 0.08020346927077894, 0.08005089058524174, 0.7836940298507463, 0.431872460217994, 0.51, 0.07812753978200597, 0, 0, 0, 260, 0, 0, 0, 190, 220, 92, 34, 23, 32
18.305, 1.468520032628029, 0.08022507689855388, 0.08005089058524174, 0.7836940298507463, 0.431872460217994, 0.5899999999999999, 0.158127539782006, 0, 0, 0, 260, 0, 0, 0, 190, 159, 203, 61, 111, 32
18.359, 1.472918262343055, 0.08022867598142897, 0.08005089058524174, 0.7836940298507463, 0.431872460217994, 0.54, 0.108127539782006, 0, 0, 0, 260, 0, 0, 0, 190, 80, 261, 79, 58, 32
18.41, 1.477072145962801, 0.08023205572856062, 0.08005089058524174, 0.7836940298507463, 0.431872460217994, 0.35, -0.08187246021799403, 0, 0, 0, 260, 0, 0, 0, -190, 45, 264, 35, 3, 33
18.46, 1.48049299129671, 0.08020005369971344, 0.08005089058524174, 0.7836940298507463, 0.431872460217994, 0.19, -0.241872460217994, 0, 0, 0, 260, 0, 0, 0, -190, 86, 212, 41, 52, 33
18.51, 1.484891221011736, 0.0802210276073331, 0.08005089058524174, 0.7836940298507463, 0.431872460217994, 0.2, -0.2318724602179941, 0, 0, 0, 260, 0, 0, 0, -190, 190, 163, 104, 49, 33
18.558, 1.488556412440924, 0.08021103634232801, 0.08005089058524174, 0.7836940298507463, 0.431872460217994, 0.19, -0.241872460217994, 0, 0, 0, 260, 0, 0, 0, -190, 243, 94, 53, 69, 33
18.606, 1.492221603870112, 0.08020109662851294, 0.08005089058524174, 0.7836940298507463, 0.431872460217994, 0.19, -0.241872460217994, 0, 0, 0, 260, 0, 0, 0, -190, 258, 50, 15, 44, 33
18.651, 1.4958867952993, 0.08020410676635571, 0.08005089058524174, 0.7836940298507463, 0.431872460217994, 0.18, -0.251872460217994, 0, 0, 0, 260, 0, 0, 0, -190, 244, 77, 14, 27, 33
18.705, 1.500285025014326, 0.08020769981365014, 0.08005089058524174, 0.7836940298507463, 0.431872460217994, 0.24, -0.191872460217994, 0, 0, 0, 260, 0, 0, 0, -190, 269, 79, 25, 2, 33
18.76, 1.504927600824631, 0.08022002136591848, 0.08005089058524174, 0.7836940298507463, 0.431872460217994, 0.7199999999999999, 0.288127539782006, 0, 0, 0, 260, 0, 0, 0, 190, 282, 65, 13, 14, 34
18.809, 1.508837138349098, 0.08021889193200584, 0.08005089058524174, 0.7836940298507463, 0.431872460217994, 0.8299999999999999, 0.398127539782006, 0, 0, 0, 260, 0, 0, 0, 190, 232, 95, 50, 30, 34
18.859, 1.512991021968844, 0.08022647128526668, 0.08005089058524174, 0.7836940298507463, 0.431872460217994, 0.8, 0.368127539782006, 0, 0, 0, 260, 0, 0, 0, 190, 144, 184, 88, 89, 34
18.909, 1.516900559493312, 0.08022108834382102, 0.08005089058524174, 0.7836940298507463, 0.431872460217994, 0.84, 0.4081275397820059, 0, 0, 0, 260, 0, 0, 0, 190, 79, 240, 65, 56, 34
18.959, 1.5205657509225, 0.08020284566287778, 0.08005089058524174, 0.7836940298507463, 0.431872460217994, 0.7, 0.268127539782006, 0, 0, 0, 260, 0, 0, 0, 190, 59, 268, 20, 28, 34
19.01, 1.525452672828084, 0.08024474870216116, 0.08005089058524174, 0.7836940298507463, 0.431872460217994, 0.8, 0.368127539782006, 0, 0, 0, 260, 0, 0, 0, 190, 77, 279, 18, 11, 34
19.06, 1.528873518161993, 0.08021372078499438, 0.08005089058524174, 0.7836940298507463, 0.431872460217994, 0.8199999999999999, 0.388127539782006, 0, 0, 0, 260, 0, 0, 0, 190, 73, 232, 4, 47, 34
19.119, 1.533760440067577, 0.08022179193825917, 0.08005089058524174, 0.7836940298507463, 0.431872460217994, 0.8100000000000001, 0.378127539782006, 0, 0, 0, 260, 0, 0, 0, 190, 70, 272, 3, 40, 34
19.165, 1.537425631496765, 0.08022048690304018, 0.08005089058524174, 0.7836940298507463, 0.431872460217994, 0.8, 0.368127539782006, 0, 0, 0, 260, 0, 0, 0, 190, 80, 262, 10, 10, 34
19.216, 1.541335169021232, 0.08021103086080517, 0.08005089058524174, 0.7836940298507463, 0.431872460217994, 0.8, 0.368127539782006, 0, 0, 0, 260, 0, 0, 0, 190, 65, 249, 15, 13, 34
19.26, 1.544756014355141, 0.08020540053765012, 0.08005089058524174, 0.7836940298507463, 0.431872460217994, 0.8, 0.368127539782006, 0, 0, 0, 260, 0, 0, 0, 190, 62, 265, 3, 16, 34
19.308, 1.549154244070167, 0.0802338017438454, 0.08005089058524174, 0.7836940298507463, 0.431872460217994, 0.71, 0.278127539782006, 0, 0, 0, 260, 0, 0, 0, 190, 77, 256, 15, 9, 34
19.359, 1.553308127689914, 0.08023700230848254, 0.08005089058524174, 0.7836940298507463, 0.431872460217994, 0.8100000000000001, 0.378127539782006, 0, 0, 0, 260, 0, 0, 0, 190, 69, 261, 8, 5, 34
19.41, 1.557217665214381, 0.08022759738353326, 0.08005089058524174, 0.7836940298507463, 0.431872460217994, 0.8100000000000001, 0.378127539782006, 0, 0, 0, 260, 0, 0, 0, 190, 71, 258, 2, 3, 34
19.46, 1.561615894929406, 0.08024747661507741, 0.08005089058524174, 0.7836940298507463, 0.431872460217994, 0.8100000000000001, 0.378127539782006, 0, 0, 0, 260, 0, 0, 0, 190, 73, 271, 2, 13, 34
19.516, 1.565525432453873, 0.08021753599374223, 0.08005089058524174, 0.7836940298507463, 0.431872460217994, 0.8100000000000001, 0.378127539782006, 0, 0, 0, 260, 0, 0, 0, 190, 68, 262, 5, 9, 34
19.564, 1.56967931607362, 0.08023304621108261, 0.08005089058524174, 0.7836940298507463, 0.431872460217994, 0.7800000000000001, 0.348127539782006, 0, 0, 0, 260, 0, 0, 0, 190, 71, 255, 3, 7, 34
19.618, 1.573833199693367, 0.08022393718489994, 0.08005089058524174, 0.7836940298507463, 0.431872460217994, 0.8100000000000001, 0.378127539782006, 0, 0, 0, 260, 0, 0, 0, 190, 69, 258, 2, 3, 34
19.665, 1.577498391122555, 0.08021858078426416, 0.08005089058524174, 0.7836940298507463, 0.431872460217994, 0.8199999999999999, 0.388127539782006, 0, 0, 0, 260, 0, 0, 0, 190, 68, 256, 1, 2, 34
19.712, 1.581407928647022, 0.08022564573087571, 0.08005089058524174, 0.7836940298507463, 0.431872460217994, 0.8199999999999999, 0.388127539782006, 0, 0, 0, 260, 0, 0, 0, 190, 70, 258, 2, 2, 34
19.769, 1.586050504457327, 0.08022917216132971, 0.08005089058524174, 0.7836940298507463, 0.431872460217994, 0.8100000000000001, 0.378127539782006, 0, 0, 0, 260, 0, 0, 0, 190, 68, 265, 2, 7, 34
19.819, 1.590204388077074, 0.08023635844780632, 0.08005089058524174, 0.7836940298507463, 0.431872460217994, 0.8, 0.368127539782006, 0, 0, 0, 260, 0, 0, 0, 190, 71, 247, 3, 18, 34
19.874, 1.594846963887379, 0.08024791002754245, 0.08005089058524174, 0.7836940298507463, 0.431872460217994, 0.6, 0.168127539782006, 0, 0, 0, 260, 0, 0, 0, 190, 75, 272, 4, 25, 34
19.942, 1.599978231888242, 0.08023158318565049, 0.08005089058524174, 0.7836940298507463, 0.431872460217994, 0.09, -0.3418724602179941, 0, 0, 0, 260, 0, 0, 0, -190, 68, 262, 7, 10, 35
19.999, 1.604620807698547, 0.0802350521375342, 0.08005089058524174, 0.7836940298507463, 0.431872460217994, 0.07000000000000001, -0.361872460217994, 0, 0, 0, 260, 0, 0, 0, -190, 82, 247, 14, 15, 35
20.049, 1.608774691318293, 0.08024214131968142, 0.08005089058524174, 0.7836940298507463, 0.431872460217994, 0.09, -0.3418724602179941, 0, 0, 0, 260, 0, 0, 0, -190, 192, 133, 110, 114, 35
20.098, 1.61268422884276, 0.0802410303932113, 0.08005089058524174, 0.7836940298507463, 0.431872460217994, 0.09, -0.3418724602179941, 0, 0, 0, 260, 0, 0, 0, -190, 270, 73, 78, 60, 35
20.14, 1.616105074176669, 0.0802435488667661, 0.08005089058524174, 0.7836940298507463, 0.431872460217994, 0.09, -0.3418724602179941, 0, 0, 0, 260, 0, 0, 0, -190, 263, 64, 7, 9, 35
20.19, 1.620014611701137, 0.08023846516598002, 0.08005089058524174, 0.7836940298507463, 0.431872460217994, 0.18, -0.251872460217994, 0, 0, 0, 260, 0, 0, 0, -190, 237, 78, 26, 14, 35
20.241, 1.624412841416162, 0.0802535863552276, 0.08005089058524174, 0.7836940298507463, 0.431872460217994, 0.67, 0.238127539782006, 0, 0, 0, 260, 0, 0, 0, 190, 264, 84, 27, 6, 36
20.291, 1.62807803284535, 0.08023646113278549, 0.08005089058524174, 0.7836940298507463, 0.431872460217994, 0.8, 0.368127539782006, 0, 0, 0, 260, 0, 0, 0, 190, 252, 76, 12, 8, 36
20.341, 1.632231916465097, 0.08024344508456306, 0.08005089058524174, 0.7836940298507463, 0.431872460217994, 0.8, 0.368127539782006, 0, 0, 0, 260, 0, 0, 0, 190, 158, 188, 94, 112, 36
20.39, 1.636385800084843, 0.08025433055835427, 0.08005089058524174, 0.7836940298507463, 0.431872460217994, 0.8, 0.368127539782006, 0, 0, 0, 260, 0, 0, 0, 190, 97, 246, 61, 58, 36
20.439, 1.64053968370459, 0.08026516383896423, 0.08005089058524174, 0.7836940298507463, 0.431872460217994, 0.8, 0.368127539782006, 0, 0, 0, 260, 0, 0, 0, 190, 57, 272, 40, 26, 36
20.488, 1.644204875133778, 0.08025209269493255, 0.08005089058524174, 0.7836940298507463, 0.431872460217994, 0.8, 0.368127539782006, 0, 0, 0, 260, 0, 0, 0, 190, 81, 268, 24, 4, 36
20.536, 1.647870066562966, 0.08024299116492823, 0.08005089058524174, 0.7836940298507463, 0.431872460217994, 0.8, 0.368127539782006, 0, 0, 0, 260, 0, 0, 0, 190, 66, 240, 15, 28, 36
20.585, 1.651779604087434, 0.08024190449781072, 0.08005089058524174, 0.7836940298507463, 0.431872460217994, 0.8, 0.368127539782006, 0, 0, 0, 260, 0, 0, 0, 190, 69, 253, 3, 13, 36
20.63, 1.655689141611901, 0.08025638107667964, 0.08005089058524174, 0.7836940298507463, 0.431872460217994, 0.8, 0.368127539782006, 0, 0, 0, 260, 0, 0, 0, 190, 82, 272, 13, 19, 36
20.676, 1.659598679136368, 0.08026691232038925, 0.08005089058524174, 0.7836940298507463, 0.431872460217994, 0.8199999999999999, 0.388127539782006, 0, 0, 0, 260, 0, 0, 0, 190, 64, 257, 18, 15, 36
20.729, 1.663508216660835, 0.08025028784122899, 0.08005089058524174, 0.7836940298507463, 0.431872460217994, 0.8100000000000001, 0.378127539782006, 0, 0, 0, 260, 0, 0, 0, 190, 73, 258, 9, 1, 36
20.779, 1.667417754185303, 0.08024533202682047, 0.08005089058524174, 0.7836940298507463, 0.431872460217994, 0.8100000000000001, 0.378127539782006, 0, 0, 0, 260, 0, 0, 0, 190, 75, 253, 2, 5, 36
20.834, 1.672060329995608, 0.08025632763730478, 0.08005089058524174, 0.7836940298507463, 0.431872460217994, 0.8100000000000001, 0.378127539782006, 0, 0, 0, 260, 0, 0, 0, 190, 66, 271, 9, 18, 36
20.879, 1.675236829234237, 0.08023549160564381, 0.08005089058524174, 0.7836940298507463, 0.431872460217994, 0.8100000000000001, 0.378127539782006, 0, 0, 0, 260, 0, 0, 0, 190, 62, 253, 4, 18, 36
20.927, 1.679635058949263, 0.08026162655656631, 0.08005089058524174, 0.7836940298507463, 0.431872460217994, 0.8100000000000001, 0.378127539782006, 0, 0, 0, 260, 0, 0, 0, 190, 78, 266, 16, 13, 36
20.979, 1.684033288664289, 0.08027233369866481, 0.08005089058524174, 0.7836940298507463, 0.431872460217994, 0.8199999999999999, 0.388127539782006, 0, 0, 0, 260, 0, 0, 0, 190, 60, 247, 18, 19, 36
21.031, 1.688431518379314, 0.08028298789307755, 0.08005089058524174, 0.7836940298507463, 0.431872460217994, 0.89, 0.458127539782006, 0, 0, 0, 260, 0, 0, 0, 190, 80, 270, 20, 23, 36
21.089, 1.69282974809434, 0.08027074532193749, 0.08005089058524174, 0.7836940298507463, 0.431872460217994, 0.6, 0.168127539782006, 0, 0, 0, 260, 0, 0, 0, 190, 69, 260, 11, 10, 36
21.137, 1.696739285618807, 0.08027342033490124, 0.08005089058524174, 0.7836940298507463, 0.431872460217994, 0.32, -0.111872460217994, 0, 0, 0, 260, 0, 0, 0, -190, 61, 265, 8, 5, 37
21.19, 1.700893169238554, 0.08026867245108797, 0.08005089058524174, 0.7836940298507463, 0.431872460217994, 0.23, -0.201872460217994, 0, 0, 0, 260, 0, 0, 0, -190, 86, 227, 25, 38, 37
21.241, 1.7050470528583, 0.08027150571339863, 0.08005089058524174, 0.7836940298507463, 0.431872460217994, 0.2, -0.2318724602179941, 0, 0, 0, 260, 0, 0, 0, -190, 198, 163, 112, 64, 37
21.29, 1.708712244287489, 0.08025891236672093, 0.08005089058524174, 0.7836940298507463, 0.431872460217994, 0.2, -0.2318724602179941, 0, 0, 0, 260, 0, 0, 0, -190, 258, 65, 60, 98, 37
21.337, 1.712133089621397, 0.08024244690544114, 0.08005089058524174, 0.7836940298507463, 0.431872460217994, 0.21, -0.221872460217994, 0, 0, 0, 260, 0, 0, 0, -190, 245, 54, 13, 11, 37
21.384, 1.716286973241144, 0.08026033357842987, 0.08005089058524174, 0.7836940298507463, 0.431872460217994, 0.21, -0.221872460217994, 0, 0, 0, 260, 0, 0, 0, -190, 264, 68, 19, 14, 37
21.436, 1.720685202956169, 0.08027081558855054, 0.08005089058524174, 0.7836940298507463, 0.431872460217994, 0.21, -0.221872460217994, 0, 0, 0, 260, 0, 0, 0, -190, 277, 83, 13, 15, 37
21.486, 1.724839086575916, 0.08027734741580174, 0.08005089058524174, 0.7836940298507463, 0.431872460217994, 0.18, -0.251872460217994, 0, 0, 0, 260, 0, 0, 0, -190, 253, 76, 24, 7, 37
21.534, 1.728504278005104, 0.08026861140545666, 0.08005089058524174, 0.7836940298507463, 0.431872460217994, 0.18, -0.251872460217994, 0, 0, 0, 260, 0, 0, 0, -190, 256, 65, 3, 11, 37
21.586, 1.732413815529571, 0.08025636132352318, 0.08005089058524174, 0.7836940298507463, 0.431872460217994, 0.18, -0.251872460217994, 0, 0, 0, 260, 0, 0, 0, -190, 249, 73, 7, 8, 37
21.631, 1.736323353054039, 0.08027013790643236, 0.08005089058524174, 0.7836940298507463, 0.431872460217994, 0.2, -0.2318724602179941, 0, 0, 0, 260, 0, 0, 0, -190, 263, 72, 14, 1, 37
21.679, 1.740232890578506, 0.08027274738588062, 0.08005089058524174, 0.7836940298507463, 0.431872460217994, 0.2, -0.2318724602179941, 0, 0, 0, 260, 0, 0, 0, -190, 272, 65, 9, 7, 37
21.729, 1.744386774198253, 0.08027920172112166, 0.08005089058524174, 0.7836940298507463, 0.431872460217994, 0.18, -0.251872460217994, 0, 0, 0, 260, 0, 0, 0, -190, 255, 75, 17, 10, 37
21.776, 1.748051965627441, 0.08027424529883545, 0.08005089058524174, 0.7836940298507463, 0.431872460217994, 0.18, -0.251872460217994, 0, 0, 0, 260, 0, 0, 0, -190, 266, 69, 11, 6, 37
21.822, 1.751717157056629, 0.08027298859209186, 0.08005089058524174, 0.7836940298507463, 0.431872460217994, 0.16, -0.271872460217994, 0, 0, 0, 260, 0, 0, 0, -190, 257, 65, 9, 4, 37
21.88, 1.756604078962213, 0.08028355022679218, 0.08005089058524174, 0.7836940298507463, 0.431872460217994, 0.16, -0.271872460217994, 0, 0, 0, 260, 0, 0, 0, -190, 270, 73, 13, 8, 37
21.937, 1.761002308677239, 0.08027543915199155, 0.08005089058524174, 0.7836940298507463, 0.431872460217994, 0.14, -0.291872460217994, 0, 0, 0, 260, 0, 0, 0, -190, 260, 71, 10, 2, 37
21.989, 1.765156192296985, 0.08027450963195166, 0.08005089058524174, 0.7836940298507463, 0.431872460217994, 0.14, -0.291872460217994, 0, 0, 0, 260, 0, 0, 0, -190, 259, 72, 1, 1, 37
22.035, 1.769065729821452, 0.08028435352037452, 0.08005089058524174, 0.7836940298507463, 0.431872460217994, 0.15, -0.2818724602179941, 0, 0, 0, 260, 0, 0, 0, -190, 251, 67, 8, 5, 37
22.091, 1.773463959536478, 0.08027993117271642, 0.08005089058524174, 0.7836940298507463, 0.431872460217994, 0.15, -0.2818724602179941, 0, 0, 0, 260, 0, 0, 0, -190, 269, 69, 18, 2, 37
22.141, 1.777617843156225, 0.08028624918279322, 0.08005089058524174, 0.7836940298507463, 0.431872460217994, 0.16, -0.271872460217994, 0, 0, 0, 260, 0, 0, 0, -190, 264, 71, 5, 2, 37
22.19, 1.781527380680692, 0.08028514559173916, 0.08005089058524174, 0.7836940298507463, 0.431872460217994, 0.16, -0.271872460217994, 0, 0, 0, 260, 0, 0, 0, -190, 261, 68, 3, 3, 37
22.24, 1.785436918205159, 0.08028043696965643, 0.08005089058524174, 0.7836940298507463, 0.431872460217994, 0.19, -0.241872460217994, 0, 0, 0, 260, 0, 0, 0, -190, 267, 73, 6, 5, 37
22.285, 1.789102109634347, 0.08028279603474747, 0.08005089058524174, 0.7836940298507463, 0.431872460217994, 0.19, -0.241872460217994, 0, 0, 0, 260, 0, 0, 0, -190, 251, 71, 16, 2, 37
22.335, 1.793255993254094, 0.08028905275370914, 0.08005089058524174, 0.7836940298507463, 0.431872460217994, 0.21, -0.221872460217994, 0, 0, 0, 260, 0, 0, 0, -190, 267, 68, 16, 3, 37
22.385, 1.797165530778561, 0.08028436590478274, 0.08005089058524174, 0.7836940298507463, 0.431872460217994, 0.22, -0.211872460217994, 0, 0, 0, 260, 0, 0, 0, -190, 262, 76, 5, 8, 37
22.43, 1.800830722207749, 0.08028670183717118, 0.08005089058524174, 0.7836940298507463, 0.431872460217994, 0.2, -0.2318724602179941, 0, 0, 0, 260, 0, 0, 0, -190, 256, 62, 6, 14, 37
22.475, 1.804495913636937, 0.08028902841543658, 0.08005089058524174, 0.7836940298507463, 0.431872460217994, 0.2, -0.2318724602179941, 0, 0, 0, 260, 0, 0, 0, -190, 256, 71, 0, 9, 37
22.521, 1.808161105066126, 0.08028778051889905, 0.08005089058524174, 0.7836940298507463, 0.431872460217994, 0.2, -0.2318724602179941, 0, 0, 0, 260, 0, 0, 0, -190, 266, 70, 10, 1, 37
22.57, 1.811826296495314, 0.08027586603878218, 0.08005089058524174, 0.7836940298507463, 0.431872460217994, 0.21, -0.221872460217994, 0, 0, 0, 260, 0, 0, 0, -190, 268, 66, 2, 4, 37
22.619, 1.816224526210339, 0.0802964112564808, 0.08005089058524174, 0.7836940298507463, 0.431872460217994, 0.19, -0.241872460217994, 0, 0, 0, 260, 0, 0, 0, -190, 249, 75, 19, 9, 37
22.666, 1.819645371544248, 0.0802808334749955, 0.08005089058524174, 0.7836940298507463, 0.431872460217994, 0.21, -0.221872460217994, 0, 0, 0, 260, 0, 0, 0, -190, 262, 72, 13, 3, 37
22.71, 1.823554909068715, 0.08029744205498526, 0.08005089058524174, 0.7836940298507463, 0.431872460217994, 0.18, -0.251872460217994, 0, 0, 0, 260, 0, 0, 0, -190, 252, 70, 10, 2, 37
22.76, 1.827464446593183, 0.080292813997943, 0.08005089058524174, 0.7836940298507463, 0.431872460217994, 0.2, -0.2318724602179941, 0, 0, 0, 260, 0, 0, 0, -190, 258, 70, 6, 0, 37
22.81, 1.83137398411765, 0.08028820623049759, 0.08005089058524174, 0.7836940298507463, 0.431872460217994, 0.2, -0.2318724602179941, 0, 0, 0, 260, 0, 0, 0, -190, 271, 76, 13, 6, 37
22.861, 1.835527867737397, 0.0802907951418309, 0.08005089058524174, 0.7836940298507463, 0.431872460217994, 0.22, -0.211872460217994, 0, 0, 0, 260, 0, 0, 0, -190, 249, 60, 22, 16, 37
22.917, 1.840170443547701, 0.08029717866857361, 0.08005089058524174, 0.7836940298507463, 0.431872460217994, 0.17, -0.261872460217994, 0, 0, 0, 260, 0, 0, 0, -190, 267, 77, 18, 17, 37
22.969, 1.844324327167448, 0.08029623959107701, 0.08005089058524174, 0.7836940298507463, 0.431872460217994, 0.12, -0.311872460217994, 0, 0, 0, 260, 0, 0, 0, -190, 248, 63, 19, 14, 37
23.016, 1.847989518596636, 0.08029151540652746, 0.08005089058524174, 0.7836940298507463, 0.431872460217994, 0.16, -0.271872460217994, 0, 0, 0, 260, 0, 0, 0, -190, 267, 76, 19, 13, 37
23.061, 1.851654710025824, 0.08029377347148102, 0.08005089058524174, 0.7836940298507463, 0.431872460217994, 0.15, -0.2818724602179941, 0, 0, 0, 260, 0, 0, 0, -190, 270, 61, 3, 15, 37
23.109, 1.85580859364557, 0.08030674601434811, 0.08005089058524174, 0.7836940298507463, 0.431872460217994, 0.15, -0.2818724602179941, 0, 0, 0, 260, 0, 0, 0, -190, 253, 82, 17, 21, 37
23.157, 1.859718131170038, 0.08030911306171083, 0.08005089058524174, 0.7836940298507463, 0.431872460217994, 0.17, -0.261872460217994, 0, 0, 0, 260, 0, 0, 0, -190, 258, 69, 5, 13, 37
23.204, 1.863383322599226, 0.08030440107736709, 0.08005089058524174, 0.7836940298507463, 0.431872460217994, 0.2, -0.2318724602179941, 0, 0, 0, 260, 0, 0, 0, -190, 258, 69, 0, 0, 37
23.25, 1.866804167933135, 0.08029265238422084, 0.08005089058524174, 0.7836940298507463, 0.431872460217994, 0.18, -0.251872460217994, 0, 0, 0, 260, 0, 0, 0, -190, 263, 75, 5, 6, 37
23.3, 1.870713705457602, 0.08028814186513314, 0.08005089058524174, 0.7836940298507463, 0.431872460217994, 0.2, -0.2318724602179941, 0, 0, 0, 260, 0, 0, 0, -190, 256, 65, 7, 10, 37
23.349, 1.875111935172628, 0.08030801898036867, 0.08005089058524174, 0.7836940298507463, 0.431872460217994, 0.17, -0.261872460217994, 0, 0, 0, 260, 0, 0, 0, -190, 263, 72, 7, 7, 37
23.394, 1.878288434411258, 0.08028932351933221, 0.08005089058524174, 0.7836940298507463, 0.431872460217994, 0.18, -0.251872460217994, 0, 0, 0, 260, 0, 0, 0, -190, 255, 62, 8, 10, 37
23.441, 1.882442318031004, 0.08030554660769608, 0.08005089058524174, 0.7836940298507463, 0.431872460217994, 0.18, -0.251872460217994, 0, 0, 0, 260, 0, 0, 0, -190, 267, 77, 12, 15, 37
23.491, 1.886351855555471, 0.0803010453175885, 0.08005089058524174, 0.7836940298507463, 0.431872460217994, 0.21, -0.221872460217994, 0, 0, 0, 260, 0, 0, 0, -190, 248, 69, 19, 8, 37
23.541, 1.890505739175218, 0.08030694274564453, 0.08005089058524174, 0.7836940298507463, 0.431872460217994, 0.18, -0.251872460217994, 0, 0, 0, 260, 0, 0, 0, -190, 273, 72, 25, 3, 37
23.594, 1.894659622794964, 0.08030260332266526, 0.08005089058524174, 0.7836940298507463, 0.431872460217994, 0.21, -0.221872460217994, 0, 0, 0, 260, 0, 0, 0, -190, 261, 71, 12, 1, 37
23.64, 1.898324814224152, 0.0803013880805479, 0.08005089058524174, 0.7836940298507463, 0.431872460217994, 0.2, -0.2318724602179941, 0, 0, 0, 260, 0, 0, 0, -190, 260, 73, 1, 2, 37
23.69, 1.90223435174862, 0.08029693337900463, 0.08005089058524174, 0.7836940298507463, 0.431872460217994, 0.21, -0.221872460217994, 0, 0, 0, 260, 0, 0, 0, -190, 246, 71, 14, 2, 37
23.741, 1.906632581463646, 0.08030969973731711, 0.08005089058524174, 0.7836940298507463, 0.431872460217994, 0.23, -0.201872460217994, 0, 0, 0, 260, 0, 0, 0, -190, 264, 76, 18, 5, 37
23.789, 1.910297772892833, 0.08030172654978491, 0.08005089058524174, 0.7836940298507463, 0.431872460217994, 0.21, -0.221872460217994, 0, 0, 0, 260, 0, 0, 0, -190, 262, 70, 2, 6, 37
23.835, 1.914207310417301, 0.08031077450880222, 0.08005089058524174, 0.7836940298507463, 0.431872460217994, 0.24, -0.191872460217994, 0, 0, 0, 260, 0, 0, 0, -190, 266, 67, 4, 3, 37
23.882, 1.918116847941768, 0.08031642441762701, 0.08005089058524174, 0.7836940298507463, 0.431872460217994, 0.23, -0.201872460217994, 0, 0, 0, 260, 0, 0, 0, -190, 253, 72, 13, 5, 37
23.94, 1.922515077656794, 0.08030555879936481, 0.08005089058524174, 0.7836940298507463, 0.431872460217994, 0.22, -0.211872460217994, 0, 0, 0, 260, 0, 0, 0, -190, 253, 68, 0, 4, 37
23.989, 1.92666896127654, 0.08031468428348576, 0.08005089058524174, 0.7836940298507463, 0.431872460217994, 0.21, -0.221872460217994, 0, 0, 0, 260, 0, 0, 0, -190, 261, 73, 8, 5, 37
24.037, 1.930334152705728, 0.0803067834049893, 0.08005089058524174, 0.7836940298507463, 0.431872460217994, 0.22, -0.211872460217994, 0, 0, 0, 260, 0, 0, 0, -190, 264, 68, 3, 5, 37
24.081, 1.934243690230196, 0.08032239899631225, 0.08005089058524174, 0.7836940298507463, 0.431872460217994, 0.21, -0.221872460217994, 0, 0, 0, 260, 0, 0, 0, -190, 253, 71, 11, 3, 37
24.134, 1.937908881659384, 0.08029787360816208, 0.08005089058524174, 0.7836940298507463, 0.431872460217994, 0.23, -0.201872460217994, 0, 0, 0, 260, 0, 0, 0, -190, 259, 70, 6, 1, 37
24.178, 1.941818419183851, 0.08031344276548314, 0.08005089058524174, 0.7836940298507463, 0.431872460217994, 0.24, -0.191872460217994, 0, 0, 0, 260, 0, 0, 0, -190, 272, 61, 13, 9, 37
24.226, 1.945483610613039, 0.08030560598584326, 0.08005089058524174, 0.7836940298507463, 0.431872460217994, 0.21, -0.221872460217994, 0, 0, 0, 260, 0, 0, 0, -190, 252, 79, 20, 18, 37
24.271, 1.949393148137507, 0.08031779276245341, 0.08005089058524174, 0.7836940298507463, 0.431872460217994, 0.19, -0.241872460217994, 0, 0, 0, 260, 0, 0, 0, -190, 255, 72, 3, 7, 37
24.326, 1.953547031757253, 0.08030695682632793, 0.08005089058524174, 0.7836940298507463, 0.431872460217994, 0.18, -0.251872460217994, 0, 0, 0, 260, 0, 0, 0, -190, 267, 69, 12, 3, 37
24.377, 1.957700915377, 0.08030934550506624, 0.08005089058524174, 0.7836940298507463, 0.431872460217994, 0.15, -0.2818724602179941, 0, 0, 0, 260, 0, 0, 0, -190, 271, 72, 4, 3, 37
24.427, 1.961854798996746, 0.08031501203572875, 0.08005089058524174, 0.7836940298507463, 0.431872460217994, 0.12, -0.311872460217994, 0, 0, 0, 260, 0, 0, 0, -190, 253, 76, 18, 4, 37
24.475, 1.965519990425934, 0.08030725190708619, 0.08005089058524174, 0.7836940298507463, 0.431872460217994, 0.15, -0.2818724602179941, 0, 0, 0, 260, 0, 0, 0, -190, 257, 63, 4, 13, 37
24.52, 1.969429527950401, 0.08031931190662323, 0.08005089058524174, 0.7836940298507463, 0.431872460217994, 0.17, -0.261872460217994, 0, 0, 0, 260, 0, 0, 0, -190, 267, 67, 10, 4, 37
24.569, 1.973583411570148, 0.0803281945366172, 0.08005089058524174, 0.7836940298507463, 0.431872460217994, 0.19, -0.241872460217994, 0, 0, 0, 260, 0, 0, 0, -190, 256, 69, 11, 2, 37
24.619, 1.977492949094615, 0.08032385349098725, 0.08005089058524174, 0.7836940298507463, 0.431872460217994, 0.2, -0.2318724602179941, 0, 0, 0, 260, 0, 0, 0, -190, 255, 74, 1, 5, 37
24.669, 1.981158140523803, 0.08030962505670287, 0.08005089058524174, 0.7836940298507463, 0.431872460217994, 0.18, -0.251872460217994, 0, 0, 0, 260, 0, 0, 0, -190, 258, 68, 3, 6, 37
24.714, 1.984823331952992, 0.08031169911600678, 0.08005089058524174, 0.7836940298507463, 0.431872460217994, 0.2, -0.2318724602179941, 0, 0, 0, 260, 0, 0, 0, -190, 270, 65, 12, 3, 37
24.767, 1.989221561668017, 0.08031742082884552, 0.08005089058524174, 0.7836940298507463, 0.431872460217994, 0.21, -0.221872460217994, 0, 0, 0, 260, 0, 0, 0, -190, 261, 71, 9, 6, 37
24.817, 1.993131099192484, 0.08031313612412799, 0.08005089058524174, 0.7836940298507463, 0.431872460217994, 0.27, -0.161872460217994, 0, 0, 0, 260, 0, 0, 0, -190, 253, 69, 8, 2, 37
24.87, 1.99752932890751, 0.0803188310779055, 0.08005089058524174, 0.7836940298507463, 0.431872460217994, 0.5699999999999999, 0.138127539782006, 0, 0, 0, 260, 0, 0, 0, 190, 260, 70, 7, 1, 38
24.92, 2.001927558622536, 0.08033417169432326, 0.08005089058524174, 0.7836940298507463, 0.431872460217994, 0.7199999999999999, 0.288127539782006, 0, 0, 0, 260, 0, 0, 0, 190, 242, 83, 18, 13, 38
24.969, 2.006081442242282, 0.08034288286444323, 0.08005089058524174, 0.7836940298507463, 0.431872460217994, 0.79, 0.3581275397820059, 0, 0, 0, 260, 0, 0, 0, 190, 166, 198, 76, 115, 38
25.019, 2.009502287576191, 0.08031904902578805, 0.08005089058524174, 0.7836940298507463, 0.431872460217994, 0.8199999999999999, 0.388127539782006, 0, 0, 0, 260, 0, 0, 0, 190, 81, 237, 85, 39, 38
25.068, 2.01316747900538, 0.08030826069113528, 0.08005089058524174, 0.7836940298507463, 0.431872460217994, 0.8199999999999999, 0.388127539782006, 0, 0, 0, 260, 0, 0, 0, 190, 49, 269, 32, 32, 38
25.118, 2.017565708720405, 0.08032350142210387, 0.08005089058524174, 0.7836940298507463, 0.431872460217994, 0.7, 0.268127539782006, 0, 0, 0, 260, 0, 0, 0, 190, 86, 271, 37, 2, 38
25.171, 2.02220828453071, 0.08033881389419212, 0.08005089058524174, 0.7836940298507463, 0.431872460217994, 0.34, -0.09187246021799403, 0, 0, 0, 260, 0, 0, 0, -190, 67, 263, 19, 8, 39
25.22, 2.025629129864619, 0.08031836359494921, 0.08005089058524174, 0.7836940298507463, 0.431872460217994, 0.2, -0.2318724602179941, 0, 0, 0, 260, 0, 0, 0, -190, 79, 238, 12, 25, 39
25.271, 2.029783013484365, 0.08032064475028156, 0.08005089058524174, 0.7836940298507463, 0.431872460217994, 0.18, -0.251872460217994, 0, 0, 0, 260, 0, 0, 0, -190, 182, 159, 103, 79, 39
25.319, 2.033692551008833, 0.08032278332512471, 0.08005089058524174, 0.7836940298507463, 0.431872460217994, 0.2, -0.2318724602179941, 0, 0, 0, 260, 0, 0, 0, -190, 244, 77, 62, 82, 39
25.369, 2.0376020885333, 0.08031858128161534, 0.08005089058524174, 0.7836940298507463, 0.431872460217994, 0.17, -0.261872460217994, 0, 0, 0, 260, 0, 0, 0, -190, 263, 55, 19, 22, 39
25.419, 2.041755972153047, 0.08032400850360149, 0.08005089058524174, 0.7836940298507463, 0.431872460217994, 0.19, -0.241872460217994, 0, 0, 0, 260, 0, 0, 0, -190, 276, 84, 13, 29, 39
25.466, 2.045665509677514, 0.08032928256017883, 0.08005089058524174, 0.7836940298507463, 0.431872460217994, 0.22, -0.211872460217994, 0, 0, 0, 260, 0, 0, 0, -190, 263, 68, 13, 16, 39
25.519, 2.04981939329726, 0.08032522407998982, 0.08005089058524174, 0.7836940298507463, 0.431872460217994, 0.38, -0.05187246021799403, 0, 0, 0, 260, 0, 0, 0, -190, 244, 70, 19, 2, 39
25.57, 2.054217623012286, 0.08033702084522043, 0.08005089058524174, 0.7836940298507463, 0.431872460217994, 0.77, 0.338127539782006, 0, 0, 0, 260, 0, 0, 0, 190, 269, 74, 25, 4, 40
25.619, 2.058127160536753, 0.08033596785732282, 0.08005089058524174, 0.7836940298507463, 0.431872460217994, 0.85, 0.418127539782006, 0, 0, 0, 260, 0, 0, 0, 190, 243, 78, 26, 4, 40
25.669, 2.0622810441565, 0.08034130835468854, 0.08005089058524174, 0.7836940298507463, 0.431872460217994, 0.84, 0.4081275397820059, 0, 0, 0, 260, 0, 0, 0, 190, 161, 196, 82, 118, 40
25.716, 2.065701889490409, 0.08032749609155424, 0.08005089058524174, 0.7836940298507463, 0.431872460217994, 0.8299999999999999, 0.398127539782006, 0, 0, 0, 260, 0, 0, 0, 190, 91, 248, 70, 52, 40
25.764, 2.069367080919597, 0.08032010095169991, 0.08005089058524174, 0.7836940298507463, 0.431872460217994, 0.8199999999999999, 0.388127539782006, 0, 0, 0, 260, 0, 0, 0, 190, 46, 265, 45, 17, 40
25.817, 2.073765310634622, 0.08032557270924672, 0.08005089058524174, 0.7836940298507463, 0.431872460217994, 0.5300000000000001, 0.09812753978200597, 0, 0, 0, 260, 0, 0, 0, 190, 84, 264, 38, 1, 40
25.869, 2.078652232540207, 0.08035301838262811, 0.08005089058524174, 0.7836940298507463, 0.431872460217994, 0.2, -0.2318724602179941, 0, 0, 0, 260, 0, 0, 0, -190, 70, 264, 14, 0, 41
25.92000000000001, 2.082317423969394, 0.08033632036918959, 0.08005089058524174, 0.7836940298507463, 0.431872460217994, 0.17, -0.261872460217994, 0, 0, 0, 260, 0, 0, 0, -190, 85, 222, 15, 42, 41
25.97, 2.085982615398583, 0.08032278072385763, 0.08005089058524174, 0.7836940298507463, 0.431872460217994, 0.23, -0.201872460217994, 0, 0, 0, 260, 0, 0, 0, -190, 181, 154, 96, 68, 41
26.014, 2.089647806827771, 0.08032781605396213, 0.08005089058524174, 0.7836940298507463, 0.431872460217994, 0.22, -0.211872460217994, 0, 0, 0, 260, 0, 0, 0, -190, 228, 93, 47, 61, 41
26.061, 2.093312998256959, 0.08032358690215107, 0.08005089058524174, 0.7836940298507463, 0.431872460217994, 0.19, -0.241872460217994, 0, 0, 0, 260, 0, 0, 0, -190, 285, 50, 57, 43, 41
26.11, 2.097466881876705, 0.08033193726069342, 0.08005089058524174, 0.7836940298507463, 0.431872460217994, 0.19, -0.241872460217994, 0, 0, 0, 260, 0, 0, 0, -190, 263, 81, 22, 31, 41
26.161, 2.101865111591732, 0.08034345443949892, 0.08005089058524174, 0.7836940298507463, 0.431872460217994, 0.17, -0.261872460217994, 0, 0, 0, 260, 0, 0, 0, -190, 251, 72, 12, 9, 41
26.209, 2.105530303020919, 0.08033615563435916, 0.08005089058524174, 0.7836940298507463, 0.431872460217994, 0.21, -0.221872460217994, 0, 0, 0, 260, 0, 0, 0, -190, 243, 69, 8, 3, 41
26.256, 2.108951148354828, 0.08032263666799315, 0.08005089058524174, 0.7836940298507463, 0.431872460217994, 0.22, -0.211872460217994, 0, 0, 0, 260, 0, 0, 0, -190, 268, 68, 25, 1, 41
26.304, 2.113349378069854, 0.08034327015168239, 0.08005089058524174, 0.7836940298507463, 0.431872460217994, 0.21, -0.221872460217994, 0, 0, 0, 260, 0, 0, 0, -190, 271, 71, 3, 3, 41
26.359, 2.117991953880159, 0.08035175666300537, 0.08005089058524174, 0.7836940298507463, 0.431872460217994, 0.26, -0.171872460217994, 0, 0, 0, 260, 0, 0, 0, -190, 251, 71, 20, 0, 41
26.419, 2.122634529690464, 0.08034499904199492, 0.08005089058524174, 0.7836940298507463, 0.431872460217994, 0.4699999999999999, 0.03812753978200597, 0, 0, 0, 260, 0, 0, 0, 190, 270, 70, 19, 1, 42
26.471, 2.12678841331021, 0.0803440902614261, 0.08005089058524174, 0.7836940298507463, 0.431872460217994, 0.75, 0.318127539782006, 0, 0, 0, 260, 0, 0, 0, 190, 225, 90, 45, 20, 42
26.521, 2.130697950834678, 0.08034003057330709, 0.08005089058524174, 0.7836940298507463, 0.431872460217994, 0.79, 0.3581275397820059, 0, 0, 0, 260, 0, 0, 0, 190, 178, 197, 47, 107, 42
26.569, 2.134851834454424, 0.08035123017254787, 0.08005089058524174, 0.7836940298507463, 0.431872460217994, 0.8, 0.368127539782006, 0, 0, 0, 260, 0, 0, 0, 190, 74, 262, 104, 65, 42
26.619, 2.138272679788333, 0.08032881324573925, 0.08005089058524174, 0.7836940298507463, 0.431872460217994, 0.5600000000000001, 0.128127539782006, 0, 0, 0, 260, 0, 0, 0, 190, 38, 245, 36, 17, 42
26.669, 2.142670909503359, 0.08034312908258123, 0.08005089058524174, 0.7836940298507463, 0.431872460217994, 0.21, -0.221872460217994, 0, 0, 0, 260, 0, 0, 0, -190, 91, 268, 53, 23, 43
26.717, 2.146336100932547, 0.08033596964227073, 0.08005089058524174, 0.7836940298507463, 0.431872460217994, 0.18, -0.251872460217994, 0, 0, 0, 260, 0, 0, 0, -190, 79, 262, 12, 6, 43
26.761, 2.150245638457014, 0.0803499734111959, 0.08005089058524174, 0.7836940298507463, 0.431872460217994, 0.19, -0.241872460217994, 0, 0, 0, 260, 0, 0, 0, -190, 149, 175, 70, 87, 43
26.81, 2.153910829886202, 0.08033982953697137, 0.08005089058524174, 0.7836940298507463, 0.431872460217994, 0.2, -0.2318724602179941, 0, 0, 0, 260, 0, 0, 0, -190, 234, 68, 85, 107, 43
26.861, 2.158064713505949, 0.08034193490584672, 0.08005089058524174, 0.7836940298507463, 0.431872460217994, 0.18, -0.251872460217994, 0, 0, 0, 260, 0, 0, 0, -190, 272, 58, 38, 10, 43
26.916, 2.162462943220974, 0.08034117042729134, 0.08005089058524174, 0.7836940298507463, 0.431872460217994, 0.17, -0.261872460217994, 0, 0, 0, 260, 0, 0, 0, -190, 261, 87, 11, 29, 43
26.968, 2.166861172936, 0.08034934637110648, 0.08005089058524174, 0.7836940298507463, 0.431872460217994, 0.19, -0.241872460217994, 0, 0, 0, 260, 0, 0, 0, -190, 268, 62, 7, 25, 43
27.021, 2.171015056555746, 0.08034547413329435, 0.08005089058524174, 0.7836940298507463, 0.431872460217994, 0.22, -0.211872460217994, 0, 0, 0, 260, 0, 0, 0, -190, 251, 73, 17, 11, 43
27.068, 2.174680247984934, 0.08034137165601207, 0.08005089058524174, 0.7836940298507463, 0.431872460217994, 0.21, -0.221872460217994, 0, 0, 0, 260, 0, 0, 0, -190, 268, 64, 17, 9, 43
27.117, 2.178589785509402, 0.08034036897552832, 0.08005089058524174, 0.7836940298507463, 0.431872460217994, 0.24, -0.191872460217994, 0, 0, 0, 260, 0, 0, 0, -190, 259, 75, 9, 11, 43
27.169, 2.182988015224428, 0.08034848596652168, 0.08005089058524174, 0.7836940298507463, 0.431872460217994, 0.31, -0.121872460217994, 0, 0, 0, 260, 0, 0, 0, -190, 251, 69, 8, 6, 43
27.22, 2.187386244939453, 0.08035952406096449, 0.08005089058524174, 0.7836940298507463, 0.431872460217994, 0.55, 0.118127539782006, 0, 0, 0, 260, 0, 0, 0, 190, 268, 77, 17, 8, 44
27.27, 2.191295782463921, 0.08035554757843494, 0.08005089058524174, 0.7836940298507463, 0.431872460217994, 0.7199999999999999, 0.288127539782006, 0, 0, 0, 260, 0, 0, 0, 190, 250, 85, 18, 8, 44
27.321, 2.195449666083667, 0.08035758815869357, 0.08005089058524174, 0.7836940298507463, 0.431872460217994, 0.73, 0.298127539782006, 0, 0, 0, 260, 0, 0, 0, 190, 157, 185, 93, 100, 44
27.371, 2.199359203608134, 0.08035362988594256, 0.08005089058524174, 0.7836940298507463, 0.431872460217994, 0.73, 0.298127539782006, 0, 0, 0, 260, 0, 0, 0, 190, 64, 250, 93, 65, 44
27.421, 2.203513087227881, 0.08035859695955221, 0.08005089058524174, 0.7836940298507463, 0.431872460217994, 0.5300000000000001, 0.09812753978200597, 0, 0, 0, 260, 0, 0, 0, 190, 58, 269, 6, 19, 44
27.476, 2.207666970847627, 0.08034892163515895, 0.08005089058524174, 0.7836940298507463, 0.431872460217994, 0.23, -0.201872460217994, 0, 0, 0, 260, 0, 0, 0, -190, 81, 270, 23, 1, 45
27.53, 2.212065200562653, 0.08035107884353987, 0.08005089058524174, 0.7836940298507463, 0.431872460217994, 0.17, -0.261872460217994, 0, 0, 0, 260, 0, 0, 0, -190, 81, 228, 0, 42, 45
27.58, 2.21597473808712, 0.08034716236719074, 0.08005089058524174, 0.7836940298507463, 0.431872460217994, 0.19, -0.241872460217994, 0, 0, 0, 260, 0, 0, 0, -190, 185, 145, 104, 83, 45
27.629, 2.219884275611588, 0.08034616799781345, 0.08005089058524174, 0.7836940298507463, 0.431872460217994, 0.19, -0.241872460217994, 0, 0, 0, 260, 0, 0, 0, -190, 251, 67, 66, 78, 45
27.679, 2.223793813136055, 0.08034227440066676, 0.08005089058524174, 0.7836940298507463, 0.431872460217994, 0.19, -0.241872460217994, 0, 0, 0, 260, 0, 0, 0, -190, 277, 70, 26, 3, 45
27.727, 2.228192042851081, 0.08036181494034988, 0.08005089058524174, 0.7836940298507463, 0.431872460217994, 0.18, -0.251872460217994, 0, 0, 0, 260, 0, 0, 0, -190, 266, 78, 11, 8, 45
27.771, 2.23136854208971, 0.08034887264015378, 0.08005089058524174, 0.7836940298507463, 0.431872460217994, 0.19, -0.241872460217994, 0, 0, 0, 260, 0, 0, 0, -190, 256, 56, 10, 22, 45
27.82, 2.235278079614178, 0.08034788208534069, 0.08005089058524174, 0.7836940298507463, 0.431872460217994, 0.19, -0.241872460217994, 0, 0, 0, 260, 0, 0, 0, -190, 250, 78, 6, 22, 45
27.869, 2.239431963233924, 0.08035566268017956, 0.08005089058524174, 0.7836940298507463, 0.431872460217994, 0.18, -0.251872460217994, 0, 0, 0, 260, 0, 0, 0, -190, 252, 68, 2, 10, 45
27.921, 2.243585846853671, 0.08035478123468611, 0.08005089058524174, 0.7836940298507463, 0.431872460217994, 0.2, -0.2318724602179941, 0, 0, 0, 260, 0, 0, 0, -190, 273, 62, 21, 6, 45
27.969, 2.247495384378138, 0.08035665859981187, 0.08005089058524174, 0.7836940298507463, 0.431872460217994, 0.22, -0.211872460217994, 0, 0, 0, 260, 0, 0, 0, -190, 258, 81, 15, 19, 45
28.02, 2.251404921902606, 0.08034992583521078, 0.08005089058524174, 0.7836940298507463, 0.431872460217994, 0.11, -0.321872460217994, 0, 0, 0, 260, 0, 0, 0, -190, 263, 59, 5, 22, 45
28.068, 2.255070113331794, 0.08034309937764693, 0.08005089058524174, 0.7836940298507463, 0.431872460217994, 0.12, -0.311872460217994, 0, 0, 0, 260, 0, 0, 0, -190, 258, 74, 5, 15, 45
28.119, 2.259712689142098, 0.08036248405498412, 0.08005089058524174, 0.7836940298507463, 0.431872460217994, 0.37, -0.06187246021799403, 0, 0, 0, 260, 0, 0, 0, -190, 258, 66, 0, 8, 45
28.17, 2.263866572761845, 0.08036445057727528, 0.08005089058524174, 0.7836940298507463, 0.431872460217994, 0.5899999999999999, 0.158127539782006, 0, 0, 0, 260, 0, 0, 0, 190, 269, 76, 11, 10, 46
28.219, 2.267776110286312, 0.08036344697850073, 0.08005089058524174, 0.7836940298507463, 0.431872460217994, 0.6800000000000001, 0.248127539782006, 0, 0, 0, 260, 0, 0, 0, 190, 241, 86, 28, 10, 46
28.27, 2.271929993906059, 0.08036540480743044, 0.08005089058524174, 0.7836940298507463, 0.431872460217994, 0.73, 0.298127539782006, 0, 0, 0, 260, 0, 0, 0, 190, 163, 190, 78, 104, 46
28.319, 2.275839531430526, 0.0803644031014699, 0.08005089058524174, 0.7836940298507463, 0.431872460217994, 0.74, 0.308127539782006, 0, 0, 0, 260, 0, 0, 0, 190, 75, 252, 88, 62, 46
28.364, 2.279016030669156, 0.08034889404418122, 0.08005089058524174, 0.7836940298507463, 0.431872460217994, 0.6899999999999999, 0.258127539782006, 0, 0, 0, 260, 0, 0, 0, 190, 55, 260, 20, 8, 46
28.44, 2.285613375241694, 0.08036615243465873, 0.08005089058524174, 0.7836940298507463, 0.431872460217994, 0.38, -0.05187246021799403, 0, 0, 0, 260, 0, 0, 0, -190, 78, 277, 23, 17, 47
28.501, 2.290744643242558, 0.08037418487921679, 0.08005089058524174, 0.7836940298507463, 0.431872460217994, 0.2, -0.2318724602179941, 0, 0, 0, 260, 0, 0, 0, -190, 84, 225, 6, 52, 47
28.556, 2.294654180767025, 0.08035628872275618, 0.08005089058524174, 0.7836940298507463, 0.431872460217994, 0.21, -0.221872460217994, 0, 0, 0, 260, 0, 0, 0, -190, 199, 124, 115, 101, 47
28.60900000000001, 2.299052410482051, 0.08036115944220528, 0.08005089058524174, 0.7836940298507463, 0.431872460217994, 0.18, -0.251872460217994, 0, 0, 0, 260, 0, 0, 0, -190, 273, 67, 74, 57, 47
28.658, 2.302961948006518, 0.08036017684438963, 0.08005089058524174, 0.7836940298507463, 0.431872460217994, 0.13, -0.301872460217994, 0, 0, 0, 260, 0, 0, 0, -190, 268, 58, 5, 9, 47
28.71, 2.307360177721543, 0.08036782228218541, 0.08005089058524174, 0.7836940298507463, 0.431872460217994, 0.17, -0.261872460217994, 0, 0, 0, 260, 0, 0, 0, -190, 272, 80, 4, 22, 47
28.766, 2.31151406134129, 0.08035576935761977, 0.08005089058524174, 0.7836940298507463, 0.431872460217994, 0.14, -0.291872460217994, 0, 0, 0, 260, 0, 0, 0, -190, 244, 62, 28, 18, 47
28.82, 2.315912291056316, 0.08035781717752657, 0.08005089058524174, 0.7836940298507463, 0.431872460217994, 0.26, -0.171872460217994, 0, 0, 0, 260, 0, 0, 0, -190, 260, 77, 16, 15, 47
28.876, 2.320310520771341, 0.08035429147982203, 0.08005089058524174, 0.7836940298507463, 0.431872460217994, 0.58, 0.148127539782006, 0, 0, 0, 260, 0, 0, 0, 190, 271, 65, 11, 12, 48
28.922, 2.324464404391088, 0.08037011286878805, 0.08005089058524174, 0.7836940298507463, 0.431872460217994, 0.73, 0.298127539782006, 0, 0, 0, 260, 0, 0, 0, 190, 248, 93, 23, 28, 48
28.971, 2.328373941915555, 0.08036912574352129, 0.08005089058524174, 0.7836940298507463, 0.431872460217994, 0.65, 0.218127539782006, 0, 0, 0, 260, 0, 0, 0, 190, 144, 187, 104, 94, 48
29.02, 2.332283479440022, 0.08036814195175818, 0.08005089058524174, 0.7836940298507463, 0.431872460217994, 0.79, 0.3581275397820059, 0, 0, 0, 260, 0, 0, 0, 190, 79, 254, 65, 67, 48
29.07, 2.33619301696449, 0.08036439686840351, 0.08005089058524174, 0.7836940298507463, 0.431872460217994, 0.74, 0.308127539782006, 0, 0, 0, 260, 0, 0, 0, 190, 57, 251, 22, 3, 48
29.121, 2.340346900584236, 0.08036629582034395, 0.08005089058524174, 0.7836940298507463, 0.431872460217994, 0.32, -0.111872460217994, 0, 0, 0, 260, 0, 0, 0, -190, 77, 262, 20, 11, 49
29.171, 2.344745130299262, 0.08037931953992878, 0.08005089058524174, 0.7836940298507463, 0.431872460217994, 0.2, -0.2318724602179941, 0, 0, 0, 260, 0, 0, 0, -190, 87, 251, 10, 11, 49
29.22, 2.34841032172845, 0.08036996309816736, 0.08005089058524174, 0.7836940298507463, 0.431872460217994, 0.23, -0.201872460217994, 0, 0, 0, 260, 0, 0, 0, -190, 165, 150, 78, 101, 49
29.269, 2.351831167062359, 0.08035228969429632, 0.08005089058524174, 0.7836940298507463, 0.431872460217994, 0.23, -0.201872460217994, 0, 0, 0, 260, 0, 0, 0, -190, 247, 67, 82, 83, 49
29.319, 2.356229396777385, 0.08036527155692163, 0.08005089058524174, 0.7836940298507463, 0.431872460217994, 0.19, -0.241872460217994, 0, 0, 0, 260, 0, 0, 0, -190, 268, 74, 21, 7, 49
29.369, 2.360383280397131, 0.08036988935262118, 0.08005089058524174, 0.7836940298507463, 0.431872460217994, 0.2, -0.2318724602179941, 0, 0, 0, 260, 0, 0, 0, -190, 276, 71, 8, 3, 49
29.419, 2.364292817921598, 0.08036618572764533, 0.08005089058524174, 0.7836940298507463, 0.431872460217994, 0.19, -0.241872460217994, 0, 0, 0, 260, 0, 0, 0, -190, 252, 69, 24, 2, 49
29.474, 2.368691047636624, 0.08036544234364607, 0.08005089058524174, 0.7836940298507463, 0.431872460217994, 0.23, -0.201872460217994, 0, 0, 0, 260, 0, 0, 0, -190, 247, 70, 5, 1, 49
29.52, 2.372600585161092, 0.08037264854881748, 0.08005089058524174, 0.7836940298507463, 0.431872460217994, 0.38, -0.05187246021799403, 0, 0, 0, 260, 0, 0, 0, -190, 266, 74, 19, 4, 49
29.576, 2.376998814876117, 0.08036917821463746, 0.08005089058524174, 0.7836940298507463, 0.431872460217994, 0.7199999999999999, 0.288127539782006, 0, 0, 0, 260, 0, 0, 0, 190, 256, 67, 10, 7, 50
29.626, 2.380908352400585, 0.080365501667474, 0.08005089058524174, 0.7836940298507463, 0.431872460217994, 0.8100000000000001, 0.378127539782006, 0, 0, 0, 260, 0, 0, 0, 190, 241, 80, 15, 13, 50
29.669, 2.384573543829773, 0.08037256206241439, 0.08005089058524174, 0.7836940298507463, 0.431872460217994, 0.8199999999999999, 0.388127539782006, 0, 0, 0, 260, 0, 0, 0, 190, 182, 170, 59, 90, 50
29.719, 2.388727427449519, 0.08037711320870551, 0.08005089058524174, 0.7836940298507463, 0.431872460217994, 0.8100000000000001, 0.378127539782006, 0, 0, 0, 260, 0, 0, 0, 190, 89, 246, 93, 76, 50
29.765, 2.391903926688149, 0.08035961453680997, 0.08005089058524174, 0.7836940298507463, 0.431872460217994, 0.8, 0.368127539782006, 0, 0, 0, 260, 0, 0, 0, 190, 52, 252, 37, 6, 50
29.81, 2.395569118117337, 0.08036125857488551, 0.08005089058524174, 0.7836940298507463, 0.431872460217994, 0.7800000000000001, 0.348127539782006, 0, 0, 0, 260, 0, 0, 0, 190, 77, 272, 25, 20, 50
29.868, 2.4007003861182, 0.08037700502605464, 0.08005089058524174, 0.7836940298507463, 0.431872460217994, 0.43, -0.001872460217994032, 0, 0, 0, 260, 0, 0, 0, -190, 83, 273, 6, 1, 51
29.919, 2.404854269737946, 0.0803788318372254, 0.08005089058524174, 0.7836940298507463, 0.431872460217994, 0.28, -0.151872460217994, 0, 0, 0, 260, 0, 0, 0, -190, 69, 224, 14, 49, 51
29.974, 2.409008153357694, 0.08036992571420877, 0.08005089058524174, 0.7836940298507463, 0.431872460217994, 0.24, -0.191872460217994, 0, 0, 0, 260, 0, 0, 0, -190, 201, 150, 132, 74, 51
30.02, 2.412673344786882, 0.08036886558250771, 0.08005089058524174, 0.7836940298507463, 0.431872460217994, 0.22, -0.211872460217994, 0, 0, 0, 260, 0, 0, 0, -190, 262, 67, 61, 83, 51
30.069, 2.416582882311348, 0.08036791653567954, 0.08005089058524174, 0.7836940298507463, 0.431872460217994, 0.23, -0.201872460217994, 0, 0, 0, 260, 0, 0, 0, -190, 258, 62, 4, 5, 51
30.12, 2.420981112026374, 0.08037785896501909, 0.08005089058524174, 0.7836940298507463, 0.431872460217994, 0.34, -0.09187246021799403, 0, 0, 0, 260, 0, 0, 0, -190, 268, 79, 10, 17, 51
30.171, 2.4253793417414, 0.08038776778169103, 0.08005089058524174, 0.7836940298507463, 0.431872460217994, 0.6, 0.168127539782006, 0, 0, 0, 260, 0, 0, 0, 190, 271, 62, 3, 17, 52
30.221, 2.429288879265867, 0.08038413286343495, 0.08005089058524174, 0.7836940298507463, 0.431872460217994, 0.7800000000000001, 0.348127539782006, 0, 0, 0, 260, 0, 0, 0, 190, 231, 100, 40, 38, 52
30.276, 2.433687108980893, 0.08038337656826837, 0.08005089058524174, 0.7836940298507463, 0.431872460217994, 0.8, 0.368127539782006, 0, 0, 0, 260, 0, 0, 0, 190, 148, 198, 83, 98, 52
30.323, 2.437107954314802, 0.08037159760956376, 0.08005089058524174, 0.7836940298507463, 0.431872460217994, 0.8100000000000001, 0.378127539782006, 0, 0, 0, 260, 0, 0, 0, 190, 89, 252, 59, 54, 52
30.377, 2.441506184029828, 0.08037351232938828, 0.08005089058524174, 0.7836940298507463, 0.431872460217994, 0.77, 0.338127539782006, 0, 0, 0, 260, 0, 0, 0, 190, 62, 265, 27, 13, 52
30.431, 2.446148759840133, 0.08038344976636104, 0.08005089058524174, 0.7836940298507463, 0.431872460217994, 0.34, -0.09187246021799403, 0, 0, 0, 260, 0, 0, 0, -190, 84, 260, 22, 5, 53
30.486, 2.450302643459879, 0.08037468488682933, 0.08005089058524174, 0.7836940298507463, 0.431872460217994, 0.26, -0.171872460217994, 0, 0, 0, 260, 0, 0, 0, -190, 76, 247, 8, 13, 53
30.53, 2.453967834889067, 0.08037890058595044, 0.08005089058524174, 0.7836940298507463, 0.431872460217994, 0.23, -0.201872460217994, 0, 0, 0, 260, 0, 0, 0, -190, 173, 155, 97, 92, 53
30.58, 2.458121718508814, 0.08038331322788796, 0.08005089058524174, 0.7836940298507463, 0.431872460217994, 0.22, -0.211872460217994, 0, 0, 0, 260, 0, 0, 0, -190, 254, 73, 81, 82, 53
30.628, 2.461542563842723, 0.08036902715955083, 0.08005089058524174, 0.7836940298507463, 0.431872460217994, 0.19, -0.241872460217994, 0, 0, 0, 260, 0, 0, 0, -190, 256, 52, 2, 21, 53
30.677, 2.465940793557748, 0.08038402691129342, 0.08005089058524174, 0.7836940298507463, 0.431872460217994, 0.28, -0.151872460217994, 0, 0, 0, 260, 0, 0, 0, -190, 283, 80, 27, 28, 53
30.728, 2.469850331082216, 0.08037784206854386, 0.08005089058524174, 0.7836940298507463, 0.431872460217994, 0.4, -0.03187246021799403, 0, 0, 0, 260, 0, 0, 0, -190, 266, 69, 17, 11, 53
30.777, 2.474004214701962, 0.08038483980576283, 0.08005089058524174, 0.7836940298507463, 0.431872460217994, 0.6899999999999999, 0.258127539782006, 0, 0, 0, 260, 0, 0, 0, 190, 238, 68, 28, 1, 54
30.83, 2.478158098321709, 0.08038138496015922, 0.08005089058524174, 0.7836940298507463, 0.431872460217994, 0.8100000000000001, 0.378127539782006, 0, 0, 0, 260, 0, 0, 0, 190, 248, 89, 10, 21, 54
30.877, 2.482067635846176, 0.08038564743486011, 0.08005089058524174, 0.7836940298507463, 0.431872460217994, 0.8299999999999999, 0.398127539782006, 0, 0, 0, 260, 0, 0, 0, 190, 161, 193, 87, 104, 54
30.931, 2.486221519465922, 0.08037960361662806, 0.08005089058524174, 0.7836940298507463, 0.431872460217994, 0.8199999999999999, 0.388127539782006, 0, 0, 0, 260, 0, 0, 0, 190, 77, 267, 84, 74, 54
30.979, 2.490375403085669, 0.08038914758661251, 0.08005089058524174, 0.7836940298507463, 0.431872460217994, 0.84, 0.4081275397820059, 0, 0, 0, 260, 0, 0, 0, 190, 57, 247, 20, 20, 54
31.035, 2.495017978895973, 0.08039368386969466, 0.08005089058524174, 0.7836940298507463, 0.431872460217994, 0.7800000000000001, 0.348127539782006, 0, 0, 0, 260, 0, 0, 0, 190, 80, 282, 23, 35, 54
31.091, 2.499416208611, 0.08039034474963815, 0.08005089058524174, 0.7836940298507463, 0.431872460217994, 0.43, -0.001872460217994032, 0, 0, 0, 260, 0, 0, 0, -190, 66, 251, 14, 31, 55
31.141, 2.503081400040188, 0.08037896663691557, 0.08005089058524174, 0.7836940298507463, 0.431872460217994, 0.24, -0.191872460217994, 0, 0, 0, 260, 0, 0, 0, -190, 88, 232, 22, 19, 55
31.199, 2.507723975850492, 0.08037834468574289, 0.08005089058524174, 0.7836940298507463, 0.431872460217994, 0.2, -0.2318724602179941, 0, 0, 0, 260, 0, 0, 0, -190, 193, 154, 105, 78, 55
31.249, 2.511877859470239, 0.0803826637482876, 0.08005089058524174, 0.7836940298507463, 0.431872460217994, 0.19, -0.241872460217994, 0, 0, 0, 260, 0, 0, 0, -190, 250, 57, 57, 97, 55
31.3, 2.516031743089985, 0.08038440073769921, 0.08005089058524174, 0.7836940298507463, 0.431872460217994, 0.21, -0.221872460217994, 0, 0, 0, 260, 0, 0, 0, -190, 274, 70, 24, 13, 55
31.35, 2.520429972805011, 0.08039649036060641, 0.08005089058524174, 0.7836940298507463, 0.431872460217994, 0.55, 0.118127539782006, 0, 0, 0, 260, 0, 0, 0, 190, 265, 74, 9, 4, 56
31.399, 2.52385081813892, 0.08037997446220963, 0.08005089058524174, 0.7836940298507463, 0.431872460217994, 0.86, 0.428127539782006, 0, 0, 0, 260, 0, 0, 0, 190, 239, 75, 26, 1, 56
31.449, 2.528249047853946, 0.08039203306476981, 0.08005089058524174, 0.7836940298507463, 0.431872460217994, 0.86, 0.428127539782006, 0, 0, 0, 260, 0, 0, 0, 190, 164, 179, 75, 104, 56
31.5, 2.532402931473692, 0.0803937438563077, 0.08005089058524174, 0.7836940298507463, 0.431872460217994, 0.8100000000000001, 0.378127539782006, 0, 0, 0, 260, 0, 0, 0, 190, 83, 261, 81, 82, 56
31.558, 2.536801161188718, 0.08038535905915198, 0.08005089058524174, 0.7836940298507463, 0.431872460217994, 0.64, 0.208127539782006, 0, 0, 0, 260, 0, 0, 0, 190, 59, 241, 24, 20, 56
31.60600000000001, 2.540710698713185, 0.08038697395156568, 0.08005089058524174, 0.7836940298507463, 0.431872460217994, 0.6600000000000001, 0.228127539782006, 0, 0, 0, 260, 0, 0, 0, 190, 87, 272, 28, 31, 56
31.664, 2.54559762061877, 0.08039406330908193, 0.08005089058524174, 0.7836940298507463, 0.431872460217994, 0.67, 0.238127539782006, 0, 0, 0, 260, 0, 0, 0, 190, 68, 265, 19, 7, 56
31.716, 2.549507158143236, 0.08038552018360566, 0.08005089058524174, 0.7836940298507463, 0.431872460217994, 0.67, 0.238127539782006, 0, 0, 0, 260, 0, 0, 0, 190, 65, 254, 3, 11, 56
31.77, 2.553905387858263, 0.08038732728543476, 0.08005089058524174, 0.7836940298507463, 0.431872460217994, 0.7, 0.268127539782006, 0, 0, 0, 260, 0, 0, 0, 190, 78, 256, 13, 2, 56
31.821, 2.55781492538273, 0.08038134959249332, 0.08005089058524174, 0.7836940298507463, 0.431872460217994, 0.8100000000000001, 0.378127539782006, 0, 0, 0, 260, 0, 0, 0, 190, 69, 265, 9, 9, 56
31.87, 2.561968809002476, 0.08038810194548089, 0.08005089058524174, 0.7836940298507463, 0.431872460217994, 0.8299999999999999, 0.398127539782006, 0, 0, 0, 260, 0, 0, 0, 190, 73, 258, 4, 7, 56
31.933, 2.56710007700334, 0.08039019437582875, 0.08005089058524174, 0.7836940298507463, 0.431872460217994, 0.84, 0.4081275397820059, 0, 0, 0, 260, 0, 0, 0, 190, 72, 264, 1, 6, 56
31.975, 2.570520922337248, 0.08039158474862386, 0.08005089058524174, 0.7836940298507463, 0.431872460217994, 0.84, 0.4081275397820059, 0, 0, 0, 260, 0, 0, 0, 190, 68, 256, 4, 8, 56
32.024, 2.574430459861716, 0.08039065887652123, 0.08005089058524174, 0.7836940298507463, 0.431872460217994, 0.8299999999999999, 0.398127539782006, 0, 0, 0, 260, 0, 0, 0, 190, 76, 256, 8, 0, 56
32.07, 2.578339997386183, 0.08039725592099105, 0.08005089058524174, 0.7836940298507463, 0.431872460217994, 0.8100000000000001, 0.378127539782006, 0, 0, 0, 260, 0, 0, 0, 190, 66, 261, 10, 5, 56
32.121, 2.58249388100593, 0.08039892534497461, 0.08005089058524174, 0.7836940298507463, 0.431872460217994, 0.8, 0.368127539782006, 0, 0, 0, 260, 0, 0, 0, 190, 62, 261, 4, 0, 56
32.171, 2.586403418530397, 0.08039549341115904, 0.08005089058524174, 0.7836940298507463, 0.431872460217994, 0.64, 0.208127539782006, 0, 0, 0, 260, 0, 0, 0, 190, 76, 258, 14, 3, 56
32.23100000000001, 2.591045994340702, 0.08038987292794831, 0.08005089058524174, 0.7836940298507463, 0.431872460217994, 0.24, -0.191872460217994, 0, 0, 0, 260, 0, 0, 0, -190, 72, 264, 4, 6, 57
32.279, 2.595199877960448, 0.08039901725457566, 0.08005089058524174, 0.7836940298507463, 0.431872460217994, 0.18, -0.251872460217994, 0, 0, 0, 260, 0, 0, 0, -190, 89, 245, 17, 19, 57
32.32800000000001, 2.599353761580195, 0.0804056471659303, 0.08005089058524174, 0.7836940298507463, 0.431872460217994, 0.2, -0.2318724602179941, 0, 0, 0, 260, 0, 0, 0, -190, 187, 154, 98, 91, 57
32.385, 2.603263299104662, 0.08038484789577465, 0.08005089058524174, 0.7836940298507463, 0.431872460217994, 0.19, -0.241872460217994, 0, 0, 0, 260, 0, 0, 0, -190, 234, 63, 47, 91, 57
32.431, 2.607172836629129, 0.08039137974867039, 0.08005089058524174, 0.7836940298507463, 0.431872460217994, 0.23, -0.201872460217994, 0, 0, 0, 260, 0, 0, 0, -190, 284, 62, 50, 1, 57
32.485, 2.611815412439434, 0.08040065914851267, 0.08005089058524174, 0.7836940298507463, 0.431872460217994, 0.2, -0.2318724602179941, 0, 0, 0, 260, 0, 0, 0, -190, 270, 76, 14, 14, 57
32.531, 2.615480603868622, 0.08039963738798752, 0.08005089058524174, 0.7836940298507463, 0.431872460217994, 0.19, -0.241872460217994, 0, 0, 0, 260, 0, 0, 0, -190, 252, 70, 18, 6, 57
32.58, 2.61939014139309, 0.08039871520543553, 0.08005089058524174, 0.7836940298507463, 0.431872460217994, 0.19, -0.241872460217994, 0, 0, 0, 260, 0, 0, 0, -190, 251, 64, 1, 6, 57
32.63, 2.623299678917557, 0.08039533186998337, 0.08005089058524174, 0.7836940298507463, 0.431872460217994, 0.32, -0.111872460217994, 0, 0, 0, 260, 0, 0, 0, -190, 257, 72, 6, 8, 57
32.686, 2.627697908632583, 0.08039215286766758, 0.08005089058524174, 0.7836940298507463, 0.431872460217994, 0.67, 0.238127539782006, 0, 0, 0, 260, 0, 0, 0, 190, 266, 68, 9, 4, 58
32.736, 2.63160744615705, 0.08038879051066258, 0.08005089058524174, 0.7836940298507463, 0.431872460217994, 0.8100000000000001, 0.378127539782006, 0, 0, 0, 260, 0, 0, 0, 190, 240, 98, 26, 30, 58
32.785, 2.636005675872076, 0.08040279627488411, 0.08005089058524174, 0.7836940298507463, 0.431872460217994, 0.8199999999999999, 0.388127539782006, 0, 0, 0, 260, 0, 0, 0, 190, 175, 198, 65, 100, 58
32.83100000000001, 2.639670867301263, 0.08040178085654606, 0.08005089058524174, 0.7836940298507463, 0.431872460217994, 0.8199999999999999, 0.388127539782006, 0, 0, 0, 260, 0, 0, 0, 190, 79, 242, 96, 44, 58
32.881, 2.643580404825731, 0.08039841868634563, 0.08005089058524174, 0.7836940298507463, 0.431872460217994, 0.8100000000000001, 0.378127539782006, 0, 0, 0, 260, 0, 0, 0, 190, 56, 254, 23, 12, 58
32.945, 2.648711672826594, 0.08039798673020472, 0.08005089058524174, 0.7836940298507463, 0.431872460217994, 0.23, -0.201872460217994, 0, 0, 0, 260, 0, 0, 0, -190, 77, 267, 21, 13, 59
32.992, 2.652865556446341, 0.080409358524683, 0.08005089058524174, 0.7836940298507463, 0.431872460217994, 0.2, -0.2318724602179941, 0, 0, 0, 260, 0, 0, 0, -190, 88, 261, 11, 6, 59
33.046, 2.656775093970809, 0.08039626865492975, 0.08005089058524174, 0.7836940298507463, 0.431872460217994, 0.25, -0.181872460217994, 0, 0, 0, 260, 0, 0, 0, -190, 189, 140, 101, 121, 59
33.1, 2.661173323685834, 0.08039798560984392, 0.08005089058524174, 0.7836940298507463, 0.431872460217994, 0.26, -0.171872460217994, 0, 0, 0, 260, 0, 0, 0, -190, 238, 74, 49, 66, 59
33.148, 2.665082861210301, 0.08039950709576146, 0.08005089058524174, 0.7836940298507463, 0.431872460217994, 0.23, -0.201872460217994, 0, 0, 0, 260, 0, 0, 0, -190, 266, 70, 28, 4, 59
33.195, 2.668748052639489, 0.08039608533331794, 0.08005089058524174, 0.7836940298507463, 0.431872460217994, 0.2, -0.2318724602179941, 0, 0, 0, 260, 0, 0, 0, -190, 282, 71, 16, 1, 59
33.246, 2.673146282354515, 0.0804050497008517, 0.08005089058524174, 0.7836940298507463, 0.431872460217994, 0.22, -0.211872460217994, 0, 0, 0, 260, 0, 0, 0, -190, 255, 63, 27, 8, 59
33.296, 2.676811473783703, 0.08039438592574793, 0.08005089058524174, 0.7836940298507463, 0.431872460217994, 0.23, -0.201872460217994, 0, 0, 0, 260, 0, 0, 0, -190, 256, 83, 1, 20, 59
33.344, 2.680721011308171, 0.0803959036500771, 0.08005089058524174, 0.7836940298507463, 0.431872460217994, 0.23, -0.201872460217994, 0, 0, 0, 260, 0, 0, 0, -190, 254, 69, 2, 14, 59
33.38900000000001, 2.684141856642079, 0.08039000439192787, 0.08005089058524174, 0.7836940298507463, 0.431872460217994, 0.27, -0.161872460217994, 0, 0, 0, 260, 0, 0, 0, -190, 224, 61, 30, 8, 59
33.44, 2.688540086357105, 0.0803989260274254, 0.08005089058524174, 0.7836940298507463, 0.431872460217994, 0.26, -0.171872460217994, 0, 0, 0, 260, 0, 0, 0, -190, 269, 81, 45, 20, 59
33.489, 2.692449623881572, 0.08039802991673602, 0.08005089058524174, 0.7836940298507463, 0.431872460217994, 0.27, -0.161872460217994, 0, 0, 0, 260, 0, 0, 0, -190, 283, 63, 14, 18, 59
33.546, 2.696847853596598, 0.08039253125846891, 0.08005089058524174, 0.7836940298507463, 0.431872460217994, 0.55, 0.118127539782006, 0, 0, 0, 260, 0, 0, 0, 190, 275, 62, 8, 1, 60
33.591, 2.700757391121066, 0.0804012203007075, 0.08005089058524174, 0.7836940298507463, 0.431872460217994, 0.5600000000000001, 0.128127539782006, 0, 0, 0, 260, 0, 0, 0, 190, 249, 83, 26, 21, 60
33.641, 2.704911274740811, 0.08040519826226365, 0.08005089058524174, 0.7836940298507463, 0.431872460217994, 0.55, 0.118127539782006, 0, 0, 0, 260, 0, 0, 0, 190, 154, 182, 95, 99, 60
33.689, 2.708820812265279, 0.08040668503859655, 0.08005089058524174, 0.7836940298507463, 0.431872460217994, 0.54, 0.108127539782006, 0, 0, 0, 260, 0, 0, 0, 190, 73, 265, 81, 83, 60
33.739, 2.712241657599188, 0.0803889166127979, 0.08005089058524174, 0.7836940298507463, 0.431872460217994, 0.58, 0.148127539782006, 0, 0, 0, 260, 0, 0, 0, 190, 52, 247, 21, 18, 60
33.797, 2.717372925600051, 0.08040278502825846, 0.08005089058524174, 0.7836940298507463, 0.431872460217994, 0.54, 0.108127539782006, 0, 0, 0, 260, 0, 0, 0, 190, 80, 275, 28, 28, 60
33.85, 2.721771155315077, 0.0804068288128531, 0.08005089058524174, 0.7836940298507463, 0.431872460217994, 0.38, -0.05187246021799403, 0, 0, 0, 260, 0, 0, 0, -190, 70, 242, 10, 33, 61
33.911, 2.726413731125382, 0.080399095606894, 0.08005089058524174, 0.7836940298507463, 0.431872460217994, 0.21, -0.221872460217994, 0, 0, 0, 260, 0, 0, 0, -190, 90, 215, 20, 27, 61
33.96500000000001, 2.730811960840408, 0.08040076434095122, 0.08005089058524174, 0.7836940298507463, 0.431872460217994, 0.2, -0.2318724602179941, 0, 0, 0, 260, 0, 0, 0, -190, 212, 135, 122, 80, 61
34.012, 2.734721498364875, 0.08040460714938478, 0.08005089058524174, 0.7836940298507463, 0.431872460217994, 0.18, -0.251872460217994, 0, 0, 0, 260, 0, 0, 0, -190, 248, 75, 36, 60, 61
34.06000000000001, 2.738386689794063, 0.08039890457410637, 0.08005089058524174, 0.7836940298507463, 0.431872460217994, 0.2, -0.2318724602179941, 0, 0, 0, 260, 0, 0, 0, -190, 241, 66, 7, 9, 61
34.111, 2.742540573413809, 0.08040047414071148, 0.08005089058524174, 0.7836940298507463, 0.431872460217994, 0.17, -0.261872460217994, 0, 0, 0, 260, 0, 0, 0, -190, 272, 74, 31, 8, 61
34.159, 2.746694457033557, 0.08040910029665847, 0.08005089058524174, 0.7836940298507463, 0.431872460217994, 0.17, -0.261872460217994, 0, 0, 0, 260, 0, 0, 0, -190, 265, 67, 7, 7, 61
34.209, 2.750359648462744, 0.08039871520543553, 0.08005089058524174, 0.7836940298507463, 0.431872460217994, 0.32, -0.111872460217994, 0, 0, 0, 260, 0, 0, 0, -190, 274, 69, 9, 2, 61
34.26, 2.755002224273049, 0.08041454244813336, 0.08005089058524174, 0.7836940298507463, 0.431872460217994, 0.5600000000000001, 0.128127539782006, 0, 0, 0, 260, 0, 0, 0, 190, 253, 66, 21, 3, 62
34.31, 2.758423069606958, 0.08039705828058754, 0.08005089058524174, 0.7836940298507463, 0.431872460217994, 0.79, 0.3581275397820059, 0, 0, 0, 260, 0, 0, 0, 190, 232, 77, 21, 11, 62
34.369, 2.7637986837031, 0.08041545240487359, 0.08005089058524174, 0.7836940298507463, 0.431872460217994, 0.8100000000000001, 0.378127539782006, 0, 0, 0, 260, 0, 0, 0, 190, 160, 207, 72, 130, 62
34.419, 2.767708221227568, 0.08041222061151014, 0.08005089058524174, 0.7836940298507463, 0.431872460217994, 0.8199999999999999, 0.388127539782006, 0, 0, 0, 260, 0, 0, 0, 190, 62, 256, 98, 49, 62
34.47, 2.771373412656756, 0.08039957681046578, 0.08005089058524174, 0.7836940298507463, 0.431872460217994, 0.8199999999999999, 0.388127539782006, 0, 0, 0, 260, 0, 0, 0, 190, 52, 242, 10, 14, 62
34.52, 2.775771642371782, 0.08041053425178973, 0.08005089058524174, 0.7836940298507463, 0.431872460217994, 0.5699999999999999, 0.138127539782006, 0, 0, 0, 260, 0, 0, 0, 190, 78, 275, 26, 33, 62
34.576, 2.780169872086807, 0.08040750439862354, 0.08005089058524174, 0.7836940298507463, 0.431872460217994, 0.26, -0.171872460217994, 0, 0, 0, 260, 0, 0, 0, -190, 73, 261, 5, 14, 63
34.622, 2.784079409611274, 0.08041359279103675, 0.08005089058524174, 0.7836940298507463, 0.431872460217994, 0.21, -0.221872460217994, 0, 0, 0, 260, 0, 0, 0, -190, 77, 246, 4, 15, 63
34.671, 2.787988947135742, 0.08041270650214132, 0.08005089058524174, 0.7836940298507463, 0.431872460217994, 0.18, -0.251872460217994, 0, 0, 0, 260, 0, 0, 0, -190, 198, 158, 121, 88, 63
34.719, 2.79165413856493, 0.08040710096963998, 0.08005089058524174, 0.7836940298507463, 0.431872460217994, 0.19, -0.241872460217994, 0, 0, 0, 260, 0, 0, 0, -190, 232, 92, 34, 66, 63
34.768, 2.795808022184677, 0.08041325420457536, 0.08005089058524174, 0.7836940298507463, 0.431872460217994, 0.18, -0.251872460217994, 0, 0, 0, 260, 0, 0, 0, -190, 264, 53, 32, 39, 63
34.819, 2.800206251899702, 0.08042178844595487, 0.08005089058524174, 0.7836940298507463, 0.431872460217994, 0.18, -0.251872460217994, 0, 0, 0, 260, 0, 0, 0, -190, 282, 81, 18, 28, 63
34.866, 2.803871443328891, 0.0804185006404202, 0.08005089058524174, 0.7836940298507463, 0.431872460217994, 0.22, -0.211872460217994, 0, 0, 0, 260, 0, 0, 0, -190, 261, 71, 21, 10, 63
34.915, 2.807536634758078, 0.08041061534463923, 0.08005089058524174, 0.7836940298507463, 0.431872460217994, 0.37, -0.06187246021799403, 0, 0, 0, 260, 0, 0, 0, -190, 249, 70, 12, 1, 63
34.97, 2.812179210568384, 0.0804169062215723, 0.08005089058524174, 0.7836940298507463, 0.431872460217994, 0.7199999999999999, 0.288127539782006, 0, 0, 0, 260, 0, 0, 0, 190, 260, 72, 11, 2, 64
35.021, 2.81608874809285, 0.08041143165794383, 0.08005089058524174, 0.7836940298507463, 0.431872460217994, 0.79, 0.3581275397820059, 0, 0, 0, 260, 0, 0, 0, 190, 241, 77, 19, 5, 64
35.079, 2.820486977807876, 0.08040385922654227, 0.08005089058524174, 0.7836940298507463, 0.431872460217994, 0.74, 0.308127539782006, 0, 0, 0, 260, 0, 0, 0, 190, 136, 201, 105, 124, 64
35.129, 2.824396515332344, 0.08040070925253618, 0.08005089058524174, 0.7836940298507463, 0.431872460217994, 0.77, 0.338127539782006, 0, 0, 0, 260, 0, 0, 0, 190, 51, 267, 85, 66, 64
35.18, 2.829039091142648, 0.08041611970274726, 0.08005089058524174, 0.7836940298507463, 0.431872460217994, 0.73, 0.298127539782006, 0, 0, 0, 260, 0, 0, 0, 190, 97, 248, 46, 19, 64
35.228, 2.833192974762395, 0.08042446277853966, 0.08005089058524174, 0.7836940298507463, 0.431872460217994, 0.7199999999999999, 0.288127539782006, 0, 0, 0, 260, 0, 0, 0, 190, 75, 276, 22, 28, 64
35.28, 2.837346858382142, 0.08042366378634187, 0.08005089058524174, 0.7836940298507463, 0.431872460217994, 0.64, 0.208127539782006, 0, 0, 0, 260, 0, 0, 0, 190, 62, 259, 13, 17, 64
35.33100000000001, 2.840767703716051, 0.08040439567847077, 0.08005089058524174, 0.7836940298507463, 0.431872460217994, 0.34, -0.09187246021799403, 0, 0, 0, 260, 0, 0, 0, -190, 78, 245, 16, 14, 65
35.381, 2.845410279526355, 0.08042198579820681, 0.08005089058524174, 0.7836940298507463, 0.431872460217994, 0.23, -0.201872460217994, 0, 0, 0, 260, 0, 0, 0, -190, 97, 238, 19, 7, 65
35.43, 2.849319817050823, 0.08042110688825353, 0.08005089058524174, 0.7836940298507463, 0.431872460217994, 0.21, -0.221872460217994, 0, 0, 0, 260, 0, 0, 0, -190, 186, 150, 89, 88, 65
35.47800000000001, 2.85298500848001, 0.08041560991262219, 0.08005089058524174, 0.7836940298507463, 0.431872460217994, 0.21, -0.221872460217994, 0, 0, 0, 260, 0, 0, 0, -190, 254, 71, 68, 79, 65
35.525, 2.85640585381392, 0.08040551312635946, 0.08005089058524174, 0.7836940298507463, 0.431872460217994, 0.23, -0.201872460217994, 0, 0, 0, 260, 0, 0, 0, -190, 255, 63, 1, 8, 65
35.58, 2.861048429624224, 0.0804117040366561, 0.08005089058524174, 0.7836940298507463, 0.431872460217994, 0.24, -0.191872460217994, 0, 0, 0, 260, 0, 0, 0, -190, 274, 75, 19, 12, 65
35.63000000000001, 2.865202313243971, 0.08041544522155407, 0.08005089058524174, 0.7836940298507463, 0.431872460217994, 0.31, -0.121872460217994, 0, 0, 0, 260, 0, 0, 0, -190, 264, 69, 10, 6, 65
35.68, 2.869600542958997, 0.08042602418607053, 0.08005089058524174, 0.7836940298507463, 0.431872460217994, 0.55, 0.118127539782006, 0, 0, 0, 260, 0, 0, 0, 190, 250, 71, 14, 2, 66
35.73, 2.873510080483464, 0.08042289617921814, 0.08005089058524174, 0.7836940298507463, 0.431872460217994, 0.7199999999999999, 0.288127539782006, 0, 0, 0, 260, 0, 0, 0, 190, 249, 90, 1, 19, 66
35.781, 2.877419618007931, 0.08041752935937875, 0.08005089058524174, 0.7836940298507463, 0.431872460217994, 0.7800000000000001, 0.348127539782006, 0, 0, 0, 260, 0, 0, 0, 190, 158, 190, 91, 100, 66
35.83400000000001, 2.881573501627678, 0.08041450861270521, 0.08005089058524174, 0.7836940298507463, 0.431872460217994, 0.79, 0.3581275397820059, 0, 0, 0, 260, 0, 0, 0, 190, 74, 263, 84, 73, 66
35.88000000000001, 2.885238693056866, 0.08041356446646784, 0.08005089058524174, 0.7836940298507463, 0.431872460217994, 0.7800000000000001, 0.348127539782006, 0, 0, 0, 260, 0, 0, 0, 190, 49, 247, 25, 16, 66
35.929, 2.889392576676612, 0.08041951005250946, 0.08005089058524174, 0.7836940298507463, 0.431872460217994, 0.7800000000000001, 0.348127539782006, 0, 0, 0, 260, 0, 0, 0, 190, 80, 266, 31, 19, 66
35.989, 2.894279498582197, 0.08042122589074985, 0.08005089058524174, 0.7836940298507463, 0.431872460217994, 0.38, -0.05187246021799403, 0, 0, 0, 260, 0, 0, 0, -190, 76, 277, 4, 11, 67
36.039, 2.898433382201943, 0.0804249114071407, 0.08005089058524174, 0.7836940298507463, 0.431872460217994, 0.24, -0.191872460217994, 0, 0, 0, 260, 0, 0, 0, -190, 91, 221, 15, 56, 67
36.089, 2.902098573631132, 0.08041504540527949, 0.08005089058524174, 0.7836940298507463, 0.431872460217994, 0.16, -0.271872460217994, 0, 0, 0, 260, 0, 0, 0, -190, 176, 155, 85, 66, 67
36.13900000000001, 2.906252457250878, 0.08041872927449232, 0.08005089058524174, 0.7836940298507463, 0.431872460217994, 0.17, -0.261872460217994, 0, 0, 0, 260, 0, 0, 0, -190, 254, 69, 78, 86, 67
36.189, 2.909917648680066, 0.08040889907651676, 0.08005089058524174, 0.7836940298507463, 0.431872460217994, 0.23, -0.201872460217994, 0, 0, 0, 260, 0, 0, 0, -190, 260, 68, 6, 1, 67
36.24000000000001, 2.914560224490371, 0.0804238472541493, 0.08005089058524174, 0.7836940298507463, 0.431872460217994, 0.4699999999999999, 0.03812753978200597, 0, 0, 0, 260, 0, 0, 0, 190, 274, 72, 14, 4, 68
36.29, 2.918469762014838, 0.08042077051570235, 0.08005089058524174, 0.7836940298507463, 0.431872460217994, 0.6899999999999999, 0.258127539782006, 0, 0, 0, 260, 0, 0, 0, 190, 242, 90, 32, 18, 68
36.34, 2.922867991729864, 0.08043115002008429, 0.08005089058524174, 0.7836940298507463, 0.431872460217994, 0.67, 0.238127539782006, 0, 0, 0, 260, 0, 0, 0, 190, 163, 198, 79, 108, 68
36.396, 2.926777529254331, 0.0804148128710389, 0.08005089058524174, 0.7836940298507463, 0.431872460217994, 0.67, 0.238127539782006, 0, 0, 0, 260, 0, 0, 0, 190, 75, 240, 88, 42, 68
36.44, 2.93019837458824, 0.08041159096016026, 0.08005089058524174, 0.7836940298507463, 0.431872460217994, 0.76, 0.328127539782006, 0, 0, 0, 260, 0, 0, 0, 190, 56, 255, 19, 15, 68
36.494, 2.934840950398545, 0.08041982107739752, 0.08005089058524174, 0.7836940298507463, 0.431872460217994, 0.51, 0.07812753978200597, 0, 0, 0, 260, 0, 0, 0, 190, 84, 284, 28, 29, 68
36.546, 2.939239180113571, 0.08042574235521181, 0.08005089058524174, 0.7836940298507463, 0.431872460217994, 0.21, -0.221872460217994, 0, 0, 0, 260, 0, 0, 0, -190, 68, 260, 16, 24, 69
36.59000000000001, 2.942660025447479, 0.0804225205096332, 0.08005089058524174, 0.7836940298507463, 0.431872460217994, 0.17, -0.261872460217994, 0, 0, 0, 260, 0, 0, 0, -190, 78, 234, 10, 26, 69
36.64200000000001, 2.946813909067226, 0.08042175397268778, 0.08005089058524174, 0.7836940298507463, 0.431872460217994, 0.19, -0.241872460217994, 0, 0, 0, 260, 0, 0, 0, -190, 179, 151, 101, 83, 69
36.689, 2.950479100496414, 0.08041862957552437, 0.08005089058524174, 0.7836940298507463, 0.431872460217994, 0.16, -0.271872460217994, 0, 0, 0, 260, 0, 0, 0, -190, 242, 75, 63, 76, 69
36.738, 2.954388638020881, 0.08041778643423379, 0.08005089058524174, 0.7836940298507463, 0.431872460217994, 0.18, -0.251872460217994, 0, 0, 0, 260, 0, 0, 0, -190, 278, 59, 36, 16, 69
36.794, 2.959031213831186, 0.08042156910994146, 0.08005089058524174, 0.7836940298507463, 0.431872460217994, 0.24, -0.191872460217994, 0, 0, 0, 260, 0, 0, 0, -190, 267, 78, 11, 19, 69
36.846, 2.962940751355653, 0.08041417660955473, 0.08005089058524174, 0.7836940298507463, 0.431872460217994, 0.41, -0.02187246021799403, 0, 0, 0, 260, 0, 0, 0, -190, 243, 65, 24, 13, 69
36.908, 2.968316365451796, 0.08042474166716691, 0.08005089058524174, 0.7836940298507463, 0.431872460217994, 0.74, 0.308127539782006, 0, 0, 0, 260, 0, 0, 0, 190, 263, 75, 20, 10, 70
36.96, 2.972225902976263, 0.08041736750476904, 0.08005089058524174, 0.7836940298507463, 0.431872460217994, 0.79, 0.3581275397820059, 0, 0, 0, 260, 0, 0, 0, 190, 233, 88, 30, 13, 70
37.009, 2.97637978659601, 0.08042313455094732, 0.08005089058524174, 0.7836940298507463, 0.431872460217994, 0.7800000000000001, 0.348127539782006, 0, 0, 0, 260, 0, 0, 0, 190, 172, 198, 61, 110, 70
37.059, 2.980289324120477, 0.08042012261854008, 0.08005089058524174, 0.7836940298507463, 0.431872460217994, 0.7800000000000001, 0.348127539782006, 0, 0, 0, 260, 0, 0, 0, 190, 84, 250, 88, 52, 70
37.112, 2.984443207740224, 0.08041720219174993, 0.08005089058524174, 0.7836940298507463, 0.431872460217994, 0.7800000000000001, 0.348127539782006, 0, 0, 0, 260, 0, 0, 0, 190, 48, 265, 36, 15, 70
37.16, 2.98859709135997, 0.08042511010118327, 0.08005089058524174, 0.7836940298507463, 0.431872460217994, 0.74, 0.308127539782006, 0, 0, 0, 260, 0, 0, 0, 190, 88, 257, 40, 8, 70
37.21, 2.992750974979717, 0.08042867441493462, 0.08005089058524174, 0.7836940298507463, 0.431872460217994, 0.6899999999999999, 0.258127539782006, 0, 0, 0, 260, 0, 0, 0, 190, 69, 273, 19, 16, 70
37.26, 2.996660512504184, 0.0804256712964086, 0.08005089058524174, 0.7836940298507463, 0.431872460217994, 0.44, 0.008127539782005968, 0, 0, 0, 260, 0, 0, 0, 190, 67, 256, 2, 17, 70
37.315, 3.00105874221921, 0.08042499644162428, 0.08005089058524174, 0.7836940298507463, 0.431872460217994, 0.25, -0.181872460217994, 0, 0, 0, 260, 0, 0, 0, -190, 74, 254, 7, 2, 71
37.366, 3.005212625838956, 0.08042639366908302, 0.08005089058524174, 0.7836940298507463, 0.431872460217994, 0.19, -0.241872460217994, 0, 0, 0, 260, 0, 0, 0, -190, 93, 243, 19, 11, 71
37.42, 3.009855201649261, 0.08043439876133782, 0.08005089058524174, 0.7836940298507463, 0.431872460217994, 0.18, -0.251872460217994, 0, 0, 0, 260, 0, 0, 0, -190, 189, 140, 96, 103, 71
37.468, 3.01327604698317, 0.08042265525203295, 0.08005089058524174, 0.7836940298507463, 0.431872460217994, 0.15, -0.2818724602179941, 0, 0, 0, 260, 0, 0, 0, -190, 248, 76, 59, 64, 71
37.52000000000001, 3.017429930602916, 0.08042190646596259, 0.08005089058524174, 0.7836940298507463, 0.431872460217994, 0.18, -0.251872460217994, 0, 0, 0, 260, 0, 0, 0, -190, 269, 57, 21, 19, 71
37.565, 3.021095122032104, 0.08042313648428335, 0.08005089058524174, 0.7836940298507463, 0.431872460217994, 0.2, -0.2318724602179941, 0, 0, 0, 260, 0, 0, 0, -190, 275, 79, 6, 22, 71
37.61200000000001, 3.025004659556572, 0.08042658352537945, 0.08005089058524174, 0.7836940298507463, 0.431872460217994, 0.29, -0.141872460217994, 0, 0, 0, 260, 0, 0, 0, -190, 259, 63, 16, 16, 71
37.661, 3.029158543176318, 0.08043223873971266, 0.08005089058524174, 0.7836940298507463, 0.431872460217994, 0.52, 0.08812753978200597, 0, 0, 0, 260, 0, 0, 0, 190, 255, 74, 4, 11, 72
37.711, 3.032823734605506, 0.08042278737253072, 0.08005089058524174, 0.7836940298507463, 0.431872460217994, 0.8, 0.368127539782006, 0, 0, 0, 260, 0, 0, 0, 190, 241, 78, 14, 4, 72
37.763, 3.037221964320532, 0.08042851373885899, 0.08005089058524174, 0.7836940298507463, 0.431872460217994, 0.8199999999999999, 0.388127539782006, 0, 0, 0, 260, 0, 0, 0, 190, 166, 198, 75, 120, 72
37.814, 3.041620194035558, 0.08043635145807261, 0.08005089058524174, 0.7836940298507463, 0.431872460217994, 0.8199999999999999, 0.388127539782006, 0, 0, 0, 260, 0, 0, 0, 190, 68, 262, 98, 64, 72
37.861, 3.044796693274187, 0.08042039812139635, 0.08005089058524174, 0.7836940298507463, 0.431872460217994, 0.8199999999999999, 0.388127539782006, 0, 0, 0, 260, 0, 0, 0, 190, 52, 243, 16, 19, 72
37.909, 3.049194922989213, 0.08043459133686495, 0.08005089058524174, 0.7836940298507463, 0.431872460217994, 0.7, 0.268127539782006, 0, 0, 0, 260, 0, 0, 0, 190, 80, 280, 28, 37, 72
37.961, 3.053593152704239, 0.08044027166576852, 0.08005089058524174, 0.7836940298507463, 0.431872460217994, 0.34, -0.09187246021799403, 0, 0, 0, 260, 0, 0, 0, -190, 72, 262, 8, 18, 73
38.01, 3.057013998038148, 0.08042657190313465, 0.08005089058524174, 0.7836940298507463, 0.431872460217994, 0.21, -0.221872460217994, 0, 0, 0, 260, 0, 0, 0, -190, 80, 215, 8, 47, 73
38.06000000000001, 3.061167881657894, 0.08043005469411179, 0.08005089058524174, 0.7836940298507463, 0.431872460217994, 0.2, -0.2318724602179941, 0, 0, 0, 260, 0, 0, 0, -190, 189, 154, 109, 61, 73
38.108, 3.064833073087083, 0.08042492581838676, 0.08005089058524174, 0.7836940298507463, 0.431872460217994, 0.19, -0.241872460217994, 0, 0, 0, 260, 0, 0, 0, -190, 244, 88, 55, 66, 73
38.157, 3.068498264516271, 0.08041770224378936, 0.08005089058524174, 0.7836940298507463, 0.431872460217994, 0.17, -0.261872460217994, 0, 0, 0, 260, 0, 0, 0, -190, 259, 67, 15, 21, 73
38.204, 3.072652148136017, 0.08042749838069357, 0.08005089058524174, 0.7836940298507463, 0.431872460217994, 0.17, -0.261872460217994, 0, 0, 0, 260, 0, 0, 0, -190, 267, 69, 8, 2, 73
38.251, 3.076561685660485, 0.0804308824778564, 0.08005089058524174, 0.7836940298507463, 0.431872460217994, 0.15, -0.2818724602179941, 0, 0, 0, 260, 0, 0, 0, -190, 265, 72, 2, 3, 73
38.299, 3.080226877089673, 0.0804257781427628, 0.08005089058524174, 0.7836940298507463, 0.431872460217994, 0.18, -0.251872460217994, 0, 0, 0, 260, 0, 0, 0, -190, 248, 65, 17, 7, 73
38.345, 3.084136414614139, 0.08043125347800599, 0.08005089058524174, 0.7836940298507463, 0.431872460217994, 0.17, -0.261872460217994, 0, 0, 0, 260, 0, 0, 0, -190, 267, 75, 19, 10, 73
38.4, 3.088534644329166, 0.08043058969607204, 0.08005089058524174, 0.7836940298507463, 0.431872460217994, 0.17, -0.261872460217994, 0, 0, 0, 260, 0, 0, 0, -190, 260, 70, 7, 5, 73
38.45000000000001, 3.092688527948912, 0.08043403193625259, 0.08005089058524174, 0.7836940298507463, 0.431872460217994, 0.2, -0.2318724602179941, 0, 0, 0, 260, 0, 0, 0, -190, 263, 76, 3, 6, 73
38.497, 3.096109373282821, 0.080424692139201, 0.08005089058524174, 0.7836940298507463, 0.431872460217994, 0.18, -0.251872460217994, 0, 0, 0, 260, 0, 0, 0, -190, 250, 63, 13, 13, 73
38.546, 3.100263256902568, 0.08043021991653006, 0.08005089058524174, 0.7836940298507463, 0.431872460217994, 0.19, -0.241872460217994, 0, 0, 0, 260, 0, 0, 0, -190, 259, 72, 9, 9, 73
38.596, 3.104172794427035, 0.08042731874875725, 0.08005089058524174, 0.7836940298507463, 0.431872460217994, 0.18, -0.251872460217994, 0, 0, 0, 260, 0, 0, 0, -190, 269, 69, 10, 3, 73
38.641, 3.107837985856223, 0.08042850821294023, 0.08005089058524174, 0.7836940298507463, 0.431872460217994, 0.19, -0.241872460217994, 0, 0, 0, 260, 0, 0, 0, -190, 251, 72, 18, 3, 73
38.69, 3.11199186947597, 0.08043401058350916, 0.08005089058524174, 0.7836940298507463, 0.431872460217994, 0.17, -0.261872460217994, 0, 0, 0, 260, 0, 0, 0, -190, 273, 76, 22, 4, 73
38.741, 3.115901407000437, 0.08042903918330547, 0.08005089058524174, 0.7836940298507463, 0.431872460217994, 0.17, -0.261872460217994, 0, 0, 0, 260, 0, 0, 0, -190, 254, 60, 19, 16, 73
38.789, 3.119566598429625, 0.08042400160946723, 0.08005089058524174, 0.7836940298507463, 0.431872460217994, 0.22, -0.211872460217994, 0, 0, 0, 260, 0, 0, 0, -190, 268, 69, 14, 9, 73
38.84, 3.124209174239929, 0.08043792930586841, 0.08005089058524174, 0.7836940298507463, 0.431872460217994, 0.19, -0.241872460217994, 0, 0, 0, 260, 0, 0, 0, -190, 259, 71, 9, 2, 73
38.891, 3.128363057859676, 0.08043925478541761, 0.08005089058524174, 0.7836940298507463, 0.431872460217994, 0.19, -0.241872460217994, 0, 0, 0, 260, 0, 0, 0, -190, 260, 66, 1, 5, 73
38.94, 3.132516941479423, 0.08044470830712436, 0.08005089058524174, 0.7836940298507463, 0.431872460217994, 0.21, -0.221872460217994, 0, 0, 0, 260, 0, 0, 0, -190, 272, 69, 12, 3, 73
38.989, 3.136182132908611, 0.08043761401699481, 0.08005089058524174, 0.7836940298507463, 0.431872460217994, 0.2, -0.2318724602179941, 0, 0, 0, 260, 0, 0, 0, -190, 246, 71, 26, 2, 73
39.039, 3.139847324337798, 0.08042847727497627, 0.08005089058524174, 0.7836940298507463, 0.431872460217994, 0.21, -0.221872460217994, 0, 0, 0, 260, 0, 0, 0, -190, 260, 67, 14, 4, 73
39.089, 3.144001207957545, 0.08043186594585549, 0.08005089058524174, 0.7836940298507463, 0.431872460217994, 0.22, -0.211872460217994, 0, 0, 0, 260, 0, 0, 0, -190, 270, 66, 10, 1, 73
39.13600000000001, 3.147910745482013, 0.08043516827171945, 0.08005089058524174, 0.7836940298507463, 0.431872460217994, 0.2, -0.2318724602179941, 0, 0, 0, 260, 0, 0, 0, -190, 263, 76, 7, 10, 73
39.185, 3.151575936911201, 0.08042812139622818, 0.08005089058524174, 0.7836940298507463, 0.431872460217994, 0.22, -0.211872460217994, 0, 0, 0, 260, 0, 0, 0, -190, 254, 72, 9, 4, 73
39.231, 3.155729820530947, 0.08043969872118852, 0.08005089058524174, 0.7836940298507463, 0.431872460217994, 0.2, -0.2318724602179941, 0, 0, 0, 260, 0, 0, 0, -190, 252, 73, 2, 1, 73
39.27900000000001, 3.159150665864856, 0.08042849018215476, 0.08005089058524174, 0.7836940298507463, 0.431872460217994, 0.22, -0.211872460217994, 0, 0, 0, 260, 0, 0, 0, -190, 264, 68, 12, 5, 73
39.329, 3.163548895579882, 0.08043807103104278, 0.08005089058524174, 0.7836940298507463, 0.431872460217994, 0.18, -0.251872460217994, 0, 0, 0, 260, 0, 0, 0, -190, 265, 73, 1, 5, 73
39.381, 3.167458433104349, 0.08043113260466594, 0.08005089058524174, 0.7836940298507463, 0.431872460217994, 0.19, -0.241872460217994, 0, 0, 0, 260, 0, 0, 0, -190, 249, 66, 16, 7, 73
39.43, 3.171612316724096, 0.08043652844849342, 0.08005089058524174, 0.7836940298507463, 0.431872460217994, 0.19, -0.241872460217994, 0, 0, 0, 260, 0, 0, 0, -190, 264, 70, 15, 4, 73
39.479, 3.175766200343842, 0.08044191089804308, 0.08005089058524174, 0.7836940298507463, 0.431872460217994, 0.17, -0.261872460217994, 0, 0, 0, 260, 0, 0, 0, -190, 259, 68, 5, 2, 73
39.528, 3.17943139177303, 0.08043491681271579, 0.08005089058524174, 0.7836940298507463, 0.431872460217994, 0.17, -0.261872460217994, 0, 0, 0, 260, 0, 0, 0, -190, 266, 76, 7, 8, 73
39.579, 3.183829621488055, 0.08044239676313337, 0.08005089058524174, 0.7836940298507463, 0.431872460217994, 0.16, -0.271872460217994, 0, 0, 0, 260, 0, 0, 0, -190, 257, 65, 9, 11, 73
39.629, 3.187494812917244, 0.08043339001532324, 0.08005089058524174, 0.7836940298507463, 0.431872460217994, 0.18, -0.251872460217994, 0, 0, 0, 260, 0, 0, 0, -190, 262, 69, 5, 4, 73
39.679, 3.191648696536991, 0.08043672210834423, 0.08005089058524174, 0.7836940298507463, 0.431872460217994, 0.19, -0.241872460217994, 0, 0, 0, 260, 0, 0, 0, -190, 254, 72, 8, 3, 73
39.73, 3.195558234061458, 0.08043187098065587, 0.08005089058524174, 0.7836940298507463, 0.431872460217994, 0.26, -0.171872460217994, 0, 0, 0, 260, 0, 0, 0, -190, 259, 70, 5, 2, 73
39.78, 3.199712117681204, 0.08043519652290609, 0.08005089058524174, 0.7836940298507463, 0.431872460217994, 0.43, -0.001872460217994032, 0, 0, 0, 260, 0, 0, 0, -190, 247, 70, 12, 0, 73
39.831, 3.20411034739623, 0.08044262879155005, 0.08005089058524174, 0.7836940298507463, 0.431872460217994, 0.61, 0.178127539782006, 0, 0, 0, 260, 0, 0, 0, 190, 280, 73, 33, 3, 74
39.881, 3.208264231015976, 0.08044593242436189, 0.08005089058524174, 0.7836940298507463, 0.431872460217994, 0.76, 0.328127539782006, 0, 0, 0, 260, 0, 0, 0, 190, 240, 91, 40, 18, 74
39.938, 3.213151152921561, 0.08045348171970456, 0.08005089058524174, 0.7836940298507463, 0.431872460217994, 0.8, 0.368127539782006, 0, 0, 0, 260, 0, 0, 0, 190, 150, 194, 90, 103, 74
39.997, 3.217549382636586, 0.0804447679235089, 0.08005089058524174, 0.7836940298507463, 0.431872460217994, 0.79, 0.3581275397820059, 0, 0, 0, 260, 0, 0, 0, 190, 54, 266, 96, 72, 74
40.05100000000001, 3.221458920161053, 0.080433919756337, 0.08005089058524174, 0.7836940298507463, 0.431872460217994, 0.3, -0.131872460217994, 0, 0, 0, 260, 0, 0, 0, -190, 64, 257, 10, 9, 75
40.101, 3.22585714987608, 0.08044330939069049, 0.08005089058524174, 0.7836940298507463, 0.431872460217994, 0.19, -0.241872460217994, 0, 0, 0, 260, 0, 0, 0, -190, 94, 254, 30, 3, 75
40.149, 3.229766687400547, 0.08044451138012271, 0.08005089058524174, 0.7836940298507463, 0.431872460217994, 0.2, -0.2318724602179941, 0, 0, 0, 260, 0, 0, 0, -190, 176, 160, 82, 94, 75
40.196, 3.233187532734455, 0.08043555410325542, 0.08005089058524174, 0.7836940298507463, 0.431872460217994, 0.16, -0.271872460217994, 0, 0, 0, 260, 0, 0, 0, -190, 231, 73, 55, 87, 75
40.24, 3.236608378068365, 0.08043261376909454, 0.08005089058524174, 0.7836940298507463, 0.431872460217994, 0.19, -0.241872460217994, 0, 0, 0, 260, 0, 0, 0, -190, 276, 52, 45, 21, 75
40.289, 3.24100660778339, 0.08044395760091811, 0.08005089058524174, 0.7836940298507463, 0.431872460217994, 0.15, -0.2818724602179941, 0, 0, 0, 260, 0, 0, 0, -190, 258, 76, 18, 24, 75
40.335, 3.244427453117299, 0.08043702623322918, 0.08005089058524174, 0.7836940298507463, 0.431872460217994, 0.19, -0.241872460217994, 0, 0, 0, 260, 0, 0, 0, -190, 274, 72, 16, 4, 75
40.39000000000001, 3.248825682832324, 0.08043638729468492, 0.08005089058524174, 0.7836940298507463, 0.431872460217994, 0.19, -0.241872460217994, 0, 0, 0, 260, 0, 0, 0, -190, 249, 70, 25, 2, 75
40.43500000000001, 3.252735220356791, 0.08044355682841083, 0.08005089058524174, 0.7836940298507463, 0.431872460217994, 0.25, -0.181872460217994, 0, 0, 0, 260, 0, 0, 0, -190, 266, 68, 17, 2, 75
40.488, 3.256889103976539, 0.0804408492387013, 0.08005089058524174, 0.7836940298507463, 0.431872460217994, 0.4, -0.03187246021799403, 0, 0, 0, 260, 0, 0, 0, -190, 259, 70, 7, 2, 75
40.53900000000001, 3.261042987596285, 0.08044211716116047, 0.08005089058524174, 0.7836940298507463, 0.431872460217994, 0.6800000000000001, 0.248127539782006, 0, 0, 0, 260, 0, 0, 0, 190, 260, 70, 1, 0, 76
40.591, 3.265196871216032, 0.08044140009401179, 0.08005089058524174, 0.7836940298507463, 0.431872460217994, 0.8, 0.368127539782006, 0, 0, 0, 260, 0, 0, 0, 190, 247, 90, 13, 20, 76
40.639, 3.269350754835778, 0.08044860244680672, 0.08005089058524174, 0.7836940298507463, 0.431872460217994, 0.8299999999999999, 0.398127539782006, 0, 0, 0, 260, 0, 0, 0, 190, 153, 197, 94, 107, 76
40.69, 3.273260292360245, 0.08044385088130364, 0.08005089058524174, 0.7836940298507463, 0.431872460217994, 0.84, 0.4081275397820059, 0, 0, 0, 260, 0, 0, 0, 190, 65, 245, 88, 48, 76
40.74000000000001, 3.277169829884712, 0.08044108566236407, 0.08005089058524174, 0.7836940298507463, 0.431872460217994, 0.8100000000000001, 0.378127539782006, 0, 0, 0, 260, 0, 0, 0, 190, 68, 270, 3, 25, 76
40.799, 3.282301097885576, 0.08045052814739517, 0.08005089058524174, 0.7836940298507463, 0.431872460217994, 0.39, -0.04187246021799403, 0, 0, 0, 260, 0, 0, 0, -190, 78, 280, 10, 10, 77
40.849, 3.286210635410043, 0.08044776213395782, 0.08005089058524174, 0.7836940298507463, 0.431872460217994, 0.18, -0.251872460217994, 0, 0, 0, 260, 0, 0, 0, -190, 86, 244, 8, 36, 77
40.899, 3.290120172934511, 0.08044500288355486, 0.08005089058524174, 0.7836940298507463, 0.431872460217994, 0.19, -0.241872460217994, 0, 0, 0, 260, 0, 0, 0, -190, 181, 143, 95, 101, 77
40.949, 3.294274056554257, 0.08044821745474266, 0.08005089058524174, 0.7836940298507463, 0.431872460217994, 0.18, -0.251872460217994, 0, 0, 0, 260, 0, 0, 0, -190, 247, 73, 66, 70, 77
41.002, 3.298427940174003, 0.08044553778288872, 0.08005089058524174, 0.7836940298507463, 0.431872460217994, 0.18, -0.251872460217994, 0, 0, 0, 260, 0, 0, 0, -190, 280, 67, 33, 6, 77
41.051, 3.30282616988903, 0.0804566556207895, 0.08005089058524174, 0.7836940298507463, 0.431872460217994, 0.22, -0.211872460217994, 0, 0, 0, 260, 0, 0, 0, -190, 272, 80, 8, 13, 77
41.1, 3.306491361318217, 0.08044991146759653, 0.08005089058524174, 0.7836940298507463, 0.431872460217994, 0.35, -0.08187246021799403, 0, 0, 0, 260, 0, 0, 0, -190, 243, 64, 29, 16, 77
41.15, 3.310400898842684, 0.08044716643603122, 0.08005089058524174, 0.7836940298507463, 0.431872460217994, 0.5899999999999999, 0.158127539782006, 0, 0, 0, 260, 0, 0, 0, 190, 249, 73, 6, 9, 78
41.207, 3.31479912855771, 0.08044262209230737, 0.08005089058524174, 0.7836940298507463, 0.431872460217994, 0.75, 0.318127539782006, 0, 0, 0, 260, 0, 0, 0, 190, 240, 96, 9, 23, 78
41.25500000000001, 3.318708666082177, 0.08044379265742764, 0.08005089058524174, 0.7836940298507463, 0.431872460217994, 0.76, 0.328127539782006, 0, 0, 0, 260, 0, 0, 0, 190, 152, 196, 88, 100, 78
41.306, 3.322862549701924, 0.08044503340197366, 0.08005089058524174, 0.7836940298507463, 0.431872460217994, 0.84, 0.4081275397820059, 0, 0, 0, 260, 0, 0, 0, 190, 75, 267, 77, 71, 78
41.35000000000001, 3.326039048940554, 0.0804362526950557, 0.08005089058524174, 0.7836940298507463, 0.431872460217994, 0.8, 0.368127539782006, 0, 0, 0, 260, 0, 0, 0, 190, 52, 245, 23, 22, 78
41.4, 3.33043727865558, 0.08044534489506232, 0.08005089058524174, 0.7836940298507463, 0.431872460217994, 0.73, 0.298127539782006, 0, 0, 0, 260, 0, 0, 0, 190, 84, 264, 32, 19, 78
41.455, 3.334835508370605, 0.08044471133447363, 0.08005089058524174, 0.7836940298507463, 0.431872460217994, 0.22, -0.211872460217994, 0, 0, 0, 260, 0, 0, 0, -190, 80, 264, 4, 0, 79
41.501, 3.338500699799793, 0.08044386158887239, 0.08005089058524174, 0.7836940298507463, 0.431872460217994, 0.19, -0.241872460217994, 0, 0, 0, 260, 0, 0, 0, -190, 79, 240, 1, 24, 79
41.551, 3.34265458341954, 0.08044703096001395, 0.08005089058524174, 0.7836940298507463, 0.431872460217994, 0.19, -0.241872460217994, 0, 0, 0, 260, 0, 0, 0, -190, 180, 159, 101, 81, 79
41.6, 3.346319774848728, 0.08044037920309442, 0.08005089058524174, 0.7836940298507463, 0.431872460217994, 0.21, -0.221872460217994, 0, 0, 0, 260, 0, 0, 0, -190, 238, 81, 58, 78, 79
41.649, 3.350229312373195, 0.08043960989155071, 0.08005089058524174, 0.7836940298507463, 0.431872460217994, 0.18, -0.251872460217994, 0, 0, 0, 260, 0, 0, 0, -190, 265, 58, 27, 23, 79
41.698, 3.354138849897662, 0.08043884238806807, 0.08005089058524174, 0.7836940298507463, 0.431872460217994, 0.21, -0.221872460217994, 0, 0, 0, 260, 0, 0, 0, -190, 263, 85, 2, 27, 79
41.745, 3.358292733517409, 0.08044778377092847, 0.08005089058524174, 0.7836940298507463, 0.431872460217994, 0.33, -0.101872460217994, 0, 0, 0, 260, 0, 0, 0, -190, 275, 72, 12, 13, 79
41.798, 3.362202271041876, 0.08043930980051382, 0.08005089058524174, 0.7836940298507463, 0.431872460217994, 0.61, 0.178127539782006, 0, 0, 0, 260, 0, 0, 0, 190, 248, 71, 27, 1, 80
41.846, 3.366356154661623, 0.08044630680737999, 0.08005089058524174, 0.7836940298507463, 0.431872460217994, 0.8100000000000001, 0.378127539782006, 0, 0, 0, 260, 0, 0, 0, 190, 247, 89, 1, 18, 80
41.896, 3.37051003828137, 0.08044944716157556, 0.08005089058524174, 0.7836940298507463, 0.431872460217994, 0.8199999999999999, 0.388127539782006, 0, 0, 0, 260, 0, 0, 0, 190, 162, 181, 85, 92, 80
41.949, 3.374663921901116, 0.08044682642973887, 0.08005089058524174, 0.7836940298507463, 0.431872460217994, 0.8199999999999999, 0.388127539782006, 0, 0, 0, 260, 0, 0, 0, 190, 80, 257, 82, 76, 80
42.00600000000001, 3.37930649771142, 0.08044818591895016, 0.08005089058524174, 0.7836940298507463, 0.431872460217994, 0.8199999999999999, 0.388127539782006, 0, 0, 0, 260, 0, 0, 0, 190, 55, 260, 25, 3, 80
42.06, 3.383949073521725, 0.08045527992205718, 0.08005089058524174, 0.7836940298507463, 0.431872460217994, 0.5600000000000001, 0.128127539782006, 0, 0, 0, 260, 0, 0, 0, 190, 79, 271, 24, 11, 80
42.116, 3.388347303236752, 0.08045273300495658, 0.08005089058524174, 0.7836940298507463, 0.431872460217994, 0.29, -0.141872460217994, 0, 0, 0, 260, 0, 0, 0, -190, 73, 260, 6, 11, 81
42.169, 3.392501186856498, 0.08045012181594295, 0.08005089058524174, 0.7836940298507463, 0.431872460217994, 0.21, -0.221872460217994, 0, 0, 0, 260, 0, 0, 0, -190, 81, 237, 8, 23, 81
42.21800000000001, 3.396410724380965, 0.08044935156523202, 0.08005089058524174, 0.7836940298507463, 0.431872460217994, 0.21, -0.221872460217994, 0, 0, 0, 260, 0, 0, 0, -190, 198, 134, 117, 103, 81
42.26400000000001, 3.400075915810153, 0.08044851210983705, 0.08005089058524174, 0.7836940298507463, 0.431872460217994, 0.21, -0.221872460217994, 0, 0, 0, 260, 0, 0, 0, -190, 244, 93, 46, 41, 81
42.315, 3.403985453334621, 0.08044394312500581, 0.08005089058524174, 0.7836940298507463, 0.431872460217994, 0.18, -0.251872460217994, 0, 0, 0, 260, 0, 0, 0, -190, 266, 56, 22, 37, 81
42.361, 3.408139336954367, 0.08045464783537613, 0.08005089058524174, 0.7836940298507463, 0.431872460217994, 0.17, -0.261872460217994, 0, 0, 0, 260, 0, 0, 0, -190, 274, 72, 8, 16, 81
42.421, 3.412781912764672, 0.08045029378762104, 0.08005089058524174, 0.7836940298507463, 0.431872460217994, 0.39, -0.04187246021799403, 0, 0, 0, 260, 0, 0, 0, -190, 252, 76, 22, 4, 81
42.47800000000001, 3.417424488574977, 0.08045163351793816, 0.08005089058524174, 0.7836940298507463, 0.431872460217994, 0.77, 0.338127539782006, 0, 0, 0, 260, 0, 0, 0, 190, 257, 66, 5, 10, 82
42.528, 3.421334026099444, 0.08044897540677775, 0.08005089058524174, 0.7836940298507463, 0.431872460217994, 0.84, 0.4081275397820059, 0, 0, 0, 260, 0, 0, 0, 190, 255, 86, 2, 20, 82
42.578, 3.425487909719191, 0.08045206232606489, 0.08005089058524174, 0.7836940298507463, 0.431872460217994, 0.8199999999999999, 0.388127539782006, 0, 0, 0, 260, 0, 0, 0, 190, 162, 189, 93, 103, 82
42.62700000000001, 3.429397447243658, 0.08045129723517157, 0.08005089058524174, 0.7836940298507463, 0.431872460217994, 0.8199999999999999, 0.388127539782006, 0, 0, 0, 260, 0, 0, 0, 190, 76, 253, 86, 64, 82
42.686, 3.433795676958684, 0.08044313538299873, 0.08005089058524174, 0.7836940298507463, 0.431872460217994, 0.84, 0.4081275397820059, 0, 0, 0, 260, 0, 0, 0, 190, 53, 248, 23, 5, 82
42.73700000000001, 3.438193906673709, 0.08045005280374639, 0.08005089058524174, 0.7836940298507463, 0.431872460217994, 0.79, 0.3581275397820059, 0, 0, 0, 260, 0, 0, 0, 190, 77, 279, 24, 31, 82
42.799, 3.443569520769852, 0.08045911167947505, 0.08005089058524174, 0.7836940298507463, 0.431872460217994, 0.38, -0.05187246021799403, 0, 0, 0, 260, 0, 0, 0, -190, 67, 256, 10, 23, 83
42.85, 3.44747905829432, 0.08045458712472158, 0.08005089058524174, 0.7836940298507463, 0.431872460217994, 0.22, -0.211872460217994, 0, 0, 0, 260, 0, 0, 0, -190, 82, 239, 15, 17, 83
42.90100000000001, 3.451388595818787, 0.08045007332739999, 0.08005089058524174, 0.7836940298507463, 0.431872460217994, 0.19, -0.241872460217994, 0, 0, 0, 260, 0, 0, 0, -190, 186, 147, 104, 92, 83
42.949, 3.455298133343254, 0.0804511893954051, 0.08005089058524174, 0.7836940298507463, 0.431872460217994, 0.19, -0.241872460217994, 0, 0, 0, 260, 0, 0, 0, -190, 250, 84, 64, 63, 83
42.999, 3.459207670867722, 0.08044856091694507, 0.08005089058524174, 0.7836940298507463, 0.431872460217994, 0.18, -0.251872460217994, 0, 0, 0, 260, 0, 0, 0, -190, 260, 53, 10, 31, 83
43.05, 3.463850246678026, 0.08046109748381014, 0.08005089058524174, 0.7836940298507463, 0.431872460217994, 0.35, -0.08187246021799403, 0, 0, 0, 260, 0, 0, 0, -190, 275, 88, 15, 35, 83
43.108, 3.468004130297773, 0.08044920038734741, 0.08005089058524174, 0.7836940298507463, 0.431872460217994, 0.6800000000000001, 0.248127539782006, 0, 0, 0, 260, 0, 0, 0, 190, 256, 64, 19, 24, 84
43.159, 3.47191366782224, 0.08044471993841933, 0.08005089058524174, 0.7836940298507463, 0.431872460217994, 0.79, 0.3581275397820059, 0, 0, 0, 260, 0, 0, 0, 190, 238, 93, 18, 29, 84
43.215, 3.477044935823104, 0.08045921406509555, 0.08005089058524174, 0.7836940298507463, 0.431872460217994, 0.7800000000000001, 0.348127539782006, 0, 0, 0, 260, 0, 0, 0, 190, 146, 210, 92, 117, 84
43.262, 3.480954473347571, 0.08046217172917503, 0.08005089058524174, 0.7836940298507463, 0.431872460217994, 0.79, 0.3581275397820059, 0, 0, 0, 260, 0, 0, 0, 190, 59, 249, 87, 39, 84
43.31, 3.48437531868148, 0.08045198149807158, 0.08005089058524174, 0.7836940298507463, 0.431872460217994, 0.8100000000000001, 0.378127539782006, 0, 0, 0, 260, 0, 0, 0, 190, 58, 249, 1, 0, 84
43.35900000000001, 3.488529202301226, 0.08045686483316556, 0.08005089058524174, 0.7836940298507463, 0.431872460217994, 0.7199999999999999, 0.288127539782006, 0, 0, 0, 260, 0, 0, 0, 190, 86, 276, 28, 27, 84
43.418, 3.49341612420681, 0.08046008853947233, 0.08005089058524174, 0.7836940298507463, 0.431872460217994, 0.26, -0.171872460217994, 0, 0, 0, 260, 0, 0, 0, -190, 73, 261, 13, 15, 85
43.46900000000001, 3.497081315635998, 0.08045000611092957, 0.08005089058524174, 0.7836940298507463, 0.431872460217994, 0.19, -0.241872460217994, 0, 0, 0, 260, 0, 0, 0, -190, 78, 232, 5, 29, 85
43.519, 3.501479545351024, 0.08045863979758321, 0.08005089058524174, 0.7836940298507463, 0.431872460217994, 0.18, -0.251872460217994, 0, 0, 0, 260, 0, 0, 0, -190, 192, 149, 114, 83, 85
43.566, 3.505144736780212, 0.08045596880090466, 0.08005089058524174, 0.7836940298507463, 0.431872460217994, 0.19, -0.241872460217994, 0, 0, 0, 260, 0, 0, 0, -190, 254, 77, 62, 72, 85
43.619, 3.509054274304679, 0.08044783865528048, 0.08005089058524174, 0.7836940298507463, 0.431872460217994, 0.15, -0.2818724602179941, 0, 0, 0, 260, 0, 0, 0, -190, 253, 74, 1, 3, 85
43.669, 3.513452504019706, 0.0804564451675034, 0.08005089058524174, 0.7836940298507463, 0.431872460217994, 0.22, -0.211872460217994, 0, 0, 0, 260, 0, 0, 0, -190, 277, 71, 24, 3, 85
43.718, 3.517362041544172, 0.08045569425738076, 0.08005089058524174, 0.7836940298507463, 0.431872460217994, 0.51, 0.07812753978200597, 0, 0, 0, 260, 0, 0, 0, 190, 255, 64, 22, 7, 86
43.77000000000001, 3.521515925163918, 0.08045501314059672, 0.08005089058524174, 0.7836940298507463, 0.431872460217994, 0.6800000000000001, 0.248127539782006, 0, 0, 0, 260, 0, 0, 0, 190, 242, 97, 13, 33, 86
43.821, 3.525669808783665, 0.08045616961693401, 0.08005089058524174, 0.7836940298507463, 0.431872460217994, 0.8, 0.368127539782006, 0, 0, 0, 260, 0, 0, 0, 190, 152, 190, 90, 93, 86
43.869, 3.529823692403412, 0.08046282551239853, 0.08005089058524174, 0.7836940298507463, 0.431872460217994, 0.71, 0.278127539782006, 0, 0, 0, 260, 0, 0, 0, 190, 71, 254, 81, 64, 86
43.921, 3.533733229927879, 0.08045657498526626, 0.08005089058524174, 0.7836940298507463, 0.431872460217994, 0.84, 0.4081275397820059, 0, 0, 0, 260, 0, 0, 0, 190, 55, 242, 16, 12, 86
43.97, 3.538131459642905, 0.08046694245264735, 0.08005089058524174, 0.7836940298507463, 0.431872460217994, 0.9, 0.4681275397820059, 0, 0, 0, 260, 0, 0, 0, 190, 79, 280, 24, 38, 86
44.03, 3.54277403545321, 0.08046273076205336, 0.08005089058524174, 0.7836940298507463, 0.431872460217994, 0.76, 0.328127539782006, 0, 0, 0, 260, 0, 0, 0, 190, 69, 260, 10, 20, 86
44.086, 3.546927919072956, 0.08045474570323814, 0.08005089058524174, 0.7836940298507463, 0.431872460217994, 0.73, 0.298127539782006, 0, 0, 0, 260, 0, 0, 0, 190, 65, 258, 4, 2, 86
44.131, 3.550837456597423, 0.08046129606393292, 0.08005089058524174, 0.7836940298507463, 0.431872460217994, 0.7199999999999999, 0.288127539782006, 0, 0, 0, 260, 0, 0, 0, 190, 71, 265, 6, 7, 86
44.18, 3.554746994121891, 0.08046054762611796, 0.08005089058524174, 0.7836940298507463, 0.431872460217994, 0.7199999999999999, 0.288127539782006, 0, 0, 0, 260, 0, 0, 0, 190, 72, 261, 1, 4, 86
44.229, 3.558656531646358, 0.08045980084664718, 0.08005089058524174, 0.7836940298507463, 0.431872460217994, 0.75, 0.318127539782006, 0, 0, 0, 260, 0, 0, 0, 190, 69, 261, 3, 0, 86
44.281, 3.563054761361383, 0.08046464084734726, 0.08005089058524174, 0.7836940298507463, 0.431872460217994, 0.7800000000000001, 0.348127539782006, 0, 0, 0, 260, 0, 0, 0, 190, 68, 248, 1, 13, 86
44.329, 3.566719952790572, 0.08046019429246256, 0.08005089058524174, 0.7836940298507463, 0.431872460217994, 0.7800000000000001, 0.348127539782006, 0, 0, 0, 260, 0, 0, 0, 190, 71, 267, 3, 19, 86
44.377, 3.57038514421976, 0.08045575735673346, 0.08005089058524174, 0.7836940298507463, 0.431872460217994, 0.7800000000000001, 0.348127539782006, 0, 0, 0, 260, 0, 0, 0, 190, 68, 263, 3, 4, 86
44.424, 3.574294681744227, 0.08045864131424967, 0.08005089058524174, 0.7836940298507463, 0.431872460217994, 0.8, 0.368127539782006, 0, 0, 0, 260, 0, 0, 0, 190, 69, 266, 1, 3, 86
44.471, 3.578448565363974, 0.0804670136800156, 0.08005089058524174, 0.7836940298507463, 0.431872460217994, 0.8199999999999999, 0.388127539782006, 0, 0, 0, 260, 0, 0, 0, 190, 76, 264, 7, 2, 86
44.526, 3.582358102888441, 0.08045542161632397, 0.08005089058524174, 0.7836940298507463, 0.431872460217994, 0.8299999999999999, 0.398127539782006, 0, 0, 0, 260, 0, 0, 0, 190, 67, 249, 9, 15, 86
44.575, 3.586267640412908, 0.08045468626837708, 0.08005089058524174, 0.7836940298507463, 0.431872460217994, 0.8199999999999999, 0.388127539782006, 0, 0, 0, 260, 0, 0, 0, 190, 72, 266, 5, 17, 86
44.62, 3.590177177937376, 0.08046116490222715, 0.08005089058524174, 0.7836940298507463, 0.431872460217994, 0.8199999999999999, 0.388127539782006, 0, 0, 0, 260, 0, 0, 0, 190, 79, 267, 7, 1, 86
44.666, 3.593842369366564, 0.08046035842400402, 0.08005089058524174, 0.7836940298507463, 0.431872460217994, 0.7800000000000001, 0.348127539782006, 0, 0, 0, 260, 0, 0, 0, 190, 64, 253, 15, 14, 86
44.721, 3.59824059908159, 0.08045975266835692, 0.08005089058524174, 0.7836940298507463, 0.431872460217994, 0.38, -0.05187246021799403, 0, 0, 0, 260, 0, 0, 0, -190, 69, 264, 5, 11, 87
44.769, 3.602150136606057, 0.08046081298680019, 0.08005089058524174, 0.7836940298507463, 0.431872460217994, 0.08, -0.351872460217994, 0, 0, 0, 260, 0, 0, 0, -190, 83, 248, 14, 16, 87
44.831, 3.60703705851164, 0.08045854561601661, 0.08005089058524174, 0.7836940298507463, 0.431872460217994, 0.08, -0.351872460217994, 0, 0, 0, 260, 0, 0, 0, -190, 205, 128, 122, 120, 87
44.88, 3.610946596036108, 0.08045781185463699, 0.08005089058524174, 0.7836940298507463, 0.431872460217994, 0.09, -0.3418724602179941, 0, 0, 0, 260, 0, 0, 0, -190, 258, 58, 53, 70, 87
44.92900000000001, 3.614856133560575, 0.08045707969375181, 0.08005089058524174, 0.7836940298507463, 0.431872460217994, 0.17, -0.261872460217994, 0, 0, 0, 260, 0, 0, 0, -190, 264, 66, 6, 8, 87
44.986, 3.619254363275601, 0.08045290453197886, 0.08005089058524174, 0.7836940298507463, 0.431872460217994, 0.65, 0.218127539782006, 0, 0, 0, 260, 0, 0, 0, 190, 258, 77, 6, 11, 88
45.03, 3.623163900800068, 0.08046111260937305, 0.08005089058524174, 0.7836940298507463, 0.431872460217994, 0.8100000000000001, 0.378127539782006, 0, 0, 0, 260, 0, 0, 0, 190, 253, 78, 5, 1, 88
45.08, 3.627317784419815, 0.08046401473868269, 0.08005089058524174, 0.7836940298507463, 0.431872460217994, 0.8100000000000001, 0.378127539782006, 0, 0, 0, 260, 0, 0, 0, 190, 173, 176, 80, 98, 88
45.134, 3.631471668039561, 0.08045977905879296, 0.08005089058524174, 0.7836940298507463, 0.431872460217994, 0.8100000000000001, 0.378127539782006, 0, 0, 0, 260, 0, 0, 0, 190, 77, 246, 96, 70, 88
45.17600000000001, 3.634892513373471, 0.08046069845434458, 0.08005089058524174, 0.7836940298507463, 0.431872460217994, 0.8100000000000001, 0.378127539782006, 0, 0, 0, 260, 0, 0, 0, 190, 54, 260, 23, 14, 88
45.232, 3.639535089183775, 0.08046372234665228, 0.08005089058524174, 0.7836940298507463, 0.431872460217994, 0.8, 0.368127539782006, 0, 0, 0, 260, 0, 0, 0, 190, 77, 276, 23, 16, 88
45.27900000000001, 3.643444626708243, 0.08046654357888299, 0.08005089058524174, 0.7836940298507463, 0.431872460217994, 0.79, 0.3581275397820059, 0, 0, 0, 260, 0, 0, 0, 190, 74, 254, 3, 22, 88
45.32800000000001, 3.646865472042152, 0.08045502718059813, 0.08005089058524174, 0.7836940298507463, 0.431872460217994, 0.79, 0.3581275397820059, 0, 0, 0, 260, 0, 0, 0, 190, 66, 243, 8, 11, 88
45.377, 3.651019355661898, 0.08045969005579694, 0.08005089058524174, 0.7836940298507463, 0.431872460217994, 0.7800000000000001, 0.348127539782006, 0, 0, 0, 260, 0, 0, 0, 190, 68, 265, 2, 22, 88
45.43, 3.655417585376924, 0.08046263670211147, 0.08005089058524174, 0.7836940298507463, 0.431872460217994, 0.75, 0.318127539782006, 0, 0, 0, 260, 0, 0, 0, 190, 66, 259, 2, 6, 88
45.47800000000001, 3.659082776806112, 0.0804583046045585, 0.08005089058524174, 0.7836940298507463, 0.431872460217994, 0.7199999999999999, 0.288127539782006, 0, 0, 0, 260, 0, 0, 0, 190, 66, 272, 0, 13, 88
45.529, 3.663725352616417, 0.08047014765570113, 0.08005089058524174, 0.7836940298507463, 0.431872460217994, 0.76, 0.328127539782006, 0, 0, 0, 260, 0, 0, 0, 190, 79, 243, 13, 29, 88
45.578, 3.667390544045605, 0.08046405160484456, 0.08005089058524174, 0.7836940298507463, 0.431872460217994, 0.76, 0.328127539782006, 0, 0, 0, 260, 0, 0, 0, 190, 71, 262, 8, 19, 88
45.629, 3.671300081570072, 0.08045979709329753, 0.08005089058524174, 0.7836940298507463, 0.431872460217994, 0.7800000000000001, 0.348127539782006, 0, 0, 0, 260, 0, 0, 0, 190, 64, 254, 7, 8, 88
45.67900000000001, 3.675453965189818, 0.08046266260622646, 0.08005089058524174, 0.7836940298507463, 0.431872460217994, 0.8, 0.368127539782006, 0, 0, 0, 260, 0, 0, 0, 190, 77, 273, 13, 19, 88
45.727, 3.679363502714286, 0.08046369765596443, 0.08005089058524174, 0.7836940298507463, 0.431872460217994, 0.8100000000000001, 0.378127539782006, 0, 0, 0, 260, 0, 0, 0, 190, 74, 266, 3, 7, 88
45.77000000000001, 3.682784348048195, 0.08046284352301058, 0.08005089058524174, 0.7836940298507463, 0.431872460217994, 0.8, 0.368127539782006, 0, 0, 0, 260, 0, 0, 0, 190, 64, 248, 10, 18, 88
45.818, 3.686938231667942, 0.08046920929913879, 0.08005089058524174, 0.7836940298507463, 0.431872460217994, 0.8100000000000001, 0.378127539782006, 0, 0, 0, 260, 0, 0, 0, 190, 73, 263, 9, 15, 88
45.87, 3.690847769192409, 0.08046321711777653, 0.08005089058524174, 0.7836940298507463, 0.431872460217994, 0.8299999999999999, 0.398127539782006, 0, 0, 0, 260, 0, 0, 0, 190, 68, 260, 5, 3, 88
45.919, 3.694757306716876, 0.08046249497412566, 0.08005089058524174, 0.7836940298507463, 0.431872460217994, 0.8100000000000001, 0.378127539782006, 0, 0, 0, 260, 0, 0, 0, 190, 71, 262, 3, 2, 88
45.97, 3.699155536431901, 0.08046890442531872, 0.08005089058524174, 0.7836940298507463, 0.431872460217994, 0.84, 0.4081275397820059, 0, 0, 0, 260, 0, 0, 0, 190, 73, 264, 2, 2, 88
46.021, 3.703309420051649, 0.08046999022297751, 0.08005089058524174, 0.7836940298507463, 0.431872460217994, 0.8199999999999999, 0.388127539782006, 0, 0, 0, 260, 0, 0, 0, 190, 62, 264, 11, 0, 88
46.07, 3.706974611480836, 0.08046395944173728, 0.08005089058524174, 0.7836940298507463, 0.431872460217994, 0.84, 0.4081275397820059, 0, 0, 0, 260, 0, 0, 0, 190, 75, 251, 13, 13, 88
46.124, 3.711372841195862, 0.08046511233188497, 0.08005089058524174, 0.7836940298507463, 0.431872460217994, 0.85, 0.418127539782006, 0, 0, 0, 260, 0, 0, 0, 190, 74, 270, 1, 19, 88
46.176, 3.715526724815608, 0.08046445609874411, 0.08005089058524174, 0.7836940298507463, 0.431872460217994, 0.6899999999999999, 0.258127539782006, 0, 0, 0, 260, 0, 0, 0, 190, 65, 256, 9, 14, 88
46.226, 3.719436262340076, 0.08046199676242971, 0.08005089058524174, 0.7836940298507463, 0.431872460217994, 0.71, 0.278127539782006, 0, 0, 0, 260, 0, 0, 0, 190, 75, 253, 10, 3, 88
46.275, 3.723834492055102, 0.08047184207574503, 0.08005089058524174, 0.7836940298507463, 0.431872460217994, 0.89, 0.458127539782006, 0, 0, 0, 260, 0, 0, 0, 190, 65, 267, 10, 14, 88
46.325, 3.72749968348429, 0.08046410541790156, 0.08005089058524174, 0.7836940298507463, 0.431872460217994, 0.8299999999999999, 0.398127539782006, 0, 0, 0, 260, 0, 0, 0, 190, 74, 256, 9, 11, 88
46.37700000000001, 3.731653567104036, 0.08046345315790232, 0.08005089058524174, 0.7836940298507463, 0.431872460217994, 0.8299999999999999, 0.398127539782006, 0, 0, 0, 260, 0, 0, 0, 190, 68, 260, 6, 4, 88
46.434, 3.736296142914341, 0.0804646625945286, 0.08005089058524174, 0.7836940298507463, 0.431872460217994, 0.8299999999999999, 0.398127539782006, 0, 0, 0, 260, 0, 0, 0, 190, 69, 256, 1, 4, 88
46.48, 3.740205680438808, 0.08046914114541327, 0.08005089058524174, 0.7836940298507463, 0.431872460217994, 0.8199999999999999, 0.388127539782006, 0, 0, 0, 260, 0, 0, 0, 190, 75, 258, 6, 2, 88
46.52900000000001, 3.744115217963275, 0.08046842223050733, 0.08005089058524174, 0.7836940298507463, 0.431872460217994, 0.79, 0.3581275397820059, 0, 0, 0, 260, 0, 0, 0, 190, 66, 254, 9, 4, 88
46.57800000000001, 3.747780409392464, 0.08046245887312601, 0.08005089058524174, 0.7836940298507463, 0.431872460217994, 0.76, 0.328127539782006, 0, 0, 0, 260, 0, 0, 0, 190, 69, 268, 3, 14, 88
46.629, 3.75193429301221, 0.080463537562723, 0.08005089058524174, 0.7836940298507463, 0.431872460217994, 0.7199999999999999, 0.288127539782006, 0, 0, 0, 260, 0, 0, 0, 190, 73, 253, 4, 15, 88
46.681, 3.756332522727236, 0.08046812456303925, 0.08005089058524174, 0.7836940298507463, 0.431872460217994, 0.73, 0.298127539782006, 0, 0, 0, 260, 0, 0, 0, 190, 69, 258, 4, 5, 88
46.726, 3.759753368061145, 0.08046383957670557, 0.08005089058524174, 0.7836940298507463, 0.431872460217994, 0.76, 0.328127539782006, 0, 0, 0, 260, 0, 0, 0, 190, 67, 252, 2, 6, 88
46.775, 3.763907251680891, 0.08046835385742151, 0.08005089058524174, 0.7836940298507463, 0.431872460217994, 0.74, 0.308127539782006, 0, 0, 0, 260, 0, 0, 0, 190, 78, 270, 11, 18, 88
46.83, 3.768305481395917, 0.08046776599179836, 0.08005089058524174, 0.7836940298507463, 0.431872460217994, 0.79, 0.3581275397820059, 0, 0, 0, 260, 0, 0, 0, 190, 73, 261, 5, 9, 88
46.881, 3.772703711110942, 0.08047404515925306, 0.08005089058524174, 0.7836940298507463, 0.431872460217994, 0.6, 0.168127539782006, 0, 0, 0, 260, 0, 0, 0, 190, 59, 250, 14, 11, 88
46.946, 3.777346286921248, 0.08046151507947958, 0.08005089058524174, 0.7836940298507463, 0.431872460217994, 0.08, -0.351872460217994, 0, 0, 0, 260, 0, 0, 0, -190, 78, 261, 19, 11, 89
47.001, 3.781988862731553, 0.08046613609777564, 0.08005089058524174, 0.7836940298507463, 0.431872460217994, 0.08, -0.351872460217994, 0, 0, 0, 260, 0, 0, 0, -190, 98, 243, 20, 18, 89
47.056, 3.786631438541858, 0.08047074631379331, 0.08005089058524174, 0.7836940298507463, 0.431872460217994, 0.38, -0.05187246021799403, 0, 0, 0, 260, 0, 0, 0, -190, 194, 135, 96, 108, 89
47.10900000000001, 3.790540976066325, 0.08046320185243426, 0.08005089058524174, 0.7836940298507463, 0.431872460217994, 0.5300000000000001, 0.09812753978200597, 0, 0, 0, 260, 0, 0, 0, 190, 259, 54, 65, 81, 90
47.15800000000001, 3.794450513590792, 0.08046249869779871, 0.08005089058524174, 0.7836940298507463, 0.431872460217994, 0.36, -0.07187246021799404, 0, 0, 0, 260, 0, 0, 0, -190, 245, 82, 14, 28, 91
47.21, 3.799093089401097, 0.08047221117138525, 0.08005089058524174, 0.7836940298507463, 0.431872460217994, 0.26, -0.171872460217994, 0, 0, 0, 260, 0, 0, 0, -190, 203, 137, 42, 55, 91
47.26, 3.803002626925565, 0.08046979743812027, 0.08005089058524174, 0.7836940298507463, 0.431872460217994, 0.32, -0.111872460217994, 0, 0, 0, 260, 0, 0, 0, -190, 266, 57, 63, 80, 91
47.315, 3.806912164450031, 0.08045888543696568, 0.08005089058524174, 0.7836940298507463, 0.431872460217994, 0.2, -0.2318724602179941, 0, 0, 0, 260, 0, 0, 0, -190, 251, 71, 15, 14, 91
47.361, 3.811066048069778, 0.08046844551571501, 0.08005089058524174, 0.7836940298507463, 0.431872460217994, 0.1, -0.3318724602179941, 0, 0, 0, 260, 0, 0, 0, -190, 276, 77, 25, 6, 91
47.41, 3.815219931689525, 0.08047289457265396, 0.08005089058524174, 0.7836940298507463, 0.431872460217994, 0.08, -0.351872460217994, 0, 0, 0, 260, 0, 0, 0, -190, 266, 66, 10, 11, 91
47.465, 3.81961816140455, 0.08047230931011377, 0.08005089058524174, 0.7836940298507463, 0.431872460217994, 0.08, -0.351872460217994, 0, 0, 0, 260, 0, 0, 0, -190, 254, 71, 12, 5, 91
47.517, 3.823527698929018, 0.08046652143294018, 0.08005089058524174, 0.7836940298507463, 0.431872460217994, 0.08, -0.351872460217994, 0, 0, 0, 260, 0, 0, 0, -190, 258, 77, 4, 6, 91
47.567, 3.827437236453485, 0.08046412925880306, 0.08005089058524174, 0.7836940298507463, 0.431872460217994, 0.11, -0.321872460217994, 0, 0, 0, 260, 0, 0, 0, -190, 259, 60, 1, 17, 91
47.62, 3.83183546616851, 0.0804669354508297, 0.08005089058524174, 0.7836940298507463, 0.431872460217994, 0.41, -0.02187246021799403, 0, 0, 0, 260, 0, 0, 0, -190, 262, 82, 3, 22, 91
47.67, 3.835745003692978, 0.08046454801118056, 0.08005089058524174, 0.7836940298507463, 0.431872460217994, 0.7, 0.268127539782006, 0, 0, 0, 260, 0, 0, 0, 190, 262, 63, 0, 19, 92
47.71800000000001, 3.839654541217445, 0.08046553797764879, 0.08005089058524174, 0.7836940298507463, 0.431872460217994, 0.76, 0.328127539782006, 0, 0, 0, 260, 0, 0, 0, 190, 238, 93, 24, 30, 92
47.761, 3.843564078741912, 0.08047494982814246, 0.08005089058524174, 0.7836940298507463, 0.431872460217994, 0.77, 0.338127539782006, 0, 0, 0, 260, 0, 0, 0, 190, 175, 173, 63, 80, 92
47.81000000000001, 3.847717962361659, 0.08047935499606064, 0.08005089058524174, 0.7836940298507463, 0.431872460217994, 0.77, 0.338127539782006, 0, 0, 0, 260, 0, 0, 0, 190, 89, 253, 86, 80, 92
47.862, 3.851383153790847, 0.08046849596320351, 0.08005089058524174, 0.7836940298507463, 0.431872460217994, 0.7800000000000001, 0.348127539782006, 0, 0, 0, 260, 0, 0, 0, 190, 45, 251, 44, 2, 92
47.909, 3.855537037410594, 0.08047625785156429, 0.08005089058524174, 0.7836940298507463, 0.431872460217994, 0.7800000000000001, 0.348127539782006, 0, 0, 0, 260, 0, 0, 0, 190, 84, 263, 39, 12, 92
47.968, 3.860179613220899, 0.08047405798075589, 0.08005089058524174, 0.7836940298507463, 0.431872460217994, 0.39, -0.04187246021799403, 0, 0, 0, 260, 0, 0, 0, -190, 70, 271, 14, 8, 93
48.02600000000001, 3.864822189031203, 0.08047353910446848, 0.08005089058524174, 0.7836940298507463, 0.431872460217994, 0.09, -0.3418724602179941, 0, 0, 0, 260, 0, 0, 0, -190, 93, 199, 23, 72, 93
48.07600000000001, 3.868731726555671, 0.08047116495872517, 0.08005089058524174, 0.7836940298507463, 0.431872460217994, 0.07000000000000001, -0.361872460217994, 0, 0, 0, 260, 0, 0, 0, -190, 195, 144, 102, 55, 93
48.12, 3.872152571889579, 0.08046867356379011, 0.08005089058524174, 0.7836940298507463, 0.431872460217994, 0.08, -0.351872460217994, 0, 0, 0, 260, 0, 0, 0, -190, 244, 75, 49, 69, 93
48.171, 3.876306455509326, 0.08046971114382774, 0.08005089058524174, 0.7836940298507463, 0.431872460217994, 0.09, -0.3418724602179941, 0, 0, 0, 260, 0, 0, 0, -190, 270, 56, 26, 19, 93
48.222, 3.880704685224352, 0.08047581363743419, 0.08005089058524174, 0.7836940298507463, 0.431872460217994, 0.15, -0.2818724602179941, 0, 0, 0, 260, 0, 0, 0, -190, 256, 81, 14, 25, 93
48.27100000000001, 3.884614222748819, 0.0804751138934105, 0.08005089058524174, 0.7836940298507463, 0.431872460217994, 0.44, 0.008127539782005968, 0, 0, 0, 260, 0, 0, 0, 190, 262, 69, 6, 12, 94
48.32100000000001, 3.888768106368566, 0.08047780688248517, 0.08005089058524174, 0.7836940298507463, 0.431872460217994, 0.7, 0.268127539782006, 0, 0, 0, 260, 0, 0, 0, 190, 244, 93, 18, 24, 94
48.376, 3.892921989988312, 0.08047217607880587, 0.08005089058524174, 0.7836940298507463, 0.431872460217994, 0.79, 0.3581275397820059, 0, 0, 0, 260, 0, 0, 0, 190, 156, 197, 88, 104, 94
48.43, 3.897564565798616, 0.08047831025807593, 0.08005089058524174, 0.7836940298507463, 0.431872460217994, 0.79, 0.3581275397820059, 0, 0, 0, 260, 0, 0, 0, 190, 70, 273, 86, 76, 94
48.48, 3.901229757227805, 0.08047091083390688, 0.08005089058524174, 0.7836940298507463, 0.431872460217994, 0.71, 0.278127539782006, 0, 0, 0, 260, 0, 0, 0, 190, 65, 228, 5, 45, 94
48.528, 3.904894948656993, 0.08046684282593541, 0.08005089058524174, 0.7836940298507463, 0.431872460217994, 0.7800000000000001, 0.348127539782006, 0, 0, 0, 260, 0, 0, 0, 190, 80, 276, 15, 48, 94
48.58000000000001, 3.909293178372019, 0.08047124698172127, 0.08005089058524174, 0.7836940298507463, 0.431872460217994, 0.8199999999999999, 0.388127539782006, 0, 0, 0, 260, 0, 0, 0, 190, 69, 269, 11, 7, 94
48.629, 3.913447061991765, 0.08047558168976876, 0.08005089058524174, 0.7836940298507463, 0.431872460217994, 0.8199999999999999, 0.388127539782006, 0, 0, 0, 260, 0, 0, 0, 190, 68, 256, 1, 13, 94
48.67900000000001, 3.917356599516232, 0.08047323485519902, 0.08005089058524174, 0.7836940298507463, 0.431872460217994, 0.84, 0.4081275397820059, 0, 0, 0, 260, 0, 0, 0, 190, 73, 243, 5, 13, 94
48.729, 3.921754829231259, 0.08048092161200227, 0.08005089058524174, 0.7836940298507463, 0.431872460217994, 0.8199999999999999, 0.388127539782006, 0, 0, 0, 260, 0, 0, 0, 190, 72, 271, 1, 28, 94
48.77600000000001, 3.924931328469888, 0.08046849533520355, 0.08005089058524174, 0.7836940298507463, 0.431872460217994, 0.8199999999999999, 0.388127539782006, 0, 0, 0, 260, 0, 0, 0, 190, 66, 267, 6, 4, 94
48.826, 3.929085212089634, 0.08047116724879439, 0.08005089058524174, 0.7836940298507463, 0.431872460217994, 0.8100000000000001, 0.378127539782006, 0, 0, 0, 260, 0, 0, 0, 190, 70, 249, 4, 18, 94
48.875, 3.933239095709381, 0.08047548021911776, 0.08005089058524174, 0.7836940298507463, 0.431872460217994, 0.8199999999999999, 0.388127539782006, 0, 0, 0, 260, 0, 0, 0, 190, 74, 262, 4, 13, 94
48.919, 3.936415594948011, 0.0804680307231957, 0.08005089058524174, 0.7836940298507463, 0.431872460217994, 0.8199999999999999, 0.388127539782006, 0, 0, 0, 260, 0, 0, 0, 190, 70, 261, 4, 1, 94
48.971, 3.940813824663036, 0.08047239845343237, 0.08005089058524174, 0.7836940298507463, 0.431872460217994, 0.8100000000000001, 0.378127539782006, 0, 0, 0, 260, 0, 0, 0, 190, 67, 256, 3, 5, 94
49.02000000000001, 3.945212054378063, 0.08048168205585602, 0.08005089058524174, 0.7836940298507463, 0.431872460217994, 0.8, 0.368127539782006, 0, 0, 0, 260, 0, 0, 0, 190, 68, 257, 1, 1, 94
49.069, 3.948877245807251, 0.08047600818861705, 0.08005089058524174, 0.7836940298507463, 0.431872460217994, 0.8, 0.368127539782006, 0, 0, 0, 260, 0, 0, 0, 190, 68, 262, 0, 5, 94
49.116, 3.952298091141159, 0.08046864751081438, 0.08005089058524174, 0.7836940298507463, 0.431872460217994, 0.8100000000000001, 0.378127539782006, 0, 0, 0, 260, 0, 0, 0, 190, 81, 256, 13, 6, 94
49.165, 3.956451974760905, 0.08047293755234222, 0.08005089058524174, 0.7836940298507463, 0.431872460217994, 0.8100000000000001, 0.378127539782006, 0, 0, 0, 260, 0, 0, 0, 190, 71, 267, 10, 11, 94
49.22000000000001, 3.96133889666649, 0.08048230184206602, 0.08005089058524174, 0.7836940298507463, 0.431872460217994, 0.8100000000000001, 0.378127539782006, 0, 0, 0, 260, 0, 0, 0, 190, 62, 257, 9, 10, 94
49.271, 3.965004088095678, 0.08047338369620421, 0.08005089058524174, 0.7836940298507463, 0.431872460217994, 0.79, 0.3581275397820059, 0, 0, 0, 260, 0, 0, 0, 190, 70, 258, 8, 1, 94
49.31900000000001, 3.968669279524866, 0.08046937852602174, 0.08005089058524174, 0.7836940298507463, 0.431872460217994, 0.79, 0.3581275397820059, 0, 0, 0, 260, 0, 0, 0, 190, 75, 262, 5, 4, 94
49.366, 3.972823163144613, 0.08047691048787854, 0.08005089058524174, 0.7836940298507463, 0.431872460217994, 0.8, 0.368127539782006, 0, 0, 0, 260, 0, 0, 0, 190, 74, 264, 1, 2, 94
49.411, 3.976244008478521, 0.08047285034665402, 0.08005089058524174, 0.7836940298507463, 0.431872460217994, 0.77, 0.338127539782006, 0, 0, 0, 260, 0, 0, 0, 190, 61, 251, 13, 13, 94
49.46000000000001, 3.980153546002989, 0.0804721703599472, 0.08005089058524174, 0.7836940298507463, 0.431872460217994, 0.7199999999999999, 0.288127539782006, 0, 0, 0, 260, 0, 0, 0, 190, 74, 261, 13, 10, 94
49.51000000000001, 3.984551775718014, 0.08047973693633638, 0.08005089058524174, 0.7836940298507463, 0.431872460217994, 0.63, 0.198127539782006, 0, 0, 0, 260, 0, 0, 0, 190, 70, 264, 4, 3, 94
49.56600000000001, 3.98895000543304, 0.08047754520100552, 0.08005089058524174, 0.7836940298507463, 0.431872460217994, 0.21, -0.221872460217994, 0, 0, 0, 260, 0, 0, 0, -190, 70, 261, 0, 3, 95
49.61, 3.992370850766949, 0.08047512297454039, 0.08005089058524174, 0.7836940298507463, 0.431872460217994, 0.22, -0.211872460217994, 0, 0, 0, 260, 0, 0, 0, -190, 82, 238, 12, 23, 95
49.66, 3.997013426577254, 0.08048758410344853, 0.08005089058524174, 0.7836940298507463, 0.431872460217994, 0.27, -0.161872460217994, 0, 0, 0, 260, 0, 0, 0, -190, 187, 165, 105, 73, 95
49.709, 4.000678618006442, 0.08048197746899842, 0.08005089058524174, 0.7836940298507463, 0.431872460217994, 0.24, -0.191872460217994, 0, 0, 0, 260, 0, 0, 0, -190, 238, 79, 51, 86, 95
49.759, 4.004588155530909, 0.0804796751448162, 0.08005089058524174, 0.7836940298507463, 0.431872460217994, 0.26, -0.171872460217994, 0, 0, 0, 260, 0, 0, 0, -190, 262, 59, 24, 20, 95
49.81100000000001, 4.008497693055377, 0.08047414613349213, 0.08005089058524174, 0.7836940298507463, 0.431872460217994, 0.26, -0.171872460217994, 0, 0, 0, 260, 0, 0, 0, -190, 266, 74, 4, 15, 95
49.86000000000001, 4.012651576675123, 0.0804783709722247, 0.08005089058524174, 0.7836940298507463, 0.431872460217994, 0.27, -0.161872460217994, 0, 0, 0, 260, 0, 0, 0, -190, 259, 74, 7, 0, 95
49.91, 4.01656111419959, 0.08047607922659969, 0.08005089058524174, 0.7836940298507463, 0.431872460217994, 0.26, -0.171872460217994, 0, 0, 0, 260, 0, 0, 0, -190, 257, 63, 2, 11, 95
49.95900000000001, 4.020470651724058, 0.08047540286483033, 0.08005089058524174, 0.7836940298507463, 0.431872460217994, 0.24, -0.191872460217994, 0, 0, 0, 260, 0, 0, 0, -190, 261, 74, 4, 11, 95
50.00800000000001, 4.024380189248525, 0.08047472782851793, 0.08005089058524174, 0.7836940298507463, 0.431872460217994, 0.23, -0.201872460217994, 0, 0, 0, 260, 0, 0, 0, -190, 261, 65, 0, 9, 95
50.05800000000001, 4.028534072868272, 0.08047732775716712, 0.08005089058524174, 0.7836940298507463, 0.431872460217994, 0.18, -0.251872460217994, 0, 0, 0, 260, 0, 0, 0, -190, 264, 74, 3, 9, 95
50.107, 4.032443610392739, 0.08047665217220626, 0.08005089058524174, 0.7836940298507463, 0.431872460217994, 0.16, -0.271872460217994, 0, 0, 0, 260, 0, 0, 0, -190, 256, 69, 8, 5, 95
50.151, 4.036108801821927, 0.08047912906665722, 0.08005089058524174, 0.7836940298507463, 0.431872460217994, 0.18, -0.251872460217994, 0, 0, 0, 260, 0, 0, 0, -190, 269, 69, 13, 0, 95
50.2, 4.040018339346394, 0.08047845297502777, 0.08005089058524174, 0.7836940298507463, 0.431872460217994, 0.12, -0.311872460217994, 0, 0, 0, 260, 0, 0, 0, -190, 257, 71, 12, 2, 95
50.25, 4.043927876870861, 0.0804761766541465, 0.08005089058524174, 0.7836940298507463, 0.431872460217994, 0.12, -0.311872460217994, 0, 0, 0, 260, 0, 0, 0, -190, 268, 69, 11, 2, 95
50.299, 4.048081760490608, 0.0804803626412177, 0.08005089058524174, 0.7836940298507463, 0.431872460217994, 0.14, -0.291872460217994, 0, 0, 0, 260, 0, 0, 0, -190, 248, 72, 20, 3, 95
50.34700000000001, 4.051746951919796, 0.08047643259617844, 0.08005089058524174, 0.7836940298507463, 0.431872460217994, 0.17, -0.261872460217994, 0, 0, 0, 260, 0, 0, 0, -190, 271, 66, 23, 6, 95
50.4, 4.056145181634822, 0.08047907106418297, 0.08005089058524174, 0.7836940298507463, 0.431872460217994, 0.21, -0.221872460217994, 0, 0, 0, 260, 0, 0, 0, -190, 256, 76, 15, 10, 95
50.449, 4.05981037306401, 0.08047355493793752, 0.08005089058524174, 0.7836940298507463, 0.431872460217994, 0.17, -0.261872460217994, 0, 0, 0, 260, 0, 0, 0, -190, 259, 64, 3, 12, 95
50.491, 4.063475564493197, 0.08047920549193318, 0.08005089058524174, 0.7836940298507463, 0.431872460217994, 0.2, -0.2318724602179941, 0, 0, 0, 260, 0, 0, 0, -190, 262, 73, 3, 9, 95
50.536, 4.066896409827106, 0.08047523369137064, 0.08005089058524174, 0.7836940298507463, 0.431872460217994, 0.18, -0.251872460217994, 0, 0, 0, 260, 0, 0, 0, -190, 261, 72, 1, 1, 95
50.589, 4.071538985637412, 0.08048269358234817, 0.08005089058524174, 0.7836940298507463, 0.431872460217994, 0.18, -0.251872460217994, 0, 0, 0, 260, 0, 0, 0, -190, 256, 72, 5, 0, 95
50.63600000000001, 4.0752041770666, 0.08048037319430048, 0.08005089058524174, 0.7836940298507463, 0.431872460217994, 0.15, -0.2818724602179941, 0, 0, 0, 260, 0, 0, 0, -190, 264, 72, 8, 0, 95
50.681, 4.079113714591067, 0.08048605423316562, 0.08005089058524174, 0.7836940298507463, 0.431872460217994, 0.16, -0.271872460217994, 0, 0, 0, 260, 0, 0, 0, -190, 261, 63, 3, 9, 95
50.731, 4.083023252115535, 0.08048379200322355, 0.08005089058524174, 0.7836940298507463, 0.431872460217994, 0.18, -0.251872460217994, 0, 0, 0, 260, 0, 0, 0, -190, 262, 73, 1, 10, 95
50.78, 4.086932789640001, 0.08048311913430485, 0.08005089058524174, 0.7836940298507463, 0.431872460217994, 0.15, -0.2818724602179941, 0, 0, 0, 260, 0, 0, 0, -190, 260, 67, 2, 6, 95
50.83400000000001, 4.091086673259748, 0.08047933810559368, 0.08005089058524174, 0.7836940298507463, 0.431872460217994, 0.19, -0.241872460217994, 0, 0, 0, 260, 0, 0, 0, -190, 264, 70, 4, 3, 95
50.879, 4.094751864688936, 0.08048019545763353, 0.08005089058524174, 0.7836940298507463, 0.431872460217994, 0.19, -0.241872460217994, 0, 0, 0, 260, 0, 0, 0, -190, 261, 72, 3, 2, 95
50.931, 4.098905748308683, 0.080479585091765, 0.08005089058524174, 0.7836940298507463, 0.431872460217994, 0.18, -0.251872460217994, 0, 0, 0, 260, 0, 0, 0, -190, 254, 70, 7, 2, 95
50.978, 4.102570939737871, 0.0804772831366054, 0.08005089058524174, 0.7836940298507463, 0.431872460217994, 0.17, -0.261872460217994, 0, 0, 0, 260, 0, 0, 0, -190, 263, 65, 9, 5, 95
51.02900000000001, 4.106969169452896, 0.08048304237694049, 0.08005089058524174, 0.7836940298507463, 0.431872460217994, 0.14, -0.291872460217994, 0, 0, 0, 260, 0, 0, 0, -190, 263, 76, 0, 11, 95
51.08000000000001, 4.111123053072643, 0.08048400652060772, 0.08005089058524174, 0.7836940298507463, 0.431872460217994, 0.13, -0.301872460217994, 0, 0, 0, 260, 0, 0, 0, -190, 254, 63, 9, 13, 95
51.131, 4.11503259059711, 0.08048018991604135, 0.08005089058524174, 0.7836940298507463, 0.431872460217994, 0.14, -0.291872460217994, 0, 0, 0, 260, 0, 0, 0, -190, 255, 72, 1, 9, 95
51.17900000000001, 4.118697782026298, 0.08047632392243496, 0.08005089058524174, 0.7836940298507463, 0.431872460217994, 0.14, -0.291872460217994, 0, 0, 0, 260, 0, 0, 0, -190, 259, 71, 4, 1, 95
51.234, 4.123096011741324, 0.08047577803297273, 0.08005089058524174, 0.7836940298507463, 0.431872460217994, 0.16, -0.271872460217994, 0, 0, 0, 260, 0, 0, 0, -190, 258, 73, 1, 2, 95
51.285, 4.12749424145635, 0.08048151002157258, 0.08005089058524174, 0.7836940298507463, 0.431872460217994, 0.14, -0.291872460217994, 0, 0, 0, 260, 0, 0, 0, -190, 270, 69, 12, 4, 95
51.33100000000001, 4.131403778980817, 0.08048555023242908, 0.08005089058524174, 0.7836940298507463, 0.431872460217994, 0.21, -0.221872460217994, 0, 0, 0, 260, 0, 0, 0, -190, 258, 74, 12, 5, 95
51.378, 4.134824624314726, 0.08047850489148518, 0.08005089058524174, 0.7836940298507463, 0.431872460217994, 0.17, -0.261872460217994, 0, 0, 0, 260, 0, 0, 0, -190, 252, 66, 6, 8, 95
51.428, 4.138734161839193, 0.08047628066110278, 0.08005089058524174, 0.7836940298507463, 0.431872460217994, 0.19, -0.241872460217994, 0, 0, 0, 260, 0, 0, 0, -190, 269, 67, 17, 1, 95
51.478, 4.14288804545894, 0.08047880736351335, 0.08005089058524174, 0.7836940298507463, 0.431872460217994, 0.17, -0.261872460217994, 0, 0, 0, 260, 0, 0, 0, -190, 251, 74, 18, 7, 95
51.524, 4.146553236888128, 0.08047809247900256, 0.08005089058524174, 0.7836940298507463, 0.431872460217994, 0.17, -0.261872460217994, 0, 0, 0, 260, 0, 0, 0, -190, 268, 73, 17, 1, 95
51.571, 4.150707120507874, 0.08048529445827839, 0.08005089058524174, 0.7836940298507463, 0.431872460217994, 0.17, -0.261872460217994, 0, 0, 0, 260, 0, 0, 0, -190, 247, 67, 21, 6, 95
51.62, 4.154616658032341, 0.08048463111259863, 0.08005089058524174, 0.7836940298507463, 0.431872460217994, 0.16, -0.271872460217994, 0, 0, 0, 260, 0, 0, 0, -190, 265, 73, 18, 6, 95
51.668, 4.15828184946153, 0.08048079758189846, 0.08005089058524174, 0.7836940298507463, 0.431872460217994, 0.19, -0.241872460217994, 0, 0, 0, 260, 0, 0, 0, -190, 263, 76, 2, 3, 95
51.71500000000001, 4.162191386985997, 0.08048325218961612, 0.08005089058524174, 0.7836940298507463, 0.431872460217994, 0.16, -0.271872460217994, 0, 0, 0, 260, 0, 0, 0, -190, 259, 67, 4, 9, 95
51.76400000000001, 4.166100924510465, 0.08048259262248793, 0.08005089058524174, 0.7836940298507463, 0.431872460217994, 0.14, -0.291872460217994, 0, 0, 0, 260, 0, 0, 0, -190, 267, 73, 8, 6, 95
51.816, 4.170254808130212, 0.08048199027578761, 0.08005089058524174, 0.7836940298507463, 0.431872460217994, 0.17, -0.261872460217994, 0, 0, 0, 260, 0, 0, 0, -190, 251, 70, 16, 3, 95
51.863, 4.174164345654678, 0.08048443679800009, 0.08005089058524174, 0.7836940298507463, 0.431872460217994, 0.19, -0.241872460217994, 0, 0, 0, 260, 0, 0, 0, -190, 270, 74, 19, 4, 95
51.91, 4.178073883179145, 0.08048687888998545, 0.08005089058524174, 0.7836940298507463, 0.431872460217994, 0.18, -0.251872460217994, 0, 0, 0, 260, 0, 0, 0, -190, 261, 66, 9, 8, 95
51.971, 4.18271645898945, 0.0804817390273316, 0.08005089058524174, 0.7836940298507463, 0.431872460217994, 0.17, -0.261872460217994, 0, 0, 0, 260, 0, 0, 0, -190, 257, 79, 4, 13, 95
52.02100000000001, 4.186870342609197, 0.0804842341094788, 0.08005089058524174, 0.7836940298507463, 0.431872460217994, 0.19, -0.241872460217994, 0, 0, 0, 260, 0, 0, 0, -190, 258, 67, 1, 12, 95
52.075, 4.191268572324223, 0.08048523422610126, 0.08005089058524174, 0.7836940298507463, 0.431872460217994, 0.19, -0.241872460217994, 0, 0, 0, 260, 0, 0, 0, -190, 272, 59, 14, 8, 95
52.125, 4.19517810984869, 0.08048303328246888, 0.08005089058524174, 0.7836940298507463, 0.431872460217994, 0.22, -0.211872460217994, 0, 0, 0, 260, 0, 0, 0, -190, 249, 80, 23, 21, 95
52.171, 4.198843301277877, 0.08048232353755685, 0.08005089058524174, 0.7836940298507463, 0.431872460217994, 0.22, -0.211872460217994, 0, 0, 0, 260, 0, 0, 0, -190, 263, 64, 14, 16, 95
52.221, 4.202997184897625, 0.0804848085041961, 0.08005089058524174, 0.7836940298507463, 0.431872460217994, 0.16, -0.271872460217994, 0, 0, 0, 260, 0, 0, 0, -190, 257, 73, 6, 9, 95
52.26900000000001, 4.206662376326813, 0.08048101888933809, 0.08005089058524174, 0.7836940298507463, 0.431872460217994, 0.2, -0.2318724602179941, 0, 0, 0, 260, 0, 0, 0, -190, 251, 67, 6, 6, 95
52.321, 4.211060606041839, 0.08048509405481239, 0.08005089058524174, 0.7836940298507463, 0.431872460217994, 0.2, -0.2318724602179941, 0, 0, 0, 260, 0, 0, 0, -190, 289, 71, 38, 4, 95
52.37, 4.215458835756865, 0.08049377192585192, 0.08005089058524174, 0.7836940298507463, 0.431872460217994, 0.21, -0.221872460217994, 0, 0, 0, 260, 0, 0, 0, -190, 252, 68, 37, 3, 95
52.418, 4.218879681090772, 0.08048532338301294, 0.08005089058524174, 0.7836940298507463, 0.431872460217994, 0.18, -0.251872460217994, 0, 0, 0, 260, 0, 0, 0, -190, 254, 74, 2, 6, 95
52.46, 4.222300526424682, 0.08048609467069543, 0.08005089058524174, 0.7836940298507463, 0.431872460217994, 0.19, -0.241872460217994, 0, 0, 0, 260, 0, 0, 0, -190, 256, 69, 2, 5, 95
52.50900000000001, 4.22596571785387, 0.08048078839539642, 0.08005089058524174, 0.7836940298507463, 0.431872460217994, 0.18, -0.251872460217994, 0, 0, 0, 260, 0, 0, 0, -190, 266, 73, 10, 4, 95
52.55700000000001, 4.229875255378337, 0.08048167238195363, 0.08005089058524174, 0.7836940298507463, 0.431872460217994, 0.2, -0.2318724602179941, 0, 0, 0, 260, 0, 0, 0, -190, 261, 66, 5, 7, 95
52.602, 4.233784792902805, 0.08048714484055369, 0.08005089058524174, 0.7836940298507463, 0.431872460217994, 0.19, -0.241872460217994, 0, 0, 0, 260, 0, 0, 0, -190, 249, 77, 12, 11, 95
52.65000000000001, 4.237449984331993, 0.08048338051912618, 0.08005089058524174, 0.7836940298507463, 0.431872460217994, 0.16, -0.271872460217994, 0, 0, 0, 260, 0, 0, 0, -190, 260, 65, 11, 12, 95
52.701, 4.241848214047018, 0.08048895114033925, 0.08005089058524174, 0.7836940298507463, 0.431872460217994, 0.17, -0.261872460217994, 0, 0, 0, 260, 0, 0, 0, -190, 259, 67, 1, 2, 95
52.759, 4.246246443762045, 0.08048383107644277, 0.08005089058524174, 0.7836940298507463, 0.431872460217994, 0.15, -0.2818724602179941, 0, 0, 0, 260, 0, 0, 0, -190, 264, 72, 5, 5, 95
52.806, 4.250400327381791, 0.08049085951183182, 0.08005089058524174, 0.7836940298507463, 0.431872460217994, 0.16, -0.271872460217994, 0, 0, 0, 260, 0, 0, 0, -190, 258, 64, 6, 8, 95
52.857, 4.254309864906258, 0.08048716092298575, 0.08005089058524174, 0.7836940298507463, 0.431872460217994, 0.18, -0.251872460217994, 0, 0, 0, 260, 0, 0, 0, -190, 254, 73, 4, 9, 95
52.906, 4.258219402430726, 0.08048651197275783, 0.08005089058524174, 0.7836940298507463, 0.431872460217994, 0.14, -0.291872460217994, 0, 0, 0, 260, 0, 0, 0, -190, 263, 70, 9, 3, 95
52.95500000000001, 4.261884593859913, 0.08048125000207559, 0.08005089058524174, 0.7836940298507463, 0.431872460217994, 0.17, -0.261872460217994, 0, 0, 0, 260, 0, 0, 0, -190, 265, 72, 2, 2, 95
53.00000000000001, 4.266038477479659, 0.08049129202791811, 0.08005089058524174, 0.7836940298507463, 0.431872460217994, 0.18, -0.251872460217994, 0, 0, 0, 260, 0, 0, 0, -190, 254, 67, 11, 5, 95
53.05, 4.269948015004127, 0.08048912375125592, 0.08005089058524174, 0.7836940298507463, 0.431872460217994, 0.18, -0.251872460217994, 0, 0, 0, 260, 0, 0, 0, -190, 256, 67, 2, 0, 95
53.099, 4.273613206433315, 0.08048387364043229, 0.08005089058524174, 0.7836940298507463, 0.431872460217994, 0.16, -0.271872460217994, 0, 0, 0, 260, 0, 0, 0, -190, 259, 76, 3, 9, 95
53.14900000000001, 4.277767090053061, 0.08048631376042938, 0.08005089058524174, 0.7836940298507463, 0.431872460217994, 0.18, -0.251872460217994, 0, 0, 0, 260, 0, 0, 0, -190, 263, 70, 4, 6, 95
53.201, 4.281920973672808, 0.08048572345769456, 0.08005089058524174, 0.7836940298507463, 0.431872460217994, 0.13, -0.301872460217994, 0, 0, 0, 260, 0, 0, 0, -190, 254, 68, 9, 2, 95
53.25, 4.285830511197276, 0.08048508002248406, 0.08005089058524174, 0.7836940298507463, 0.431872460217994, 0.12, -0.311872460217994, 0, 0, 0, 260, 0, 0, 0, -190, 271, 76, 17, 8, 95
53.30100000000001, 4.290228740912302, 0.08049058631005613, 0.08005089058524174, 0.7836940298507463, 0.431872460217994, 0.17, -0.261872460217994, 0, 0, 0, 260, 0, 0, 0, -190, 259, 69, 12, 7, 95
53.35000000000001, 4.294138278436769, 0.08048993961455986, 0.08005089058524174, 0.7836940298507463, 0.431872460217994, 0.17, -0.261872460217994, 0, 0, 0, 260, 0, 0, 0, -190, 252, 71, 7, 2, 95
53.398, 4.298047815961236, 0.080490801452512, 0.08005089058524174, 0.7836940298507463, 0.431872460217994, 0.19, -0.241872460217994, 0, 0, 0, 260, 0, 0, 0, -190, 258, 70, 6, 1, 95
53.449, 4.301957353485704, 0.08048714388455732, 0.08005089058524174, 0.7836940298507463, 0.431872460217994, 0.23, -0.201872460217994, 0, 0, 0, 260, 0, 0, 0, -190, 262, 71, 4, 1, 95
53.49600000000001, 4.305622544914891, 0.0804849436390551, 0.08005089058524174, 0.7836940298507463, 0.431872460217994, 0.21, -0.221872460217994, 0, 0, 0, 260, 0, 0, 0, -190, 251, 72, 11, 1, 95
53.54900000000001, 4.310265120725196, 0.08049198156315144, 0.08005089058524174, 0.7836940298507463, 0.431872460217994, 0.2, -0.2318724602179941, 0, 0, 0, 260, 0, 0, 0, -190, 264, 67, 13, 5, 95
53.604, 4.314419004344942, 0.08048688538812295, 0.08005089058524174, 0.7836940298507463, 0.431872460217994, 0.2, -0.2318724602179941, 0, 0, 0, 260, 0, 0, 0, -190, 259, 67, 5, 0, 95
53.659, 4.319061580155248, 0.08049090702687801, 0.08005089058524174, 0.7836940298507463, 0.431872460217994, 0.23, -0.201872460217994, 0, 0, 0, 260, 0, 0, 0, -190, 257, 70, 2, 3, 95
53.70900000000001, 4.323215463774995, 0.08049331515714302, 0.08005089058524174, 0.7836940298507463, 0.431872460217994, 0.43, -0.001872460217994032, 0, 0, 0, 260, 0, 0, 0, -190, 266, 79, 9, 9, 95
53.75900000000001, 4.327125001299462, 0.08049117359510893, 0.08005089058524174, 0.7836940298507463, 0.431872460217994, 0.79, 0.3581275397820059, 0, 0, 0, 260, 0, 0, 0, 190, 247, 62, 19, 17, 96
53.815, 4.331767577109766, 0.08049368349177305, 0.08005089058524174, 0.7836940298507463, 0.431872460217994, 0.8, 0.368127539782006, 0, 0, 0, 260, 0, 0, 0, 190, 249, 95, 2, 33, 96
53.859, 4.335188422443675, 0.08049143917346544, 0.08005089058524174, 0.7836940298507463, 0.431872460217994, 0.8100000000000001, 0.378127539782006, 0, 0, 0, 260, 0, 0, 0, 190, 164, 177, 85, 82, 96
53.906, 4.338853613872863, 0.08048925191765042, 0.08005089058524174, 0.7836940298507463, 0.431872460217994, 0.8100000000000001, 0.378127539782006, 0, 0, 0, 260, 0, 0, 0, 190, 69, 250, 95, 73, 96
53.951, 4.342518805302051, 0.08049005218257401, 0.08005089058524174, 0.7836940298507463, 0.431872460217994, 0.79, 0.3581275397820059, 0, 0, 0, 260, 0, 0, 0, 190, 46, 260, 23, 10, 96
53.998, 4.346183996731239, 0.08048786986057333, 0.08005089058524174, 0.7836940298507463, 0.431872460217994, 0.8100000000000001, 0.378127539782006, 0, 0, 0, 260, 0, 0, 0, 190, 82, 265, 36, 5, 96
54.057, 4.351315264732103, 0.08049494542301836, 0.08005089058524174, 0.7836940298507463, 0.431872460217994, 0.8, 0.368127539782006, 0, 0, 0, 260, 0, 0, 0, 190, 72, 276, 10, 11, 96
54.105, 4.354736110066012, 0.08048675926561339, 0.08005089058524174, 0.7836940298507463, 0.431872460217994, 0.9300000000000001, 0.498127539782006, 0, 0, 0, 260, 0, 0, 0, 190, 61, 236, 11, 40, 96
54.15900000000001, 4.359134339781038, 0.08048771838071305, 0.08005089058524174, 0.7836940298507463, 0.431872460217994, 0.84, 0.4081275397820059, 0, 0, 0, 260, 0, 0, 0, 190, 76, 268, 15, 32, 96
54.21600000000001, 4.363776915591342, 0.08048872870723295, 0.08005089058524174, 0.7836940298507463, 0.431872460217994, 0.38, -0.05187246021799403, 0, 0, 0, 260, 0, 0, 0, -190, 69, 264, 7, 4, 97
54.26100000000001, 4.36768645311581, 0.08049402799645804, 0.08005089058524174, 0.7836940298507463, 0.431872460217994, 0.19, -0.241872460217994, 0, 0, 0, 260, 0, 0, 0, -190, 87, 235, 18, 29, 97
54.31100000000001, 4.371595990640277, 0.08049190754433313, 0.08005089058524174, 0.7836940298507463, 0.431872460217994, 0.2, -0.2318724602179941, 0, 0, 0, 260, 0, 0, 0, -190, 175, 156, 88, 79, 97
54.36, 4.375016835974186, 0.08048228175081285, 0.08005089058524174, 0.7836940298507463, 0.431872460217994, 0.16, -0.271872460217994, 0, 0, 0, 260, 0, 0, 0, -190, 232, 77, 57, 79, 97
54.41, 4.379415065689211, 0.08048915761237295, 0.08005089058524174, 0.7836940298507463, 0.431872460217994, 0.17, -0.261872460217994, 0, 0, 0, 260, 0, 0, 0, -190, 280, 74, 48, 3, 97
54.466, 4.384057641499517, 0.08049163958248295, 0.08005089058524174, 0.7836940298507463, 0.431872460217994, 0.2, -0.2318724602179941, 0, 0, 0, 260, 0, 0, 0, -190, 271, 72, 9, 2, 97
54.512, 4.387967179023984, 0.08049543548253567, 0.08005089058524174, 0.7836940298507463, 0.431872460217994, 0.21, -0.221872460217994, 0, 0, 0, 260, 0, 0, 0, -190, 258, 68, 13, 4, 97
54.559, 4.391632370453172, 0.08049327096268575, 0.08005089058524174, 0.7836940298507463, 0.431872460217994, 0.21, -0.221872460217994, 0, 0, 0, 260, 0, 0, 0, -190, 253, 71, 5, 3, 97
54.60900000000001, 4.39529756188236, 0.08048668830929627, 0.08005089058524174, 0.7836940298507463, 0.431872460217994, 0.22, -0.211872460217994, 0, 0, 0, 260, 0, 0, 0, -190, 269, 66, 16, 5, 97
54.655, 4.399207099406827, 0.08049047844491495, 0.08005089058524174, 0.7836940298507463, 0.431872460217994, 0.22, -0.211872460217994, 0, 0, 0, 260, 0, 0, 0, -190, 261, 73, 8, 7, 97
54.70000000000001, 4.402872290836015, 0.08049126674288875, 0.08005089058524174, 0.7836940298507463, 0.431872460217994, 0.22, -0.211872460217994, 0, 0, 0, 260, 0, 0, 0, -190, 257, 69, 4, 4, 97
54.74900000000001, 4.407026174455762, 0.08049509898730134, 0.08005089058524174, 0.7836940298507463, 0.431872460217994, 0.2, -0.2318724602179941, 0, 0, 0, 260, 0, 0, 0, -190, 256, 75, 1, 6, 97
54.79900000000001, 4.41069136588495, 0.08048853748946057, 0.08005089058524174, 0.7836940298507463, 0.431872460217994, 0.19, -0.241872460217994, 0, 0, 0, 260, 0, 0, 0, -190, 258, 71, 2, 4, 97
54.851, 4.415089595599976, 0.08049241756029929, 0.08005089058524174, 0.7836940298507463, 0.431872460217994, 0.14, -0.291872460217994, 0, 0, 0, 260, 0, 0, 0, -190, 267, 68, 9, 3, 97
54.899, 4.418999133124442, 0.08049325366808946, 0.08005089058524174, 0.7836940298507463, 0.431872460217994, 0.13, -0.301872460217994, 0, 0, 0, 260, 0, 0, 0, -190, 256, 73, 11, 5, 97
54.949, 4.42266432455363, 0.08048671176097164, 0.08005089058524174, 0.7836940298507463, 0.431872460217994, 0.13, -0.301872460217994, 0, 0, 0, 260, 0, 0, 0, -190, 268, 72, 12, 1, 97
54.999, 4.427062554268657, 0.0804935099596112, 0.08005089058524174, 0.7836940298507463, 0.431872460217994, 0.14, -0.291872460217994, 0, 0, 0, 260, 0, 0, 0, -190, 246, 66, 22, 6, 97
55.046, 4.430972091793124, 0.08049580517736301, 0.08005089058524174, 0.7836940298507463, 0.431872460217994, 0.14, -0.291872460217994, 0, 0, 0, 260, 0, 0, 0, -190, 259, 79, 13, 13, 97
55.096, 4.434881629317592, 0.08049371332433555, 0.08005089058524174, 0.7836940298507463, 0.431872460217994, 0.14, -0.291872460217994, 0, 0, 0, 260, 0, 0, 0, -190, 267, 67, 8, 12, 97
55.15000000000001, 4.439279859032617, 0.08049464839587701, 0.08005089058524174, 0.7836940298507463, 0.431872460217994, 0.13, -0.301872460217994, 0, 0, 0, 260, 0, 0, 0, -190, 260, 72, 7, 5, 97
55.202, 4.443189396557084, 0.08048964524033703, 0.08005089058524174, 0.7836940298507463, 0.431872460217994, 0.13, -0.301872460217994, 0, 0, 0, 260, 0, 0, 0, -190, 255, 67, 5, 5, 97
55.254, 4.44758762627211, 0.08049349596901781, 0.08005089058524174, 0.7836940298507463, 0.431872460217994, 0.15, -0.2818724602179941, 0, 0, 0, 260, 0, 0, 0, -190, 262, 74, 7, 7, 97
55.30100000000001, 4.451497163796577, 0.08049578061511687, 0.08005089058524174, 0.7836940298507463, 0.431872460217994, 0.18, -0.251872460217994, 0, 0, 0, 260, 0, 0, 0, -190, 269, 71, 7, 3, 97
55.349, 4.455406701321044, 0.08049660700863692, 0.08005089058524174, 0.7836940298507463, 0.431872460217994, 0.15, -0.2818724602179941, 0, 0, 0, 260, 0, 0, 0, -190, 258, 66, 11, 5, 97
55.4, 4.459560584940792, 0.08049748348268576, 0.08005089058524174, 0.7836940298507463, 0.431872460217994, 0.16, -0.271872460217994, 0, 0, 0, 260, 0, 0, 0, -190, 259, 74, 1, 8, 97
55.449, 4.4629814302747, 0.08048804180913452, 0.08005089058524174, 0.7836940298507463, 0.431872460217994, 0.19, -0.241872460217994, 0, 0, 0, 260, 0, 0, 0, -190, 247, 69, 12, 5, 97
55.49600000000001, 4.466646621703888, 0.08048592009701398, 0.08005089058524174, 0.7836940298507463, 0.431872460217994, 0.21, -0.221872460217994, 0, 0, 0, 260, 0, 0, 0, -190, 267, 70, 20, 1, 97
55.541, 4.470800505323635, 0.08049549891654156, 0.08005089058524174, 0.7836940298507463, 0.431872460217994, 0.21, -0.221872460217994, 0, 0, 0, 260, 0, 0, 0, -190, 265, 70, 2, 0, 97
55.589, 4.474221350657544, 0.08048753081828318, 0.08005089058524174, 0.7836940298507463, 0.431872460217994, 0.21, -0.221872460217994, 0, 0, 0, 260, 0, 0, 0, -190, 252, 71, 13, 1, 97
55.642, 4.478863926467849, 0.08049430154322003, 0.08005089058524174, 0.7836940298507463, 0.431872460217994, 0.3, -0.131872460217994, 0, 0, 0, 260, 0, 0, 0, -190, 265, 69, 13, 2, 97
55.69900000000001, 4.483262156182874, 0.08049089132987799, 0.08005089058524174, 0.7836940298507463, 0.431872460217994, 0.5600000000000001, 0.128127539782006, 0, 0, 0, 260, 0, 0, 0, 190, 237, 75, 28, 6, 98
55.751, 4.487171693707341, 0.08048594094648243, 0.08005089058524174, 0.7836940298507463, 0.431872460217994, 0.58, 0.148127539782006, 0, 0, 0, 260, 0, 0, 0, 190, 234, 96, 3, 21, 98
55.795, 4.491325577327087, 0.08049691867240949, 0.08005089058524174, 0.7836940298507463, 0.431872460217994, 0.71, 0.278127539782006, 0, 0, 0, 260, 0, 0, 0, 190, 190, 185, 44, 89, 98
55.84000000000001, 4.495479460946834, 0.08050643733787311, 0.08005089058524174, 0.7836940298507463, 0.431872460217994, 0.7, 0.268127539782006, 0, 0, 0, 260, 0, 0, 0, 190, 95, 256, 95, 71, 98
55.89, 4.498900306280743, 0.0804956218693996, 0.08005089058524174, 0.7836940298507463, 0.431872460217994, 0.43, -0.001872460217994032, 0, 0, 0, 260, 0, 0, 0, -190, 40, 251, 55, 5, 99
55.93900000000001, 4.502809843805212, 0.08049500069370584, 0.08005089058524174, 0.7836940298507463, 0.431872460217994, 0.24, -0.191872460217994, 0, 0, 0, 260, 0, 0, 0, -190, 92, 237, 52, 14, 99
55.995, 4.507208073520236, 0.08049304533476626, 0.08005089058524174, 0.7836940298507463, 0.431872460217994, 0.26, -0.171872460217994, 0, 0, 0, 260, 0, 0, 0, -190, 197, 156, 105, 81, 99
56.041, 4.511117611044703, 0.0804967365151354, 0.08005089058524174, 0.7836940298507463, 0.431872460217994, 0.24, -0.191872460217994, 0, 0, 0, 260, 0, 0, 0, -190, 260, 70, 63, 86, 99
56.09100000000001, 4.51527149466445, 0.08049903718358472, 0.08005089058524174, 0.7836940298507463, 0.431872460217994, 0.25, -0.181872460217994, 0, 0, 0, 260, 0, 0, 0, -190, 267, 55, 7, 15, 99
56.13900000000001, 4.519181032188917, 0.08049984916348558, 0.08005089058524174, 0.7836940298507463, 0.431872460217994, 0.26, -0.171872460217994, 0, 0, 0, 260, 0, 0, 0, -190, 257, 87, 10, 32, 99
56.189, 4.522846223618105, 0.08049344575660903, 0.08005089058524174, 0.7836940298507463, 0.431872460217994, 0.37, -0.06187246021799403, 0, 0, 0, 260, 0, 0, 0, -190, 275, 58, 18, 29, 99
56.24000000000001, 4.527244453333132, 0.08049865670933734, 0.08005089058524174, 0.7836940298507463, 0.431872460217994, 0.64, 0.208127539782006, 0, 0, 0, 260, 0, 0, 0, 190, 247, 78, 28, 20, 100
56.291, 4.531398336952877, 0.08049951745310755, 0.08005089058524174, 0.7836940298507463, 0.431872460217994, 0.73, 0.298127539782006, 0, 0, 0, 260, 0, 0, 0, 190, 243, 88, 4, 10, 100
56.345, 4.535552220572624, 0.08049609052396173, 0.08005089058524174, 0.7836940298507463, 0.431872460217994, 0.79, 0.3581275397820059, 0, 0, 0, 260, 0, 0, 0, 190, 135, 192, 108, 104, 100
56.39, 4.539217412001812, 0.08049685071824458, 0.08005089058524174, 0.7836940298507463, 0.431872460217994, 0.8, 0.368127539782006, 0, 0, 0, 260, 0, 0, 0, 190, 78, 255, 57, 63, 100
56.437, 4.542882603431001, 0.08049475704645889, 0.08005089058524174, 0.7836940298507463, 0.431872460217994, 0.74, 0.308127539782006, 0, 0, 0, 260, 0, 0, 0, 190, 61, 266, 17, 11, 100
56.49000000000001, 4.547280833146026, 0.08049709387760711, 0.08005089058524174, 0.7836940298507463, 0.431872460217994, 0.52, 0.08812753978200597, 0, 0, 0, 260, 0, 0, 0, 190, 73, 258, 12, 8, 100
56.538, 4.550946024575214, 0.08049357997409201, 0.08005089058524174, 0.7836940298507463, 0.431872460217994, 0.23, -0.201872460217994, 0, 0, 0, 260, 0, 0, 0, -190, 74, 258, 1, 0, 101
56.59000000000001, 4.55534425429024, 0.08049733617759747, 0.08005089058524174, 0.7836940298507463, 0.431872460217994, 0.18, -0.251872460217994, 0, 0, 0, 260, 0, 0, 0, -190, 89, 231, 15, 27, 101
56.63600000000001, 4.559253791814707, 0.080500985094546, 0.08005089058524174, 0.7836940298507463, 0.431872460217994, 0.17, -0.261872460217994, 0, 0, 0, 260, 0, 0, 0, -190, 180, 172, 91, 59, 101
56.683, 4.562918983243895, 0.08049889708102775, 0.08005089058524174, 0.7836940298507463, 0.431872460217994, 0.16, -0.271872460217994, 0, 0, 0, 260, 0, 0, 0, -190, 243, 71, 63, 101, 101
56.73500000000001, 4.566828520768362, 0.08049402521844296, 0.08005089058524174, 0.7836940298507463, 0.431872460217994, 0.18, -0.251872460217994, 0, 0, 0, 260, 0, 0, 0, -190, 267, 44, 24, 27, 101
56.78900000000001, 4.571715442673947, 0.08050353840838799, 0.08005089058524174, 0.7836940298507463, 0.431872460217994, 0.22, -0.211872460217994, 0, 0, 0, 260, 0, 0, 0, -190, 272, 83, 5, 39, 101
56.83800000000001, 4.575380634103135, 0.08049862124112627, 0.08005089058524174, 0.7836940298507463, 0.431872460217994, 0.21, -0.221872460217994, 0, 0, 0, 260, 0, 0, 0, -190, 252, 67, 20, 16, 101
56.889, 4.579290171627602, 0.08049517783099724, 0.08005089058524174, 0.7836940298507463, 0.431872460217994, 0.37, -0.06187246021799403, 0, 0, 0, 260, 0, 0, 0, -190, 261, 60, 9, 7, 101
56.94400000000001, 4.583932747437907, 0.08049895945908098, 0.08005089058524174, 0.7836940298507463, 0.431872460217994, 0.75, 0.318127539782006, 0, 0, 0, 260, 0, 0, 0, 190, 260, 84, 1, 24, 102
57.0, 4.588330977152933, 0.08049703468689357, 0.08005089058524174, 0.7836940298507463, 0.431872460217994, 0.8, 0.368127539782006, 0, 0, 0, 260, 0, 0, 0, 190, 238, 91, 22, 7, 102
57.05100000000001, 4.592729206867958, 0.08050216835582125, 0.08005089058524174, 0.7836940298507463, 0.431872460217994, 0.8100000000000001, 0.378127539782006, 0, 0, 0, 260, 0, 0, 0, 190, 136, 195, 102, 104, 102
57.099, 4.596638744392425, 0.08050296405177718, 0.08005089058524174, 0.7836940298507463, 0.431872460217994, 0.8199999999999999, 0.388127539782006, 0, 0, 0, 260, 0, 0, 0, 190, 70, 270, 66, 75, 102
57.149, 4.600548281916893, 0.08050094108237927, 0.08005089058524174, 0.7836940298507463, 0.431872460217994, 0.8100000000000001, 0.378127539782006, 0, 0, 0, 260, 0, 0, 0, 190, 58, 251, 12, 19, 102
57.197, 4.603969127250801, 0.08049319242706439, 0.08005089058524174, 0.7836940298507463, 0.431872460217994, 0.77, 0.338127539782006, 0, 0, 0, 260, 0, 0, 0, 190, 76, 256, 18, 5, 102
57.247, 4.608367356965828, 0.08049971801082725, 0.08005089058524174, 0.7836940298507463, 0.431872460217994, 0.55, 0.118127539782006, 0, 0, 0, 260, 0, 0, 0, 190, 73, 268, 3, 12, 102
57.3, 4.612765586680854, 0.08050201721956114, 0.08005089058524174, 0.7836940298507463, 0.431872460217994, 0.27, -0.161872460217994, 0, 0, 0, 260, 0, 0, 0, -190, 66, 254, 7, 14, 103
57.346, 4.616186432014762, 0.08049709538616053, 0.08005089058524174, 0.7836940298507463, 0.431872460217994, 0.17, -0.261872460217994, 0, 0, 0, 260, 0, 0, 0, -190, 72, 245, 6, 9, 103
57.39000000000001, 4.62009596953923, 0.08050350182155828, 0.08005089058524174, 0.7836940298507463, 0.431872460217994, 0.17, -0.261872460217994, 0, 0, 0, 260, 0, 0, 0, -190, 169, 176, 97, 69, 103
57.439, 4.623761160968418, 0.08049863613517678, 0.08005089058524174, 0.7836940298507463, 0.431872460217994, 0.15, -0.2818724602179941, 0, 0, 0, 260, 0, 0, 0, -190, 226, 78, 57, 98, 103
57.489, 4.627426352397606, 0.08049237858368741, 0.08005089058524174, 0.7836940298507463, 0.431872460217994, 0.16, -0.271872460217994, 0, 0, 0, 260, 0, 0, 0, -190, 263, 49, 37, 29, 103
57.535, 4.631580236017352, 0.08050022136121234, 0.08005089058524174, 0.7836940298507463, 0.431872460217994, 0.18, -0.251872460217994, 0, 0, 0, 260, 0, 0, 0, -190, 281, 79, 18, 30, 103
57.58100000000001, 4.63524542744654, 0.08049956456898178, 0.08005089058524174, 0.7836940298507463, 0.431872460217994, 0.21, -0.221872460217994, 0, 0, 0, 260, 0, 0, 0, -190, 257, 73, 24, 6, 103
57.63300000000001, 4.639643657161566, 0.08050324739579001, 0.08005089058524174, 0.7836940298507463, 0.431872460217994, 0.28, -0.151872460217994, 0, 0, 0, 260, 0, 0, 0, -190, 265, 66, 8, 7, 103
57.69, 4.644041886876592, 0.08049994603703574, 0.08005089058524174, 0.7836940298507463, 0.431872460217994, 0.61, 0.178127539782006, 0, 0, 0, 260, 0, 0, 0, 190, 242, 72, 23, 6, 104
57.74000000000001, 4.647951424401059, 0.08049794638727153, 0.08005089058524174, 0.7836940298507463, 0.431872460217994, 0.74, 0.308127539782006, 0, 0, 0, 260, 0, 0, 0, 190, 253, 89, 11, 17, 104
57.79, 4.652105308020806, 0.08050017837032023, 0.08005089058524174, 0.7836940298507463, 0.431872460217994, 0.79, 0.3581275397820059, 0, 0, 0, 260, 0, 0, 0, 190, 152, 194, 101, 105, 104
57.838, 4.656014845545273, 0.08050096555111297, 0.08005089058524174, 0.7836940298507463, 0.431872460217994, 0.7800000000000001, 0.348127539782006, 0, 0, 0, 260, 0, 0, 0, 190, 80, 271, 72, 77, 104
57.881, 4.659435690879182, 0.0805002624501854, 0.08005089058524174, 0.7836940298507463, 0.431872460217994, 0.7800000000000001, 0.348127539782006, 0, 0, 0, 260, 0, 0, 0, 190, 50, 241, 30, 30, 104
57.93600000000001, 4.663833920594207, 0.0804997569834681, 0.08005089058524174, 0.7836940298507463, 0.431872460217994, 0.74, 0.308127539782006, 0, 0, 0, 260, 0, 0, 0, 190, 75, 270, 25, 29, 104
57.98, 4.667743458118674, 0.08050609620763495, 0.08005089058524174, 0.7836940298507463, 0.431872460217994, 0.65, 0.218127539782006, 0, 0, 0, 260, 0, 0, 0, 190, 75, 278, 0, 8, 104
58.037, 4.671897341738421, 0.08049860161170324, 0.08005089058524174, 0.7836940298507463, 0.431872460217994, 0.32, -0.111872460217994, 0, 0, 0, 260, 0, 0, 0, -190, 66, 254, 9, 24, 105
58.081, 4.675562533167609, 0.08050072369910312, 0.08005089058524174, 0.7836940298507463, 0.431872460217994, 0.15, -0.2818724602179941, 0, 0, 0, 260, 0, 0, 0, -190, 82, 241, 16, 13, 105
58.131, 4.679716416787356, 0.08050294020036395, 0.08005089058524174, 0.7836940298507463, 0.431872460217994, 0.16, -0.271872460217994, 0, 0, 0, 260, 0, 0, 0, -190, 179, 161, 97, 80, 105
58.18000000000001, 4.683381608216544, 0.08049813695800179, 0.08005089058524174, 0.7836940298507463, 0.431872460217994, 0.24, -0.191872460217994, 0, 0, 0, 260, 0, 0, 0, -190, 242, 82, 63, 79, 105
58.22800000000001, 4.687291145741011, 0.08049892054923767, 0.08005089058524174, 0.7836940298507463, 0.431872460217994, 0.22, -0.211872460217994, 0, 0, 0, 260, 0, 0, 0, -190, 269, 56, 27, 26, 105
58.27900000000001, 4.691689375456037, 0.08050394439602664, 0.08005089058524174, 0.7836940298507463, 0.431872460217994, 0.34, -0.09187246021799403, 0, 0, 0, 260, 0, 0, 0, -190, 272, 76, 3, 20, 105
58.329, 4.695354566885225, 0.08049777240969714, 0.08005089058524174, 0.7836940298507463, 0.431872460217994, 0.58, 0.148127539782006, 0, 0, 0, 260, 0, 0, 0, 190, 268, 73, 4, 3, 106
58.38000000000001, 4.699752796600251, 0.08050278856800704, 0.08005089058524174, 0.7836940298507463, 0.431872460217994, 0.7199999999999999, 0.288127539782006, 0, 0, 0, 260, 0, 0, 0, 190, 219, 100, 49, 27, 106
58.43, 4.704151026315276, 0.08050917382021694, 0.08005089058524174, 0.7836940298507463, 0.431872460217994, 0.7199999999999999, 0.288127539782006, 0, 0, 0, 260, 0, 0, 0, 190, 161, 196, 58, 96, 106
58.48, 4.708060563839743, 0.08050719158412695, 0.08005089058524174, 0.7836940298507463, 0.431872460217994, 0.75, 0.318127539782006, 0, 0, 0, 260, 0, 0, 0, 190, 66, 251, 95, 55, 106
58.535, 4.711725755268931, 0.08049416170272369, 0.08005089058524174, 0.7836940298507463, 0.431872460217994, 0.61, 0.178127539782006, 0, 0, 0, 260, 0, 0, 0, 190, 48, 251, 18, 0, 106
58.586, 4.716368331079237, 0.08050333409140812, 0.08005089058524174, 0.7836940298507463, 0.431872460217994, 0.4699999999999999, 0.03812753978200597, 0, 0, 0, 260, 0, 0, 0, 190, 83, 277, 35, 26, 106
58.631, 4.720033522508425, 0.08050405966994294, 0.08005089058524174, 0.7836940298507463, 0.431872460217994, 0.3, -0.131872460217994, 0, 0, 0, 260, 0, 0, 0, -190, 64, 262, 19, 15, 107
58.681, 4.723943060032893, 0.0805020885811914, 0.08005089058524174, 0.7836940298507463, 0.431872460217994, 0.22, -0.211872460217994, 0, 0, 0, 260, 0, 0, 0, -190, 85, 228, 21, 34, 107
58.729, 4.728096943652639, 0.08050702282777909, 0.08005089058524174, 0.7836940298507463, 0.431872460217994, 0.17, -0.261872460217994, 0, 0, 0, 260, 0, 0, 0, -190, 189, 157, 104, 71, 107
58.779, 4.732006481177106, 0.08050505250475691, 0.08005089058524174, 0.7836940298507463, 0.431872460217994, 0.16, -0.271872460217994, 0, 0, 0, 260, 0, 0, 0, -190, 237, 66, 48, 91, 107
58.847, 4.737137749177968, 0.08049922254622953, 0.08005089058524174, 0.7836940298507463, 0.431872460217994, 0.22, -0.211872460217994, 0, 0, 0, 260, 0, 0, 0, -190, 277, 83, 40, 17, 107
58.901, 4.741780324988275, 0.08050424143882573, 0.08005089058524174, 0.7836940298507463, 0.431872460217994, 0.4, -0.03187246021799403, 0, 0, 0, 260, 0, 0, 0, -190, 265, 72, 12, 11, 107
58.955, 4.745934208608021, 0.08050096189649768, 0.08005089058524174, 0.7836940298507463, 0.431872460217994, 0.6899999999999999, 0.258127539782006, 0, 0, 0, 260, 0, 0, 0, 190, 247, 60, 18, 12, 108
59.01, 4.750332438323047, 0.08050046497751307, 0.08005089058524174, 0.7836940298507463, 0.431872460217994, 0.76, 0.328127539782006, 0, 0, 0, 260, 0, 0, 0, 190, 234, 91, 13, 31, 108
59.069, 4.755463706323909, 0.08050692759863736, 0.08005089058524174, 0.7836940298507463, 0.431872460217994, 0.7800000000000001, 0.348127539782006, 0, 0, 0, 260, 0, 0, 0, 190, 142, 214, 92, 123, 108
59.12800000000001, 4.759861936038936, 0.08050097984100486, 0.08005089058524174, 0.7836940298507463, 0.431872460217994, 0.7800000000000001, 0.348127539782006, 0, 0, 0, 260, 0, 0, 0, 190, 61, 271, 81, 57, 108
59.177, 4.763771473563403, 0.08050038821777722, 0.08005089058524174, 0.7836940298507463, 0.431872460217994, 0.7800000000000001, 0.348127539782006, 0, 0, 0, 260, 0, 0, 0, 190, 73, 255, 12, 16, 108
59.23, 4.768414049373708, 0.08050673728471565, 0.08005089058524174, 0.7836940298507463, 0.431872460217994, 0.5899999999999999, 0.158127539782006, 0, 0, 0, 260, 0, 0, 0, 190, 77, 264, 4, 9, 108
59.299, 4.77378966346985, 0.08050371276867823, 0.08005089058524174, 0.7836940298507463, 0.431872460217994, 0.26, -0.171872460217994, 0, 0, 0, 260, 0, 0, 0, -190, 67, 261, 10, 3, 109
59.35, 4.777943547089597, 0.08050452480353155, 0.08005089058524174, 0.7836940298507463, 0.431872460217994, 0.18, -0.251872460217994, 0, 0, 0, 260, 0, 0, 0, -190, 99, 230, 32, 31, 109
59.40100000000001, 4.782097430709343, 0.08050533544400505, 0.08005089058524174, 0.7836940298507463, 0.431872460217994, 0.18, -0.251872460217994, 0, 0, 0, 260, 0, 0, 0, -190, 190, 160, 91, 70, 109
59.454, 4.786006968233811, 0.08049932667665439, 0.08005089058524174, 0.7836940298507463, 0.431872460217994, 0.18, -0.251872460217994, 0, 0, 0, 260, 0, 0, 0, -190, 251, 67, 61, 93, 109
59.501, 4.790160851853557, 0.08050555203868099, 0.08005089058524174, 0.7836940298507463, 0.431872460217994, 0.27, -0.161872460217994, 0, 0, 0, 260, 0, 0, 0, -190, 271, 60, 20, 7, 109
59.55100000000001, 4.794070389378025, 0.08050360849319112, 0.08005089058524174, 0.7836940298507463, 0.431872460217994, 0.26, -0.171872460217994, 0, 0, 0, 260, 0, 0, 0, -190, 270, 78, 1, 18, 109
59.605, 4.798468619093049, 0.08050446471089757, 0.08005089058524174, 0.7836940298507463, 0.431872460217994, 0.4, -0.03187246021799403, 0, 0, 0, 260, 0, 0, 0, -190, 253, 67, 17, 11, 109
59.67000000000001, 4.803599887093914, 0.08050276331647249, 0.08005089058524174, 0.7836940298507463, 0.431872460217994, 0.73, 0.298127539782006, 0, 0, 0, 260, 0, 0, 0, 190, 257, 73, 4, 6, 110
59.724, 4.807998116808939, 0.08050361859234041, 0.08005089058524174, 0.7836940298507463, 0.431872460217994, 0.8199999999999999, 0.388127539782006, 0, 0, 0, 260, 0, 0, 0, 190, 236, 93, 21, 20, 110
59.771, 4.812152000428686, 0.08050981245802623, 0.08005089058524174, 0.7836940298507463, 0.431872460217994, 0.8199999999999999, 0.388127539782006, 0, 0, 0, 260, 0, 0, 0, 190, 159, 197, 77, 104, 110
59.82, 4.816061537953153, 0.08050921995909651, 0.08005089058524174, 0.7836940298507463, 0.431872460217994, 0.8199999999999999, 0.388127539782006, 0, 0, 0, 260, 0, 0, 0, 190, 73, 263, 86, 66, 110
59.866, 4.818993691096503, 0.08049633667017178, 0.08005089058524174, 0.7836940298507463, 0.431872460217994, 0.8199999999999999, 0.388127539782006, 0, 0, 0, 260, 0, 0, 0, 190, 43, 244, 30, 19, 110
59.915, 4.823391920811529, 0.08050391255631361, 0.08005089058524174, 0.7836940298507463, 0.431872460217994, 0.8199999999999999, 0.388127539782006, 0, 0, 0, 260, 0, 0, 0, 190, 85, 274, 42, 30, 110
59.96, 4.827057112240717, 0.08050462161842425, 0.08005089058524174, 0.7836940298507463, 0.431872460217994, 0.71, 0.278127539782006, 0, 0, 0, 260, 0, 0, 0, 190, 77, 271, 8, 3, 110
60.01, 4.830966649765184, 0.08050269371380077, 0.08005089058524174, 0.7836940298507463, 0.431872460217994, 0.45, 0.01812753978200597, 0, 0, 0, 260, 0, 0, 0, 190, 68, 241, 9, 30, 110
60.06600000000001, 4.835364879480211, 0.08050086370792478, 0.08005089058524174, 0.7836940298507463, 0.431872460217994, 0.27, -0.161872460217994, 0, 0, 0, 260, 0, 0, 0, -190, 69, 261, 1, 20, 111
60.111, 4.839274417004678, 0.08050563818610033, 0.08005089058524174, 0.7836940298507463, 0.431872460217994, 0.15, -0.2818724602179941, 0, 0, 0, 260, 0, 0, 0, -190, 86, 251, 17, 10, 111
60.16, 4.843428300624424, 0.0805091140396347, 0.08005089058524174, 0.7836940298507463, 0.431872460217994, 0.15, -0.2818724602179941, 0, 0, 0, 260, 0, 0, 0, -190, 168, 169, 82, 82, 111
60.21000000000001, 4.847093492053612, 0.08050313057720665, 0.08005089058524174, 0.7836940298507463, 0.431872460217994, 0.15, -0.2818724602179941, 0, 0, 0, 260, 0, 0, 0, -190, 246, 67, 78, 102, 111
60.25500000000001, 4.850269991292242, 0.08049572635121137, 0.08005089058524174, 0.7836940298507463, 0.431872460217994, 0.16, -0.271872460217994, 0, 0, 0, 260, 0, 0, 0, -190, 262, 48, 16, 19, 111
60.30100000000001, 4.854423874911988, 0.08050320682761459, 0.08005089058524174, 0.7836940298507463, 0.431872460217994, 0.23, -0.201872460217994, 0, 0, 0, 260, 0, 0, 0, -190, 261, 81, 1, 33, 111
60.351, 4.858577758531735, 0.08050533973806125, 0.08005089058524174, 0.7836940298507463, 0.431872460217994, 0.34, -0.09187246021799403, 0, 0, 0, 260, 0, 0, 0, -190, 272, 67, 11, 14, 111
60.4, 4.862731642151481, 0.08050880202237552, 0.08005089058524174, 0.7836940298507463, 0.431872460217994, 0.58, 0.148127539782006, 0, 0, 0, 260, 0, 0, 0, 190, 266, 82, 6, 15, 112
60.449, 4.866396833580669, 0.08050417432183609, 0.08005089058524174, 0.7836940298507463, 0.431872460217994, 0.77, 0.338127539782006, 0, 0, 0, 260, 0, 0, 0, 190, 229, 82, 37, 0, 112
60.49900000000001, 4.870550717200416, 0.080506301214903, 0.08005089058524174, 0.7836940298507463, 0.431872460217994, 0.7800000000000001, 0.348127539782006, 0, 0, 0, 260, 0, 0, 0, 190, 169, 187, 60, 105, 112
60.54500000000001, 4.874215908629604, 0.08050567195688503, 0.08005089058524174, 0.7836940298507463, 0.431872460217994, 0.6899999999999999, 0.258127539782006, 0, 0, 0, 260, 0, 0, 0, 190, 87, 256, 82, 69, 112
60.596, 4.877881100058792, 0.08049840088551706, 0.08005089058524174, 0.7836940298507463, 0.431872460217994, 0.8, 0.368127539782006, 0, 0, 0, 260, 0, 0, 0, 190, 52, 250, 35, 6, 112
60.647, 4.882279329773818, 0.08050322901007169, 0.08005089058524174, 0.7836940298507463, 0.431872460217994, 0.5600000000000001, 0.128127539782006, 0, 0, 0, 260, 0, 0, 0, 190, 80, 272, 28, 22, 112
60.696, 4.886433213393564, 0.08050667611364116, 0.08005089058524174, 0.7836940298507463, 0.431872460217994, 0.3, -0.131872460217994, 0, 0, 0, 260, 0, 0, 0, -190, 75, 262, 5, 10, 113
60.741, 4.890098404822753, 0.08050737401133917, 0.08005089058524174, 0.7836940298507463, 0.431872460217994, 0.21, -0.221872460217994, 0, 0, 0, 260, 0, 0, 0, -190, 78, 243, 3, 19, 113
60.78900000000001, 4.893763596251941, 0.08050409771919165, 0.08005089058524174, 0.7836940298507463, 0.431872460217994, 0.15, -0.2818724602179941, 0, 0, 0, 260, 0, 0, 0, -190, 175, 168, 97, 75, 113
60.83100000000001, 4.89718444158585, 0.08050474990688711, 0.08005089058524174, 0.7836940298507463, 0.431872460217994, 0.13, -0.301872460217994, 0, 0, 0, 260, 0, 0, 0, -190, 220, 80, 45, 88, 113
60.886, 4.901338325205596, 0.08050025170327491, 0.08005089058524174, 0.7836940298507463, 0.431872460217994, 0.19, -0.241872460217994, 0, 0, 0, 260, 0, 0, 0, -190, 264, 58, 44, 22, 113
60.93, 4.905247862730063, 0.08050628364894244, 0.08005089058524174, 0.7836940298507463, 0.431872460217994, 0.22, -0.211872460217994, 0, 0, 0, 260, 0, 0, 0, -190, 270, 83, 6, 25, 113
60.979, 4.909401746349809, 0.08050971230013298, 0.08005089058524174, 0.7836940298507463, 0.431872460217994, 0.31, -0.121872460217994, 0, 0, 0, 260, 0, 0, 0, -190, 273, 59, 3, 24, 113
61.036, 4.913555629969556, 0.08050258257371972, 0.08005089058524174, 0.7836940298507463, 0.431872460217994, 0.71, 0.278127539782006, 0, 0, 0, 260, 0, 0, 0, 190, 246, 77, 27, 18, 114
61.081, 4.917465167494023, 0.08050727996421184, 0.08005089058524174, 0.7836940298507463, 0.431872460217994, 0.8100000000000001, 0.378127539782006, 0, 0, 0, 260, 0, 0, 0, 190, 248, 95, 2, 18, 114
61.13, 4.921130358923211, 0.0805027050371865, 0.08005089058524174, 0.7836940298507463, 0.431872460217994, 0.77, 0.338127539782006, 0, 0, 0, 260, 0, 0, 0, 190, 166, 172, 82, 77, 114
61.17900000000001, 4.925772934733517, 0.08051411325346141, 0.08005089058524174, 0.7836940298507463, 0.431872460217994, 0.6600000000000001, 0.228127539782006, 0, 0, 0, 260, 0, 0, 0, 190, 83, 266, 83, 94, 114
61.233, 4.929193780067425, 0.08049897571680997, 0.08005089058524174, 0.7836940298507463, 0.431872460217994, 0.6800000000000001, 0.248127539782006, 0, 0, 0, 260, 0, 0, 0, 190, 47, 237, 36, 29, 114
61.285, 4.933592009782451, 0.08050243958199315, 0.08005089058524174, 0.7836940298507463, 0.431872460217994, 0.77, 0.338127539782006, 0, 0, 0, 260, 0, 0, 0, 190, 82, 276, 35, 39, 114
61.34, 4.938478931688035, 0.08050992715500547, 0.08005089058524174, 0.7836940298507463, 0.431872460217994, 0.61, 0.178127539782006, 0, 0, 0, 260, 0, 0, 0, 190, 74, 273, 8, 3, 114
61.391, 4.942632815307782, 0.08051070703047325, 0.08005089058524174, 0.7836940298507463, 0.431872460217994, 0.31, -0.121872460217994, 0, 0, 0, 260, 0, 0, 0, -190, 71, 246, 3, 27, 115
61.44400000000001, 4.946542352832249, 0.08050488823696778, 0.08005089058524174, 0.7836940298507463, 0.431872460217994, 0.15, -0.2818724602179941, 0, 0, 0, 260, 0, 0, 0, -190, 92, 242, 21, 4, 115
61.49100000000001, 4.950451890356716, 0.08050693419129168, 0.08005089058524174, 0.7836940298507463, 0.431872460217994, 0.13, -0.301872460217994, 0, 0, 0, 260, 0, 0, 0, -190, 174, 167, 82, 75, 115
61.541, 4.954117081785903, 0.08050108190939218, 0.08005089058524174, 0.7836940298507463, 0.431872460217994, 0.14, -0.291872460217994, 0, 0, 0, 260, 0, 0, 0, -190, 229, 77, 55, 90, 115
61.59000000000001, 4.958515311500931, 0.08050844798670125, 0.08005089058524174, 0.7836940298507463, 0.431872460217994, 0.19, -0.241872460217994, 0, 0, 0, 260, 0, 0, 0, -190, 282, 61, 53, 16, 115
61.64300000000001, 4.962669195120677, 0.08050661381050041, 0.08005089058524174, 0.7836940298507463, 0.431872460217994, 0.3, -0.131872460217994, 0, 0, 0, 260, 0, 0, 0, -190, 273, 78, 9, 17, 115
61.696, 4.967067424835703, 0.0805087432708069, 0.08005089058524174, 0.7836940298507463, 0.431872460217994, 0.5600000000000001, 0.128127539782006, 0, 0, 0, 260, 0, 0, 0, 190, 257, 72, 16, 6, 116
61.74300000000001, 4.970732616264891, 0.08050682046976808, 0.08005089058524174, 0.7836940298507463, 0.431872460217994, 0.77, 0.338127539782006, 0, 0, 0, 260, 0, 0, 0, 190, 229, 83, 28, 11, 116
61.794, 4.975130845979916, 0.08051155202737993, 0.08005089058524174, 0.7836940298507463, 0.431872460217994, 0.8100000000000001, 0.378127539782006, 0, 0, 0, 260, 0, 0, 0, 190, 173, 200, 56, 117, 116
61.836, 4.978551691313824, 0.08051218855219975, 0.08005089058524174, 0.7836940298507463, 0.431872460217994, 0.8100000000000001, 0.378127539782006, 0, 0, 0, 260, 0, 0, 0, 190, 81, 244, 92, 44, 116
61.88000000000001, 4.981728190552454, 0.08050627327977464, 0.08005089058524174, 0.7836940298507463, 0.431872460217994, 0.8199999999999999, 0.388127539782006, 0, 0, 0, 260, 0, 0, 0, 190, 50, 254, 31, 10, 116
61.937, 4.986370766362759, 0.08050714058418651, 0.08005089058524174, 0.7836940298507463, 0.431872460217994, 0.65, 0.218127539782006, 0, 0, 0, 260, 0, 0, 0, 190, 84, 260, 34, 6, 116
62.0, 4.991990726554182, 0.08051597946055132, 0.08005089058524174, 0.7836940298507463, 0.431872460217994, 0.22, -0.211872460217994, 0, 0, 0, 260, 0, 0, 0, -190, 66, 269, 18, 9, 117
62.05100000000001, 4.995900264078649, 0.08051280823965204, 0.08005089058524174, 0.7836940298507463, 0.431872460217994, 0.08, -0.351872460217994, 0, 0, 0, 260, 0, 0, 0, -190, 91, 221, 25, 48, 117
62.099, 4.999565455507836, 0.08050959686158933, 0.08005089058524174, 0.7836940298507463, 0.431872460217994, 0.1, -0.3318724602179941, 0, 0, 0, 260, 0, 0, 0, -190, 148, 157, 57, 64, 117
62.14600000000001, 5.003230646937025, 0.08050768588383846, 0.08005089058524174, 0.7836940298507463, 0.431872460217994, 0.11, -0.321872460217994, 0, 0, 0, 260, 0, 0, 0, -190, 251, 75, 103, 82, 117
62.19100000000001, 5.006895838366213, 0.08050836677921586, 0.08005089058524174, 0.7836940298507463, 0.431872460217994, 0.14, -0.291872460217994, 0, 0, 0, 260, 0, 0, 0, -190, 263, 73, 12, 2, 117
62.24, 5.01104972198596, 0.08051172432496722, 0.08005089058524174, 0.7836940298507463, 0.431872460217994, 0.22, -0.211872460217994, 0, 0, 0, 260, 0, 0, 0, -190, 270, 74, 7, 1, 117
62.289, 5.014959259510427, 0.08051115380742068, 0.08005089058524174, 0.7836940298507463, 0.431872460217994, 0.34, -0.09187246021799403, 0, 0, 0, 260, 0, 0, 0, -190, 251, 60, 19, 14, 117
62.34100000000001, 5.019357489225452, 0.08051454883985583, 0.08005089058524174, 0.7836940298507463, 0.431872460217994, 0.5899999999999999, 0.158127539782006, 0, 0, 0, 260, 0, 0, 0, 190, 262, 77, 11, 17, 118
62.399, 5.023755718940478, 0.08051019597975094, 0.08005089058524174, 0.7836940298507463, 0.431872460217994, 0.7800000000000001, 0.348127539782006, 0, 0, 0, 260, 0, 0, 0, 190, 248, 90, 14, 13, 118
62.449, 5.027909602560225, 0.08051225163830045, 0.08005089058524174, 0.7836940298507463, 0.431872460217994, 0.7800000000000001, 0.348127539782006, 0, 0, 0, 260, 0, 0, 0, 190, 147, 192, 101, 102, 118
62.499, 5.031819140084692, 0.0805103944076656, 0.08005089058524174, 0.7836940298507463, 0.431872460217994, 0.7800000000000001, 0.348127539782006, 0, 0, 0, 260, 0, 0, 0, 190, 89, 259, 58, 67, 118
62.548, 5.035728677609159, 0.08050982729438445, 0.08005089058524174, 0.7836940298507463, 0.431872460217994, 0.8, 0.368127539782006, 0, 0, 0, 260, 0, 0, 0, 190, 47, 243, 42, 16, 118
62.60000000000001, 5.040126907324185, 0.08051320938217547, 0.08005089058524174, 0.7836940298507463, 0.431872460217994, 0.63, 0.198127539782006, 0, 0, 0, 260, 0, 0, 0, 190, 81, 280, 34, 37, 118
62.651, 5.04428079094393, 0.0805139709014051, 0.08005089058524174, 0.7836940298507463, 0.431872460217994, 0.4, -0.03187246021799403, 0, 0, 0, 260, 0, 0, 0, -190, 73, 261, 8, 19, 119
62.699, 5.04770163627784, 0.0805068922355674, 0.08005089058524174, 0.7836940298507463, 0.431872460217994, 0.24, -0.191872460217994, 0, 0, 0, 260, 0, 0, 0, -190, 80, 232, 7, 29, 119
62.74900000000001, 5.052099865992865, 0.080512834722352, 0.08005089058524174, 0.7836940298507463, 0.431872460217994, 0.13, -0.301872460217994, 0, 0, 0, 260, 0, 0, 0, -190, 173, 166, 93, 66, 119
62.799, 5.056009403517334, 0.08051098589973302, 0.08005089058524174, 0.7836940298507463, 0.431872460217994, 0.14, -0.291872460217994, 0, 0, 0, 260, 0, 0, 0, -190, 242, 73, 69, 93, 119
62.85, 5.059918941041802, 0.08050785904601115, 0.08005089058524174, 0.7836940298507463, 0.431872460217994, 0.2, -0.2318724602179941, 0, 0, 0, 260, 0, 0, 0, -190, 267, 52, 25, 21, 119
62.9, 5.064561516852105, 0.08051767117411933, 0.08005089058524174, 0.7836940298507463, 0.431872460217994, 0.35, -0.08187246021799403, 0, 0, 0, 260, 0, 0, 0, -190, 277, 82, 10, 30, 119
62.956, 5.068471054376573, 0.08050814941191584, 0.08005089058524174, 0.7836940298507463, 0.431872460217994, 0.6600000000000001, 0.228127539782006, 0, 0, 0, 260, 0, 0, 0, 190, 253, 59, 24, 23, 120
63.004, 5.07238059190104, 0.0805088659751927, 0.08005089058524174, 0.7836940298507463, 0.431872460217994, 0.75, 0.318127539782006, 0, 0, 0, 260, 0, 0, 0, 190, 235, 90, 18, 31, 120
63.051, 5.076534475520786, 0.08051473371589326, 0.08005089058524174, 0.7836940298507463, 0.431872460217994, 0.76, 0.328127539782006, 0, 0, 0, 260, 0, 0, 0, 190, 166, 184, 69, 94, 120
63.104, 5.080199666949975, 0.08050519249096689, 0.08005089058524174, 0.7836940298507463, 0.431872460217994, 0.71, 0.278127539782006, 0, 0, 0, 260, 0, 0, 0, 190, 67, 231, 99, 47, 120
63.15, 5.083864858379163, 0.08050458999808651, 0.08005089058524174, 0.7836940298507463, 0.431872460217994, 0.8100000000000001, 0.378127539782006, 0, 0, 0, 260, 0, 0, 0, 190, 53, 281, 14, 50, 120
63.19900000000001, 5.088751780284747, 0.08051949841429053, 0.08005089058524174, 0.7836940298507463, 0.431872460217994, 0.7199999999999999, 0.288127539782006, 0, 0, 0, 260, 0, 0, 0, 190, 86, 269, 33, 12, 120
63.25600000000001, 5.092905663904494, 0.08051261009081344, 0.08005089058524174, 0.7836940298507463, 0.431872460217994, 0.16, -0.271872460217994, 0, 0, 0, 260, 0, 0, 0, -190, 68, 258, 18, 11, 121
63.311, 5.09705954752424, 0.08050827735344948, 0.08005089058524174, 0.7836940298507463, 0.431872460217994, 0.17, -0.261872460217994, 0, 0, 0, 260, 0, 0, 0, -190, 96, 213, 28, 45, 121
63.35900000000001, 5.101457777239266, 0.08051670287156153, 0.08005089058524174, 0.7836940298507463, 0.431872460217994, 0.17, -0.261872460217994, 0, 0, 0, 260, 0, 0, 0, -190, 190, 156, 94, 57, 121
63.41, 5.105367314763733, 0.08051359903428059, 0.08005089058524174, 0.7836940298507463, 0.431872460217994, 0.16, -0.271872460217994, 0, 0, 0, 260, 0, 0, 0, -190, 251, 83, 61, 73, 121
63.459, 5.1092768522882, 0.08051303758786304, 0.08005089058524174, 0.7836940298507463, 0.431872460217994, 0.25, -0.181872460217994, 0, 0, 0, 260, 0, 0, 0, -190, 269, 46, 18, 37, 121
63.51, 5.113186389812667, 0.08050994158105286, 0.08005089058524174, 0.7836940298507463, 0.431872460217994, 0.24, -0.191872460217994, 0, 0, 0, 260, 0, 0, 0, -190, 264, 86, 5, 40, 121
63.56000000000001, 5.117340273432413, 0.08051196150774722, 0.08005089058524174, 0.7836940298507463, 0.431872460217994, 0.23, -0.201872460217994, 0, 0, 0, 260, 0, 0, 0, -190, 259, 66, 5, 20, 121
63.60600000000001, 5.120761118766323, 0.0805075168815257, 0.08005089058524174, 0.7836940298507463, 0.431872460217994, 0.21, -0.221872460217994, 0, 0, 0, 260, 0, 0, 0, -190, 247, 70, 12, 4, 121
63.65, 5.124426310195511, 0.08050944713582894, 0.08005089058524174, 0.7836940298507463, 0.431872460217994, 0.18, -0.251872460217994, 0, 0, 0, 260, 0, 0, 0, -190, 269, 74, 22, 4, 121
63.699, 5.128824539910537, 0.08051656289597226, 0.08005089058524174, 0.7836940298507463, 0.431872460217994, 0.17, -0.261872460217994, 0, 0, 0, 260, 0, 0, 0, -190, 262, 59, 7, 15, 121
63.749, 5.132489731339725, 0.08051090576071351, 0.08005089058524174, 0.7836940298507463, 0.431872460217994, 0.18, -0.251872460217994, 0, 0, 0, 260, 0, 0, 0, -190, 255, 72, 7, 13, 121
63.795, 5.136154922768913, 0.08051030523973528, 0.08005089058524174, 0.7836940298507463, 0.431872460217994, 0.19, -0.241872460217994, 0, 0, 0, 260, 0, 0, 0, -190, 257, 75, 2, 3, 121
63.83900000000001, 5.14006446029338, 0.08051605539393442, 0.08005089058524174, 0.7836940298507463, 0.431872460217994, 0.17, -0.261872460217994, 0, 0, 0, 260, 0, 0, 0, -190, 252, 61, 5, 14, 121
63.889, 5.144218343913127, 0.08051806013418783, 0.08005089058524174, 0.7836940298507463, 0.431872460217994, 0.17, -0.261872460217994, 0, 0, 0, 260, 0, 0, 0, -190, 267, 73, 15, 12, 121
63.94100000000001, 5.148372227532874, 0.08051754316530667, 0.08005089058524174, 0.7836940298507463, 0.431872460217994, 0.19, -0.241872460217994, 0, 0, 0, 260, 0, 0, 0, -190, 263, 70, 4, 3, 121
63.996, 5.15228176505734, 0.08050943441867211, 0.08005089058524174, 0.7836940298507463, 0.431872460217994, 0.2, -0.2318724602179941, 0, 0, 0, 260, 0, 0, 0, -190, 255, 69, 8, 1, 121
64.04600000000001, 5.156435648677087, 0.08051143941350103, 0.08005089058524174, 0.7836940298507463, 0.431872460217994, 0.18, -0.251872460217994, 0, 0, 0, 260, 0, 0, 0, -190, 267, 73, 12, 4, 121
64.09600000000001, 5.160100840106275, 0.08050581690130858, 0.08005089058524174, 0.7836940298507463, 0.431872460217994, 0.18, -0.251872460217994, 0, 0, 0, 260, 0, 0, 0, -190, 241, 64, 26, 9, 121
64.14000000000001, 5.163766031535463, 0.0805077335755451, 0.08005089058524174, 0.7836940298507463, 0.431872460217994, 0.18, -0.251872460217994, 0, 0, 0, 260, 0, 0, 0, -190, 267, 74, 26, 10, 121
64.19, 5.16816426125049, 0.0805135420042139, 0.08005089058524174, 0.7836940298507463, 0.431872460217994, 0.18, -0.251872460217994, 0, 0, 0, 260, 0, 0, 0, -190, 274, 68, 7, 6, 121
64.234, 5.171585106584397, 0.08051164658256372, 0.08005089058524174, 0.7836940298507463, 0.431872460217994, 0.19, -0.241872460217994, 0, 0, 0, 260, 0, 0, 0, -190, 250, 76, 24, 8, 121
64.285, 5.175738990204144, 0.08051238998528653, 0.08005089058524174, 0.7836940298507463, 0.431872460217994, 0.2, -0.2318724602179941, 0, 0, 0, 260, 0, 0, 0, -190, 268, 65, 18, 11, 121
64.336, 5.179648527728612, 0.08050933424099433, 0.08005089058524174, 0.7836940298507463, 0.431872460217994, 0.2, -0.2318724602179941, 0, 0, 0, 260, 0, 0, 0, -190, 257, 73, 11, 8, 121
64.38, 5.1833137191578, 0.08051124136622864, 0.08005089058524174, 0.7836940298507463, 0.431872460217994, 0.19, -0.241872460217994, 0, 0, 0, 260, 0, 0, 0, -190, 254, 68, 3, 5, 121
64.42600000000001, 5.186978910586988, 0.08051064648724099, 0.08005089058524174, 0.7836940298507463, 0.431872460217994, 0.19, -0.241872460217994, 0, 0, 0, 260, 0, 0, 0, -190, 270, 74, 16, 6, 121
64.476, 5.191132794206734, 0.08051263717052443, 0.08005089058524174, 0.7836940298507463, 0.431872460217994, 0.19, -0.241872460217994, 0, 0, 0, 260, 0, 0, 0, -190, 255, 66, 15, 8, 121
64.53100000000001, 5.195775370017039, 0.08051595930664392, 0.08005089058524174, 0.7836940298507463, 0.431872460217994, 0.2, -0.2318724602179941, 0, 0, 0, 260, 0, 0, 0, -190, 262, 77, 7, 11, 121
64.58, 5.199684907541506, 0.08051540581513638, 0.08005089058524174, 0.7836940298507463, 0.431872460217994, 0.18, -0.251872460217994, 0, 0, 0, 260, 0, 0, 0, -190, 267, 61, 5, 16, 121
64.63100000000001, 5.203838791161252, 0.08051614227168468, 0.08005089058524174, 0.7836940298507463, 0.431872460217994, 0.21, -0.221872460217994, 0, 0, 0, 260, 0, 0, 0, -190, 255, 77, 12, 16, 121
64.679, 5.207503982590441, 0.08051305651896969, 0.08005089058524174, 0.7836940298507463, 0.431872460217994, 0.2, -0.2318724602179941, 0, 0, 0, 260, 0, 0, 0, -190, 258, 73, 3, 4, 121
64.73000000000001, 5.211902212305467, 0.08051756855098821, 0.08005089058524174, 0.7836940298507463, 0.431872460217994, 0.2, -0.2318724602179941, 0, 0, 0, 260, 0, 0, 0, -190, 263, 71, 5, 2, 121
64.77800000000001, 5.215567403734655, 0.08051448645735672, 0.08005089058524174, 0.7836940298507463, 0.431872460217994, 0.19, -0.241872460217994, 0, 0, 0, 260, 0, 0, 0, -190, 254, 63, 9, 8, 121
64.827, 5.219476941259122, 0.08051393618799453, 0.08005089058524174, 0.7836940298507463, 0.431872460217994, 0.18, -0.251872460217994, 0, 0, 0, 260, 0, 0, 0, -190, 265, 66, 11, 3, 121
64.87900000000001, 5.223630824878868, 0.08051342999859536, 0.08005089058524174, 0.7836940298507463, 0.431872460217994, 0.18, -0.251872460217994, 0, 0, 0, 260, 0, 0, 0, -190, 252, 73, 13, 7, 121
64.93000000000001, 5.228029054593894, 0.08051792783911742, 0.08005089058524174, 0.7836940298507463, 0.431872460217994, 0.19, -0.241872460217994, 0, 0, 0, 260, 0, 0, 0, -190, 271, 66, 19, 7, 121
64.98000000000001, 5.232182938213641, 0.08051989747943431, 0.08005089058524174, 0.7836940298507463, 0.431872460217994, 0.22, -0.211872460217994, 0, 0, 0, 260, 0, 0, 0, -190, 257, 76, 14, 10, 121
65.029, 5.236092475738108, 0.08051934484211825, 0.08005089058524174, 0.7836940298507463, 0.431872460217994, 0.2, -0.2318724602179941, 0, 0, 0, 260, 0, 0, 0, -190, 263, 65, 6, 11, 121
65.08100000000001, 5.239757667167297, 0.08051132691826027, 0.08005089058524174, 0.7836940298507463, 0.431872460217994, 0.2, -0.2318724602179941, 0, 0, 0, 260, 0, 0, 0, -190, 248, 73, 15, 8, 121
65.13100000000001, 5.244155896882322, 0.08051704866933292, 0.08005089058524174, 0.7836940298507463, 0.431872460217994, 0.23, -0.201872460217994, 0, 0, 0, 260, 0, 0, 0, -190, 270, 68, 22, 5, 121
65.17900000000001, 5.248065434406789, 0.08051773476743719, 0.08005089058524174, 0.7836940298507463, 0.431872460217994, 0.2, -0.2318724602179941, 0, 0, 0, 260, 0, 0, 0, -190, 258, 72, 12, 4, 121
65.229, 5.251486279740699, 0.0805084591169679, 0.08005089058524174, 0.7836940298507463, 0.431872460217994, 0.22, -0.211872460217994, 0, 0, 0, 260, 0, 0, 0, -190, 257, 61, 1, 11, 121
65.27500000000001, 5.255395817265166, 0.08051161726947784, 0.08005089058524174, 0.7836940298507463, 0.431872460217994, 0.24, -0.191872460217994, 0, 0, 0, 260, 0, 0, 0, -190, 252, 77, 5, 16, 121
65.329, 5.259794046980192, 0.08051239184711523, 0.08005089058524174, 0.7836940298507463, 0.431872460217994, 0.22, -0.211872460217994, 0, 0, 0, 260, 0, 0, 0, -190, 273, 67, 21, 10, 121
65.37600000000001, 5.263703584504658, 0.08051431082514469, 0.08005089058524174, 0.7836940298507463, 0.431872460217994, 0.2, -0.2318724602179941, 0, 0, 0, 260, 0, 0, 0, -190, 250, 71, 23, 4, 121
65.42000000000001, 5.267124429838567, 0.08051244924852595, 0.08005089058524174, 0.7836940298507463, 0.431872460217994, 0.19, -0.241872460217994, 0, 0, 0, 260, 0, 0, 0, -190, 264, 70, 14, 1, 121
65.47000000000001, 5.271522659553593, 0.08051814051555816, 0.08005089058524174, 0.7836940298507463, 0.431872460217994, 0.21, -0.221872460217994, 0, 0, 0, 260, 0, 0, 0, -190, 253, 72, 11, 2, 121
65.526, 5.275920889268618, 0.0805164497950221, 0.08005089058524174, 0.7836940298507463, 0.431872460217994, 0.37, -0.06187246021799403, 0, 0, 0, 260, 0, 0, 0, -190, 264, 68, 11, 4, 121
65.56999999999999, 5.279341734602527, 0.08051459104167344, 0.08005089058524174, 0.7836940298507463, 0.431872460217994, 0.55, 0.118127539782006, 0, 0, 0, 260, 0, 0, 0, 190, 253, 75, 11, 7, 122
65.61900000000001, 5.283251272126995, 0.08051404733578682, 0.08005089058524174, 0.7836940298507463, 0.431872460217994, 0.5600000000000001, 0.128127539782006, 0, 0, 0, 260, 0, 0, 0, 190, 249, 77, 4, 2, 122
65.675, 5.2878938479373, 0.08051608447563456, 0.08005089058524174, 0.7836940298507463, 0.431872460217994, 0.6, 0.168127539782006, 0, 0, 0, 260, 0, 0, 0, 190, 154, 195, 95, 118, 122
65.725, 5.291803385461767, 0.0805143154881973, 0.08005089058524174, 0.7836940298507463, 0.431872460217994, 0.64, 0.208127539782006, 0, 0, 0, 260, 0, 0, 0, 190, 73, 249, 81, 54, 122
65.77, 5.295468576890956, 0.08051495479536197, 0.08005089058524174, 0.7836940298507463, 0.431872460217994, 0.7, 0.268127539782006, 0, 0, 0, 260, 0, 0, 0, 190, 53, 252, 20, 3, 122
65.82, 5.299866806605981, 0.08052061389556336, 0.08005089058524174, 0.7836940298507463, 0.431872460217994, 0.7199999999999999, 0.288127539782006, 0, 0, 0, 260, 0, 0, 0, 190, 84, 271, 31, 19, 122
65.869, 5.303776344130449, 0.08052006777285898, 0.08005089058524174, 0.7836940298507463, 0.431872460217994, 0.6800000000000001, 0.248127539782006, 0, 0, 0, 260, 0, 0, 0, 190, 69, 275, 15, 4, 122
65.92000000000001, 5.307685881654916, 0.08051707951539617, 0.08005089058524174, 0.7836940298507463, 0.431872460217994, 0.48, 0.04812753978200597, 0, 0, 0, 260, 0, 0, 0, 190, 66, 243, 3, 32, 122
65.97100000000001, 5.311839765274662, 0.08051779971918968, 0.08005089058524174, 0.7836940298507463, 0.431872460217994, 0.33, -0.101872460217994, 0, 0, 0, 260, 0, 0, 0, -190, 74, 253, 8, 10, 123
66.02, 5.315749302799129, 0.08051725693424917, 0.08005089058524174, 0.7836940298507463, 0.431872460217994, 0.22, -0.211872460217994, 0, 0, 0, 260, 0, 0, 0, -190, 83, 240, 9, 13, 123
66.071, 5.319903186418876, 0.08051797591104835, 0.08005089058524174, 0.7836940298507463, 0.431872460217994, 0.21, -0.221872460217994, 0, 0, 0, 260, 0, 0, 0, -190, 178, 172, 95, 68, 123
66.12000000000001, 5.323812723943344, 0.08051743381644499, 0.08005089058524174, 0.7836940298507463, 0.431872460217994, 0.2, -0.2318724602179941, 0, 0, 0, 260, 0, 0, 0, -190, 254, 81, 76, 91, 123
66.169, 5.327477915372532, 0.08051319976684749, 0.08005089058524174, 0.7836940298507463, 0.431872460217994, 0.2, -0.2318724602179941, 0, 0, 0, 260, 0, 0, 0, -190, 258, 46, 4, 35, 123
66.22, 5.331876145087557, 0.08051761016441494, 0.08005089058524174, 0.7836940298507463, 0.431872460217994, 0.21, -0.221872460217994, 0, 0, 0, 260, 0, 0, 0, -190, 275, 89, 17, 43, 123
66.26900000000001, 5.335785682612024, 0.0805170695591004, 0.08005089058524174, 0.7836940298507463, 0.431872460217994, 0.28, -0.151872460217994, 0, 0, 0, 260, 0, 0, 0, -190, 260, 56, 15, 33, 123
66.32, 5.339939566231771, 0.08051778598057556, 0.08005089058524174, 0.7836940298507463, 0.431872460217994, 0.5300000000000001, 0.09812753978200597, 0, 0, 0, 260, 0, 0, 0, 190, 243, 77, 17, 21, 124
66.36900000000001, 5.343849103756238, 0.08051724606000148, 0.08005089058524174, 0.7836940298507463, 0.431872460217994, 0.76, 0.328127539782006, 0, 0, 0, 260, 0, 0, 0, 190, 261, 84, 18, 7, 124
66.42, 5.348247333471263, 0.08052164007032916, 0.08005089058524174, 0.7836940298507463, 0.431872460217994, 0.74, 0.308127539782006, 0, 0, 0, 260, 0, 0, 0, 190, 160, 191, 101, 107, 124
66.47, 5.352156870995731, 0.0805198867307918, 0.08005089058524174, 0.7836940298507463, 0.431872460217994, 0.7199999999999999, 0.288127539782006, 0, 0, 0, 260, 0, 0, 0, 190, 74, 259, 86, 68, 124
66.52500000000001, 5.356310754615478, 0.08051575730350212, 0.08005089058524174, 0.7836940298507463, 0.431872460217994, 0.77, 0.338127539782006, 0, 0, 0, 260, 0, 0, 0, 190, 62, 248, 12, 11, 124
66.57500000000001, 5.360464638235224, 0.08051768138543334, 0.08005089058524174, 0.7836940298507463, 0.431872460217994, 0.64, 0.208127539782006, 0, 0, 0, 260, 0, 0, 0, 190, 79, 276, 17, 28, 124
66.63, 5.365107214045529, 0.08052089470276947, 0.08005089058524174, 0.7836940298507463, 0.431872460217994, 0.29, -0.141872460217994, 0, 0, 0, 260, 0, 0, 0, -190, 68, 267, 11, 9, 125
66.678, 5.368772405474717, 0.08051789803945404, 0.08005089058524174, 0.7836940298507463, 0.431872460217994, 0.19, -0.241872460217994, 0, 0, 0, 260, 0, 0, 0, -190, 83, 239, 15, 28, 125
66.729, 5.372926289094464, 0.08051860943659374, 0.08005089058524174, 0.7836940298507463, 0.431872460217994, 0.19, -0.241872460217994, 0, 0, 0, 260, 0, 0, 0, -190, 187, 157, 104, 82, 125
66.776, 5.376347134428372, 0.08051316542512838, 0.08005089058524174, 0.7836940298507463, 0.431872460217994, 0.21, -0.221872460217994, 0, 0, 0, 260, 0, 0, 0, -190, 229, 89, 42, 68, 125
66.824, 5.38025667195284, 0.08051383742297437, 0.08005089058524174, 0.7836940298507463, 0.431872460217994, 0.19, -0.241872460217994, 0, 0, 0, 260, 0, 0, 0, -190, 266, 59, 37, 30, 125
66.871, 5.384654901667865, 0.08052302046728576, 0.08005089058524174, 0.7836940298507463, 0.431872460217994, 0.19, -0.241872460217994, 0, 0, 0, 260, 0, 0, 0, -190, 277, 88, 11, 29, 125
66.928, 5.389053131382891, 0.08052015795157319, 0.08005089058524174, 0.7836940298507463, 0.431872460217994, 0.37, -0.06187246021799403, 0, 0, 0, 260, 0, 0, 0, -190, 258, 61, 19, 27, 125
66.98900000000001, 5.394184399383755, 0.08052343518165303, 0.08005089058524174, 0.7836940298507463, 0.431872460217994, 0.71, 0.278127539782006, 0, 0, 0, 260, 0, 0, 0, 190, 251, 85, 7, 24, 126
67.03700000000001, 5.397849590812942, 0.08052045274718353, 0.08005089058524174, 0.7836940298507463, 0.431872460217994, 0.7199999999999999, 0.288127539782006, 0, 0, 0, 260, 0, 0, 0, 190, 236, 79, 15, 6, 126
67.08, 5.401270436146851, 0.08051983357404369, 0.08005089058524174, 0.7836940298507463, 0.431872460217994, 0.7199999999999999, 0.288127539782006, 0, 0, 0, 260, 0, 0, 0, 190, 183, 165, 53, 86, 126
67.13, 5.405424319766598, 0.08052173871244745, 0.08005089058524174, 0.7836940298507463, 0.431872460217994, 0.73, 0.298127539782006, 0, 0, 0, 260, 0, 0, 0, 190, 81, 261, 102, 96, 126
67.181, 5.409089511195786, 0.08051516814569277, 0.08005089058524174, 0.7836940298507463, 0.431872460217994, 0.73, 0.298127539782006, 0, 0, 0, 260, 0, 0, 0, 190, 45, 244, 36, 17, 126
67.229, 5.412754702624974, 0.08051220013126736, 0.08005089058524174, 0.7836940298507463, 0.431872460217994, 0.74, 0.308127539782006, 0, 0, 0, 260, 0, 0, 0, 190, 90, 264, 45, 20, 126
67.277, 5.41739727843528, 0.08052376411604678, 0.08005089058524174, 0.7836940298507463, 0.431872460217994, 0.65, 0.218127539782006, 0, 0, 0, 260, 0, 0, 0, 190, 65, 268, 25, 4, 126
67.339, 5.422284200340863, 0.08052219665187875, 0.08005089058524174, 0.7836940298507463, 0.431872460217994, 0.29, -0.141872460217994, 0, 0, 0, 260, 0, 0, 0, -190, 72, 256, 7, 12, 127
67.39100000000001, 5.42619373786533, 0.08051807715964046, 0.08005089058524174, 0.7836940298507463, 0.431872460217994, 0.19, -0.241872460217994, 0, 0, 0, 260, 0, 0, 0, -190, 86, 224, 14, 32, 127
67.439, 5.430103275389798, 0.08051873953335308, 0.08005089058524174, 0.7836940298507463, 0.431872460217994, 0.16, -0.271872460217994, 0, 0, 0, 260, 0, 0, 0, -190, 179, 165, 93, 59, 127
67.48900000000001, 5.434012812914265, 0.08051701481595913, 0.08005089058524174, 0.7836940298507463, 0.431872460217994, 0.18, -0.251872460217994, 0, 0, 0, 260, 0, 0, 0, -190, 257, 72, 78, 93, 127
67.53900000000001, 5.438166696534012, 0.0805189105040645, 0.08005089058524174, 0.7836940298507463, 0.431872460217994, 0.2, -0.2318724602179941, 0, 0, 0, 260, 0, 0, 0, -190, 270, 64, 13, 8, 127
67.58700000000001, 5.442076234058479, 0.0805195708354932, 0.08005089058524174, 0.7836940298507463, 0.431872460217994, 0.21, -0.221872460217994, 0, 0, 0, 260, 0, 0, 0, -190, 267, 80, 3, 16, 127
67.63500000000001, 5.445741425487666, 0.08051661751293954, 0.08005089058524174, 0.7836940298507463, 0.431872460217994, 0.34, -0.09187246021799403, 0, 0, 0, 260, 0, 0, 0, -190, 248, 67, 19, 13, 127
67.68899999999999, 5.450384001297972, 0.08052097093025413, 0.08005089058524174, 0.7836940298507463, 0.431872460217994, 0.55, 0.118127539782006, 0, 0, 0, 260, 0, 0, 0, 190, 264, 71, 16, 4, 128
67.74, 5.454293538822439, 0.08051806227963446, 0.08005089058524174, 0.7836940298507463, 0.431872460217994, 0.75, 0.318127539782006, 0, 0, 0, 260, 0, 0, 0, 190, 251, 80, 13, 9, 128
67.782, 5.458203076346907, 0.08052584869651097, 0.08005089058524174, 0.7836940298507463, 0.431872460217994, 0.71, 0.278127539782006, 0, 0, 0, 260, 0, 0, 0, 190, 178, 173, 73, 93, 128
67.83100000000001, 5.461868267776095, 0.08052171231112759, 0.08005089058524174, 0.7836940298507463, 0.431872460217994, 0.6899999999999999, 0.258127539782006, 0, 0, 0, 260, 0, 0, 0, 190, 77, 261, 101, 88, 128
67.879, 5.465289113110003, 0.08051516836002303, 0.08005089058524174, 0.7836940298507463, 0.431872460217994, 0.71, 0.278127539782006, 0, 0, 0, 260, 0, 0, 0, 190, 46, 232, 31, 29, 128
67.925, 5.46919865063447, 0.08051819875796053, 0.08005089058524174, 0.7836940298507463, 0.431872460217994, 0.7199999999999999, 0.288127539782006, 0, 0, 0, 260, 0, 0, 0, 190, 88, 271, 42, 39, 128
67.978, 5.473596880349497, 0.08052012239768008, 0.08005089058524174, 0.7836940298507463, 0.431872460217994, 0.65, 0.218127539782006, 0, 0, 0, 260, 0, 0, 0, 190, 66, 278, 22, 7, 128
68.03000000000001, 5.478239456159801, 0.08052681840599442, 0.08005089058524174, 0.7836940298507463, 0.431872460217994, 0.35, -0.08187246021799403, 0, 0, 0, 260, 0, 0, 0, -190, 72, 254, 6, 24, 129
68.086, 5.482148993684269, 0.08051800654590179, 0.08005089058524174, 0.7836940298507463, 0.431872460217994, 0.22, -0.211872460217994, 0, 0, 0, 260, 0, 0, 0, -190, 86, 232, 14, 22, 129
68.14100000000001, 5.487035915589853, 0.08052473423621393, 0.08005089058524174, 0.7836940298507463, 0.431872460217994, 0.2, -0.2318724602179941, 0, 0, 0, 260, 0, 0, 0, -190, 196, 136, 110, 96, 129
68.195, 5.490701107019041, 0.08051471672437922, 0.08005089058524174, 0.7836940298507463, 0.431872460217994, 0.19, -0.241872460217994, 0, 0, 0, 260, 0, 0, 0, -190, 243, 64, 47, 72, 129
68.24, 5.494610644543508, 0.08051891331394355, 0.08005089058524174, 0.7836940298507463, 0.431872460217994, 0.22, -0.211872460217994, 0, 0, 0, 260, 0, 0, 0, -190, 276, 69, 33, 5, 129
68.291, 5.499008874258534, 0.08052318569443315, 0.08005089058524174, 0.7836940298507463, 0.431872460217994, 0.38, -0.05187246021799403, 0, 0, 0, 260, 0, 0, 0, -190, 270, 70, 6, 1, 129
68.34000000000001, 5.502918411783001, 0.08052265747414399, 0.08005089058524174, 0.7836940298507463, 0.431872460217994, 0.6600000000000001, 0.228127539782006, 0, 0, 0, 260, 0, 0, 0, 190, 256, 70, 14, 0, 130
68.39100000000001, 5.507072295402748, 0.08052334803413823, 0.08005089058524174, 0.7836940298507463, 0.431872460217994, 0.8100000000000001, 0.378127539782006, 0, 0, 0, 260, 0, 0, 0, 190, 232, 85, 24, 15, 130
68.44, 5.510981832927214, 0.0805228204694216, 0.08005089058524174, 0.7836940298507463, 0.431872460217994, 0.8100000000000001, 0.378127539782006, 0, 0, 0, 260, 0, 0, 0, 190, 156, 194, 76, 109, 130
68.48800000000001, 5.514891370451682, 0.08052346937349144, 0.08005089058524174, 0.7836940298507463, 0.431872460217994, 0.8100000000000001, 0.378127539782006, 0, 0, 0, 260, 0, 0, 0, 190, 82, 265, 74, 71, 130
68.541, 5.51855656188087, 0.08051467824923579, 0.08005089058524174, 0.7836940298507463, 0.431872460217994, 0.8199999999999999, 0.388127539782006, 0, 0, 0, 260, 0, 0, 0, 190, 45, 246, 37, 19, 130
68.588, 5.522710445500617, 0.08052006831370818, 0.08005089058524174, 0.7836940298507463, 0.431872460217994, 0.71, 0.278127539782006, 0, 0, 0, 260, 0, 0, 0, 190, 85, 269, 40, 23, 130
68.63800000000001, 5.526864329120364, 0.08052193142458059, 0.08005089058524174, 0.7836940298507463, 0.431872460217994, 0.36, -0.07187246021799404, 0, 0, 0, 260, 0, 0, 0, -190, 72, 282, 13, 13, 131
68.688, 5.530773866644831, 0.08052023448993754, 0.08005089058524174, 0.7836940298507463, 0.431872460217994, 0.2, -0.2318724602179941, 0, 0, 0, 260, 0, 0, 0, -190, 85, 222, 13, 60, 131
68.73900000000001, 5.535172096359856, 0.0805244780453579, 0.08005089058524174, 0.7836940298507463, 0.431872460217994, 0.18, -0.251872460217994, 0, 0, 0, 260, 0, 0, 0, -190, 190, 152, 105, 70, 131
68.788, 5.538592941693765, 0.08051684802136659, 0.08005089058524174, 0.7836940298507463, 0.431872460217994, 0.21, -0.221872460217994, 0, 0, 0, 260, 0, 0, 0, -190, 253, 72, 63, 80, 131
68.83700000000001, 5.542991171408791, 0.08052342739237316, 0.08005089058524174, 0.7836940298507463, 0.431872460217994, 0.22, -0.211872460217994, 0, 0, 0, 260, 0, 0, 0, -190, 273, 60, 20, 12, 131
68.889, 5.547389401123817, 0.0805264904574579, 0.08005089058524174, 0.7836940298507463, 0.431872460217994, 0.37, -0.06187246021799403, 0, 0, 0, 260, 0, 0, 0, -190, 270, 83, 3, 23, 131
68.94600000000001, 5.551543284743564, 0.0805201648354301, 0.08005089058524174, 0.7836940298507463, 0.431872460217994, 0.6600000000000001, 0.228127539782006, 0, 0, 0, 260, 0, 0, 0, 190, 249, 64, 21, 19, 132
68.99800000000001, 5.555452822268031, 0.08051614281961841, 0.08005089058524174, 0.7836940298507463, 0.431872460217994, 0.77, 0.338127539782006, 0, 0, 0, 260, 0, 0, 0, 190, 239, 86, 10, 22, 132
69.04600000000001, 5.559606705887777, 0.0805203300102508, 0.08005089058524174, 0.7836940298507463, 0.431872460217994, 0.8100000000000001, 0.378127539782006, 0, 0, 0, 260, 0, 0, 0, 190, 166, 185, 73, 99, 132
69.09000000000001, 5.563271897316966, 0.08052210012037872, 0.08005089058524174, 0.7836940298507463, 0.431872460217994, 0.85, 0.418127539782006, 0, 0, 0, 260, 0, 0, 0, 190, 80, 251, 86, 66, 132
69.139, 5.567181434841433, 0.08052157877379528, 0.08005089058524174, 0.7836940298507463, 0.431872460217994, 0.8, 0.368127539782006, 0, 0, 0, 260, 0, 0, 0, 190, 48, 262, 32, 11, 132
69.189, 5.570846626270621, 0.08051636280724711, 0.08005089058524174, 0.7836940298507463, 0.431872460217994, 0.85, 0.418127539782006, 0, 0, 0, 260, 0, 0, 0, 190, 80, 261, 32, 1, 132
69.23999999999999, 5.575733548176204, 0.08052763645546223, 0.08005089058524174, 0.7836940298507463, 0.431872460217994, 0.7199999999999999, 0.288127539782006, 0, 0, 0, 260, 0, 0, 0, 190, 77, 268, 3, 7, 132
69.291, 5.579643085700672, 0.080524788005667, 0.08005089058524174, 0.7836940298507463, 0.431872460217994, 0.8100000000000001, 0.378127539782006, 0, 0, 0, 260, 0, 0, 0, 190, 71, 250, 6, 18, 132
69.341, 5.58330827712986, 0.0805195811587641, 0.08005089058524174, 0.7836940298507463, 0.431872460217994, 0.8, 0.368127539782006, 0, 0, 0, 260, 0, 0, 0, 190, 65, 261, 6, 11, 132
69.389, 5.587706506844887, 0.0805272666682743, 0.08005089058524174, 0.7836940298507463, 0.431872460217994, 0.8, 0.368127539782006, 0, 0, 0, 260, 0, 0, 0, 190, 70, 264, 5, 3, 132
69.44, 5.591371698274075, 0.08052090579311743, 0.08005089058524174, 0.7836940298507463, 0.431872460217994, 0.8, 0.368127539782006, 0, 0, 0, 260, 0, 0, 0, 190, 71, 266, 1, 2, 132
69.48900000000001, 5.595525581893821, 0.08052390424230914, 0.08005089058524174, 0.7836940298507463, 0.431872460217994, 0.8100000000000001, 0.378127539782006, 0, 0, 0, 260, 0, 0, 0, 190, 68, 254, 3, 12, 132
69.53600000000001, 5.598946427227729, 0.08051867273394686, 0.08005089058524174, 0.7836940298507463, 0.431872460217994, 0.8100000000000001, 0.378127539782006, 0, 0, 0, 260, 0, 0, 0, 190, 71, 249, 3, 5, 132
69.58600000000001, 5.603100310847476, 0.0805205114656321, 0.08005089058524174, 0.7836940298507463, 0.431872460217994, 0.8100000000000001, 0.378127539782006, 0, 0, 0, 260, 0, 0, 0, 190, 76, 274, 5, 25, 132
69.636, 5.607009848371943, 0.08051883865201825, 0.08005089058524174, 0.7836940298507463, 0.431872460217994, 0.8100000000000001, 0.378127539782006, 0, 0, 0, 260, 0, 0, 0, 190, 70, 258, 6, 16, 132
69.68600000000001, 5.61116373199169, 0.08052067462606106, 0.08005089058524174, 0.7836940298507463, 0.431872460217994, 0.8199999999999999, 0.388127539782006, 0, 0, 0, 260, 0, 0, 0, 190, 72, 249, 2, 9, 132
69.739, 5.615561961706715, 0.08052254780978672, 0.08005089058524174, 0.7836940298507463, 0.431872460217994, 0.84, 0.4081275397820059, 0, 0, 0, 260, 0, 0, 0, 190, 63, 273, 9, 24, 132
69.789, 5.619227153135903, 0.08051737599243294, 0.08005089058524174, 0.7836940298507463, 0.431872460217994, 0.8299999999999999, 0.398127539782006, 0, 0, 0, 260, 0, 0, 0, 190, 76, 252, 13, 21, 132
69.83700000000001, 5.622892344565091, 0.08051451729835318, 0.08005089058524174, 0.7836940298507463, 0.431872460217994, 0.8199999999999999, 0.388127539782006, 0, 0, 0, 260, 0, 0, 0, 190, 71, 248, 5, 4, 132
69.89000000000001, 5.627779266470675, 0.08052338340922415, 0.08005089058524174, 0.7836940298507463, 0.431872460217994, 0.79, 0.3581275397820059, 0, 0, 0, 260, 0, 0, 0, 190, 73, 286, 2, 38, 132
69.94, 5.631933150090423, 0.0805252094665488, 0.08005089058524174, 0.7836940298507463, 0.431872460217994, 0.73, 0.298127539782006, 0, 0, 0, 260, 0, 0, 0, 190, 75, 248, 2, 38, 132
69.998, 5.636331379805448, 0.0805213203206584, 0.08005089058524174, 0.7836940298507463, 0.431872460217994, 0.21, -0.221872460217994, 0, 0, 0, 260, 0, 0, 0, -190, 60, 256, 15, 8, 133
70.056, 5.641218301711032, 0.08052441335090544, 0.08005089058524174, 0.7836940298507463, 0.431872460217994, 0.08, -0.351872460217994, 0, 0, 0, 260, 0, 0, 0, -190, 95, 238, 35, 18, 133
70.106, 5.645372185330779, 0.08052623434985279, 0.08005089058524174, 0.7836940298507463, 0.431872460217994, 0.08, -0.351872460217994, 0, 0, 0, 260, 0, 0, 0, -190, 189, 140, 94, 98, 133
70.155, 5.648793030664688, 0.08051875177342581, 0.08005089058524174, 0.7836940298507463, 0.431872460217994, 0.08, -0.351872460217994, 0, 0, 0, 260, 0, 0, 0, -190, 271, 73, 82, 67, 133
70.207, 5.653191260379713, 0.08052176079849179, 0.08005089058524174, 0.7836940298507463, 0.431872460217994, 0.29, -0.141872460217994, 0, 0, 0, 260, 0, 0, 0, -190, 261, 67, 10, 6, 133
70.26000000000001, 5.657345143999459, 0.0805201415314469, 0.08005089058524174, 0.7836940298507463, 0.431872460217994, 0.77, 0.338127539782006, 0, 0, 0, 260, 0, 0, 0, 190, 258, 76, 3, 9, 134
70.31000000000001, 5.661499027619207, 0.08052196028472773, 0.08005089058524174, 0.7836940298507463, 0.431872460217994, 0.7800000000000001, 0.348127539782006, 0, 0, 0, 260, 0, 0, 0, 190, 229, 85, 29, 9, 134
70.36, 5.665408565143673, 0.08052030365468552, 0.08005089058524174, 0.7836940298507463, 0.431872460217994, 0.79, 0.3581275397820059, 0, 0, 0, 260, 0, 0, 0, 190, 168, 197, 61, 112, 134
70.40600000000001, 5.66956244876342, 0.08052669444029515, 0.08005089058524174, 0.7836940298507463, 0.431872460217994, 0.79, 0.3581275397820059, 0, 0, 0, 260, 0, 0, 0, 190, 85, 266, 83, 69, 134
70.451, 5.672983294097328, 0.0805238150501388, 0.08005089058524174, 0.7836940298507463, 0.431872460217994, 0.79, 0.3581275397820059, 0, 0, 0, 260, 0, 0, 0, 190, 41, 240, 44, 26, 134
70.501, 5.677137177717075, 0.08052562627079157, 0.08005089058524174, 0.7836940298507463, 0.431872460217994, 0.77, 0.338127539782006, 0, 0, 0, 260, 0, 0, 0, 190, 80, 264, 39, 24, 134
70.551, 5.681046715241542, 0.0805239715275693, 0.08005089058524174, 0.7836940298507463, 0.431872460217994, 0.76, 0.328127539782006, 0, 0, 0, 260, 0, 0, 0, 190, 72, 274, 8, 10, 134
70.606, 5.685444944956569, 0.08052353829641346, 0.08005089058524174, 0.7836940298507463, 0.431872460217994, 0.7800000000000001, 0.348127539782006, 0, 0, 0, 260, 0, 0, 0, 190, 72, 262, 0, 12, 134
70.651, 5.689354482481035, 0.08052758605654606, 0.08005089058524174, 0.7836940298507463, 0.431872460217994, 0.8, 0.368127539782006, 0, 0, 0, 260, 0, 0, 0, 190, 71, 249, 1, 13, 134
70.7, 5.693264020005503, 0.08052707241874828, 0.08005089058524174, 0.7836940298507463, 0.431872460217994, 0.8, 0.368127539782006, 0, 0, 0, 260, 0, 0, 0, 190, 68, 266, 3, 17, 134
70.749, 5.69717355752997, 0.08052655949243057, 0.08005089058524174, 0.7836940298507463, 0.431872460217994, 0.8100000000000001, 0.378127539782006, 0, 0, 0, 260, 0, 0, 0, 190, 63, 259, 5, 7, 134
70.79800000000001, 5.701327441149716, 0.0805294985896454, 0.08005089058524174, 0.7836940298507463, 0.431872460217994, 0.8199999999999999, 0.388127539782006, 0, 0, 0, 260, 0, 0, 0, 190, 78, 267, 15, 8, 134
70.85, 5.705481324769464, 0.08052902363824225, 0.08005089058524174, 0.7836940298507463, 0.431872460217994, 0.8199999999999999, 0.388127539782006, 0, 0, 0, 260, 0, 0, 0, 190, 69, 244, 9, 23, 134
70.90000000000001, 5.70939086229393, 0.0805273746444842, 0.08005089058524174, 0.7836940298507463, 0.431872460217994, 0.8100000000000001, 0.378127539782006, 0, 0, 0, 260, 0, 0, 0, 190, 67, 262, 2, 18, 134
70.95000000000001, 5.713300399818397, 0.08052572797488933, 0.08005089058524174, 0.7836940298507463, 0.431872460217994, 0.8100000000000001, 0.378127539782006, 0, 0, 0, 260, 0, 0, 0, 190, 73, 266, 6, 4, 134
70.99800000000001, 5.717209937342864, 0.08052635197249028, 0.08005089058524174, 0.7836940298507463, 0.431872460217994, 0.8, 0.368127539782006, 0, 0, 0, 260, 0, 0, 0, 190, 69, 257, 4, 9, 134
71.05, 5.721363820962613, 0.08052588066097977, 0.08005089058524174, 0.7836940298507463, 0.431872460217994, 0.8100000000000001, 0.378127539782006, 0, 0, 0, 260, 0, 0, 0, 190, 75, 256, 6, 1, 134
71.09999999999999, 5.725517704582359, 0.08052767516993471, 0.08005089058524174, 0.7836940298507463, 0.431872460217994, 0.8100000000000001, 0.378127539782006, 0, 0, 0, 260, 0, 0, 0, 190, 65, 257, 10, 1, 134
71.15000000000001, 5.729182896011547, 0.08052259867900979, 0.08005089058524174, 0.7836940298507463, 0.431872460217994, 0.8100000000000001, 0.378127539782006, 0, 0, 0, 260, 0, 0, 0, 190, 71, 260, 6, 3, 134
71.198, 5.733092433536013, 0.08052322303345619, 0.08005089058524174, 0.7836940298507463, 0.431872460217994, 0.8299999999999999, 0.398127539782006, 0, 0, 0, 260, 0, 0, 0, 190, 66, 253, 5, 7, 134
71.24700000000001, 5.73724631715576, 0.08052614590306623, 0.08005089058524174, 0.7836940298507463, 0.431872460217994, 0.8299999999999999, 0.398127539782006, 0, 0, 0, 260, 0, 0, 0, 190, 75, 271, 9, 18, 134
71.3, 5.741400200775506, 0.08052454699544889, 0.08005089058524174, 0.7836940298507463, 0.431872460217994, 0.84, 0.4081275397820059, 0, 0, 0, 260, 0, 0, 0, 190, 65, 252, 10, 19, 134
71.35, 5.745309738299973, 0.08052291153889241, 0.08005089058524174, 0.7836940298507463, 0.431872460217994, 0.8699999999999999, 0.438127539782006, 0, 0, 0, 260, 0, 0, 0, 190, 68, 264, 3, 12, 134
71.40000000000001, 5.749463621919721, 0.08052470058711092, 0.08005089058524174, 0.7836940298507463, 0.431872460217994, 0.8699999999999999, 0.438127539782006, 0, 0, 0, 260, 0, 0, 0, 190, 74, 253, 6, 11, 134
71.449, 5.753373159444187, 0.0805241943126452, 0.08005089058524174, 0.7836940298507463, 0.431872460217994, 0.8699999999999999, 0.438127539782006, 0, 0, 0, 260, 0, 0, 0, 190, 65, 262, 9, 9, 134
71.5, 5.757527043063935, 0.08052485374914596, 0.08005089058524174, 0.7836940298507463, 0.431872460217994, 0.8699999999999999, 0.438127539782006, 0, 0, 0, 260, 0, 0, 0, 190, 78, 255, 13, 7, 134
71.55, 5.761680926683681, 0.08052663768949939, 0.08005089058524174, 0.7836940298507463, 0.431872460217994, 0.8299999999999999, 0.398127539782006, 0, 0, 0, 260, 0, 0, 0, 190, 65, 263, 13, 8, 134
71.599, 5.765590464208149, 0.08052613114999019, 0.08005089058524174, 0.7836940298507463, 0.431872460217994, 0.8199999999999999, 0.388127539782006, 0, 0, 0, 260, 0, 0, 0, 190, 69, 255, 4, 8, 134
71.64700000000001, 5.769255655637336, 0.08052333880884525, 0.08005089058524174, 0.7836940298507463, 0.431872460217994, 0.8199999999999999, 0.388127539782006, 0, 0, 0, 260, 0, 0, 0, 190, 72, 262, 3, 7, 134
71.696, 5.773409539257083, 0.0805262432947038, 0.08005089058524174, 0.7836940298507463, 0.431872460217994, 0.8100000000000001, 0.378127539782006, 0, 0, 0, 260, 0, 0, 0, 190, 81, 256, 9, 6, 134
71.743, 5.777319076781549, 0.08052798289424125, 0.08005089058524174, 0.7836940298507463, 0.431872460217994, 0.8100000000000001, 0.378127539782006, 0, 0, 0, 260, 0, 0, 0, 190, 62, 265, 19, 9, 134
71.791, 5.780984268210738, 0.08052519491594683, 0.08005089058524174, 0.7836940298507463, 0.431872460217994, 0.8100000000000001, 0.378127539782006, 0, 0, 0, 260, 0, 0, 0, 190, 74, 262, 12, 3, 134
71.84000000000001, 5.784649459639925, 0.08052128980567824, 0.08005089058524174, 0.7836940298507463, 0.431872460217994, 0.8199999999999999, 0.388127539782006, 0, 0, 0, 260, 0, 0, 0, 190, 70, 262, 4, 0, 134
71.88700000000001, 5.788558997164393, 0.08052302915915803, 0.08005089058524174, 0.7836940298507463, 0.431872460217994, 0.8199999999999999, 0.388127539782006, 0, 0, 0, 260, 0, 0, 0, 190, 68, 260, 2, 2, 134
71.94, 5.793201572974698, 0.08052823982450235, 0.08005089058524174, 0.7836940298507463, 0.431872460217994, 0.8199999999999999, 0.388127539782006, 0, 0, 0, 260, 0, 0, 0, 190, 63, 258, 5, 2, 134
71.99800000000001, 5.797844148785003, 0.08052785006229344, 0.08005089058524174, 0.7836940298507463, 0.431872460217994, 0.8199999999999999, 0.388127539782006, 0, 0, 0, 260, 0, 0, 0, 190, 78, 272, 15, 14, 134
72.044, 5.801509340214192, 0.08052730748173605, 0.08005089058524174, 0.7836940298507463, 0.431872460217994, 0.8100000000000001, 0.378127539782006, 0, 0, 0, 260, 0, 0, 0, 190, 70, 261, 8, 11, 134
72.094, 5.805418877738658, 0.08052568698835767, 0.08005089058524174, 0.7836940298507463, 0.431872460217994, 0.8, 0.368127539782006, 0, 0, 0, 260, 0, 0, 0, 190, 69, 261, 1, 0, 134
72.14600000000001, 5.809572761358406, 0.08052522331603146, 0.08005089058524174, 0.7836940298507463, 0.431872460217994, 0.74, 0.308127539782006, 0, 0, 0, 260, 0, 0, 0, 190, 65, 261, 4, 0, 134
72.195, 5.813482298882872, 0.08052472191817815, 0.08005089058524174, 0.7836940298507463, 0.431872460217994, 0.77, 0.338127539782006, 0, 0, 0, 260, 0, 0, 0, 190, 69, 270, 4, 9, 134
72.239, 5.816903144216782, 0.08052302972378882, 0.08005089058524174, 0.7836940298507463, 0.431872460217994, 0.79, 0.3581275397820059, 0, 0, 0, 260, 0, 0, 0, 190, 69, 236, 0, 34, 134
72.289, 5.821301373931806, 0.08052817681710643, 0.08005089058524174, 0.7836940298507463, 0.431872460217994, 0.75, 0.318127539782006, 0, 0, 0, 260, 0, 0, 0, 190, 74, 266, 5, 30, 134
72.34000000000001, 5.825455257551552, 0.08052882578865844, 0.08005089058524174, 0.7836940298507463, 0.431872460217994, 0.76, 0.328127539782006, 0, 0, 0, 260, 0, 0, 0, 190, 68, 275, 6, 9, 134
72.389, 5.829120448980741, 0.08052494783711255, 0.08005089058524174, 0.7836940298507463, 0.431872460217994, 0.76, 0.328127539782006, 0, 0, 0, 260, 0, 0, 0, 190, 72, 246, 4, 29, 134
72.438, 5.833029986505209, 0.08052444830759008, 0.08005089058524174, 0.7836940298507463, 0.431872460217994, 0.77, 0.338127539782006, 0, 0, 0, 260, 0, 0, 0, 190, 73, 264, 1, 18, 134
72.485, 5.836939524029677, 0.08052617126342934, 0.08005089058524174, 0.7836940298507463, 0.431872460217994, 0.76, 0.328127539782006, 0, 0, 0, 260, 0, 0, 0, 190, 71, 262, 2, 2, 134
72.53100000000001, 5.840604715458865, 0.08052563339067246, 0.08005089058524174, 0.7836940298507463, 0.431872460217994, 0.74, 0.308127539782006, 0, 0, 0, 260, 0, 0, 0, 190, 69, 258, 2, 4, 134
72.58100000000001, 5.84500294517389, 0.08053075798313458, 0.08005089058524174, 0.7836940298507463, 0.431872460217994, 0.71, 0.278127539782006, 0, 0, 0, 260, 0, 0, 0, 190, 71, 264, 2, 6, 134
72.63800000000001, 5.849156828793636, 0.08052475052718462, 0.08005089058524174, 0.7836940298507463, 0.431872460217994, 0.07000000000000001, -0.361872460217994, 0, 0, 0, 260, 0, 0, 0, -190, 67, 258, 4, 6, 135
72.68300000000001, 5.852822020222825, 0.08052532256817722, 0.08005089058524174, 0.7836940298507463, 0.431872460217994, 0.07000000000000001, -0.361872460217994, 0, 0, 0, 260, 0, 0, 0, -190, 83, 244, 16, 14, 135
72.73300000000001, 5.856975903842571, 0.08052707717050819, 0.08005089058524174, 0.7836940298507463, 0.431872460217994, 0.17, -0.261872460217994, 0, 0, 0, 260, 0, 0, 0, -190, 172, 165, 89, 79, 135
72.789, 5.861129787462318, 0.08052219136768354, 0.08005089058524174, 0.7836940298507463, 0.431872460217994, 0.62, 0.188127539782006, 0, 0, 0, 260, 0, 0, 0, 190, 252, 65, 80, 100, 136
72.836, 5.864794978891505, 0.08052055273342173, 0.08005089058524174, 0.7836940298507463, 0.431872460217994, 0.6, 0.168127539782006, 0, 0, 0, 260, 0, 0, 0, 190, 238, 80, 14, 15, 136
72.88, 5.868948862511252, 0.08052893609373289, 0.08005089058524174, 0.7836940298507463, 0.431872460217994, 0.6600000000000001, 0.228127539782006, 0, 0, 0, 260, 0, 0, 0, 190, 186, 186, 52, 106, 136
72.934, 5.873102746130999, 0.08052626684579206, 0.08005089058524174, 0.7836940298507463, 0.431872460217994, 0.6899999999999999, 0.258127539782006, 0, 0, 0, 260, 0, 0, 0, 190, 97, 238, 89, 52, 136
72.979, 5.876767937560188, 0.08052683563162262, 0.08005089058524174, 0.7836940298507463, 0.431872460217994, 0.73, 0.298127539782006, 0, 0, 0, 260, 0, 0, 0, 190, 48, 257, 49, 19, 136
73.024, 5.880433128989375, 0.08052740371644083, 0.08005089058524174, 0.7836940298507463, 0.431872460217994, 0.77, 0.338127539782006, 0, 0, 0, 260, 0, 0, 0, 190, 83, 281, 35, 24, 136
73.074, 5.884587012609122, 0.0805291487069152, 0.08005089058524174, 0.7836940298507463, 0.431872460217994, 0.8, 0.368127539782006, 0, 0, 0, 260, 0, 0, 0, 190, 69, 259, 14, 22, 136
73.12000000000001, 5.888252204038309, 0.08052861329374055, 0.08005089058524174, 0.7836940298507463, 0.431872460217994, 0.8199999999999999, 0.388127539782006, 0, 0, 0, 260, 0, 0, 0, 190, 60, 254, 9, 5, 136
73.16700000000001, 5.891917395467497, 0.08052697794726443, 0.08005089058524174, 0.7836940298507463, 0.431872460217994, 0.8100000000000001, 0.378127539782006, 0, 0, 0, 260, 0, 0, 0, 190, 75, 260, 15, 6, 136
73.21800000000001, 5.896315625182523, 0.08053095721246855, 0.08005089058524174, 0.7836940298507463, 0.431872460217994, 0.8199999999999999, 0.388127539782006, 0, 0, 0, 260, 0, 0, 0, 190, 75, 266, 0, 6, 136
73.26900000000001, 5.899980816611711, 0.08052492618449428, 0.08005089058524174, 0.7836940298507463, 0.431872460217994, 0.8100000000000001, 0.378127539782006, 0, 0, 0, 260, 0, 0, 0, 190, 68, 246, 7, 20, 136
73.323, 5.904379046326737, 0.08052560651264592, 0.08005089058524174, 0.7836940298507463, 0.431872460217994, 0.8, 0.368127539782006, 0, 0, 0, 260, 0, 0, 0, 190, 68, 270, 0, 24, 136
73.37000000000001, 5.908288583851204, 0.08052730794399897, 0.08005089058524174, 0.7836940298507463, 0.431872460217994, 0.8100000000000001, 0.378127539782006, 0, 0, 0, 260, 0, 0, 0, 190, 74, 253, 6, 17, 136
73.41800000000001, 5.912198121375671, 0.08052791034045699, 0.08005089058524174, 0.7836940298507463, 0.431872460217994, 0.8100000000000001, 0.378127539782006, 0, 0, 0, 260, 0, 0, 0, 190, 69, 269, 5, 16, 136
73.47, 5.916596351090697, 0.08053077924446301, 0.08005089058524174, 0.7836940298507463, 0.431872460217994, 0.7199999999999999, 0.288127539782006, 0, 0, 0, 260, 0, 0, 0, 190, 69, 257, 0, 12, 136
73.52, 5.920505888615165, 0.08052918782120734, 0.08005089058524174, 0.7836940298507463, 0.431872460217994, 0.71, 0.278127539782006, 0, 0, 0, 260, 0, 0, 0, 190, 73, 263, 4, 6, 136
73.571, 5.924659772234911, 0.08052982523324287, 0.08005089058524174, 0.7836940298507463, 0.431872460217994, 0.61, 0.178127539782006, 0, 0, 0, 260, 0, 0, 0, 190, 69, 256, 4, 7, 136
73.626, 5.928813655854658, 0.08052608665219703, 0.08005089058524174, 0.7836940298507463, 0.431872460217994, 0.2, -0.2318724602179941, 0, 0, 0, 260, 0, 0, 0, -190, 68, 269, 1, 13, 137
73.675, 5.932967539474404, 0.08052891129249275, 0.08005089058524174, 0.7836940298507463, 0.431872460217994, 0.17, -0.261872460217994, 0, 0, 0, 260, 0, 0, 0, -190, 85, 246, 17, 23, 137
73.72199999999999, 5.93687707699887, 0.08053060249313461, 0.08005089058524174, 0.7836940298507463, 0.431872460217994, 0.19, -0.241872460217994, 0, 0, 0, 260, 0, 0, 0, -190, 191, 153, 106, 93, 137
73.77, 5.940786614523338, 0.08053119987153773, 0.08005089058524174, 0.7836940298507463, 0.431872460217994, 0.2, -0.2318724602179941, 0, 0, 0, 260, 0, 0, 0, -190, 252, 69, 61, 84, 137
73.82, 5.944451805952527, 0.08052630460515481, 0.08005089058524174, 0.7836940298507463, 0.431872460217994, 0.19, -0.241872460217994, 0, 0, 0, 260, 0, 0, 0, -190, 256, 60, 4, 9, 137
73.86900000000001, 5.948850035667553, 0.08053242951261764, 0.08005089058524174, 0.7836940298507463, 0.431872460217994, 0.19, -0.241872460217994, 0, 0, 0, 260, 0, 0, 0, -190, 269, 77, 13, 17, 137
73.92, 5.952515227096741, 0.08052645058301868, 0.08005089058524174, 0.7836940298507463, 0.431872460217994, 0.19, -0.241872460217994, 0, 0, 0, 260, 0, 0, 0, -190, 243, 73, 26, 4, 137
73.97100000000001, 5.956913456811767, 0.08053038970423231, 0.08005089058524174, 0.7836940298507463, 0.431872460217994, 0.19, -0.241872460217994, 0, 0, 0, 260, 0, 0, 0, -190, 270, 69, 27, 4, 137
74.01900000000001, 5.960578648240954, 0.08052768408436961, 0.08005089058524174, 0.7836940298507463, 0.431872460217994, 0.18, -0.251872460217994, 0, 0, 0, 260, 0, 0, 0, -190, 258, 60, 12, 9, 137
74.069, 5.964488185765422, 0.0805261065461316, 0.08005089058524174, 0.7836940298507463, 0.431872460217994, 0.2, -0.2318724602179941, 0, 0, 0, 260, 0, 0, 0, -190, 260, 77, 2, 17, 137
74.119, 5.968397723289889, 0.08052453113627934, 0.08005089058524174, 0.7836940298507463, 0.431872460217994, 0.19, -0.241872460217994, 0, 0, 0, 260, 0, 0, 0, -190, 258, 67, 2, 10, 137
74.169, 5.973040299100193, 0.08053284120185243, 0.08005089058524174, 0.7836940298507463, 0.431872460217994, 0.17, -0.261872460217994, 0, 0, 0, 260, 0, 0, 0, -190, 265, 77, 7, 10, 137
74.219, 5.976705490529381, 0.08052797114659834, 0.08005089058524174, 0.7836940298507463, 0.431872460217994, 0.15, -0.2818724602179941, 0, 0, 0, 260, 0, 0, 0, -190, 258, 63, 7, 14, 137
74.26900000000001, 5.981103720244407, 0.08053297769250168, 0.08005089058524174, 0.7836940298507463, 0.431872460217994, 0.15, -0.2818724602179941, 0, 0, 0, 260, 0, 0, 0, -190, 265, 74, 7, 11, 137
74.31999999999999, 5.984768911673595, 0.08052703056611405, 0.08005089058524174, 0.7836940298507463, 0.431872460217994, 0.15, -0.2818724602179941, 0, 0, 0, 260, 0, 0, 0, -190, 250, 71, 15, 3, 137
74.36700000000001, 5.988434103102784, 0.08052542260818353, 0.08005089058524174, 0.7836940298507463, 0.431872460217994, 0.15, -0.2818724602179941, 0, 0, 0, 260, 0, 0, 0, -190, 262, 69, 12, 2, 137
74.416, 5.99283233281781, 0.08053150307484692, 0.08005089058524174, 0.7836940298507463, 0.431872460217994, 0.13, -0.301872460217994, 0, 0, 0, 260, 0, 0, 0, -190, 260, 64, 2, 5, 137
74.47100000000001, 5.997230562532835, 0.08053108676575896, 0.08005089058524174, 0.7836940298507463, 0.431872460217994, 0.18, -0.251872460217994, 0, 0, 0, 260, 0, 0, 0, -190, 261, 76, 1, 12, 137
74.51900000000001, 6.000895753962024, 0.08052839885079004, 0.08005089058524174, 0.7836940298507463, 0.431872460217994, 0.19, -0.241872460217994, 0, 0, 0, 260, 0, 0, 0, -190, 258, 71, 3, 5, 137
74.57, 6.005293983677049, 0.0805323049976807, 0.08005089058524174, 0.7836940298507463, 0.431872460217994, 0.2, -0.2318724602179941, 0, 0, 0, 260, 0, 0, 0, -190, 266, 74, 8, 3, 137
74.62000000000001, 6.009203521201516, 0.08053073601181339, 0.08005089058524174, 0.7836940298507463, 0.431872460217994, 0.21, -0.221872460217994, 0, 0, 0, 260, 0, 0, 0, -190, 263, 69, 3, 5, 137
74.669, 6.013113058725984, 0.08053024760912807, 0.08005089058524174, 0.7836940298507463, 0.431872460217994, 0.2, -0.2318724602179941, 0, 0, 0, 260, 0, 0, 0, -190, 252, 67, 11, 2, 137
74.719, 6.016778250155172, 0.080525411878574, 0.08005089058524174, 0.7836940298507463, 0.431872460217994, 0.19, -0.241872460217994, 0, 0, 0, 260, 0, 0, 0, -190, 258, 78, 6, 11, 137
74.764, 6.020687787679639, 0.08052923583114385, 0.08005089058524174, 0.7836940298507463, 0.431872460217994, 0.19, -0.241872460217994, 0, 0, 0, 260, 0, 0, 0, -190, 268, 64, 10, 14, 137
74.81100000000001, 6.024597325204106, 0.080530902209623, 0.08005089058524174, 0.7836940298507463, 0.431872460217994, 0.18, -0.251872460217994, 0, 0, 0, 260, 0, 0, 0, -190, 258, 74, 10, 10, 137
74.86000000000001, 6.028751208823853, 0.0805336789850902, 0.08005089058524174, 0.7836940298507463, 0.431872460217994, 0.16, -0.271872460217994, 0, 0, 0, 260, 0, 0, 0, -190, 262, 68, 4, 6, 137
74.91, 6.032172054157763, 0.08052559143182169, 0.08005089058524174, 0.7836940298507463, 0.431872460217994, 0.15, -0.2818724602179941, 0, 0, 0, 260, 0, 0, 0, -190, 243, 74, 19, 6, 137
74.968, 6.037058976063347, 0.08052847849833725, 0.08005089058524174, 0.7836940298507463, 0.431872460217994, 0.14, -0.291872460217994, 0, 0, 0, 260, 0, 0, 0, -190, 277, 67, 34, 7, 137
75.01600000000001, 6.040968513587813, 0.08052906731347729, 0.08005089058524174, 0.7836940298507463, 0.431872460217994, 0.15, -0.2818724602179941, 0, 0, 0, 260, 0, 0, 0, -190, 260, 71, 17, 4, 137
75.06900000000001, 6.045611089398117, 0.08053405652663706, 0.08005089058524174, 0.7836940298507463, 0.431872460217994, 0.17, -0.261872460217994, 0, 0, 0, 260, 0, 0, 0, -190, 261, 67, 1, 4, 137
75.12, 6.049276280827306, 0.08052817200249343, 0.08005089058524174, 0.7836940298507463, 0.431872460217994, 0.2, -0.2318724602179941, 0, 0, 0, 260, 0, 0, 0, -190, 264, 74, 3, 7, 137
75.17, 6.053185818351773, 0.08052661724560028, 0.08005089058524174, 0.7836940298507463, 0.431872460217994, 0.22, -0.211872460217994, 0, 0, 0, 260, 0, 0, 0, -190, 261, 65, 3, 9, 137
75.219, 6.057339701971521, 0.08052938355962615, 0.08005089058524174, 0.7836940298507463, 0.431872460217994, 0.22, -0.211872460217994, 0, 0, 0, 260, 0, 0, 0, -190, 262, 78, 1, 13, 137
75.26900000000001, 6.061249239495988, 0.08052783004285946, 0.08005089058524174, 0.7836940298507463, 0.431872460217994, 0.22, -0.211872460217994, 0, 0, 0, 260, 0, 0, 0, -190, 250, 72, 12, 6, 137
75.318, 6.065403123115734, 0.08053059193175249, 0.08005089058524174, 0.7836940298507463, 0.431872460217994, 0.21, -0.221872460217994, 0, 0, 0, 260, 0, 0, 0, -190, 263, 66, 13, 6, 137
75.374, 6.070045698926039, 0.08053235464385649, 0.08005089058524174, 0.7836940298507463, 0.431872460217994, 0.17, -0.261872460217994, 0, 0, 0, 260, 0, 0, 0, -190, 260, 75, 3, 9, 137
75.42100000000001, 6.073466544259948, 0.08052752607708658, 0.08005089058524174, 0.7836940298507463, 0.431872460217994, 0.24, -0.191872460217994, 0, 0, 0, 260, 0, 0, 0, -190, 259, 65, 1, 10, 137
75.476, 6.078109120070253, 0.08053035561066103, 0.08005089058524174, 0.7836940298507463, 0.431872460217994, 0.44, 0.008127539782005968, 0, 0, 0, 260, 0, 0, 0, 190, 267, 70, 8, 5, 138
75.529, 6.082263003689999, 0.08052884327463621, 0.08005089058524174, 0.7836940298507463, 0.431872460217994, 0.7800000000000001, 0.348127539782006, 0, 0, 0, 260, 0, 0, 0, 190, 236, 99, 31, 29, 138
75.57500000000001, 6.086172541214466, 0.08053155860025758, 0.08005089058524174, 0.7836940298507463, 0.431872460217994, 0.79, 0.3581275397820059, 0, 0, 0, 260, 0, 0, 0, 190, 139, 186, 97, 87, 138
75.621, 6.089593386548374, 0.08052780823512483, 0.08005089058524174, 0.7836940298507463, 0.431872460217994, 0.79, 0.3581275397820059, 0, 0, 0, 260, 0, 0, 0, 190, 73, 253, 66, 67, 138
75.67, 6.093747270168122, 0.08053055729044695, 0.08005089058524174, 0.7836940298507463, 0.431872460217994, 0.67, 0.238127539782006, 0, 0, 0, 260, 0, 0, 0, 190, 84, 257, 11, 4, 138
75.72900000000001, 6.098634192073705, 0.08053234813709022, 0.08005089058524174, 0.7836940298507463, 0.431872460217994, 0.36, -0.07187246021799404, 0, 0, 0, 260, 0, 0, 0, -190, 71, 254, 13, 3, 139
75.791, 6.103276767884011, 0.08052772450401777, 0.08005089058524174, 0.7836940298507463, 0.431872460217994, 0.19, -0.241872460217994, 0, 0, 0, 260, 0, 0, 0, -190, 98, 242, 27, 12, 139
75.84099999999999, 6.107674997599037, 0.0805326274389715, 0.08005089058524174, 0.7836940298507463, 0.431872460217994, 0.19, -0.241872460217994, 0, 0, 0, 260, 0, 0, 0, -190, 196, 137, 98, 105, 139
75.89300000000001, 6.111584535123504, 0.08052896229063951, 0.08005089058524174, 0.7836940298507463, 0.431872460217994, 0.19, -0.241872460217994, 0, 0, 0, 260, 0, 0, 0, -190, 259, 57, 63, 80, 139
75.937, 6.115005380457412, 0.08052735004618846, 0.08005089058524174, 0.7836940298507463, 0.431872460217994, 0.18, -0.251872460217994, 0, 0, 0, 260, 0, 0, 0, -190, 255, 68, 4, 11, 139
75.982, 6.119159264077159, 0.0805343273943455, 0.08005089058524174, 0.7836940298507463, 0.431872460217994, 0.28, -0.151872460217994, 0, 0, 0, 260, 0, 0, 0, -190, 274, 70, 19, 2, 139
76.036, 6.123068801601627, 0.08052854965544777, 0.08005089058524174, 0.7836940298507463, 0.431872460217994, 0.34, -0.09187246021799403, 0, 0, 0, 260, 0, 0, 0, -190, 234, 73, 40, 3, 139
76.086, 6.126978339126094, 0.08052701336811099, 0.08005089058524174, 0.7836940298507463, 0.431872460217994, 0.32, -0.111872460217994, 0, 0, 0, 260, 0, 0, 0, -190, 257, 74, 23, 1, 139
76.13700000000001, 6.131376568841119, 0.08053084004939937, 0.08005089058524174, 0.7836940298507463, 0.431872460217994, 0.5699999999999999, 0.138127539782006, 0, 0, 0, 260, 0, 0, 0, 190, 285, 75, 28, 1, 140
76.184, 6.135774798556145, 0.08053889003670253, 0.08005089058524174, 0.7836940298507463, 0.431872460217994, 0.84, 0.4081275397820059, 0, 0, 0, 260, 0, 0, 0, 190, 259, 78, 26, 3, 140
76.23600000000001, 6.139684336080612, 0.08053523710688669, 0.08005089058524174, 0.7836940298507463, 0.431872460217994, 0.8299999999999999, 0.398127539782006, 0, 0, 0, 260, 0, 0, 0, 190, 151, 183, 108, 105, 140
76.28100000000001, 6.143105181414521, 0.08053257274307523, 0.08005089058524174, 0.7836940298507463, 0.431872460217994, 0.85, 0.418127539782006, 0, 0, 0, 260, 0, 0, 0, 190, 62, 237, 89, 54, 140
76.33, 6.147014718938989, 0.08053209378932253, 0.08005089058524174, 0.7836940298507463, 0.431872460217994, 0.76, 0.328127539782006, 0, 0, 0, 260, 0, 0, 0, 190, 62, 275, 0, 38, 140
76.38100000000001, 6.151412948654015, 0.08053590485400839, 0.08005089058524174, 0.7836940298507463, 0.431872460217994, 0.77, 0.338127539782006, 0, 0, 0, 260, 0, 0, 0, 190, 68, 262, 6, 13, 140
76.43000000000001, 6.155078140083203, 0.08053222739870735, 0.08005089058524174, 0.7836940298507463, 0.431872460217994, 0.5899999999999999, 0.158127539782006, 0, 0, 0, 260, 0, 0, 0, 190, 77, 249, 9, 13, 140
76.48000000000001, 6.159232023702949, 0.0805338915233126, 0.08005089058524174, 0.7836940298507463, 0.431872460217994, 0.49, 0.05812753978200597, 0, 0, 0, 260, 0, 0, 0, 190, 71, 248, 6, 1, 140
76.53100000000001, 6.163385907322695, 0.08053450114754407, 0.08005089058524174, 0.7836940298507463, 0.431872460217994, 0.5899999999999999, 0.158127539782006, 0, 0, 0, 260, 0, 0, 0, 190, 79, 257, 8, 9, 140
76.594, 6.168028483133, 0.08052887279856124, 0.08005089058524174, 0.7836940298507463, 0.431872460217994, 0.6600000000000001, 0.228127539782006, 0, 0, 0, 260, 0, 0, 0, 190, 64, 268, 15, 11, 140
76.64000000000001, 6.171938020657468, 0.08053155037392312, 0.08005089058524174, 0.7836940298507463, 0.431872460217994, 0.71, 0.278127539782006, 0, 0, 0, 260, 0, 0, 0, 190, 62, 263, 2, 5, 140
76.689, 6.176091904277214, 0.08053426051033675, 0.08005089058524174, 0.7836940298507463, 0.431872460217994, 0.76, 0.328127539782006, 0, 0, 0, 260, 0, 0, 0, 190, 75, 254, 13, 9, 140
76.73999999999999, 6.179757095706402, 0.08052850007436021, 0.08005089058524174, 0.7836940298507463, 0.431872460217994, 0.77, 0.338127539782006, 0, 0, 0, 260, 0, 0, 0, 190, 71, 258, 4, 4, 140
76.78900000000001, 6.183910979326149, 0.08053120862787832, 0.08005089058524174, 0.7836940298507463, 0.431872460217994, 0.7800000000000001, 0.348127539782006, 0, 0, 0, 260, 0, 0, 0, 190, 68, 257, 3, 1, 140
76.839, 6.188064862945896, 0.08053286564044164, 0.08005089058524174, 0.7836940298507463, 0.431872460217994, 0.79, 0.3581275397820059, 0, 0, 0, 260, 0, 0, 0, 190, 77, 264, 9, 7, 140
76.88500000000001, 6.191730054375084, 0.08053235422221608, 0.08005089058524174, 0.7836940298507463, 0.431872460217994, 0.8, 0.368127539782006, 0, 0, 0, 260, 0, 0, 0, 190, 67, 246, 10, 18, 140
76.937, 6.195883937994831, 0.08053191491733276, 0.08005089058524174, 0.7836940298507463, 0.431872460217994, 0.71, 0.278127539782006, 0, 0, 0, 260, 0, 0, 0, 190, 70, 267, 3, 21, 140
77.0, 6.200770859900413, 0.08052949168701835, 0.08005089058524174, 0.7836940298507463, 0.431872460217994, 0.8, 0.368127539782006, 0, 0, 0, 260, 0, 0, 0, 190, 68, 250, 2, 17, 140
77.05500000000001, 6.20516908961544, 0.08052909077432275, 0.08005089058524174, 0.7836940298507463, 0.431872460217994, 0.7800000000000001, 0.348127539782006, 0, 0, 0, 260, 0, 0, 0, 190, 72, 264, 4, 14, 140
77.09900000000001, 6.208834281044627, 0.08053067200670084, 0.08005089058524174, 0.7836940298507463, 0.431872460217994, 0.7800000000000001, 0.348127539782006, 0, 0, 0, 260, 0, 0, 0, 190, 78, 268, 6, 4, 140
77.14400000000001, 6.212743818569096, 0.08053437491663766, 0.08005089058524174, 0.7836940298507463, 0.431872460217994, 0.74, 0.308127539782006, 0, 0, 0, 260, 0, 0, 0, 190, 70, 264, 8, 4, 140
77.19100000000001, 6.216409009998284, 0.08053282131334331, 0.08005089058524174, 0.7836940298507463, 0.431872460217994, 0.7, 0.268127539782006, 0, 0, 0, 260, 0, 0, 0, 190, 72, 251, 2, 13, 140
77.239, 6.220074201427471, 0.0805302269763652, 0.08005089058524174, 0.7836940298507463, 0.431872460217994, 0.75, 0.318127539782006, 0, 0, 0, 260, 0, 0, 0, 190, 65, 261, 7, 10, 140
77.285, 6.22373939285666, 0.08052971977559242, 0.08005089058524174, 0.7836940298507463, 0.431872460217994, 0.77, 0.338127539782006, 0, 0, 0, 260, 0, 0, 0, 190, 71, 264, 6, 3, 140
77.334, 6.227404584285848, 0.08052608922706504, 0.08005089058524174, 0.7836940298507463, 0.431872460217994, 0.75, 0.318127539782006, 0, 0, 0, 260, 0, 0, 0, 190, 74, 252, 3, 12, 140
77.389, 6.232291506191431, 0.08053200721280067, 0.08005089058524174, 0.7836940298507463, 0.431872460217994, 0.51, 0.07812753978200597, 0, 0, 0, 260, 0, 0, 0, 190, 66, 259, 8, 7, 140
77.441, 6.236201043715899, 0.08052841574509497, 0.08005089058524174, 0.7836940298507463, 0.431872460217994, 0.08, -0.351872460217994, 0, 0, 0, 260, 0, 0, 0, -190, 80, 266, 14, 7, 141
77.48600000000001, 6.240110581240366, 0.08053210362182027, 0.08005089058524174, 0.7836940298507463, 0.431872460217994, 0.08, -0.351872460217994, 0, 0, 0, 260, 0, 0, 0, -190, 74, 244, 6, 22, 141
77.53100000000001, 6.243531426574275, 0.08052948403315158, 0.08005089058524174, 0.7836940298507463, 0.431872460217994, 0.22, -0.211872460217994, 0, 0, 0, 260, 0, 0, 0, -190, 163, 165, 89, 79, 141
77.58900000000001, 6.248174002384579, 0.08052912142680766, 0.08005089058524174, 0.7836940298507463, 0.431872460217994, 0.8199999999999999, 0.388127539782006, 0, 0, 0, 260, 0, 0, 0, 190, 276, 78, 113, 87, 142
77.636, 6.252327886004326, 0.08053387456855488, 0.08005089058524174, 0.7836940298507463, 0.431872460217994, 0.8299999999999999, 0.398127539782006, 0, 0, 0, 260, 0, 0, 0, 190, 245, 91, 31, 13, 142
77.68000000000001, 6.255748731338234, 0.08053229571753649, 0.08005089058524174, 0.7836940298507463, 0.431872460217994, 0.8199999999999999, 0.388127539782006, 0, 0, 0, 260, 0, 0, 0, 190, 157, 158, 88, 67, 142
77.729, 6.259413922767423, 0.08052868199471785, 0.08005089058524174, 0.7836940298507463, 0.431872460217994, 0.8100000000000001, 0.378127539782006, 0, 0, 0, 260, 0, 0, 0, 190, 76, 231, 81, 73, 142
77.78600000000001, 6.264300844673008, 0.08053249742463947, 0.08005089058524174, 0.7836940298507463, 0.431872460217994, 0.8100000000000001, 0.378127539782006, 0, 0, 0, 260, 0, 0, 0, 190, 70, 283, 6, 52, 142
77.839, 6.268699074388033, 0.08053416763303785, 0.08005089058524174, 0.7836940298507463, 0.431872460217994, 0.8, 0.368127539782006, 0, 0, 0, 260, 0, 0, 0, 190, 76, 244, 6, 39, 142
77.887, 6.272119919721942, 0.08052845686342962, 0.08005089058524174, 0.7836940298507463, 0.431872460217994, 0.8, 0.368127539782006, 0, 0, 0, 260, 0, 0, 0, 190, 70, 257, 6, 13, 142
77.93600000000001, 6.276273803341688, 0.08053112558178105, 0.08005089058524174, 0.7836940298507463, 0.431872460217994, 0.8199999999999999, 0.388127539782006, 0, 0, 0, 260, 0, 0, 0, 190, 70, 270, 0, 13, 142
77.986, 6.280427686961436, 0.08053275827663215, 0.08005089058524174, 0.7836940298507463, 0.431872460217994, 0.8100000000000001, 0.378127539782006, 0, 0, 0, 260, 0, 0, 0, 190, 73, 255, 3, 15, 142
78.03000000000001, 6.283848532295345, 0.08053118713693895, 0.08005089058524174, 0.7836940298507463, 0.431872460217994, 0.8100000000000001, 0.378127539782006, 0, 0, 0, 260, 0, 0, 0, 190, 67, 261, 6, 6, 142
78.081, 6.288246762010369, 0.08053491581832162, 0.08005089058524174, 0.7836940298507463, 0.431872460217994, 0.8299999999999999, 0.398127539782006, 0, 0, 0, 260, 0, 0, 0, 190, 78, 260, 11, 1, 142
78.13, 6.292156299534836, 0.08053444642947444, 0.08005089058524174, 0.7836940298507463, 0.431872460217994, 0.8199999999999999, 0.388127539782006, 0, 0, 0, 260, 0, 0, 0, 190, 69, 267, 9, 7, 142
78.17900000000001, 6.296065837059305, 0.08053397762902193, 0.08005089058524174, 0.7836940298507463, 0.431872460217994, 0.8100000000000001, 0.378127539782006, 0, 0, 0, 260, 0, 0, 0, 190, 67, 249, 2, 18, 142
78.22900000000001, 6.30046406677433, 0.0805387269014602, 0.08005089058524174, 0.7836940298507463, 0.431872460217994, 0.8199999999999999, 0.388127539782006, 0, 0, 0, 260, 0, 0, 0, 190, 67, 264, 0, 15, 142
78.27800000000001, 6.30364056601296, 0.08052889146392294, 0.08005089058524174, 0.7836940298507463, 0.431872460217994, 0.79, 0.3581275397820059, 0, 0, 0, 260, 0, 0, 0, 190, 64, 245, 3, 19, 142
78.329, 6.307794449632706, 0.08052949035009647, 0.08005089058524174, 0.7836940298507463, 0.431872460217994, 0.5899999999999999, 0.158127539782006, 0, 0, 0, 260, 0, 0, 0, 190, 74, 255, 10, 10, 142
78.37900000000001, 6.311948333252453, 0.08053111590161208, 0.08005089058524174, 0.7836940298507463, 0.431872460217994, 0.61, 0.178127539782006, 0, 0, 0, 260, 0, 0, 0, 190, 68, 255, 6, 0, 142
78.43000000000001, 6.31585787077692, 0.08052859710285503, 0.08005089058524174, 0.7836940298507463, 0.431872460217994, 0.5899999999999999, 0.158127539782006, 0, 0, 0, 260, 0, 0, 0, 190, 68, 267, 0, 12, 142
78.481, 6.320256100491945, 0.08053230846309228, 0.08005089058524174, 0.7836940298507463, 0.431872460217994, 0.6, 0.168127539782006, 0, 0, 0, 260, 0, 0, 0, 190, 69, 264, 1, 3, 142
78.529, 6.323921291921134, 0.08052975705689789, 0.08005089058524174, 0.7836940298507463, 0.431872460217994, 0.58, 0.148127539782006, 0, 0, 0, 260, 0, 0, 0, 190, 49, 256, 20, 8, 142
78.59000000000001, 6.328563867731439, 0.08052632482162409, 0.08005089058524174, 0.7836940298507463, 0.431872460217994, 0.5699999999999999, 0.138127539782006, 0, 0, 0, 260, 0, 0, 0, 190, 70, 249, 21, 7, 142
78.639, 6.332229059160627, 0.08052275663679126, 0.08005089058524174, 0.7836940298507463, 0.431872460217994, 0.55, 0.118127539782006, 0, 0, 0, 260, 0, 0, 0, 190, 66, 260, 4, 11, 142
78.689, 6.336382942780373, 0.08052438006303769, 0.08005089058524174, 0.7836940298507463, 0.431872460217994, 0.6600000000000001, 0.228127539782006, 0, 0, 0, 260, 0, 0, 0, 190, 64, 270, 2, 10, 142
78.73699999999999, 6.340292480304841, 0.08052494355010785, 0.08005089058524174, 0.7836940298507463, 0.431872460217994, 0.79, 0.3581275397820059, 0, 0, 0, 260, 0, 0, 0, 190, 77, 247, 13, 23, 142
78.788, 6.344446363924587, 0.08052554150282514, 0.08005089058524174, 0.7836940298507463, 0.431872460217994, 0.9699999999999999, 0.538127539782006, 0, 0, 0, 260, 0, 0, 0, 190, 66, 281, 11, 34, 142
78.84, 6.349088939734892, 0.08053131582616555, 0.08005089058524174, 0.7836940298507463, 0.431872460217994, 0.85, 0.418127539782006, 0, 0, 0, 260, 0, 0, 0, 190, 71, 263, 5, 18, 142
78.89900000000001, 6.353242823354638, 0.08052374330922619, 0.08005089058524174, 0.7836940298507463, 0.431872460217994, 0.23, -0.201872460217994, 0, 0, 0, 260, 0, 0, 0, -190, 74, 246, 3, 17, 143
78.949, 6.357641053069665, 0.08052845575079692, 0.08005089058524174, 0.7836940298507463, 0.431872460217994, 0.22, -0.211872460217994, 0, 0, 0, 260, 0, 0, 0, -190, 94, 244, 20, 2, 143
78.99500000000001, 6.361306244498852, 0.08052796056078044, 0.08005089058524174, 0.7836940298507463, 0.431872460217994, 0.25, -0.181872460217994, 0, 0, 0, 260, 0, 0, 0, -190, 174, 142, 80, 102, 143
79.05, 6.365704474213878, 0.0805275708312951, 0.08005089058524174, 0.7836940298507463, 0.431872460217994, 0.24, -0.191872460217994, 0, 0, 0, 260, 0, 0, 0, -190, 258, 90, 84, 52, 143
79.09800000000001, 6.369858357833625, 0.08053121896677064, 0.08005089058524174, 0.7836940298507463, 0.431872460217994, 0.21, -0.221872460217994, 0, 0, 0, 260, 0, 0, 0, -190, 287, 74, 29, 16, 143
79.145, 6.374012241453371, 0.08053588023821304, 0.08005089058524174, 0.7836940298507463, 0.431872460217994, 0.2, -0.2318724602179941, 0, 0, 0, 260, 0, 0, 0, -190, 262, 82, 25, 8, 143
79.19, 6.377677432882559, 0.08053639895040485, 0.08005089058524174, 0.7836940298507463, 0.431872460217994, 0.22, -0.211872460217994, 0, 0, 0, 260, 0, 0, 0, -190, 257, 58, 5, 24, 143
79.23900000000001, 6.381342624311748, 0.08053285155430721, 0.08005089058524174, 0.7836940298507463, 0.431872460217994, 0.22, -0.211872460217994, 0, 0, 0, 260, 0, 0, 0, -190, 237, 80, 20, 22, 143
79.28900000000001, 6.385496507931494, 0.08053445632977454, 0.08005089058524174, 0.7836940298507463, 0.431872460217994, 0.22, -0.211872460217994, 0, 0, 0, 260, 0, 0, 0, -190, 275, 73, 38, 7, 143
79.33700000000001, 6.389161699360682, 0.08053192960864013, 0.08005089058524174, 0.7836940298507463, 0.431872460217994, 0.2, -0.2318724602179941, 0, 0, 0, 260, 0, 0, 0, -190, 256, 60, 19, 13, 143
79.38400000000001, 6.393315582980428, 0.0805365764257335, 0.08005089058524174, 0.7836940298507463, 0.431872460217994, 0.21, -0.221872460217994, 0, 0, 0, 260, 0, 0, 0, -190, 261, 71, 5, 11, 143
79.431, 6.396980774409617, 0.08053506533229616, 0.08005089058524174, 0.7836940298507463, 0.431872460217994, 0.2, -0.2318724602179941, 0, 0, 0, 260, 0, 0, 0, -190, 269, 71, 8, 0, 143
79.47900000000001, 6.400645965838804, 0.08053254275769453, 0.08005089058524174, 0.7836940298507463, 0.431872460217994, 0.2, -0.2318724602179941, 0, 0, 0, 260, 0, 0, 0, -190, 258, 73, 11, 2, 143
79.532, 6.40504419555383, 0.0805341773821082, 0.08005089058524174, 0.7836940298507463, 0.431872460217994, 0.19, -0.241872460217994, 0, 0, 0, 260, 0, 0, 0, -190, 266, 65, 8, 8, 143
79.57800000000001, 6.408709386983019, 0.0805336825125414, 0.08005089058524174, 0.7836940298507463, 0.431872460217994, 0.19, -0.241872460217994, 0, 0, 0, 260, 0, 0, 0, -190, 250, 70, 16, 5, 143
79.62600000000001, 6.412863270602765, 0.08053730277299833, 0.08005089058524174, 0.7836940298507463, 0.431872460217994, 0.19, -0.241872460217994, 0, 0, 0, 260, 0, 0, 0, -190, 269, 70, 19, 0, 143
79.67600000000001, 6.416528462031953, 0.08053276346744255, 0.08005089058524174, 0.7836940298507463, 0.431872460217994, 0.2, -0.2318724602179941, 0, 0, 0, 260, 0, 0, 0, -190, 251, 65, 18, 5, 143
79.72100000000001, 6.420193653461141, 0.08053328048395205, 0.08005089058524174, 0.7836940298507463, 0.431872460217994, 0.2, -0.2318724602179941, 0, 0, 0, 260, 0, 0, 0, -190, 257, 80, 6, 15, 143
79.76900000000001, 6.424347537080887, 0.08053689449636936, 0.08005089058524174, 0.7836940298507463, 0.431872460217994, 0.15, -0.2818724602179941, 0, 0, 0, 260, 0, 0, 0, -190, 262, 74, 5, 6, 143
79.817, 6.428257074605355, 0.08053744283304754, 0.08005089058524174, 0.7836940298507463, 0.431872460217994, 0.19, -0.241872460217994, 0, 0, 0, 260, 0, 0, 0, -190, 268, 64, 6, 10, 143
79.86499999999999, 6.432166612129822, 0.08053799051060944, 0.08005089058524174, 0.7836940298507463, 0.431872460217994, 0.16, -0.271872460217994, 0, 0, 0, 260, 0, 0, 0, -190, 273, 81, 5, 17, 143
79.916, 6.43607614965429, 0.0805355141605472, 0.08005089058524174, 0.7836940298507463, 0.431872460217994, 0.18, -0.251872460217994, 0, 0, 0, 260, 0, 0, 0, -190, 260, 62, 13, 19, 143
79.96, 6.439496994988198, 0.08053397942706601, 0.08005089058524174, 0.7836940298507463, 0.431872460217994, 0.16, -0.271872460217994, 0, 0, 0, 260, 0, 0, 0, -190, 241, 74, 19, 12, 143
80.009, 6.443895224703224, 0.08053962960046025, 0.08005089058524174, 0.7836940298507463, 0.431872460217994, 0.17, -0.261872460217994, 0, 0, 0, 260, 0, 0, 0, -190, 267, 65, 26, 9, 143
80.06, 6.447560416132411, 0.08053410462318777, 0.08005089058524174, 0.7836940298507463, 0.431872460217994, 0.17, -0.261872460217994, 0, 0, 0, 260, 0, 0, 0, -190, 253, 68, 14, 3, 143
80.10899999999999, 6.451958645847439, 0.08053974766689684, 0.08005089058524174, 0.7836940298507463, 0.431872460217994, 0.14, -0.291872460217994, 0, 0, 0, 260, 0, 0, 0, -190, 265, 73, 12, 5, 143
80.159, 6.455868183371905, 0.08053828245576797, 0.08005089058524174, 0.7836940298507463, 0.431872460217994, 0.17, -0.261872460217994, 0, 0, 0, 260, 0, 0, 0, -190, 261, 63, 4, 10, 143
80.20900000000001, 6.460022066991651, 0.08053986543893641, 0.08005089058524174, 0.7836940298507463, 0.431872460217994, 0.16, -0.271872460217994, 0, 0, 0, 260, 0, 0, 0, -190, 263, 77, 2, 14, 143
80.25600000000001, 6.46368725842084, 0.0805383679528115, 0.08005089058524174, 0.7836940298507463, 0.431872460217994, 0.19, -0.241872460217994, 0, 0, 0, 260, 0, 0, 0, -190, 250, 67, 13, 10, 143
80.30500000000002, 6.467352449850028, 0.08053486644480454, 0.08005089058524174, 0.7836940298507463, 0.431872460217994, 0.17, -0.261872460217994, 0, 0, 0, 260, 0, 0, 0, -190, 263, 70, 13, 3, 143
80.36, 6.471995025660333, 0.08053751898532024, 0.08005089058524174, 0.7836940298507463, 0.431872460217994, 0.17, -0.261872460217994, 0, 0, 0, 260, 0, 0, 0, -190, 256, 66, 7, 4, 143
80.40800000000001, 6.47566021708952, 0.08053502409075614, 0.08005089058524174, 0.7836940298507463, 0.431872460217994, 0.17, -0.261872460217994, 0, 0, 0, 260, 0, 0, 0, -190, 264, 69, 8, 3, 143
80.458, 6.479814100709267, 0.08053660419982187, 0.08005089058524174, 0.7836940298507463, 0.431872460217994, 0.14, -0.291872460217994, 0, 0, 0, 260, 0, 0, 0, -190, 262, 64, 2, 5, 143
80.50000000000001, 6.483234946043177, 0.08053708007507051, 0.08005089058524174, 0.7836940298507463, 0.431872460217994, 0.15, -0.2818724602179941, 0, 0, 0, 260, 0, 0, 0, -190, 250, 62, 12, 2, 143
80.55, 6.487633175758202, 0.08054169057427936, 0.08005089058524174, 0.7836940298507463, 0.431872460217994, 0.16, -0.271872460217994, 0, 0, 0, 260, 0, 0, 0, -190, 261, 69, 11, 7, 143
80.60700000000001, 6.491787059377948, 0.0805362692989188, 0.08005089058524174, 0.7836940298507463, 0.431872460217994, 0.17, -0.261872460217994, 0, 0, 0, 260, 0, 0, 0, -190, 263, 68, 2, 1, 143
80.657, 6.495940942997696, 0.08053784473756396, 0.08005089058524174, 0.7836940298507463, 0.431872460217994, 0.17, -0.261872460217994, 0, 0, 0, 260, 0, 0, 0, -190, 258, 67, 5, 1, 143
80.70600000000001, 6.500094826617442, 0.0805404161601051, 0.08005089058524174, 0.7836940298507463, 0.431872460217994, 0.14, -0.291872460217994, 0, 0, 0, 260, 0, 0, 0, -190, 256, 73, 2, 6, 143
80.754, 6.503515671951351, 0.08053490442518452, 0.08005089058524174, 0.7836940298507463, 0.431872460217994, 0.16, -0.271872460217994, 0, 0, 0, 260, 0, 0, 0, -190, 255, 69, 1, 4, 143
80.809, 6.508402593856935, 0.08054056595004189, 0.08005089058524174, 0.7836940298507463, 0.431872460217994, 0.17, -0.261872460217994, 0, 0, 0, 260, 0, 0, 0, -190, 273, 75, 18, 6, 143
80.85900000000001, 6.512067785286122, 0.0805360910385501, 0.08005089058524174, 0.7836940298507463, 0.431872460217994, 0.16, -0.271872460217994, 0, 0, 0, 260, 0, 0, 0, -190, 253, 72, 20, 3, 143
80.906, 6.51573297671531, 0.08053460777587954, 0.08005089058524174, 0.7836940298507463, 0.431872460217994, 0.12, -0.311872460217994, 0, 0, 0, 260, 0, 0, 0, -190, 257, 64, 4, 8, 143
80.951, 6.519886860335056, 0.08054115280027494, 0.08005089058524174, 0.7836940298507463, 0.431872460217994, 0.18, -0.251872460217994, 0, 0, 0, 260, 0, 0, 0, -190, 257, 76, 0, 12, 143
81.0, 6.523796397859525, 0.08054069626987069, 0.08005089058524174, 0.7836940298507463, 0.431872460217994, 0.13, -0.301872460217994, 0, 0, 0, 260, 0, 0, 0, -190, 276, 66, 19, 10, 143
81.05, 6.527950281479271, 0.08054226133842407, 0.08005089058524174, 0.7836940298507463, 0.431872460217994, 0.16, -0.271872460217994, 0, 0, 0, 260, 0, 0, 0, -190, 253, 78, 23, 12, 143
81.09900000000001, 6.531615472908459, 0.08053879175955881, 0.08005089058524174, 0.7836940298507463, 0.431872460217994, 0.23, -0.201872460217994, 0, 0, 0, 260, 0, 0, 0, -190, 251, 66, 2, 12, 143
81.15, 6.535525010432926, 0.08053635256232811, 0.08005089058524174, 0.7836940298507463, 0.431872460217994, 0.2, -0.2318724602179941, 0, 0, 0, 260, 0, 0, 0, -190, 263, 75, 12, 9, 143
81.195, 6.539434547957394, 0.0805398675775281, 0.08005089058524174, 0.7836940298507463, 0.431872460217994, 0.19, -0.241872460217994, 0, 0, 0, 260, 0, 0, 0, -190, 259, 67, 4, 8, 143
81.248, 6.543344085481861, 0.08053544807849867, 0.08005089058524174, 0.7836940298507463, 0.431872460217994, 0.22, -0.211872460217994, 0, 0, 0, 260, 0, 0, 0, -190, 261, 70, 2, 3, 143
81.297, 6.547009276911049, 0.08053199105638644, 0.08005089058524174, 0.7836940298507463, 0.431872460217994, 0.22, -0.211872460217994, 0, 0, 0, 260, 0, 0, 0, -190, 250, 71, 11, 1, 143
81.34399999999999, 6.551407506626075, 0.08053952973330638, 0.08005089058524174, 0.7836940298507463, 0.431872460217994, 0.21, -0.221872460217994, 0, 0, 0, 260, 0, 0, 0, -190, 261, 66, 11, 5, 143
81.404, 6.556050082436379, 0.08053719820200946, 0.08005089058524174, 0.7836940298507463, 0.431872460217994, 0.23, -0.201872460217994, 0, 0, 0, 260, 0, 0, 0, -190, 266, 74, 5, 8, 143
81.45099999999999, 6.559959619960848, 0.08053872414041384, 0.08005089058524174, 0.7836940298507463, 0.431872460217994, 0.24, -0.191872460217994, 0, 0, 0, 260, 0, 0, 0, -190, 252, 64, 14, 10, 143
81.501, 6.564113503580594, 0.08054028175826794, 0.08005089058524174, 0.7836940298507463, 0.431872460217994, 0.22, -0.211872460217994, 0, 0, 0, 260, 0, 0, 0, -190, 265, 76, 13, 12, 143
81.554, 6.568267387200341, 0.08053887469897663, 0.08005089058524174, 0.7836940298507463, 0.431872460217994, 0.21, -0.221872460217994, 0, 0, 0, 260, 0, 0, 0, -190, 257, 68, 8, 8, 143
81.599, 6.571932578629528, 0.08053937644615164, 0.08005089058524174, 0.7836940298507463, 0.431872460217994, 0.2, -0.2318724602179941, 0, 0, 0, 260, 0, 0, 0, -190, 260, 69, 3, 1, 143
81.65100000000001, 6.576086462249275, 0.08053895803173599, 0.08005089058524174, 0.7836940298507463, 0.431872460217994, 0.18, -0.251872460217994, 0, 0, 0, 260, 0, 0, 0, -190, 257, 69, 3, 0, 143
81.699, 6.579995999773741, 0.0805394925246789, 0.08005089058524174, 0.7836940298507463, 0.431872460217994, 0.15, -0.2818724602179941, 0, 0, 0, 260, 0, 0, 0, -190, 257, 74, 0, 5, 143
81.746, 6.58366119120293, 0.08053802254792808, 0.08005089058524174, 0.7836940298507463, 0.431872460217994, 0.18, -0.251872460217994, 0, 0, 0, 260, 0, 0, 0, -190, 270, 68, 13, 6, 143
81.798, 6.588059420917956, 0.0805405929352546, 0.08005089058524174, 0.7836940298507463, 0.431872460217994, 0.19, -0.241872460217994, 0, 0, 0, 260, 0, 0, 0, -190, 256, 70, 14, 2, 143
81.84699999999999, 6.591968958442422, 0.08054014146446935, 0.08005089058524174, 0.7836940298507463, 0.431872460217994, 0.14, -0.291872460217994, 0, 0, 0, 260, 0, 0, 0, -190, 264, 75, 8, 5, 143
81.896, 6.595634149871611, 0.08053670691940523, 0.08005089058524174, 0.7836940298507463, 0.431872460217994, 0.18, -0.251872460217994, 0, 0, 0, 260, 0, 0, 0, -190, 256, 62, 8, 13, 143
81.94000000000001, 6.599788033491357, 0.08054415466794431, 0.08005089058524174, 0.7836940298507463, 0.431872460217994, 0.19, -0.241872460217994, 0, 0, 0, 260, 0, 0, 0, -190, 261, 79, 5, 17, 143
81.999, 6.604186263206384, 0.08053983906152983, 0.08005089058524174, 0.7836940298507463, 0.431872460217994, 0.22, -0.211872460217994, 0, 0, 0, 260, 0, 0, 0, -190, 261, 64, 0, 15, 143
82.044, 6.607851454635571, 0.08054033755832933, 0.08005089058524174, 0.7836940298507463, 0.431872460217994, 0.21, -0.221872460217994, 0, 0, 0, 260, 0, 0, 0, -190, 277, 85, 16, 21, 143
82.09099999999999, 6.61151664606476, 0.0805388732755693, 0.08005089058524174, 0.7836940298507463, 0.431872460217994, 0.19, -0.241872460217994, 0, 0, 0, 260, 0, 0, 0, -190, 252, 63, 25, 22, 143
82.14600000000001, 6.615914875779785, 0.08053849092810101, 0.08005089058524174, 0.7836940298507463, 0.431872460217994, 0.19, -0.241872460217994, 0, 0, 0, 260, 0, 0, 0, -190, 263, 76, 11, 13, 143
82.201, 6.620313105494811, 0.08053810909228368, 0.08005089058524174, 0.7836940298507463, 0.431872460217994, 0.26, -0.171872460217994, 0, 0, 0, 260, 0, 0, 0, -190, 253, 63, 10, 13, 143
82.25100000000001, 6.624711335209836, 0.08054262361806954, 0.08005089058524174, 0.7836940298507463, 0.431872460217994, 0.4699999999999999, 0.03812753978200597, 0, 0, 0, 260, 0, 0, 0, 190, 264, 72, 11, 9, 144
82.29900000000001, 6.628620872734304, 0.08054315207638373, 0.08005089058524174, 0.7836940298507463, 0.431872460217994, 0.5300000000000001, 0.09812753978200597, 0, 0, 0, 260, 0, 0, 0, 190, 249, 83, 15, 11, 144
82.34900000000001, 6.632286064163493, 0.0805387565624779, 0.08005089058524174, 0.7836940298507463, 0.431872460217994, 0.52, 0.08812753978200597, 0, 0, 0, 260, 0, 0, 0, 190, 158, 180, 91, 97, 144
82.399, 6.636439947783239, 0.08054029718544204, 0.08005089058524174, 0.7836940298507463, 0.431872460217994, 0.6, 0.168127539782006, 0, 0, 0, 260, 0, 0, 0, 190, 79, 247, 79, 67, 144
82.44899999999999, 6.640105139212428, 0.0805359087340347, 0.08005089058524174, 0.7836940298507463, 0.431872460217994, 0.75, 0.318127539782006, 0, 0, 0, 260, 0, 0, 0, 190, 55, 264, 24, 17, 144
82.499, 6.644747715022731, 0.0805433728290371, 0.08005089058524174, 0.7836940298507463, 0.431872460217994, 0.7199999999999999, 0.288127539782006, 0, 0, 0, 260, 0, 0, 0, 190, 78, 277, 23, 13, 144
82.55000000000001, 6.648657252547198, 0.08054097216895455, 0.08005089058524174, 0.7836940298507463, 0.431872460217994, 0.42, -0.01187246021799403, 0, 0, 0, 260, 0, 0, 0, -190, 71, 246, 7, 31, 145
82.60800000000001, 6.653299828357503, 0.08054062352747316, 0.08005089058524174, 0.7836940298507463, 0.431872460217994, 0.19, -0.241872460217994, 0, 0, 0, 260, 0, 0, 0, -190, 92, 221, 21, 25, 145
82.66, 6.657698058072531, 0.08054316547389949, 0.08005089058524174, 0.7836940298507463, 0.431872460217994, 0.18, -0.251872460217994, 0, 0, 0, 260, 0, 0, 0, -190, 191, 155, 99, 66, 145
82.706, 6.66087455731116, 0.08053677553395353, 0.08005089058524174, 0.7836940298507463, 0.431872460217994, 0.19, -0.241872460217994, 0, 0, 0, 260, 0, 0, 0, -190, 250, 78, 59, 77, 145
82.75600000000001, 6.665028440930906, 0.0805383107077542, 0.08005089058524174, 0.7836940298507463, 0.431872460217994, 0.17, -0.261872460217994, 0, 0, 0, 260, 0, 0, 0, -190, 278, 54, 28, 24, 145
82.80100000000001, 6.669182324550652, 0.08054470748602858, 0.08005089058524174, 0.7836940298507463, 0.431872460217994, 0.21, -0.221872460217994, 0, 0, 0, 260, 0, 0, 0, -190, 273, 84, 5, 30, 145
82.85, 6.67284751597984, 0.08054130978853157, 0.08005089058524174, 0.7836940298507463, 0.431872460217994, 0.27, -0.161872460217994, 0, 0, 0, 260, 0, 0, 0, -190, 250, 65, 23, 19, 145
82.90600000000001, 6.677245745694866, 0.08053995785220449, 0.08005089058524174, 0.7836940298507463, 0.431872460217994, 0.5699999999999999, 0.138127539782006, 0, 0, 0, 260, 0, 0, 0, 190, 251, 70, 1, 5, 146
82.95199999999999, 6.680910937124055, 0.0805394799055364, 0.08005089058524174, 0.7836940298507463, 0.431872460217994, 0.8, 0.368127539782006, 0, 0, 0, 260, 0, 0, 0, 190, 248, 89, 3, 19, 146
83.00600000000001, 6.685553512934359, 0.08054301511859816, 0.08005089058524174, 0.7836940298507463, 0.431872460217994, 0.84, 0.4081275397820059, 0, 0, 0, 260, 0, 0, 0, 190, 169, 195, 79, 106, 146
83.05899999999999, 6.689951742649385, 0.08054457364824263, 0.08005089058524174, 0.7836940298507463, 0.431872460217994, 0.8199999999999999, 0.388127539782006, 0, 0, 0, 260, 0, 0, 0, 190, 65, 242, 104, 47, 146
83.11100000000001, 6.693861280173853, 0.08054121933527274, 0.08005089058524174, 0.7836940298507463, 0.431872460217994, 0.7, 0.268127539782006, 0, 0, 0, 260, 0, 0, 0, 190, 54, 261, 11, 19, 146
83.169, 6.698503855984158, 0.08054087287311567, 0.08005089058524174, 0.7836940298507463, 0.431872460217994, 0.2, -0.2318724602179941, 0, 0, 0, 260, 0, 0, 0, -190, 83, 282, 29, 21, 147
83.22000000000001, 6.702657739603904, 0.08054142921898466, 0.08005089058524174, 0.7836940298507463, 0.431872460217994, 0.19, -0.241872460217994, 0, 0, 0, 260, 0, 0, 0, -190, 83, 234, 0, 48, 147
83.269, 6.70656727712837, 0.08054098496593413, 0.08005089058524174, 0.7836940298507463, 0.431872460217994, 0.22, -0.211872460217994, 0, 0, 0, 260, 0, 0, 0, -190, 189, 138, 106, 96, 147
83.31900000000001, 6.710476814652838, 0.08053957458266227, 0.08005089058524174, 0.7836940298507463, 0.431872460217994, 0.21, -0.221872460217994, 0, 0, 0, 260, 0, 0, 0, -190, 244, 67, 55, 71, 147
83.37000000000002, 6.714630698272583, 0.08054013072175344, 0.08005089058524174, 0.7836940298507463, 0.431872460217994, 0.22, -0.211872460217994, 0, 0, 0, 260, 0, 0, 0, -190, 283, 64, 39, 3, 147
83.42000000000001, 6.718784581892331, 0.0805416516649764, 0.08005089058524174, 0.7836940298507463, 0.431872460217994, 0.21, -0.221872460217994, 0, 0, 0, 260, 0, 0, 0, -190, 254, 78, 29, 14, 147
83.469, 6.722694119416799, 0.08054120834581459, 0.08005089058524174, 0.7836940298507463, 0.431872460217994, 0.15, -0.2818724602179941, 0, 0, 0, 260, 0, 0, 0, -190, 285, 64, 31, 14, 147
83.51699999999999, 6.726603656941267, 0.08054172991057229, 0.08005089058524174, 0.7836940298507463, 0.431872460217994, 0.16, -0.271872460217994, 0, 0, 0, 260, 0, 0, 0, -190, 250, 71, 35, 7, 147
83.568, 6.730757540561012, 0.08054228341663093, 0.08005089058524174, 0.7836940298507463, 0.431872460217994, 0.18, -0.251872460217994, 0, 0, 0, 260, 0, 0, 0, -190, 257, 71, 7, 0, 147
83.61800000000001, 6.735155770276037, 0.08054672164218275, 0.08005089058524174, 0.7836940298507463, 0.431872460217994, 0.22, -0.211872460217994, 0, 0, 0, 260, 0, 0, 0, -190, 271, 63, 14, 8, 147
83.66899999999999, 6.738820961705226, 0.08054143065777321, 0.08005089058524174, 0.7836940298507463, 0.431872460217994, 0.38, -0.05187246021799403, 0, 0, 0, 260, 0, 0, 0, -190, 254, 71, 17, 8, 147
83.72100000000001, 6.743219191420251, 0.08054393988868087, 0.08005089058524174, 0.7836940298507463, 0.431872460217994, 0.6800000000000001, 0.248127539782006, 0, 0, 0, 260, 0, 0, 0, 190, 260, 71, 6, 0, 148
83.77000000000001, 6.74688438284944, 0.08054057995522788, 0.08005089058524174, 0.7836940298507463, 0.431872460217994, 0.79, 0.3581275397820059, 0, 0, 0, 260, 0, 0, 0, 190, 241, 80, 19, 9, 148
83.819, 6.751038266469186, 0.08054305427730212, 0.08005089058524174, 0.7836940298507463, 0.431872460217994, 0.8100000000000001, 0.378127539782006, 0, 0, 0, 260, 0, 0, 0, 190, 169, 194, 72, 114, 148
83.87, 6.755192150088933, 0.08054360498496404, 0.08005089058524174, 0.7836940298507463, 0.431872460217994, 0.84, 0.4081275397820059, 0, 0, 0, 260, 0, 0, 0, 190, 76, 246, 93, 52, 148
83.919, 6.7591016876134, 0.08054316290248217, 0.08005089058524174, 0.7836940298507463, 0.431872460217994, 0.8, 0.368127539782006, 0, 0, 0, 260, 0, 0, 0, 190, 51, 254, 25, 8, 148
83.979, 6.763988609518984, 0.08054380987531387, 0.08005089058524174, 0.7836940298507463, 0.431872460217994, 0.21, -0.221872460217994, 0, 0, 0, 260, 0, 0, 0, -190, 82, 272, 31, 18, 149
84.02800000000001, 6.767898147043451, 0.08054336824681595, 0.08005089058524174, 0.7836940298507463, 0.431872460217994, 0.22, -0.211872460217994, 0, 0, 0, 260, 0, 0, 0, -190, 82, 252, 0, 20, 149
84.079, 6.772052030663198, 0.08054391739510695, 0.08005089058524174, 0.7836940298507463, 0.431872460217994, 0.22, -0.211872460217994, 0, 0, 0, 260, 0, 0, 0, -190, 189, 142, 107, 110, 149
84.12699999999999, 6.775717222092386, 0.08054152914156438, 0.08005089058524174, 0.7836940298507463, 0.431872460217994, 0.22, -0.211872460217994, 0, 0, 0, 260, 0, 0, 0, -190, 239, 67, 50, 75, 149
84.17700000000002, 6.779382413521573, 0.08053723004528045, 0.08005089058524174, 0.7836940298507463, 0.431872460217994, 0.19, -0.241872460217994, 0, 0, 0, 260, 0, 0, 0, -190, 271, 66, 32, 1, 149
84.22600000000001, 6.783780643236599, 0.08054259543652316, 0.08005089058524174, 0.7836940298507463, 0.431872460217994, 0.19, -0.241872460217994, 0, 0, 0, 260, 0, 0, 0, -190, 278, 76, 7, 10, 149
84.27, 6.787445834665787, 0.08054403506189377, 0.08005089058524174, 0.7836940298507463, 0.431872460217994, 0.2, -0.2318724602179941, 0, 0, 0, 260, 0, 0, 0, -190, 262, 66, 16, 10, 149
84.321, 6.791599718285535, 0.08054458223082666, 0.08005089058524174, 0.7836940298507463, 0.431872460217994, 0.18, -0.251872460217994, 0, 0, 0, 260, 0, 0, 0, -190, 247, 72, 15, 6, 149
84.369, 6.795509255810003, 0.08054509660906261, 0.08005089058524174, 0.7836940298507463, 0.431872460217994, 0.2, -0.2318724602179941, 0, 0, 0, 260, 0, 0, 0, -190, 261, 69, 14, 3, 149
84.41800000000001, 6.798930101143911, 0.08053886731673234, 0.08005089058524174, 0.7836940298507463, 0.431872460217994, 0.2, -0.2318724602179941, 0, 0, 0, 260, 0, 0, 0, -190, 259, 72, 2, 3, 149
84.465, 6.802839638668378, 0.08054033787566896, 0.08005089058524174, 0.7836940298507463, 0.431872460217994, 0.21, -0.221872460217994, 0, 0, 0, 260, 0, 0, 0, -190, 265, 65, 6, 7, 149
84.51600000000001, 6.806993522288125, 0.08054088601315874, 0.08005089058524174, 0.7836940298507463, 0.431872460217994, 0.31, -0.121872460217994, 0, 0, 0, 260, 0, 0, 0, -190, 258, 73, 7, 8, 149
84.56900000000001, 6.81163609809843, 0.08054530735965225, 0.08005089058524174, 0.7836940298507463, 0.431872460217994, 0.63, 0.198127539782006, 0, 0, 0, 260, 0, 0, 0, 190, 261, 69, 3, 4, 150
84.626, 6.816034327813455, 0.08054302847604111, 0.08005089058524174, 0.7836940298507463, 0.431872460217994, 0.8100000000000001, 0.378127539782006, 0, 0, 0, 260, 0, 0, 0, 190, 248, 90, 13, 21, 150
84.67700000000001, 6.820188211433202, 0.08054357395081546, 0.08005089058524174, 0.7836940298507463, 0.431872460217994, 0.8199999999999999, 0.388127539782006, 0, 0, 0, 260, 0, 0, 0, 190, 142, 188, 106, 98, 150
84.72100000000001, 6.82385340286239, 0.08054500540435537, 0.08005089058524174, 0.7836940298507463, 0.431872460217994, 0.8199999999999999, 0.388127539782006, 0, 0, 0, 260, 0, 0, 0, 190, 71, 259, 71, 71, 150
84.77, 6.827518594291577, 0.08054168449087623, 0.08005089058524174, 0.7836940298507463, 0.431872460217994, 0.71, 0.278127539782006, 0, 0, 0, 260, 0, 0, 0, 190, 63, 247, 8, 12, 150
84.826, 6.831916824006604, 0.08054036290767694, 0.08005089058524174, 0.7836940298507463, 0.431872460217994, 0.23, -0.201872460217994, 0, 0, 0, 260, 0, 0, 0, -190, 74, 280, 11, 33, 151
84.878, 6.836559399816909, 0.08054571738043908, 0.08005089058524174, 0.7836940298507463, 0.431872460217994, 0.23, -0.201872460217994, 0, 0, 0, 260, 0, 0, 0, -190, 88, 240, 14, 40, 151
84.92700000000001, 6.840468937341376, 0.08054527932626108, 0.08005089058524174, 0.7836940298507463, 0.431872460217994, 0.19, -0.241872460217994, 0, 0, 0, 260, 0, 0, 0, -190, 178, 141, 90, 99, 151
84.978, 6.844134128770563, 0.08054007070971974, 0.08005089058524174, 0.7836940298507463, 0.431872460217994, 0.17, -0.261872460217994, 0, 0, 0, 260, 0, 0, 0, -190, 246, 64, 68, 77, 151
85.029, 6.848288012390309, 0.08054061570041174, 0.08005089058524174, 0.7836940298507463, 0.431872460217994, 0.19, -0.241872460217994, 0, 0, 0, 260, 0, 0, 0, -190, 269, 72, 23, 8, 151
85.091, 6.853663626486453, 0.08054510613915047, 0.08005089058524174, 0.7836940298507463, 0.431872460217994, 0.2, -0.2318724602179941, 0, 0, 0, 260, 0, 0, 0, -190, 267, 73, 2, 1, 151
85.14000000000001, 6.85757316401092, 0.0805446695326629, 0.08005089058524174, 0.7836940298507463, 0.431872460217994, 0.19, -0.241872460217994, 0, 0, 0, 260, 0, 0, 0, -190, 247, 64, 20, 9, 151
85.19, 6.861238355440109, 0.08054041971405223, 0.08005089058524174, 0.7836940298507463, 0.431872460217994, 0.19, -0.241872460217994, 0, 0, 0, 260, 0, 0, 0, -190, 248, 66, 1, 2, 151
85.23400000000001, 6.864903546869296, 0.08054184418036579, 0.08005089058524174, 0.7836940298507463, 0.431872460217994, 0.2, -0.2318724602179941, 0, 0, 0, 260, 0, 0, 0, -190, 266, 76, 18, 10, 151
85.281, 6.868568738298484, 0.08054043383987622, 0.08005089058524174, 0.7836940298507463, 0.431872460217994, 0.21, -0.221872460217994, 0, 0, 0, 260, 0, 0, 0, -190, 264, 64, 2, 12, 151
85.33100000000001, 6.87296696801351, 0.08054478405284726, 0.08005089058524174, 0.7836940298507463, 0.431872460217994, 0.3, -0.131872460217994, 0, 0, 0, 260, 0, 0, 0, -190, 261, 77, 3, 13, 151
85.381, 6.876876505537977, 0.08054340550635361, 0.08005089058524174, 0.7836940298507463, 0.431872460217994, 0.17, -0.261872460217994, 0, 0, 0, 260, 0, 0, 0, -190, 249, 64, 12, 13, 151
85.43000000000001, 6.880541696967166, 0.08054011116665301, 0.08005089058524174, 0.7836940298507463, 0.431872460217994, 0.18, -0.251872460217994, 0, 0, 0, 260, 0, 0, 0, -190, 265, 75, 16, 11, 151
85.486, 6.885184272777471, 0.08054165913456556, 0.08005089058524174, 0.7836940298507463, 0.431872460217994, 0.4, -0.03187246021799403, 0, 0, 0, 260, 0, 0, 0, -190, 260, 68, 5, 7, 151
85.53000000000001, 6.888849464206658, 0.08054307803351641, 0.08005089058524174, 0.7836940298507463, 0.431872460217994, 0.48, 0.04812753978200597, 0, 0, 0, 260, 0, 0, 0, 190, 264, 69, 4, 1, 152
85.579, 6.892759001731126, 0.08054264482794991, 0.08005089058524174, 0.7836940298507463, 0.431872460217994, 0.5600000000000001, 0.128127539782006, 0, 0, 0, 260, 0, 0, 0, 190, 245, 90, 19, 21, 152
85.63000000000001, 6.897157231446151, 0.08054603797087644, 0.08005089058524174, 0.7836940298507463, 0.431872460217994, 0.62, 0.188127539782006, 0, 0, 0, 260, 0, 0, 0, 190, 145, 195, 100, 105, 152
85.68000000000001, 6.901066768970619, 0.0805446635033919, 0.08005089058524174, 0.7836940298507463, 0.431872460217994, 0.64, 0.208127539782006, 0, 0, 0, 260, 0, 0, 0, 190, 75, 258, 70, 63, 152
85.73600000000001, 6.904976306495086, 0.08053765403675335, 0.08005089058524174, 0.7836940298507463, 0.431872460217994, 0.5600000000000001, 0.128127539782006, 0, 0, 0, 260, 0, 0, 0, 190, 59, 233, 16, 25, 152
85.80800000000002, 6.911329304972345, 0.08054411366040865, 0.08005089058524174, 0.7836940298507463, 0.431872460217994, 0.11, -0.321872460217994, 0, 0, 0, 260, 0, 0, 0, -190, 71, 281, 12, 48, 153
85.85100000000001, 6.914994496401534, 0.08054646418098256, 0.08005089058524174, 0.7836940298507463, 0.431872460217994, 0.19, -0.241872460217994, 0, 0, 0, 260, 0, 0, 0, -190, 76, 245, 5, 36, 153
85.899, 6.918659687830721, 0.08054412377129793, 0.08005089058524174, 0.7836940298507463, 0.431872460217994, 0.2, -0.2318724602179941, 0, 0, 0, 260, 0, 0, 0, -190, 155, 165, 79, 80, 153
85.946, 6.92232487925991, 0.08054272309659449, 0.08005089058524174, 0.7836940298507463, 0.431872460217994, 0.18, -0.251872460217994, 0, 0, 0, 260, 0, 0, 0, -190, 249, 89, 94, 76, 153
86.0, 6.926478762879656, 0.08054045073115878, 0.08005089058524174, 0.7836940298507463, 0.431872460217994, 0.17, -0.261872460217994, 0, 0, 0, 260, 0, 0, 0, -190, 255, 53, 6, 36, 153
86.04900000000001, 6.930876992594682, 0.08054570061935273, 0.08005089058524174, 0.7836940298507463, 0.431872460217994, 0.17, -0.261872460217994, 0, 0, 0, 260, 0, 0, 0, -190, 279, 82, 24, 29, 153
86.09900000000001, 6.935030876214428, 0.08054717100331512, 0.08005089058524174, 0.7836940298507463, 0.431872460217994, 0.18, -0.251872460217994, 0, 0, 0, 260, 0, 0, 0, -190, 263, 69, 16, 13, 153
86.14800000000001, 6.938940413738896, 0.08054673833099894, 0.08005089058524174, 0.7836940298507463, 0.431872460217994, 0.19, -0.241872460217994, 0, 0, 0, 260, 0, 0, 0, -190, 260, 64, 3, 5, 153
86.196, 6.942361259072804, 0.0805415710598265, 0.08005089058524174, 0.7836940298507463, 0.431872460217994, 0.21, -0.221872460217994, 0, 0, 0, 260, 0, 0, 0, -190, 256, 76, 4, 12, 153
86.24500000000001, 6.946270796597272, 0.08054114205573971, 0.08005089058524174, 0.7836940298507463, 0.431872460217994, 0.2, -0.2318724602179941, 0, 0, 0, 260, 0, 0, 0, -190, 255, 64, 1, 12, 153
86.29000000000001, 6.950180334121739, 0.08054444702887633, 0.08005089058524174, 0.7836940298507463, 0.431872460217994, 0.2, -0.2318724602179941, 0, 0, 0, 260, 0, 0, 0, -190, 261, 73, 6, 9, 153
86.34399999999999, 6.954578563836765, 0.08054501255254291, 0.08005089058524174, 0.7836940298507463, 0.431872460217994, 0.45, 0.01812753978200597, 0, 0, 0, 260, 0, 0, 0, 190, 267, 71, 6, 2, 154
86.396, 6.958732447456511, 0.08054461372582654, 0.08005089058524174, 0.7836940298507463, 0.431872460217994, 0.6800000000000001, 0.248127539782006, 0, 0, 0, 260, 0, 0, 0, 190, 239, 100, 28, 29, 154
86.44400000000001, 6.962641984980978, 0.08054511573944955, 0.08005089058524174, 0.7836940298507463, 0.431872460217994, 0.71, 0.278127539782006, 0, 0, 0, 260, 0, 0, 0, 190, 151, 194, 88, 94, 154
86.49100000000001, 6.966551522505446, 0.08054654845597167, 0.08005089058524174, 0.7836940298507463, 0.431872460217994, 0.74, 0.308127539782006, 0, 0, 0, 260, 0, 0, 0, 190, 70, 251, 81, 57, 154
86.541, 6.970461060029913, 0.08054518736818286, 0.08005089058524174, 0.7836940298507463, 0.431872460217994, 0.5600000000000001, 0.128127539782006, 0, 0, 0, 260, 0, 0, 0, 190, 50, 255, 20, 4, 154
86.59600000000001, 6.97485928974494, 0.08054482065851703, 0.08005089058524174, 0.7836940298507463, 0.431872460217994, 0.11, -0.321872460217994, 0, 0, 0, 260, 0, 0, 0, -190, 89, 280, 39, 25, 155
86.648, 6.979013173364685, 0.08054442310687708, 0.08005089058524174, 0.7836940298507463, 0.431872460217994, 0.19, -0.241872460217994, 0, 0, 0, 260, 0, 0, 0, -190, 81, 246, 8, 34, 155
86.69499999999999, 6.982922710889154, 0.0805458528276043, 0.08005089058524174, 0.7836940298507463, 0.431872460217994, 0.24, -0.191872460217994, 0, 0, 0, 260, 0, 0, 0, -190, 192, 140, 111, 106, 155
86.74100000000001, 6.986587902318341, 0.08054539263230007, 0.08005089058524174, 0.7836940298507463, 0.431872460217994, 0.2, -0.2318724602179941, 0, 0, 0, 260, 0, 0, 0, -190, 240, 68, 48, 72, 155
86.78900000000001, 6.99025309374753, 0.0805430768155818, 0.08005089058524174, 0.7836940298507463, 0.431872460217994, 0.21, -0.221872460217994, 0, 0, 0, 260, 0, 0, 0, -190, 279, 58, 39, 10, 155
86.83400000000001, 6.994162631271996, 0.08054636008098205, 0.08005089058524174, 0.7836940298507463, 0.431872460217994, 0.22, -0.211872460217994, 0, 0, 0, 260, 0, 0, 0, -190, 277, 78, 2, 20, 155
86.88000000000001, 6.997827822701185, 0.08054590035337458, 0.08005089058524174, 0.7836940298507463, 0.431872460217994, 0.22, -0.211872460217994, 0, 0, 0, 260, 0, 0, 0, -190, 259, 73, 18, 5, 155
86.93000000000001, 7.001493014130373, 0.08054173489164123, 0.08005089058524174, 0.7836940298507463, 0.431872460217994, 0.22, -0.211872460217994, 0, 0, 0, 260, 0, 0, 0, -190, 249, 65, 10, 8, 155
86.98700000000001, 7.006379936035957, 0.08054513819347669, 0.08005089058524174, 0.7836940298507463, 0.431872460217994, 0.2, -0.2318724602179941, 0, 0, 0, 260, 0, 0, 0, -190, 263, 72, 14, 7, 155
87.04000000000001, 7.010778165750982, 0.08054662414695523, 0.08005089058524174, 0.7836940298507463, 0.431872460217994, 0.31, -0.121872460217994, 0, 0, 0, 260, 0, 0, 0, -190, 263, 68, 0, 4, 155
87.09000000000001, 7.014687703275449, 0.08054527159576816, 0.08005089058524174, 0.7836940298507463, 0.431872460217994, 0.55, 0.118127539782006, 0, 0, 0, 260, 0, 0, 0, 190, 254, 65, 9, 3, 156
87.141, 7.019085932990476, 0.08054860436522963, 0.08005089058524174, 0.7836940298507463, 0.431872460217994, 0.79, 0.3581275397820059, 0, 0, 0, 260, 0, 0, 0, 190, 246, 87, 8, 22, 156
87.18999999999999, 7.022995470514943, 0.08054817605820556, 0.08005089058524174, 0.7836940298507463, 0.431872460217994, 0.8199999999999999, 0.388127539782006, 0, 0, 0, 260, 0, 0, 0, 190, 162, 182, 84, 95, 156
87.24, 7.026660661944131, 0.08054402409381167, 0.08005089058524174, 0.7836940298507463, 0.431872460217994, 0.8199999999999999, 0.388127539782006, 0, 0, 0, 260, 0, 0, 0, 190, 72, 248, 90, 66, 156
87.285, 7.030325853373319, 0.08054449050092593, 0.08005089058524174, 0.7836940298507463, 0.431872460217994, 0.79, 0.3581275397820059, 0, 0, 0, 260, 0, 0, 0, 190, 51, 265, 21, 17, 156
87.341, 7.034724083088345, 0.08054320517383983, 0.08005089058524174, 0.7836940298507463, 0.431872460217994, 0.36, -0.07187246021799404, 0, 0, 0, 260, 0, 0, 0, -190, 76, 266, 25, 1, 157
87.39000000000001, 7.038877966708091, 0.08054557691621572, 0.08005089058524174, 0.7836940298507463, 0.431872460217994, 0.2, -0.2318724602179941, 0, 0, 0, 260, 0, 0, 0, -190, 83, 265, 7, 1, 157
87.43600000000001, 7.042787504232558, 0.08054791509484145, 0.08005089058524174, 0.7836940298507463, 0.431872460217994, 0.21, -0.221872460217994, 0, 0, 0, 260, 0, 0, 0, -190, 163, 156, 80, 109, 157
87.48900000000001, 7.046452695661746, 0.08054101310635332, 0.08005089058524174, 0.7836940298507463, 0.431872460217994, 0.2, -0.2318724602179941, 0, 0, 0, 260, 0, 0, 0, -190, 243, 82, 80, 74, 157
87.53500000000001, 7.050362233186214, 0.08054335103885547, 0.08005089058524174, 0.7836940298507463, 0.431872460217994, 0.21, -0.221872460217994, 0, 0, 0, 260, 0, 0, 0, -190, 260, 57, 17, 25, 157
87.58000000000001, 7.054271770710681, 0.0805466061967422, 0.08005089058524174, 0.7836940298507463, 0.431872460217994, 0.23, -0.201872460217994, 0, 0, 0, 260, 0, 0, 0, -190, 281, 81, 21, 24, 157
87.63, 7.058425654330427, 0.08054805037464828, 0.08005089058524174, 0.7836940298507463, 0.431872460217994, 0.26, -0.171872460217994, 0, 0, 0, 260, 0, 0, 0, -190, 253, 68, 28, 13, 157
87.681, 7.062090845759615, 0.08054300071577213, 0.08005089058524174, 0.7836940298507463, 0.431872460217994, 0.35, -0.08187246021799403, 0, 0, 0, 260, 0, 0, 0, -190, 251, 63, 2, 5, 157
87.736, 7.066489075474641, 0.08054264014172791, 0.08005089058524174, 0.7836940298507463, 0.431872460217994, 0.64, 0.208127539782006, 0, 0, 0, 260, 0, 0, 0, 190, 269, 75, 18, 12, 158
87.78, 7.070398612999109, 0.08054680579857722, 0.08005089058524174, 0.7836940298507463, 0.431872460217994, 0.79, 0.3581275397820059, 0, 0, 0, 260, 0, 0, 0, 190, 257, 83, 12, 8, 158
87.836, 7.074796842714134, 0.08054552623883298, 0.08005089058524174, 0.7836940298507463, 0.431872460217994, 0.79, 0.3581275397820059, 0, 0, 0, 260, 0, 0, 0, 190, 143, 188, 114, 105, 158
87.889, 7.07919507242916, 0.08054699760412747, 0.08005089058524174, 0.7836940298507463, 0.431872460217994, 0.79, 0.3581275397820059, 0, 0, 0, 260, 0, 0, 0, 190, 71, 255, 72, 67, 158
87.93600000000001, 7.082615917763069, 0.08054284840978744, 0.08005089058524174, 0.7836940298507463, 0.431872460217994, 0.8, 0.368127539782006, 0, 0, 0, 260, 0, 0, 0, 190, 56, 257, 15, 2, 158
87.98500000000001, 7.086525455287537, 0.08054242717835468, 0.08005089058524174, 0.7836940298507463, 0.431872460217994, 0.73, 0.298127539782006, 0, 0, 0, 260, 0, 0, 0, 190, 81, 263, 25, 6, 158
88.04600000000001, 7.091656723288399, 0.08054490520055879, 0.08005089058524174, 0.7836940298507463, 0.431872460217994, 0.35, -0.08187246021799403, 0, 0, 0, 260, 0, 0, 0, -190, 68, 263, 13, 0, 159
88.09699999999999, 7.095566260812867, 0.08054265481018499, 0.08005089058524174, 0.7836940298507463, 0.431872460217994, 0.22, -0.211872460217994, 0, 0, 0, 260, 0, 0, 0, -190, 85, 229, 17, 34, 159
88.149, 7.100208836623172, 0.08054780923916518, 0.08005089058524174, 0.7836940298507463, 0.431872460217994, 0.24, -0.191872460217994, 0, 0, 0, 260, 0, 0, 0, -190, 196, 144, 111, 85, 159
88.19700000000001, 7.103629681957081, 0.08054275861942108, 0.08005089058524174, 0.7836940298507463, 0.431872460217994, 0.22, -0.211872460217994, 0, 0, 0, 260, 0, 0, 0, -190, 239, 69, 43, 75, 159
88.24400000000001, 7.107294873386269, 0.08054139514738983, 0.08005089058524174, 0.7836940298507463, 0.431872460217994, 0.2, -0.2318724602179941, 0, 0, 0, 260, 0, 0, 0, -190, 271, 56, 32, 13, 159
88.299, 7.112181795291852, 0.08054657238804349, 0.08005089058524174, 0.7836940298507463, 0.431872460217994, 0.3, -0.131872460217994, 0, 0, 0, 260, 0, 0, 0, -190, 270, 79, 1, 23, 159
88.345, 7.115846986721041, 0.08054612017342285, 0.08005089058524174, 0.7836940298507463, 0.431872460217994, 0.49, 0.05812753978200597, 0, 0, 0, 260, 0, 0, 0, 190, 262, 68, 8, 11, 160
88.399, 7.120000870340787, 0.08054390740099761, 0.08005089058524174, 0.7836940298507463, 0.431872460217994, 0.76, 0.328127539782006, 0, 0, 0, 260, 0, 0, 0, 190, 225, 96, 37, 28, 160
88.444, 7.123666061769975, 0.08054436775552865, 0.08005089058524174, 0.7836940298507463, 0.431872460217994, 0.8, 0.368127539782006, 0, 0, 0, 260, 0, 0, 0, 190, 159, 188, 66, 92, 160
88.49400000000001, 7.127819945389722, 0.0805457990981278, 0.08005089058524174, 0.7836940298507463, 0.431872460217994, 0.8100000000000001, 0.378127539782006, 0, 0, 0, 260, 0, 0, 0, 190, 78, 265, 81, 77, 160
88.54699999999999, 7.131973829009469, 0.08054449985893896, 0.08005089058524174, 0.7836940298507463, 0.431872460217994, 0.8, 0.368127539782006, 0, 0, 0, 260, 0, 0, 0, 190, 64, 240, 14, 25, 160
88.597, 7.136127712629215, 0.08054592946295264, 0.08005089058524174, 0.7836940298507463, 0.431872460217994, 0.54, 0.108127539782006, 0, 0, 0, 260, 0, 0, 0, 190, 72, 277, 8, 37, 160
88.65, 7.14077028843952, 0.080550144257637, 0.08005089058524174, 0.7836940298507463, 0.431872460217994, 0.26, -0.171872460217994, 0, 0, 0, 260, 0, 0, 0, -190, 77, 260, 5, 17, 161
88.70000000000001, 7.144435479868708, 0.08054605952501362, 0.08005089058524174, 0.7836940298507463, 0.431872460217994, 0.22, -0.211872460217994, 0, 0, 0, 260, 0, 0, 0, -190, 74, 235, 3, 25, 161
88.748, 7.148345017393175, 0.08054654772381546, 0.08005089058524174, 0.7836940298507463, 0.431872460217994, 0.2, -0.2318724602179941, 0, 0, 0, 260, 0, 0, 0, -190, 187, 168, 113, 67, 161
88.79900000000001, 7.152010208822364, 0.0805415625043341, 0.08005089058524174, 0.7836940298507463, 0.431872460217994, 0.2, -0.2318724602179941, 0, 0, 0, 260, 0, 0, 0, -190, 226, 76, 39, 92, 161
88.84500000000001, 7.15591974634683, 0.08054386568008137, 0.08005089058524174, 0.7836940298507463, 0.431872460217994, 0.22, -0.211872460217994, 0, 0, 0, 260, 0, 0, 0, -190, 287, 48, 61, 28, 161
88.896, 7.160073629966578, 0.08054438478634108, 0.08005089058524174, 0.7836940298507463, 0.431872460217994, 0.25, -0.181872460217994, 0, 0, 0, 260, 0, 0, 0, -190, 260, 87, 27, 39, 161
88.95099999999999, 7.164471859681603, 0.08054402828165623, 0.08005089058524174, 0.7836940298507463, 0.431872460217994, 0.26, -0.171872460217994, 0, 0, 0, 260, 0, 0, 0, -190, 254, 58, 6, 29, 161
89.00499999999999, 7.168625743301349, 0.08054183184429355, 0.08005089058524174, 0.7836940298507463, 0.431872460217994, 0.43, -0.001872460217994032, 0, 0, 0, 260, 0, 0, 0, -190, 258, 77, 4, 19, 161
89.06600000000001, 7.173512665206933, 0.08054153846818014, 0.08005089058524174, 0.7836940298507463, 0.431872460217994, 0.7800000000000001, 0.348127539782006, 0, 0, 0, 260, 0, 0, 0, 190, 262, 69, 4, 8, 162
89.11, 7.177422202731401, 0.08054564249502189, 0.08005089058524174, 0.7836940298507463, 0.431872460217994, 0.77, 0.338127539782006, 0, 0, 0, 260, 0, 0, 0, 190, 249, 83, 13, 14, 162
89.16, 7.181576086351148, 0.08054706243103576, 0.08005089058524174, 0.7836940298507463, 0.431872460217994, 0.76, 0.328127539782006, 0, 0, 0, 260, 0, 0, 0, 190, 170, 181, 79, 98, 162
89.208, 7.185729969970894, 0.08055028663315952, 0.08005089058524174, 0.7836940298507463, 0.431872460217994, 0.8, 0.368127539782006, 0, 0, 0, 260, 0, 0, 0, 190, 87, 261, 83, 80, 162
89.259, 7.189395161400082, 0.08054532496891163, 0.08005089058524174, 0.7836940298507463, 0.431872460217994, 0.7, 0.268127539782006, 0, 0, 0, 260, 0, 0, 0, 190, 46, 228, 41, 33, 162
89.31000000000001, 7.193549045019828, 0.08054584083551481, 0.08005089058524174, 0.7836940298507463, 0.431872460217994, 0.8299999999999999, 0.398127539782006, 0, 0, 0, 260, 0, 0, 0, 190, 85, 280, 39, 52, 162
89.36, 7.197947274734855, 0.08054999188378307, 0.08005089058524174, 0.7836940298507463, 0.431872460217994, 0.65, 0.218127539782006, 0, 0, 0, 260, 0, 0, 0, 190, 67, 275, 18, 5, 162
89.40900000000001, 7.201612466164041, 0.08054684054361465, 0.08005089058524174, 0.7836940298507463, 0.431872460217994, 0.6800000000000001, 0.248127539782006, 0, 0, 0, 260, 0, 0, 0, 190, 64, 254, 3, 21, 162
89.45600000000001, 7.20552200368851, 0.08054822486684527, 0.08005089058524174, 0.7836940298507463, 0.431872460217994, 0.6800000000000001, 0.248127539782006, 0, 0, 0, 260, 0, 0, 0, 190, 77, 251, 13, 3, 162
89.50100000000001, 7.209187195117697, 0.08054867761385566, 0.08005089058524174, 0.7836940298507463, 0.431872460217994, 0.6600000000000001, 0.228127539782006, 0, 0, 0, 260, 0, 0, 0, 190, 72, 265, 5, 14, 162
89.549, 7.212852386546886, 0.0805464314123763, 0.08005089058524174, 0.7836940298507463, 0.431872460217994, 0.71, 0.278127539782006, 0, 0, 0, 260, 0, 0, 0, 190, 64, 259, 8, 6, 162
89.598, 7.216517577976074, 0.08054328866689071, 0.08005089058524174, 0.7836940298507463, 0.431872460217994, 0.77, 0.338127539782006, 0, 0, 0, 260, 0, 0, 0, 190, 71, 255, 7, 4, 162
89.64, 7.220427115500541, 0.08054916460843977, 0.08005089058524174, 0.7836940298507463, 0.431872460217994, 0.8100000000000001, 0.378127539782006, 0, 0, 0, 260, 0, 0, 0, 190, 70, 254, 1, 1, 162
89.686, 7.223847960834449, 0.0805459933638968, 0.08005089058524174, 0.7836940298507463, 0.431872460217994, 0.8199999999999999, 0.388127539782006, 0, 0, 0, 260, 0, 0, 0, 190, 72, 257, 2, 3, 162
89.73100000000001, 7.227757498358917, 0.08054916916515939, 0.08005089058524174, 0.7836940298507463, 0.431872460217994, 0.84, 0.4081275397820059, 0, 0, 0, 260, 0, 0, 0, 190, 66, 266, 6, 9, 162
89.78, 7.231911381978663, 0.08055147451524464, 0.08005089058524174, 0.7836940298507463, 0.431872460217994, 0.8299999999999999, 0.398127539782006, 0, 0, 0, 260, 0, 0, 0, 190, 79, 263, 13, 3, 162
89.83499999999999, 7.235820919503132, 0.08054567729173632, 0.08005089058524174, 0.7836940298507463, 0.431872460217994, 0.8299999999999999, 0.398127539782006, 0, 0, 0, 260, 0, 0, 0, 190, 68, 259, 11, 4, 162
89.88100000000001, 7.239730457027599, 0.08054795181437232, 0.08005089058524174, 0.7836940298507463, 0.431872460217994, 0.8299999999999999, 0.398127539782006, 0, 0, 0, 260, 0, 0, 0, 190, 64, 258, 4, 1, 162
89.92900000000001, 7.243639994552066, 0.0805484325918454, 0.08005089058524174, 0.7836940298507463, 0.431872460217994, 0.8, 0.368127539782006, 0, 0, 0, 260, 0, 0, 0, 190, 73, 276, 9, 18, 162
89.979, 7.248038224267092, 0.08055255364326223, 0.08005089058524174, 0.7836940298507463, 0.431872460217994, 0.75, 0.318127539782006, 0, 0, 0, 260, 0, 0, 0, 190, 71, 250, 2, 26, 162
90.04099999999999, 7.252680800077396, 0.08054864783906661, 0.08005089058524174, 0.7836940298507463, 0.431872460217994, 0.31, -0.121872460217994, 0, 0, 0, 260, 0, 0, 0, -190, 68, 261, 3, 11, 163
90.09, 7.256345991506584, 0.08054552105124413, 0.08005089058524174, 0.7836940298507463, 0.431872460217994, 0.19, -0.241872460217994, 0, 0, 0, 260, 0, 0, 0, -190, 81, 255, 13, 6, 163
90.139, 7.260744221221611, 0.08055052997283763, 0.08005089058524174, 0.7836940298507463, 0.431872460217994, 0.2, -0.2318724602179941, 0, 0, 0, 260, 0, 0, 0, -190, 184, 153, 103, 102, 163
90.189, 7.264653758746077, 0.08054922173154239, 0.08005089058524174, 0.7836940298507463, 0.431872460217994, 0.19, -0.241872460217994, 0, 0, 0, 260, 0, 0, 0, -190, 244, 72, 60, 81, 163
90.24500000000002, 7.268807642365825, 0.08054526724323591, 0.08005089058524174, 0.7836940298507463, 0.431872460217994, 0.22, -0.211872460217994, 0, 0, 0, 260, 0, 0, 0, -190, 268, 66, 24, 6, 163
90.298, 7.27320587208085, 0.08054669950697523, 0.08005089058524174, 0.7836940298507463, 0.431872460217994, 0.2, -0.2318724602179941, 0, 0, 0, 260, 0, 0, 0, -190, 275, 72, 7, 6, 163
90.342, 7.276871063510037, 0.08054804037446633, 0.08005089058524174, 0.7836940298507463, 0.431872460217994, 0.21, -0.221872460217994, 0, 0, 0, 260, 0, 0, 0, -190, 263, 69, 12, 3, 163
90.39, 7.280780601034505, 0.08054851865288754, 0.08005089058524174, 0.7836940298507463, 0.431872460217994, 0.21, -0.221872460217994, 0, 0, 0, 260, 0, 0, 0, -190, 241, 68, 22, 1, 163
90.441, 7.284934484654251, 0.08054902626744786, 0.08005089058524174, 0.7836940298507463, 0.431872460217994, 0.4699999999999999, 0.03812753978200597, 0, 0, 0, 260, 0, 0, 0, 190, 265, 69, 24, 1, 164
90.48999999999999, 7.288844022178719, 0.0805486133515164, 0.08005089058524174, 0.7836940298507463, 0.431872460217994, 0.76, 0.328127539782006, 0, 0, 0, 260, 0, 0, 0, 190, 252, 93, 13, 24, 164
90.53800000000001, 7.292753559703185, 0.08054909054433702, 0.08005089058524174, 0.7836940298507463, 0.431872460217994, 0.8100000000000001, 0.378127539782006, 0, 0, 0, 260, 0, 0, 0, 190, 172, 171, 80, 78, 164
90.59000000000001, 7.297151789418211, 0.08055140511555592, 0.08005089058524174, 0.7836940298507463, 0.431872460217994, 0.8199999999999999, 0.388127539782006, 0, 0, 0, 260, 0, 0, 0, 190, 74, 264, 98, 93, 164
90.65099999999999, 7.301794365228518, 0.08054841496760673, 0.08005089058524174, 0.7836940298507463, 0.431872460217994, 0.67, 0.238127539782006, 0, 0, 0, 260, 0, 0, 0, 190, 65, 251, 9, 13, 164
90.70600000000001, 7.305948248848264, 0.08054536909188215, 0.08005089058524174, 0.7836940298507463, 0.431872460217994, 0.22, -0.211872460217994, 0, 0, 0, 260, 0, 0, 0, -190, 79, 270, 14, 19, 165
90.75100000000001, 7.31010213246801, 0.08055120199742161, 0.08005089058524174, 0.7836940298507463, 0.431872460217994, 0.19, -0.241872460217994, 0, 0, 0, 260, 0, 0, 0, -190, 84, 251, 5, 19, 165
90.801, 7.314256016087756, 0.08055259321029236, 0.08005089058524174, 0.7836940298507463, 0.431872460217994, 0.22, -0.211872460217994, 0, 0, 0, 260, 0, 0, 0, -190, 171, 150, 87, 101, 165
90.847, 7.317676861421664, 0.08054946075733557, 0.08005089058524174, 0.7836940298507463, 0.431872460217994, 0.27, -0.161872460217994, 0, 0, 0, 260, 0, 0, 0, -190, 243, 79, 72, 71, 165
90.89400000000001, 7.321097706755574, 0.08054544531823414, 0.08005089058524174, 0.7836940298507463, 0.431872460217994, 0.27, -0.161872460217994, 0, 0, 0, 260, 0, 0, 0, -190, 270, 47, 27, 32, 165
90.94100000000001, 7.325495936470599, 0.08055218148547517, 0.08005089058524174, 0.7836940298507463, 0.431872460217994, 0.24, -0.191872460217994, 0, 0, 0, 260, 0, 0, 0, -190, 265, 87, 5, 40, 165
90.991, 7.329405473995067, 0.08055088386758104, 0.08005089058524174, 0.7836940298507463, 0.431872460217994, 0.19, -0.241872460217994, 0, 0, 0, 260, 0, 0, 0, -190, 260, 73, 5, 14, 165
91.04800000000001, 7.333803703710093, 0.08054876223212036, 0.08005089058524174, 0.7836940298507463, 0.431872460217994, 0.2, -0.2318724602179941, 0, 0, 0, 260, 0, 0, 0, -190, 255, 65, 5, 8, 165
91.09900000000001, 7.33795758732984, 0.0805492660438626, 0.08005089058524174, 0.7836940298507463, 0.431872460217994, 0.22, -0.211872460217994, 0, 0, 0, 260, 0, 0, 0, -190, 263, 68, 8, 3, 165
91.15, 7.342111470949586, 0.08054976929182212, 0.08005089058524174, 0.7836940298507463, 0.431872460217994, 0.23, -0.201872460217994, 0, 0, 0, 260, 0, 0, 0, -190, 248, 69, 15, 1, 165
91.20000000000001, 7.345532316283495, 0.0805431175031085, 0.08005089058524174, 0.7836940298507463, 0.431872460217994, 0.24, -0.191872460217994, 0, 0, 0, 260, 0, 0, 0, -190, 222, 71, 26, 2, 165
91.248, 7.349197507712683, 0.08054091604980583, 0.08005089058524174, 0.7836940298507463, 0.431872460217994, 0.22, -0.211872460217994, 0, 0, 0, 260, 0, 0, 0, -190, 267, 80, 45, 9, 165
91.29800000000001, 7.35335139133243, 0.08054230532248713, 0.08005089058524174, 0.7836940298507463, 0.431872460217994, 0.25, -0.181872460217994, 0, 0, 0, 260, 0, 0, 0, -190, 269, 67, 2, 13, 165
91.348, 7.357505274952175, 0.08054369307431115, 0.08005089058524174, 0.7836940298507463, 0.431872460217994, 0.25, -0.181872460217994, 0, 0, 0, 260, 0, 0, 0, -190, 280, 71, 11, 4, 165
91.402, 7.36214785076248, 0.08054690106083545, 0.08005089058524174, 0.7836940298507463, 0.431872460217994, 0.29, -0.141872460217994, 0, 0, 0, 260, 0, 0, 0, -190, 278, 67, 2, 4, 165
91.45200000000001, 7.366301734382227, 0.08054828472184564, 0.08005089058524174, 0.7836940298507463, 0.431872460217994, 0.5899999999999999, 0.158127539782006, 0, 0, 0, 260, 0, 0, 0, 190, 268, 68, 10, 1, 166
91.49800000000001, 7.370211271906695, 0.08055051773707287, 0.08005089058524174, 0.7836940298507463, 0.431872460217994, 0.6, 0.168127539782006, 0, 0, 0, 260, 0, 0, 0, 190, 250, 87, 18, 19, 166
91.548, 7.374365155526441, 0.08055189797184472, 0.08005089058524174, 0.7836940298507463, 0.431872460217994, 0.58, 0.148127539782006, 0, 0, 0, 260, 0, 0, 0, 190, 155, 190, 95, 103, 166
91.601, 7.378519039146188, 0.08055063852082608, 0.08005089058524174, 0.7836940298507463, 0.431872460217994, 0.5300000000000001, 0.09812753978200597, 0, 0, 0, 260, 0, 0, 0, 190, 76, 255, 79, 65, 166
91.65000000000001, 7.382184230575375, 0.08054756389062057, 0.08005089058524174, 0.7836940298507463, 0.431872460217994, 0.5899999999999999, 0.158127539782006, 0, 0, 0, 260, 0, 0, 0, 190, 53, 251, 23, 4, 166
91.7, 7.386582460290402, 0.08055160807295968, 0.08005089058524174, 0.7836940298507463, 0.431872460217994, 0.62, 0.188127539782006, 0, 0, 0, 260, 0, 0, 0, 190, 87, 276, 34, 25, 166
91.75000000000001, 7.390247651719589, 0.08054765832936882, 0.08005089058524174, 0.7836940298507463, 0.431872460217994, 0.37, -0.06187246021799403, 0, 0, 0, 260, 0, 0, 0, -190, 65, 247, 22, 29, 167
91.8, 7.394401535339336, 0.08054903633267251, 0.08005089058524174, 0.7836940298507463, 0.431872460217994, 0.21, -0.221872460217994, 0, 0, 0, 260, 0, 0, 0, -190, 86, 236, 21, 11, 167
91.851, 7.398311072863803, 0.08054687562317017, 0.08005089058524174, 0.7836940298507463, 0.431872460217994, 0.18, -0.251872460217994, 0, 0, 0, 260, 0, 0, 0, -190, 189, 147, 103, 89, 167
91.90000000000001, 7.402709302578829, 0.08055178784090129, 0.08005089058524174, 0.7836940298507463, 0.431872460217994, 0.15, -0.2818724602179941, 0, 0, 0, 260, 0, 0, 0, -190, 243, 73, 54, 74, 167
91.94900000000001, 7.406374494008017, 0.08054872259630901, 0.08005089058524174, 0.7836940298507463, 0.431872460217994, 0.2, -0.2318724602179941, 0, 0, 0, 260, 0, 0, 0, -190, 259, 57, 16, 16, 167
92.00000000000001, 7.410528377627763, 0.08054922149595395, 0.08005089058524174, 0.7836940298507463, 0.431872460217994, 0.18, -0.251872460217994, 0, 0, 0, 260, 0, 0, 0, -190, 275, 78, 16, 21, 167
92.05, 7.414682261247511, 0.08055059490763183, 0.08005089058524174, 0.7836940298507463, 0.431872460217994, 0.17, -0.261872460217994, 0, 0, 0, 260, 0, 0, 0, -190, 261, 71, 14, 7, 167
92.097, 7.418103106581419, 0.08054663134066711, 0.08005089058524174, 0.7836940298507463, 0.431872460217994, 0.19, -0.241872460217994, 0, 0, 0, 260, 0, 0, 0, -190, 271, 61, 10, 10, 167
92.149, 7.422745682391724, 0.08055155978243633, 0.08005089058524174, 0.7836940298507463, 0.431872460217994, 0.36, -0.07187246021799404, 0, 0, 0, 260, 0, 0, 0, -190, 260, 72, 11, 11, 167
92.209, 7.42738825820203, 0.08054949363079558, 0.08005089058524174, 0.7836940298507463, 0.431872460217994, 0.7, 0.268127539782006, 0, 0, 0, 260, 0, 0, 0, 190, 250, 68, 10, 4, 168
92.254, 7.431297795726496, 0.08055258087157734, 0.08005089058524174, 0.7836940298507463, 0.431872460217994, 0.8199999999999999, 0.388127539782006, 0, 0, 0, 260, 0, 0, 0, 190, 264, 89, 14, 21, 168
92.309, 7.435940371536801, 0.08055487949752248, 0.08005089058524174, 0.7836940298507463, 0.431872460217994, 0.8, 0.368127539782006, 0, 0, 0, 260, 0, 0, 0, 190, 154, 197, 110, 108, 168
92.35899999999999, 7.439849909061269, 0.08055359963903106, 0.08005089058524174, 0.7836940298507463, 0.431872460217994, 0.8100000000000001, 0.378127539782006, 0, 0, 0, 260, 0, 0, 0, 190, 70, 261, 84, 64, 168
92.40900000000002, 7.443515100490456, 0.08054967698482242, 0.08005089058524174, 0.7836940298507463, 0.431872460217994, 0.8199999999999999, 0.388127539782006, 0, 0, 0, 260, 0, 0, 0, 190, 57, 246, 13, 15, 168
92.45900000000001, 7.447424638014924, 0.08054840132399143, 0.08005089058524174, 0.7836940298507463, 0.431872460217994, 0.79, 0.3581275397820059, 0, 0, 0, 260, 0, 0, 0, 190, 76, 258, 19, 12, 168
92.51099999999999, 7.451822867729949, 0.0805506682203192, 0.08005089058524174, 0.7836940298507463, 0.431872460217994, 0.44, 0.008127539782005968, 0, 0, 0, 260, 0, 0, 0, 190, 72, 277, 4, 19, 168
92.56100000000002, 7.455976751349695, 0.08055203326832787, 0.08005089058524174, 0.7836940298507463, 0.431872460217994, 0.26, -0.171872460217994, 0, 0, 0, 260, 0, 0, 0, -190, 74, 253, 2, 24, 169
92.61799999999999, 7.460374981064723, 0.08054994689007236, 0.08005089058524174, 0.7836940298507463, 0.431872460217994, 0.17, -0.261872460217994, 0, 0, 0, 260, 0, 0, 0, -190, 97, 222, 23, 31, 169
92.66800000000002, 7.464284518589189, 0.08054867396068966, 0.08005089058524174, 0.7836940298507463, 0.431872460217994, 0.19, -0.241872460217994, 0, 0, 0, 260, 0, 0, 0, -190, 205, 133, 108, 89, 169
92.72, 7.468682748304214, 0.08055093559430775, 0.08005089058524174, 0.7836940298507463, 0.431872460217994, 0.19, -0.241872460217994, 0, 0, 0, 260, 0, 0, 0, -190, 240, 69, 35, 64, 169
92.77100000000001, 7.472347939733403, 0.08054616140532499, 0.08005089058524174, 0.7836940298507463, 0.431872460217994, 0.17, -0.261872460217994, 0, 0, 0, 260, 0, 0, 0, -190, 277, 54, 37, 15, 169
92.82, 7.476746169448428, 0.08055102531187705, 0.08005089058524174, 0.7836940298507463, 0.431872460217994, 0.19, -0.241872460217994, 0, 0, 0, 260, 0, 0, 0, -190, 270, 84, 7, 30, 169
92.86799999999999, 7.480411360877617, 0.08054885817372632, 0.08005089058524174, 0.7836940298507463, 0.431872460217994, 0.23, -0.201872460217994, 0, 0, 0, 260, 0, 0, 0, -190, 245, 66, 25, 18, 169
92.92100000000001, 7.484565244497363, 0.08054761834781548, 0.08005089058524174, 0.7836940298507463, 0.431872460217994, 0.45, 0.01812753978200597, 0, 0, 0, 260, 0, 0, 0, 190, 259, 68, 14, 2, 170
92.971, 7.488719128117109, 0.08054897901622128, 0.08005089058524174, 0.7836940298507463, 0.431872460217994, 0.6899999999999999, 0.258127539782006, 0, 0, 0, 260, 0, 0, 0, 190, 242, 86, 17, 18, 170
93.02, 7.492628665641577, 0.08054857735585442, 0.08005089058524174, 0.7836940298507463, 0.431872460217994, 0.7199999999999999, 0.288127539782006, 0, 0, 0, 260, 0, 0, 0, 190, 128, 189, 114, 103, 170
93.07, 7.496293857070766, 0.080544685259168, 0.08005089058524174, 0.7836940298507463, 0.431872460217994, 0.74, 0.308127539782006, 0, 0, 0, 260, 0, 0, 0, 190, 105, 241, 23, 52, 170
93.119, 7.500692086785791, 0.08054953432474349, 0.08005089058524174, 0.7836940298507463, 0.431872460217994, 0.7, 0.268127539782006, 0, 0, 0, 260, 0, 0, 0, 190, 75, 279, 30, 38, 170
93.17100000000002, 7.504845970405537, 0.08054916197535217, 0.08005089058524174, 0.7836940298507463, 0.431872460217994, 0.44, 0.008127539782005968, 0, 0, 0, 260, 0, 0, 0, 190, 83, 263, 8, 16, 170
93.21899999999999, 7.508999854025284, 0.0805522463663554, 0.08005089058524174, 0.7836940298507463, 0.431872460217994, 0.28, -0.151872460217994, 0, 0, 0, 260, 0, 0, 0, -190, 61, 256, 22, 7, 171
93.269, 7.51290939154975, 0.08055098040667051, 0.08005089058524174, 0.7836940298507463, 0.431872460217994, 0.21, -0.221872460217994, 0, 0, 0, 260, 0, 0, 0, -190, 99, 228, 38, 28, 171
93.32100000000001, 7.517063275169496, 0.08055060784999622, 0.08005089058524174, 0.7836940298507463, 0.431872460217994, 0.18, -0.251872460217994, 0, 0, 0, 260, 0, 0, 0, -190, 184, 160, 85, 68, 171
93.369, 7.520972812693964, 0.08055106954871494, 0.08005089058524174, 0.7836940298507463, 0.431872460217994, 0.2, -0.2318724602179941, 0, 0, 0, 260, 0, 0, 0, -190, 239, 74, 55, 86, 171
93.42000000000001, 7.525126696313711, 0.08055155958374771, 0.08005089058524174, 0.7836940298507463, 0.431872460217994, 0.22, -0.211872460217994, 0, 0, 0, 260, 0, 0, 0, -190, 276, 67, 37, 7, 171
93.47100000000001, 7.529524926028738, 0.08055466322205538, 0.08005089058524174, 0.7836940298507463, 0.431872460217994, 0.23, -0.201872460217994, 0, 0, 0, 260, 0, 0, 0, -190, 270, 75, 6, 8, 171
93.521, 7.533190117457925, 0.08055078664105308, 0.08005089058524174, 0.7836940298507463, 0.431872460217994, 0.31, -0.121872460217994, 0, 0, 0, 260, 0, 0, 0, -190, 251, 65, 19, 10, 171
93.56999999999999, 7.537099654982393, 0.08055038639502397, 0.08005089058524174, 0.7836940298507463, 0.431872460217994, 0.61, 0.178127539782006, 0, 0, 0, 260, 0, 0, 0, 190, 266, 77, 15, 12, 172
93.62399999999999, 7.541497884697418, 0.08055090451911282, 0.08005089058524174, 0.7836940298507463, 0.431872460217994, 0.77, 0.338127539782006, 0, 0, 0, 260, 0, 0, 0, 190, 237, 91, 29, 14, 172
93.66899999999999, 7.545407422221885, 0.08055394444503396, 0.08005089058524174, 0.7836940298507463, 0.431872460217994, 0.74, 0.308127539782006, 0, 0, 0, 260, 0, 0, 0, 190, 161, 197, 76, 106, 172
93.718, 7.549316959746353, 0.08055354318003321, 0.08005089058524174, 0.7836940298507463, 0.431872460217994, 0.79, 0.3581275397820059, 0, 0, 0, 260, 0, 0, 0, 190, 68, 262, 93, 65, 172
93.76600000000002, 7.552737805080262, 0.08054878959409873, 0.08005089058524174, 0.7836940298507463, 0.431872460217994, 0.79, 0.3581275397820059, 0, 0, 0, 260, 0, 0, 0, 190, 46, 259, 22, 3, 172
93.82099999999999, 7.557136034795287, 0.08054844901243097, 0.08005089058524174, 0.7836940298507463, 0.431872460217994, 0.75, 0.318127539782006, 0, 0, 0, 260, 0, 0, 0, 190, 92, 264, 46, 5, 172
93.87600000000001, 7.561778610605592, 0.08055071168994836, 0.08005089058524174, 0.7836940298507463, 0.431872460217994, 0.38, -0.05187246021799403, 0, 0, 0, 260, 0, 0, 0, -190, 66, 259, 26, 5, 173
93.93000000000001, 7.566176840320618, 0.08055122793911018, 0.08005089058524174, 0.7836940298507463, 0.431872460217994, 0.25, -0.181872460217994, 0, 0, 0, 260, 0, 0, 0, -190, 86, 240, 20, 19, 173
93.986, 7.570575070035643, 0.08055002947285386, 0.08005089058524174, 0.7836940298507463, 0.431872460217994, 0.17, -0.261872460217994, 0, 0, 0, 260, 0, 0, 0, -190, 194, 143, 108, 97, 173
94.03600000000001, 7.574484607560111, 0.080548775017654, 0.08005089058524174, 0.7836940298507463, 0.431872460217994, 0.18, -0.251872460217994, 0, 0, 0, 260, 0, 0, 0, -190, 253, 68, 59, 75, 173
94.08900000000001, 7.578638491179857, 0.08054755062950882, 0.08005089058524174, 0.7836940298507463, 0.431872460217994, 0.3, -0.131872460217994, 0, 0, 0, 260, 0, 0, 0, -190, 253, 71, 0, 3, 173
94.14100000000001, 7.583525413085441, 0.08055496981214818, 0.08005089058524174, 0.7836940298507463, 0.431872460217994, 0.63, 0.198127539782006, 0, 0, 0, 260, 0, 0, 0, 190, 287, 71, 34, 0, 174
94.2, 7.588167988895746, 0.0805538003067489, 0.08005089058524174, 0.7836940298507463, 0.431872460217994, 0.71, 0.278127539782006, 0, 0, 0, 260, 0, 0, 0, 190, 224, 92, 63, 21, 174
94.261, 7.592810564706051, 0.08055092312521669, 0.08005089058524174, 0.7836940298507463, 0.431872460217994, 0.65, 0.218127539782006, 0, 0, 0, 260, 0, 0, 0, 190, 133, 210, 91, 118, 174
94.31100000000001, 7.59647575613524, 0.08054708099940877, 0.08005089058524174, 0.7836940298507463, 0.431872460217994, 0.71, 0.278127539782006, 0, 0, 0, 260, 0, 0, 0, 190, 51, 258, 82, 48, 174
94.36100000000001, 7.600873985850265, 0.08055101139083165, 0.08005089058524174, 0.7836940298507463, 0.431872460217994, 0.74, 0.308127539782006, 0, 0, 0, 260, 0, 0, 0, 190, 85, 255, 34, 3, 174
94.42100000000002, 7.606005253851129, 0.08055416966406973, 0.08005089058524174, 0.7836940298507463, 0.431872460217994, 0.36, -0.07187246021799404, 0, 0, 0, 260, 0, 0, 0, -190, 74, 282, 11, 27, 175
94.476, 7.610159137470875, 0.08055124198178241, 0.08005089058524174, 0.7836940298507463, 0.431872460217994, 0.18, -0.251872460217994, 0, 0, 0, 260, 0, 0, 0, -190, 84, 222, 10, 60, 175
94.53100000000001, 7.614801713281179, 0.08055348735632945, 0.08005089058524174, 0.7836940298507463, 0.431872460217994, 0.17, -0.261872460217994, 0, 0, 0, 260, 0, 0, 0, -190, 204, 136, 120, 86, 175
94.58, 7.618711250805647, 0.08055308998525742, 0.08005089058524174, 0.7836940298507463, 0.431872460217994, 0.19, -0.241872460217994, 0, 0, 0, 260, 0, 0, 0, -190, 249, 73, 45, 63, 175
94.64, 7.623598172711232, 0.08055365778435368, 0.08005089058524174, 0.7836940298507463, 0.431872460217994, 0.28, -0.151872460217994, 0, 0, 0, 260, 0, 0, 0, -190, 265, 72, 16, 1, 175
94.70000000000001, 7.628485094616816, 0.08055422486395793, 0.08005089058524174, 0.7836940298507463, 0.431872460217994, 0.63, 0.198127539782006, 0, 0, 0, 260, 0, 0, 0, 190, 279, 69, 14, 3, 176
94.758, 7.63312767042712, 0.08055391281398004, 0.08005089058524174, 0.7836940298507463, 0.431872460217994, 0.75, 0.318127539782006, 0, 0, 0, 260, 0, 0, 0, 190, 224, 99, 55, 30, 176
94.817, 7.638014592332704, 0.08055532860492004, 0.08005089058524174, 0.7836940298507463, 0.431872460217994, 0.77, 0.338127539782006, 0, 0, 0, 260, 0, 0, 0, 190, 140, 206, 84, 107, 176
94.87, 7.642168475952452, 0.08055411063510542, 0.08005089058524174, 0.7836940298507463, 0.431872460217994, 0.79, 0.3581275397820059, 0, 0, 0, 260, 0, 0, 0, 190, 53, 269, 87, 63, 176
94.92100000000001, 7.645833667381639, 0.08054944287756808, 0.08005089058524174, 0.7836940298507463, 0.431872460217994, 0.7800000000000001, 0.348127539782006, 0, 0, 0, 260, 0, 0, 0, 190, 74, 242, 21, 27, 176
94.98000000000001, 7.650964935382502, 0.08055343162120977, 0.08005089058524174, 0.7836940298507463, 0.431872460217994, 0.4699999999999999, 0.03812753978200597, 0, 0, 0, 260, 0, 0, 0, 190, 71, 273, 3, 31, 176
95.039, 7.655851857288087, 0.08055484440375094, 0.08005089058524174, 0.7836940298507463, 0.431872460217994, 0.22, -0.211872460217994, 0, 0, 0, 260, 0, 0, 0, -190, 67, 251, 4, 22, 177
95.09500000000001, 7.659761394812555, 0.08054851879502134, 0.08005089058524174, 0.7836940298507463, 0.431872460217994, 0.21, -0.221872460217994, 0, 0, 0, 260, 0, 0, 0, -190, 97, 241, 30, 10, 177
95.15000000000001, 7.664648316718139, 0.08055331914575026, 0.08005089058524174, 0.7836940298507463, 0.431872460217994, 0.19, -0.241872460217994, 0, 0, 0, 260, 0, 0, 0, -190, 194, 132, 97, 109, 177
95.20099999999999, 7.668313508147325, 0.08054866554077506, 0.08005089058524174, 0.7836940298507463, 0.431872460217994, 0.21, -0.221872460217994, 0, 0, 0, 260, 0, 0, 0, -190, 259, 61, 65, 71, 177
95.25499999999999, 7.67295608395763, 0.08055174094753694, 0.08005089058524174, 0.7836940298507463, 0.431872460217994, 0.2, -0.2318724602179941, 0, 0, 0, 260, 0, 0, 0, -190, 278, 68, 19, 7, 177
95.31000000000001, 7.677598659767936, 0.08055396768196344, 0.08005089058524174, 0.7836940298507463, 0.431872460217994, 0.2, -0.2318724602179941, 0, 0, 0, 260, 0, 0, 0, -190, 259, 70, 19, 2, 177
95.36, 7.681508197292404, 0.08055272857898911, 0.08005089058524174, 0.7836940298507463, 0.431872460217994, 0.34, -0.09187246021799403, 0, 0, 0, 260, 0, 0, 0, -190, 258, 70, 1, 0, 177
95.419, 7.686150773102709, 0.08055157540010594, 0.08005089058524174, 0.7836940298507463, 0.431872460217994, 0.7, 0.268127539782006, 0, 0, 0, 260, 0, 0, 0, 190, 244, 70, 14, 0, 178
95.47499999999999, 7.690793348913012, 0.08055295468879825, 0.08005089058524174, 0.7836940298507463, 0.431872460217994, 0.8100000000000001, 0.378127539782006, 0, 0, 0, 260, 0, 0, 0, 190, 266, 94, 22, 24, 178
95.526, 7.694947232532758, 0.08055343291389526, 0.08005089058524174, 0.7836940298507463, 0.431872460217994, 0.8, 0.368127539782006, 0, 0, 0, 260, 0, 0, 0, 190, 141, 196, 125, 102, 178
95.571, 7.698612423961948, 0.08055385445335872, 0.08005089058524174, 0.7836940298507463, 0.431872460217994, 0.8199999999999999, 0.388127539782006, 0, 0, 0, 260, 0, 0, 0, 190, 69, 242, 72, 46, 178
95.62099999999999, 7.702277615391137, 0.08055006343158027, 0.08005089058524174, 0.7836940298507463, 0.431872460217994, 0.8299999999999999, 0.398127539782006, 0, 0, 0, 260, 0, 0, 0, 190, 53, 252, 16, 10, 178
95.67400000000001, 7.706920191201442, 0.08055396650293122, 0.08005089058524174, 0.7836940298507463, 0.431872460217994, 0.8100000000000001, 0.378127539782006, 0, 0, 0, 260, 0, 0, 0, 190, 91, 282, 38, 30, 178
95.726, 7.711074074821187, 0.08055360168419433, 0.08005089058524174, 0.7836940298507463, 0.431872460217994, 0.55, 0.118127539782006, 0, 0, 0, 260, 0, 0, 0, 190, 47, 261, 44, 21, 178
95.779, 7.715472304536212, 0.08055494737401949, 0.08005089058524174, 0.7836940298507463, 0.431872460217994, 0.29, -0.141872460217994, 0, 0, 0, 260, 0, 0, 0, -190, 85, 243, 38, 18, 179
95.82700000000001, 7.719137495965401, 0.08055284518940802, 0.08005089058524174, 0.7836940298507463, 0.431872460217994, 0.23, -0.201872460217994, 0, 0, 0, 260, 0, 0, 0, -190, 80, 251, 5, 8, 179
95.876, 7.723047033489867, 0.08055245351798018, 0.08005089058524174, 0.7836940298507463, 0.431872460217994, 0.21, -0.221872460217994, 0, 0, 0, 260, 0, 0, 0, -190, 163, 161, 83, 90, 179
95.921, 7.726712224919056, 0.08055287397878521, 0.08005089058524174, 0.7836940298507463, 0.431872460217994, 0.16, -0.271872460217994, 0, 0, 0, 260, 0, 0, 0, -190, 246, 89, 83, 72, 179
95.97, 7.730377416348245, 0.08054993660881781, 0.08005089058524174, 0.7836940298507463, 0.431872460217994, 0.18, -0.251872460217994, 0, 0, 0, 260, 0, 0, 0, -190, 266, 51, 20, 38, 179
96.01800000000001, 7.734286953872711, 0.08055038590548346, 0.08005089058524174, 0.7836940298507463, 0.431872460217994, 0.21, -0.221872460217994, 0, 0, 0, 260, 0, 0, 0, -190, 255, 84, 11, 33, 179
96.06900000000001, 7.738440837492459, 0.08055086279124858, 0.08005089058524174, 0.7836940298507463, 0.431872460217994, 0.15, -0.2818724602179941, 0, 0, 0, 260, 0, 0, 0, -190, 276, 62, 21, 22, 179
96.12500000000001, 7.743083413302764, 0.08055223316829924, 0.08005089058524174, 0.7836940298507463, 0.431872460217994, 0.52, 0.08812753978200597, 0, 0, 0, 260, 0, 0, 0, 190, 250, 80, 26, 18, 180
96.17600000000001, 7.74699295082723, 0.08055016792991214, 0.08005089058524174, 0.7836940298507463, 0.431872460217994, 0.64, 0.208127539782006, 0, 0, 0, 260, 0, 0, 0, 190, 244, 82, 6, 2, 180
96.22700000000002, 7.751391180542256, 0.08055318341569679, 0.08005089058524174, 0.7836940298507463, 0.431872460217994, 0.44, 0.008127539782005968, 0, 0, 0, 260, 0, 0, 0, 190, 168, 190, 76, 108, 180
96.27400000000002, 7.755300718066723, 0.08055446660642254, 0.08005089058524174, 0.7836940298507463, 0.431872460217994, 0.17, -0.261872460217994, 0, 0, 0, 260, 0, 0, 0, -190, 76, 255, 92, 65, 181
96.32100000000001, 7.75896590949591, 0.08055321175544181, 0.08005089058524174, 0.7836940298507463, 0.431872460217994, 0.16, -0.271872460217994, 0, 0, 0, 260, 0, 0, 0, -190, 74, 236, 2, 19, 181
96.37, 7.763119793115658, 0.08055535740495651, 0.08005089058524174, 0.7836940298507463, 0.431872460217994, 0.19, -0.241872460217994, 0, 0, 0, 260, 0, 0, 0, -190, 185, 170, 111, 66, 181
96.41800000000002, 7.766784984544846, 0.08055326790168689, 0.08005089058524174, 0.7836940298507463, 0.431872460217994, 0.19, -0.241872460217994, 0, 0, 0, 260, 0, 0, 0, -190, 243, 88, 58, 82, 181
96.46700000000001, 7.770450175974034, 0.08055034546501949, 0.08005089058524174, 0.7836940298507463, 0.431872460217994, 0.19, -0.241872460217994, 0, 0, 0, 260, 0, 0, 0, -190, 273, 45, 30, 43, 181
96.515, 7.774604059593782, 0.08055332393507518, 0.08005089058524174, 0.7836940298507463, 0.431872460217994, 0.2, -0.2318724602179941, 0, 0, 0, 260, 0, 0, 0, -190, 265, 83, 8, 38, 181
96.56100000000002, 7.778513597118248, 0.08055543746562533, 0.08005089058524174, 0.7836940298507463, 0.431872460217994, 0.21, -0.221872460217994, 0, 0, 0, 260, 0, 0, 0, -190, 257, 74, 8, 9, 181
96.607, 7.781690096356877, 0.08054996114522631, 0.08005089058524174, 0.7836940298507463, 0.431872460217994, 0.2, -0.2318724602179941, 0, 0, 0, 260, 0, 0, 0, -190, 255, 65, 2, 9, 181
96.654, 7.785843979976624, 0.08055376890740812, 0.08005089058524174, 0.7836940298507463, 0.431872460217994, 0.19, -0.241872460217994, 0, 0, 0, 260, 0, 0, 0, -190, 258, 79, 3, 14, 181
96.70000000000002, 7.789509171405813, 0.08055335234132174, 0.08005089058524174, 0.7836940298507463, 0.431872460217994, 0.18, -0.251872460217994, 0, 0, 0, 260, 0, 0, 0, -190, 271, 65, 13, 14, 181
96.74900000000001, 7.793418708930281, 0.08055296394722717, 0.08005089058524174, 0.7836940298507463, 0.431872460217994, 0.17, -0.261872460217994, 0, 0, 0, 260, 0, 0, 0, -190, 259, 65, 12, 0, 181
96.806, 7.797816938645306, 0.08055096728142166, 0.08005089058524174, 0.7836940298507463, 0.431872460217994, 0.15, -0.2818724602179941, 0, 0, 0, 260, 0, 0, 0, -190, 261, 79, 2, 14, 181
96.851, 7.801726476169772, 0.08055390730265843, 0.08005089058524174, 0.7836940298507463, 0.431872460217994, 0.19, -0.241872460217994, 0, 0, 0, 260, 0, 0, 0, -190, 261, 64, 0, 15, 181
96.90000000000001, 7.80563601369424, 0.08055351923317069, 0.08005089058524174, 0.7836940298507463, 0.431872460217994, 0.17, -0.261872460217994, 0, 0, 0, 260, 0, 0, 0, -190, 259, 70, 2, 6, 181
96.94800000000001, 7.809301205123427, 0.08055144206299694, 0.08005089058524174, 0.7836940298507463, 0.431872460217994, 0.16, -0.271872460217994, 0, 0, 0, 260, 0, 0, 0, -190, 247, 75, 12, 5, 181
97.01000000000001, 7.814676819219571, 0.0805553738709367, 0.08005089058524174, 0.7836940298507463, 0.431872460217994, 0.17, -0.261872460217994, 0, 0, 0, 260, 0, 0, 0, -190, 269, 65, 22, 10, 181
97.064, 7.818586356744039, 0.08055083611580027, 0.08005089058524174, 0.7836940298507463, 0.431872460217994, 0.19, -0.241872460217994, 0, 0, 0, 260, 0, 0, 0, -190, 264, 72, 5, 7, 181
97.10900000000001, 7.822495894268505, 0.08055376838674587, 0.08005089058524174, 0.7836940298507463, 0.431872460217994, 0.2, -0.2318724602179941, 0, 0, 0, 260, 0, 0, 0, -190, 254, 69, 10, 3, 181
97.15600000000002, 7.825916739602414, 0.08055000967106935, 0.08005089058524174, 0.7836940298507463, 0.431872460217994, 0.2, -0.2318724602179941, 0, 0, 0, 260, 0, 0, 0, -190, 256, 67, 2, 2, 181
97.20000000000001, 7.829826277126881, 0.08055376828319837, 0.08005089058524174, 0.7836940298507463, 0.431872460217994, 0.21, -0.221872460217994, 0, 0, 0, 260, 0, 0, 0, -190, 258, 72, 2, 5, 181
97.25000000000001, 7.833980160746628, 0.08055506592027381, 0.08005089058524174, 0.7836940298507463, 0.431872460217994, 0.23, -0.201872460217994, 0, 0, 0, 260, 0, 0, 0, -190, 270, 68, 12, 4, 181
97.29800000000001, 7.837645352175816, 0.08055299545906202, 0.08005089058524174, 0.7836940298507463, 0.431872460217994, 0.23, -0.201872460217994, 0, 0, 0, 260, 0, 0, 0, -190, 255, 76, 15, 8, 181
97.346, 7.841554889700284, 0.08055343711811767, 0.08005089058524174, 0.7836940298507463, 0.431872460217994, 0.22, -0.211872460217994, 0, 0, 0, 260, 0, 0, 0, -190, 260, 74, 5, 2, 181
97.39400000000002, 7.845220081129471, 0.08055136950047714, 0.08005089058524174, 0.7836940298507463, 0.431872460217994, 0.22, -0.211872460217994, 0, 0, 0, 260, 0, 0, 0, -190, 261, 59, 1, 15, 181
97.44, 7.849129618653938, 0.08055346488766357, 0.08005089058524174, 0.7836940298507463, 0.431872460217994, 0.2, -0.2318724602179941, 0, 0, 0, 260, 0, 0, 0, -190, 264, 84, 3, 25, 181
97.50100000000002, 7.854016540559522, 0.08055318961405035, 0.08005089058524174, 0.7836940298507463, 0.431872460217994, 0.2, -0.2318724602179941, 0, 0, 0, 260, 0, 0, 0, -190, 254, 60, 10, 24, 181
97.54600000000002, 7.857681731988712, 0.08055360273090349, 0.08005089058524174, 0.7836940298507463, 0.431872460217994, 0.2, -0.2318724602179941, 0, 0, 0, 260, 0, 0, 0, -190, 266, 75, 12, 15, 181
97.59399999999999, 7.861591269513179, 0.08055404296896508, 0.08005089058524174, 0.7836940298507463, 0.431872460217994, 0.24, -0.191872460217994, 0, 0, 0, 260, 0, 0, 0, -190, 261, 63, 5, 12, 181
97.64200000000001, 7.865500807037646, 0.0805544827741919, 0.08005089058524174, 0.7836940298507463, 0.431872460217994, 0.23, -0.201872460217994, 0, 0, 0, 260, 0, 0, 0, -190, 257, 80, 4, 17, 181
97.689, 7.869165998466833, 0.08055324548789356, 0.08005089058524174, 0.7836940298507463, 0.431872460217994, 0.2, -0.2318724602179941, 0, 0, 0, 260, 0, 0, 0, -190, 268, 70, 11, 10, 181
97.73600000000002, 7.87331988208658, 0.08055700951631517, 0.08005089058524174, 0.7836940298507463, 0.431872460217994, 0.2, -0.2318724602179941, 0, 0, 0, 260, 0, 0, 0, -190, 255, 66, 13, 4, 181
97.78500000000001, 7.876985073515768, 0.08055412459493549, 0.08005089058524174, 0.7836940298507463, 0.431872460217994, 0.21, -0.221872460217994, 0, 0, 0, 260, 0, 0, 0, -190, 269, 76, 14, 10, 181
97.83000000000001, 7.880650264944956, 0.08055453608243846, 0.08005089058524174, 0.7836940298507463, 0.431872460217994, 0.19, -0.241872460217994, 0, 0, 0, 260, 0, 0, 0, -190, 250, 60, 19, 16, 181
97.887, 7.885292840755261, 0.08055505675682431, 0.08005089058524174, 0.7836940298507463, 0.431872460217994, 0.23, -0.201872460217994, 0, 0, 0, 260, 0, 0, 0, -190, 260, 75, 10, 15, 181
97.93600000000001, 7.889202378279728, 0.08055467221736368, 0.08005089058524174, 0.7836940298507463, 0.431872460217994, 0.22, -0.211872460217994, 0, 0, 0, 260, 0, 0, 0, -190, 266, 72, 6, 3, 181
97.981, 7.892623223613636, 0.08055258900821217, 0.08005089058524174, 0.7836940298507463, 0.431872460217994, 0.23, -0.201872460217994, 0, 0, 0, 260, 0, 0, 0, -190, 254, 60, 12, 12, 181
98.02900000000001, 7.896532761138104, 0.08055302778910429, 0.08005089058524174, 0.7836940298507463, 0.431872460217994, 0.22, -0.211872460217994, 0, 0, 0, 260, 0, 0, 0, -190, 254, 73, 0, 13, 181
98.08100000000001, 7.90117533694841, 0.08055765476441318, 0.08005089058524174, 0.7836940298507463, 0.431872460217994, 0.18, -0.251872460217994, 0, 0, 0, 260, 0, 0, 0, -190, 264, 65, 10, 8, 181
98.131, 7.904840528377599, 0.08055395877324798, 0.08005089058524174, 0.7836940298507463, 0.431872460217994, 0.2, -0.2318724602179941, 0, 0, 0, 260, 0, 0, 0, -190, 261, 72, 3, 7, 181
98.18000000000001, 7.908994411997345, 0.08055606449375986, 0.08005089058524174, 0.7836940298507463, 0.431872460217994, 0.2, -0.2318724602179941, 0, 0, 0, 260, 0, 0, 0, -190, 260, 75, 1, 3, 181
98.22900000000001, 7.912903949521811, 0.08055568059861965, 0.08005089058524174, 0.7836940298507463, 0.431872460217994, 0.21, -0.221872460217994, 0, 0, 0, 260, 0, 0, 0, -190, 260, 68, 0, 7, 181
98.28000000000001, 7.917057833141558, 0.08055614400835937, 0.08005089058524174, 0.7836940298507463, 0.431872460217994, 0.38, -0.05187246021799403, 0, 0, 0, 260, 0, 0, 0, -190, 260, 69, 0, 1, 181
98.33100000000002, 7.920967370666025, 0.08055412200288846, 0.08005089058524174, 0.7836940298507463, 0.431872460217994, 0.67, 0.238127539782006, 0, 0, 0, 260, 0, 0, 0, 190, 258, 66, 2, 3, 182
98.377, 7.924876908190493, 0.08055619614534386, 0.08005089058524174, 0.7836940298507463, 0.431872460217994, 0.8100000000000001, 0.378127539782006, 0, 0, 0, 260, 0, 0, 0, 190, 242, 94, 16, 28, 182
98.42600000000001, 7.928542099619681, 0.08055333041695976, 0.08005089058524174, 0.7836940298507463, 0.431872460217994, 0.8100000000000001, 0.378127539782006, 0, 0, 0, 260, 0, 0, 0, 190, 177, 175, 65, 81, 182
98.476, 7.932695983239427, 0.08055461212112014, 0.08005089058524174, 0.7836940298507463, 0.431872460217994, 0.8100000000000001, 0.378127539782006, 0, 0, 0, 260, 0, 0, 0, 190, 82, 243, 95, 68, 182
98.53100000000001, 7.936849866859172, 0.08055180467933109, 0.08005089058524174, 0.7836940298507463, 0.431872460217994, 0.8100000000000001, 0.378127539782006, 0, 0, 0, 260, 0, 0, 0, 190, 52, 260, 30, 17, 182
98.58499999999999, 7.941248096574199, 0.08055229595348379, 0.08005089058524174, 0.7836940298507463, 0.431872460217994, 0.63, 0.198127539782006, 0, 0, 0, 260, 0, 0, 0, 190, 84, 272, 32, 12, 182
98.63700000000001, 7.945646326289226, 0.08055442000759578, 0.08005089058524174, 0.7836940298507463, 0.431872460217994, 0.33, -0.101872460217994, 0, 0, 0, 260, 0, 0, 0, -190, 71, 258, 13, 14, 183
98.69100000000001, 7.95028890209953, 0.08055738519317394, 0.08005089058524174, 0.7836940298507463, 0.431872460217994, 0.22, -0.211872460217994, 0, 0, 0, 260, 0, 0, 0, -190, 98, 232, 27, 26, 183
98.74000000000001, 7.953954093528718, 0.08055452798793517, 0.08005089058524174, 0.7836940298507463, 0.431872460217994, 0.21, -0.221872460217994, 0, 0, 0, 260, 0, 0, 0, -190, 183, 137, 85, 95, 183
98.78900000000002, 7.957619284957905, 0.08055167361708191, 0.08005089058524174, 0.7836940298507463, 0.431872460217994, 0.17, -0.261872460217994, 0, 0, 0, 260, 0, 0, 0, -190, 253, 74, 70, 63, 183
98.84500000000001, 7.96226186076821, 0.0805530058249604, 0.08005089058524174, 0.7836940298507463, 0.431872460217994, 0.19, -0.241872460217994, 0, 0, 0, 260, 0, 0, 0, -190, 283, 73, 30, 1, 183
98.89900000000001, 7.966660090483237, 0.0805534948834997, 0.08005089058524174, 0.7836940298507463, 0.431872460217994, 0.26, -0.171872460217994, 0, 0, 0, 260, 0, 0, 0, -190, 263, 72, 20, 1, 183
98.948, 7.970813974102984, 0.0805555844898632, 0.08005089058524174, 0.7836940298507463, 0.431872460217994, 0.42, -0.01187246021799403, 0, 0, 0, 260, 0, 0, 0, -190, 247, 72, 16, 0, 183
98.99900000000001, 7.97496785772273, 0.08055604458350821, 0.08005089058524174, 0.7836940298507463, 0.431872460217994, 0.73, 0.298127539782006, 0, 0, 0, 260, 0, 0, 0, 190, 258, 63, 11, 9, 184
99.04900000000001, 7.979366087437755, 0.0805597844242522, 0.08005089058524174, 0.7836940298507463, 0.431872460217994, 0.8299999999999999, 0.398127539782006, 0, 0, 0, 260, 0, 0, 0, 190, 260, 99, 2, 36, 184
99.10600000000001, 7.983519971057502, 0.08055536467073136, 0.08005089058524174, 0.7836940298507463, 0.431872460217994, 0.79, 0.3581275397820059, 0, 0, 0, 260, 0, 0, 0, 190, 147, 195, 113, 96, 184
99.15600000000001, 7.987429508581969, 0.08055417230003197, 0.08005089058524174, 0.7836940298507463, 0.431872460217994, 0.73, 0.298127539782006, 0, 0, 0, 260, 0, 0, 0, 190, 75, 250, 72, 55, 184
99.20000000000002, 7.990850353915878, 0.08055292695479716, 0.08005089058524174, 0.7836940298507463, 0.431872460217994, 0.8199999999999999, 0.388127539782006, 0, 0, 0, 260, 0, 0, 0, 190, 56, 251, 19, 1, 184
99.25000000000001, 7.995492929726184, 0.08055912271764416, 0.08005089058524174, 0.7836940298507463, 0.431872460217994, 0.77, 0.338127539782006, 0, 0, 0, 260, 0, 0, 0, 190, 78, 278, 22, 27, 184
99.3, 7.99940246725065, 0.08055793018379305, 0.08005089058524174, 0.7836940298507463, 0.431872460217994, 0.41, -0.02187246021799403, 0, 0, 0, 260, 0, 0, 0, -190, 69, 264, 9, 14, 185
99.35, 8.003312004775118, 0.08055673885027799, 0.08005089058524174, 0.7836940298507463, 0.431872460217994, 0.23, -0.201872460217994, 0, 0, 0, 260, 0, 0, 0, -190, 85, 226, 16, 38, 185
99.398, 8.006977196204305, 0.08055471132421484, 0.08005089058524174, 0.7836940298507463, 0.431872460217994, 0.16, -0.271872460217994, 0, 0, 0, 260, 0, 0, 0, -190, 181, 170, 96, 56, 185
99.44600000000001, 8.010642387633494, 0.08055268575541996, 0.08005089058524174, 0.7836940298507463, 0.431872460217994, 0.17, -0.261872460217994, 0, 0, 0, 260, 0, 0, 0, -190, 241, 84, 60, 86, 185
99.497, 8.014551925157962, 0.0805506892183479, 0.08005089058524174, 0.7836940298507463, 0.431872460217994, 0.21, -0.221872460217994, 0, 0, 0, 260, 0, 0, 0, -190, 282, 41, 41, 43, 185
99.54700000000001, 8.019438847063546, 0.08055932220020237, 0.08005089058524174, 0.7836940298507463, 0.431872460217994, 0.33, -0.101872460217994, 0, 0, 0, 260, 0, 0, 0, -190, 270, 94, 12, 53, 185
99.60500000000001, 8.023592730683292, 0.08055411606529082, 0.08005089058524174, 0.7836940298507463, 0.431872460217994, 0.8299999999999999, 0.398127539782006, 0, 0, 0, 260, 0, 0, 0, 190, 255, 64, 15, 30, 186
99.651, 8.027257922112481, 0.0805537116748701, 0.08005089058524174, 0.7836940298507463, 0.431872460217994, 0.86, 0.428127539782006, 0, 0, 0, 260, 0, 0, 0, 190, 234, 88, 21, 24, 186
99.69900000000001, 8.031411805732226, 0.0805565934034667, 0.08005089058524174, 0.7836940298507463, 0.431872460217994, 0.85, 0.418127539782006, 0, 0, 0, 260, 0, 0, 0, 190, 170, 189, 64, 101, 186
99.75000000000001, 8.035565689351973, 0.080557049517313, 0.08005089058524174, 0.7836940298507463, 0.431872460217994, 0.8199999999999999, 0.388127539782006, 0, 0, 0, 260, 0, 0, 0, 190, 79, 248, 91, 59, 186
99.8, 8.03923088078116, 0.08055341563908978, 0.08005089058524174, 0.7836940298507463, 0.431872460217994, 0.8100000000000001, 0.378127539782006, 0, 0, 0, 260, 0, 0, 0, 190, 52, 265, 27, 17, 186
99.848, 8.043140418305628, 0.0805538460290204, 0.08005089058524174, 0.7836940298507463, 0.431872460217994, 0.8100000000000001, 0.378127539782006, 0, 0, 0, 260, 0, 0, 0, 190, 85, 254, 33, 11, 186
99.901, 8.047782994115934, 0.08055758194728714, 0.08005089058524174, 0.7836940298507463, 0.431872460217994, 0.62, 0.188127539782006, 0, 0, 0, 260, 0, 0, 0, 190, 67, 275, 18, 21, 186
99.95100000000001, 8.051936877735679, 0.08055884261023582, 0.08005089058524174, 0.7836940298507463, 0.431872460217994, 0.35, -0.08187246021799403, 0, 0, 0, 260, 0, 0, 0, -190, 65, 251, 2, 24, 187
100.0, 8.055846415260147, 0.08055846415260147, 0.08005089058524174, 0.7836940298507463, 0.431872460217994, 0.19, -0.241872460217994, 0, 0, 0, 260, 0, 0, 0, -190, 89, 245, 24, 6, 187
100.056, 8.060000298879894, 0.08055489224913941, 0.08005089058524174, 0.7836940298507463, 0.431872460217994, 0.2, -0.2318724602179941, 0, 0, 0, 260, 0, 0, 0, -190, 189, 155, 100, 90, 187
100.111, 8.06439852859492, 0.08055456971356712, 0.08005089058524174, 0.7836940298507463, 0.431872460217994, 0.18, -0.251872460217994, 0, 0, 0, 260, 0, 0, 0, -190, 249, 69, 60, 86, 187
100.16, 8.068552412214665, 0.08055663350853299, 0.08005089058524174, 0.7836940298507463, 0.431872460217994, 0.2, -0.2318724602179941, 0, 0, 0, 260, 0, 0, 0, -190, 273, 65, 24, 4, 187
100.21, 8.072706295834411, 0.08055789138643261, 0.08005089058524174, 0.7836940298507463, 0.431872460217994, 0.27, -0.161872460217994, 0, 0, 0, 260, 0, 0, 0, -190, 265, 80, 8, 15, 187
100.261, 8.076615833358879, 0.08055590741523503, 0.08005089058524174, 0.7836940298507463, 0.431872460217994, 0.48, 0.04812753978200597, 0, 0, 0, 260, 0, 0, 0, 190, 255, 63, 10, 17, 188
100.31, 8.080525370883347, 0.08055553156099439, 0.08005089058524174, 0.7836940298507463, 0.431872460217994, 0.73, 0.298127539782006, 0, 0, 0, 260, 0, 0, 0, 190, 227, 87, 28, 24, 188
100.364, 8.084679254503094, 0.08055357752284776, 0.08005089058524174, 0.7836940298507463, 0.431872460217994, 0.84, 0.4081275397820059, 0, 0, 0, 260, 0, 0, 0, 190, 167, 192, 60, 105, 188
100.41, 8.088833138122839, 0.08055804340327498, 0.08005089058524174, 0.7836940298507463, 0.431872460217994, 0.84, 0.4081275397820059, 0, 0, 0, 260, 0, 0, 0, 190, 86, 256, 81, 64, 188
100.46, 8.092498329552027, 0.08055443290416113, 0.08005089058524174, 0.7836940298507463, 0.431872460217994, 0.8199999999999999, 0.388127539782006, 0, 0, 0, 260, 0, 0, 0, 190, 46, 238, 40, 18, 188
100.517, 8.097385251457611, 0.08055737090698701, 0.08005089058524174, 0.7836940298507463, 0.431872460217994, 0.38, -0.05187246021799403, 0, 0, 0, 260, 0, 0, 0, -190, 85, 278, 39, 40, 189
100.569, 8.101539135077358, 0.0805570218961843, 0.08005089058524174, 0.7836940298507463, 0.431872460217994, 0.17, -0.261872460217994, 0, 0, 0, 260, 0, 0, 0, -190, 78, 240, 7, 38, 189
100.616, 8.105448672601826, 0.08055824791883822, 0.08005089058524174, 0.7836940298507463, 0.431872460217994, 0.17, -0.261872460217994, 0, 0, 0, 260, 0, 0, 0, -190, 188, 155, 110, 85, 189
100.663, 8.108869517935734, 0.08055461806160888, 0.08005089058524174, 0.7836940298507463, 0.431872460217994, 0.18, -0.251872460217994, 0, 0, 0, 260, 0, 0, 0, -190, 253, 67, 65, 88, 189
100.716, 8.112779055460202, 0.0805510450718873, 0.08005089058524174, 0.7836940298507463, 0.431872460217994, 0.19, -0.241872460217994, 0, 0, 0, 260, 0, 0, 0, -190, 258, 62, 5, 5, 189
100.762, 8.117177285175227, 0.08055792148999849, 0.08005089058524174, 0.7836940298507463, 0.431872460217994, 0.33, -0.101872460217994, 0, 0, 0, 260, 0, 0, 0, -190, 282, 82, 24, 20, 189
100.819, 8.121575514890253, 0.08055600149664501, 0.08005089058524174, 0.7836940298507463, 0.431872460217994, 0.61, 0.178127539782006, 0, 0, 0, 260, 0, 0, 0, 190, 244, 66, 38, 16, 190
100.866, 8.124996360224161, 0.0805523799915151, 0.08005089058524174, 0.7836940298507463, 0.431872460217994, 0.8, 0.368127539782006, 0, 0, 0, 260, 0, 0, 0, 190, 252, 76, 8, 10, 190
100.911, 8.129394589939189, 0.08056004389946773, 0.08005089058524174, 0.7836940298507463, 0.431872460217994, 0.8100000000000001, 0.378127539782006, 0, 0, 0, 260, 0, 0, 0, 190, 179, 186, 73, 110, 190
100.96, 8.133548473558934, 0.08056208868422083, 0.08005089058524174, 0.7836940298507463, 0.431872460217994, 0.8199999999999999, 0.388127539782006, 0, 0, 0, 260, 0, 0, 0, 190, 76, 247, 103, 61, 190
101.014, 8.136969318892843, 0.0805528869156042, 0.08005089058524174, 0.7836940298507463, 0.431872460217994, 0.8199999999999999, 0.388127539782006, 0, 0, 0, 260, 0, 0, 0, 190, 55, 249, 21, 2, 190
101.06, 8.14112320251259, 0.08055732438662766, 0.08005089058524174, 0.7836940298507463, 0.431872460217994, 0.79, 0.3581275397820059, 0, 0, 0, 260, 0, 0, 0, 190, 77, 270, 22, 21, 190
101.121, 8.146254470513453, 0.08055947301266258, 0.08005089058524174, 0.7836940298507463, 0.431872460217994, 0.45, 0.01812753978200597, 0, 0, 0, 260, 0, 0, 0, 190, 68, 260, 9, 10, 190
101.17, 8.150164008037921, 0.08055909862644974, 0.08005089058524174, 0.7836940298507463, 0.431872460217994, 0.26, -0.171872460217994, 0, 0, 0, 260, 0, 0, 0, -190, 70, 260, 2, 0, 191
101.221, 8.154317891657668, 0.08055954684954374, 0.08005089058524174, 0.7836940298507463, 0.431872460217994, 0.21, -0.221872460217994, 0, 0, 0, 260, 0, 0, 0, -190, 88, 229, 18, 31, 191
101.269, 8.157738736991575, 0.08055514261019242, 0.08005089058524174, 0.7836940298507463, 0.431872460217994, 0.18, -0.251872460217994, 0, 0, 0, 260, 0, 0, 0, -190, 177, 155, 89, 74, 191
101.316, 8.161648274516043, 0.0805563610339536, 0.08005089058524174, 0.7836940298507463, 0.431872460217994, 0.2, -0.2318724602179941, 0, 0, 0, 260, 0, 0, 0, -190, 239, 71, 62, 84, 191
101.359, 8.165069119849953, 0.08055593602788063, 0.08005089058524174, 0.7836940298507463, 0.431872460217994, 0.21, -0.221872460217994, 0, 0, 0, 260, 0, 0, 0, -190, 275, 47, 36, 24, 191
101.411, 8.169467349564977, 0.08055800011404067, 0.08005089058524174, 0.7836940298507463, 0.431872460217994, 0.21, -0.221872460217994, 0, 0, 0, 260, 0, 0, 0, -190, 269, 82, 6, 35, 191
101.458, 8.173132540994166, 0.0805568071615266, 0.08005089058524174, 0.7836940298507463, 0.431872460217994, 0.22, -0.211872460217994, 0, 0, 0, 260, 0, 0, 0, -190, 270, 71, 1, 11, 191
101.517, 8.177775116804471, 0.0805557208822608, 0.08005089058524174, 0.7836940298507463, 0.431872460217994, 0.55, 0.118127539782006, 0, 0, 0, 260, 0, 0, 0, 190, 249, 66, 21, 5, 192
101.566, 8.181684654328938, 0.08055534976595453, 0.08005089058524174, 0.7836940298507463, 0.431872460217994, 0.71, 0.278127539782006, 0, 0, 0, 260, 0, 0, 0, 190, 234, 92, 15, 26, 192
101.617, 8.185838537948685, 0.08055579812382462, 0.08005089058524174, 0.7836940298507463, 0.431872460217994, 0.7199999999999999, 0.288127539782006, 0, 0, 0, 260, 0, 0, 0, 190, 157, 194, 77, 102, 192
101.667, 8.190236767663711, 0.08055944178212901, 0.08005089058524174, 0.7836940298507463, 0.431872460217994, 0.6600000000000001, 0.228127539782006, 0, 0, 0, 260, 0, 0, 0, 190, 83, 244, 74, 50, 192
101.718, 8.194146305188177, 0.08055748545181951, 0.08005089058524174, 0.7836940298507463, 0.431872460217994, 0.8100000000000001, 0.378127539782006, 0, 0, 0, 260, 0, 0, 0, 190, 49, 262, 34, 18, 192
101.774, 8.198788880998482, 0.08055877612158785, 0.08005089058524174, 0.7836940298507463, 0.431872460217994, 0.74, 0.308127539782006, 0, 0, 0, 260, 0, 0, 0, 190, 80, 278, 31, 16, 192
101.82, 8.20245407242767, 0.08055837824030318, 0.08005089058524174, 0.7836940298507463, 0.431872460217994, 0.76, 0.328127539782006, 0, 0, 0, 260, 0, 0, 0, 190, 65, 256, 15, 22, 192
101.879, 8.206852302142696, 0.08055489651589332, 0.08005089058524174, 0.7836940298507463, 0.431872460217994, 0.85, 0.418127539782006, 0, 0, 0, 260, 0, 0, 0, 190, 76, 255, 11, 1, 192
101.928, 8.211006185762443, 0.08055692435603998, 0.08005089058524174, 0.7836940298507463, 0.431872460217994, 0.77, 0.338127539782006, 0, 0, 0, 260, 0, 0, 0, 190, 69, 260, 7, 5, 192
101.989, 8.216137453763306, 0.08055905493497638, 0.08005089058524174, 0.7836940298507463, 0.431872460217994, 0.71, 0.278127539782006, 0, 0, 0, 260, 0, 0, 0, 190, 73, 267, 4, 7, 192
102.036, 8.219802645192495, 0.08055786825426804, 0.08005089058524174, 0.7836940298507463, 0.431872460217994, 0.6800000000000001, 0.248127539782006, 0, 0, 0, 260, 0, 0, 0, 190, 69, 255, 4, 12, 192
102.08, 8.223712182716961, 0.08056144379620847, 0.08005089058524174, 0.7836940298507463, 0.431872460217994, 0.6800000000000001, 0.248127539782006, 0, 0, 0, 260, 0, 0, 0, 190, 74, 258, 5, 3, 192
102.131, 8.227621720241428, 0.08055949437723539, 0.08005089058524174, 0.7836940298507463, 0.431872460217994, 0.67, 0.238127539782006, 0, 0, 0, 260, 0, 0, 0, 190, 63, 256, 11, 2, 192
102.179, 8.231042565575336, 0.0805551293864232, 0.08005089058524174, 0.7836940298507463, 0.431872460217994, 0.6800000000000001, 0.248127539782006, 0, 0, 0, 260, 0, 0, 0, 190, 68, 267, 5, 11, 192
102.228, 8.235196449195083, 0.08055715116401654, 0.08005089058524174, 0.7836940298507463, 0.431872460217994, 0.7, 0.268127539782006, 0, 0, 0, 260, 0, 0, 0, 190, 74, 252, 6, 15, 192
102.278, 8.239105986719551, 0.08055599431666195, 0.08005089058524174, 0.7836940298507463, 0.431872460217994, 0.71, 0.278127539782006, 0, 0, 0, 260, 0, 0, 0, 190, 66, 267, 8, 15, 192
102.322, 8.24277117814874, 0.08055717419664138, 0.08005089058524174, 0.7836940298507463, 0.431872460217994, 0.7199999999999999, 0.288127539782006, 0, 0, 0, 260, 0, 0, 0, 190, 74, 253, 8, 14, 192
102.369, 8.246436369577928, 0.08055599223962261, 0.08005089058524174, 0.7836940298507463, 0.431872460217994, 0.73, 0.298127539782006, 0, 0, 0, 260, 0, 0, 0, 190, 63, 275, 11, 22, 192
102.421, 8.250834599292954, 0.08055803594275543, 0.08005089058524174, 0.7836940298507463, 0.431872460217994, 0.74, 0.308127539782006, 0, 0, 0, 260, 0, 0, 0, 190, 77, 248, 14, 27, 192
102.469, 8.254499790722143, 0.08055606857412624, 0.08005089058524174, 0.7836940298507463, 0.431872460217994, 0.8, 0.368127539782006, 0, 0, 0, 260, 0, 0, 0, 190, 73, 280, 4, 32, 192
102.519, 8.258898020437167, 0.08055968181934244, 0.08005089058524174, 0.7836940298507463, 0.431872460217994, 0.8, 0.368127539782006, 0, 0, 0, 260, 0, 0, 0, 190, 68, 254, 5, 26, 192
102.57, 8.262807557961635, 0.08055774161998279, 0.08005089058524174, 0.7836940298507463, 0.431872460217994, 0.8, 0.368127539782006, 0, 0, 0, 260, 0, 0, 0, 190, 74, 249, 6, 5, 192
102.618, 8.266717095486101, 0.0805581583687667, 0.08005089058524174, 0.7836940298507463, 0.431872460217994, 0.79, 0.3581275397820059, 0, 0, 0, 260, 0, 0, 0, 190, 68, 264, 6, 15, 192
102.669, 8.270870979105847, 0.08055860073737787, 0.08005089058524174, 0.7836940298507463, 0.431872460217994, 0.79, 0.3581275397820059, 0, 0, 0, 260, 0, 0, 0, 190, 70, 265, 2, 1, 192
102.721, 8.275024862725594, 0.08055825841576304, 0.08005089058524174, 0.7836940298507463, 0.431872460217994, 0.7800000000000001, 0.348127539782006, 0, 0, 0, 260, 0, 0, 0, 190, 69, 251, 1, 14, 192
102.771, 8.279178746345341, 0.08055948415745046, 0.08005089058524174, 0.7836940298507463, 0.431872460217994, 0.79, 0.3581275397820059, 0, 0, 0, 260, 0, 0, 0, 190, 65, 264, 4, 13, 192
102.824, 8.28333262996509, 0.0805583582623229, 0.08005089058524174, 0.7836940298507463, 0.431872460217994, 0.77, 0.338127539782006, 0, 0, 0, 260, 0, 0, 0, 190, 76, 261, 11, 3, 192
102.869, 8.286997821394277, 0.08055874774124639, 0.08005089058524174, 0.7836940298507463, 0.431872460217994, 0.67, 0.238127539782006, 0, 0, 0, 260, 0, 0, 0, 190, 70, 245, 6, 16, 192
102.926, 8.291396051109302, 0.08055686659453688, 0.08005089058524174, 0.7836940298507463, 0.431872460217994, 0.4, -0.03187246021799403, 0, 0, 0, 260, 0, 0, 0, -190, 69, 270, 1, 25, 193
102.979, 8.296038626919607, 0.08056048929315304, 0.08005089058524174, 0.7836940298507463, 0.431872460217994, 0.18, -0.251872460217994, 0, 0, 0, 260, 0, 0, 0, -190, 98, 232, 29, 38, 193
103.03, 8.299703818348794, 0.08055618575510817, 0.08005089058524174, 0.7836940298507463, 0.431872460217994, 0.09, -0.3418724602179941, 0, 0, 0, 260, 0, 0, 0, -190, 189, 158, 91, 74, 193
103.079, 8.303613355873262, 0.0805558198650866, 0.08005089058524174, 0.7836940298507463, 0.431872460217994, 0.07000000000000001, -0.361872460217994, 0, 0, 0, 260, 0, 0, 0, -190, 250, 81, 61, 77, 193
103.124, 8.307278547302449, 0.0805562094886006, 0.08005089058524174, 0.7836940298507463, 0.431872460217994, 0.08, -0.351872460217994, 0, 0, 0, 260, 0, 0, 0, -190, 284, 52, 34, 29, 193
103.176, 8.311676777017476, 0.0805582381272532, 0.08005089058524174, 0.7836940298507463, 0.431872460217994, 0.11, -0.321872460217994, 0, 0, 0, 260, 0, 0, 0, -190, 252, 78, 32, 26, 193
103.23, 8.316319352827781, 0.08056107093701231, 0.08005089058524174, 0.7836940298507463, 0.431872460217994, 0.54, 0.108127539782006, 0, 0, 0, 260, 0, 0, 0, 190, 270, 70, 18, 8, 194
103.28, 8.319984544256968, 0.08055755755477312, 0.08005089058524174, 0.7836940298507463, 0.431872460217994, 0.79, 0.3581275397820059, 0, 0, 0, 260, 0, 0, 0, 190, 241, 74, 29, 4, 194
103.329, 8.323894081781436, 0.08055719189948064, 0.08005089058524174, 0.7836940298507463, 0.431872460217994, 0.8, 0.368127539782006, 0, 0, 0, 260, 0, 0, 0, 190, 154, 183, 87, 109, 194
103.38, 8.328536657591741, 0.08056235884689244, 0.08005089058524174, 0.7836940298507463, 0.431872460217994, 0.8, 0.368127539782006, 0, 0, 0, 260, 0, 0, 0, 190, 85, 241, 69, 58, 194
103.43, 8.331957502925651, 0.08055648750774099, 0.08005089058524174, 0.7836940298507463, 0.431872460217994, 0.8199999999999999, 0.388127539782006, 0, 0, 0, 260, 0, 0, 0, 190, 44, 253, 41, 12, 194
103.476, 8.335867040450117, 0.08055845839083574, 0.08005089058524174, 0.7836940298507463, 0.431872460217994, 0.8199999999999999, 0.388127539782006, 0, 0, 0, 260, 0, 0, 0, 190, 84, 274, 40, 21, 194
103.529, 8.340265270165142, 0.08055970085835989, 0.08005089058524174, 0.7836940298507463, 0.431872460217994, 0.8199999999999999, 0.388127539782006, 0, 0, 0, 260, 0, 0, 0, 190, 70, 257, 14, 17, 194
103.58, 8.34466349988017, 0.08056249758524975, 0.08005089058524174, 0.7836940298507463, 0.431872460217994, 0.8199999999999999, 0.388127539782006, 0, 0, 0, 260, 0, 0, 0, 190, 68, 253, 2, 4, 194
103.629, 8.348328691309357, 0.08055977275964601, 0.08005089058524174, 0.7836940298507463, 0.431872460217994, 0.84, 0.4081275397820059, 0, 0, 0, 260, 0, 0, 0, 190, 67, 256, 1, 3, 194
103.677, 8.352238228833825, 0.08056018431121487, 0.08005089058524174, 0.7836940298507463, 0.431872460217994, 0.84, 0.4081275397820059, 0, 0, 0, 260, 0, 0, 0, 190, 81, 259, 14, 3, 194
103.725, 8.355659074167734, 0.08055588406042645, 0.08005089058524174, 0.7836940298507463, 0.431872460217994, 0.8299999999999999, 0.398127539782006, 0, 0, 0, 260, 0, 0, 0, 190, 66, 259, 15, 0, 194
103.77, 8.3595686116922, 0.08055862591974751, 0.08005089058524174, 0.7836940298507463, 0.431872460217994, 0.8299999999999999, 0.398127539782006, 0, 0, 0, 260, 0, 0, 0, 190, 70, 272, 4, 13, 194
103.82, 8.363722495311945, 0.08055983909951788, 0.08005089058524174, 0.7836940298507463, 0.431872460217994, 0.8299999999999999, 0.398127539782006, 0, 0, 0, 260, 0, 0, 0, 190, 75, 247, 5, 25, 194
103.868, 8.367387686741134, 0.08055789739612907, 0.08005089058524174, 0.7836940298507463, 0.431872460217994, 0.8299999999999999, 0.398127539782006, 0, 0, 0, 260, 0, 0, 0, 190, 68, 259, 7, 12, 194
103.93, 8.372518954741997, 0.0805592124963148, 0.08005089058524174, 0.7836940298507463, 0.431872460217994, 0.8199999999999999, 0.388127539782006, 0, 0, 0, 260, 0, 0, 0, 190, 75, 254, 7, 5, 194
103.974, 8.375695453980628, 0.08055567212938454, 0.08005089058524174, 0.7836940298507463, 0.431872460217994, 0.89, 0.458127539782006, 0, 0, 0, 260, 0, 0, 0, 190, 82, 258, 7, 4, 194
104.021, 8.380093683695653, 0.08056155664428964, 0.08005089058524174, 0.7836940298507463, 0.431872460217994, 0.8800000000000001, 0.448127539782006, 0, 0, 0, 260, 0, 0, 0, 190, 57, 267, 25, 9, 194
104.07, 8.384003221220121, 0.08056119170961969, 0.08005089058524174, 0.7836940298507463, 0.431872460217994, 0.89, 0.458127539782006, 0, 0, 0, 260, 0, 0, 0, 190, 78, 271, 21, 4, 194
104.119, 8.38766841264931, 0.08055848032202872, 0.08005089058524174, 0.7836940298507463, 0.431872460217994, 0.86, 0.428127539782006, 0, 0, 0, 260, 0, 0, 0, 190, 75, 252, 3, 19, 194
104.166, 8.391577950173776, 0.08055966390351724, 0.08005089058524174, 0.7836940298507463, 0.431872460217994, 0.8100000000000001, 0.378127539782006, 0, 0, 0, 260, 0, 0, 0, 190, 66, 259, 9, 7, 194
104.211, 8.395243141602963, 0.08056004780304347, 0.08005089058524174, 0.7836940298507463, 0.431872460217994, 0.8100000000000001, 0.378127539782006, 0, 0, 0, 260, 0, 0, 0, 190, 73, 257, 7, 2, 194
104.26, 8.399152679127432, 0.08055968424254203, 0.08005089058524174, 0.7836940298507463, 0.431872460217994, 0.79, 0.3581275397820059, 0, 0, 0, 260, 0, 0, 0, 190, 64, 255, 9, 2, 194
104.314, 8.403550908842456, 0.08056014445656821, 0.08005089058524174, 0.7836940298507463, 0.431872460217994, 0.7800000000000001, 0.348127539782006, 0, 0, 0, 260, 0, 0, 0, 190, 67, 273, 3, 18, 194
104.361, 8.407460446366926, 0.08056132507705872, 0.08005089058524174, 0.7836940298507463, 0.431872460217994, 0.77, 0.338127539782006, 0, 0, 0, 260, 0, 0, 0, 190, 79, 263, 12, 10, 194
104.411, 8.411125637796113, 0.08055784963074879, 0.08005089058524174, 0.7836940298507463, 0.431872460217994, 0.76, 0.328127539782006, 0, 0, 0, 260, 0, 0, 0, 190, 66, 266, 13, 3, 194
104.458, 8.415035175320579, 0.08055903018744932, 0.08005089058524174, 0.7836940298507463, 0.431872460217994, 0.76, 0.328127539782006, 0, 0, 0, 260, 0, 0, 0, 190, 70, 253, 4, 13, 194
104.507, 8.418944712845047, 0.08055866796334261, 0.08005089058524174, 0.7836940298507463, 0.431872460217994, 0.63, 0.198127539782006, 0, 0, 0, 260, 0, 0, 0, 190, 70, 270, 0, 17, 194
104.564, 8.423342942560073, 0.08055681632837375, 0.08005089058524174, 0.7836940298507463, 0.431872460217994, 0.14, -0.291872460217994, 0, 0, 0, 260, 0, 0, 0, -190, 67, 247, 3, 23, 195
104.619, 8.427985518370379, 0.08055884225972699, 0.08005089058524174, 0.7836940298507463, 0.431872460217994, 0.08, -0.351872460217994, 0, 0, 0, 260, 0, 0, 0, -190, 90, 245, 23, 2, 195
104.669, 8.432139401990124, 0.0805600454957067, 0.08005089058524174, 0.7836940298507463, 0.431872460217994, 0.08, -0.351872460217994, 0, 0, 0, 260, 0, 0, 0, -190, 200, 138, 110, 107, 195
104.725, 8.436293285609871, 0.08055663199436495, 0.08005089058524174, 0.7836940298507463, 0.431872460217994, 0.08, -0.351872460217994, 0, 0, 0, 260, 0, 0, 0, -190, 254, 62, 54, 76, 195
104.771, 8.440447169229618, 0.08056091064540395, 0.08005089058524174, 0.7836940298507463, 0.431872460217994, 0.08, -0.351872460217994, 0, 0, 0, 260, 0, 0, 0, -190, 261, 72, 7, 10, 195
104.82, 8.444356706754084, 0.08056054862387029, 0.08005089058524174, 0.7836940298507463, 0.431872460217994, 0.08, -0.351872460217994, 0, 0, 0, 260, 0, 0, 0, -190, 265, 74, 4, 2, 195
104.869, 8.448021898183272, 0.080557856928008, 0.08005089058524174, 0.7836940298507463, 0.431872460217994, 0.08, -0.351872460217994, 0, 0, 0, 260, 0, 0, 0, -190, 274, 70, 9, 4, 195
104.919, 8.452420127898298, 0.0805613866687473, 0.08005089058524174, 0.7836940298507463, 0.431872460217994, 0.19, -0.241872460217994, 0, 0, 0, 260, 0, 0, 0, -190, 262, 65, 12, 5, 195
104.97, 8.456818357613324, 0.0805641455426629, 0.08005089058524174, 0.7836940298507463, 0.431872460217994, 0.55, 0.118127539782006, 0, 0, 0, 260, 0, 0, 0, 190, 258, 74, 4, 9, 196
105.02, 8.460239202947234, 0.08055836224478417, 0.08005089058524174, 0.7836940298507463, 0.431872460217994, 0.79, 0.3581275397820059, 0, 0, 0, 260, 0, 0, 0, 190, 235, 79, 23, 5, 196
105.07, 8.46463743266226, 0.08056188667233521, 0.08005089058524174, 0.7836940298507463, 0.431872460217994, 0.79, 0.3581275397820059, 0, 0, 0, 260, 0, 0, 0, 190, 165, 198, 70, 119, 196
105.12, 8.468791316282006, 0.0805630832979643, 0.08005089058524174, 0.7836940298507463, 0.431872460217994, 0.79, 0.3581275397820059, 0, 0, 0, 260, 0, 0, 0, 190, 79, 256, 86, 58, 196
105.168, 8.471967815520635, 0.08055651733912061, 0.08005089058524174, 0.7836940298507463, 0.431872460217994, 0.8, 0.368127539782006, 0, 0, 0, 260, 0, 0, 0, 190, 44, 245, 35, 11, 196
105.216, 8.476121699140382, 0.08055924668434821, 0.08005089058524174, 0.7836940298507463, 0.431872460217994, 0.77, 0.338127539782006, 0, 0, 0, 260, 0, 0, 0, 190, 84, 268, 40, 23, 196
105.269, 8.480764274950687, 0.08056278937722109, 0.08005089058524174, 0.7836940298507463, 0.431872460217994, 0.4699999999999999, 0.03812753978200597, 0, 0, 0, 260, 0, 0, 0, 190, 75, 271, 9, 3, 196
105.322, 8.484673812475153, 0.08055936853150484, 0.08005089058524174, 0.7836940298507463, 0.431872460217994, 0.13, -0.301872460217994, 0, 0, 0, 260, 0, 0, 0, -190, 57, 247, 18, 24, 197
105.37, 8.488583349999621, 0.08055977365473684, 0.08005089058524174, 0.7836940298507463, 0.431872460217994, 0.08, -0.351872460217994, 0, 0, 0, 260, 0, 0, 0, -190, 92, 251, 35, 4, 197
105.417, 8.49249288752409, 0.08056094261384871, 0.08005089058524174, 0.7836940298507463, 0.431872460217994, 0.08, -0.351872460217994, 0, 0, 0, 260, 0, 0, 0, -190, 178, 160, 86, 91, 197
105.466, 8.496891117239114, 0.08056521644168846, 0.08005089058524174, 0.7836940298507463, 0.431872460217994, 0.09, -0.3418724602179941, 0, 0, 0, 260, 0, 0, 0, -190, 245, 88, 67, 72, 197
105.524, 8.500556308668301, 0.08055566798707689, 0.08005089058524174, 0.7836940298507463, 0.431872460217994, 0.08, -0.351872460217994, 0, 0, 0, 260, 0, 0, 0, -190, 255, 56, 10, 32, 197
105.571, 8.504710192288048, 0.08055915158791759, 0.08005089058524174, 0.7836940298507463, 0.431872460217994, 0.08, -0.351872460217994, 0, 0, 0, 260, 0, 0, 0, -190, 264, 80, 9, 24, 197
105.619, 8.508619729812516, 0.08055955585465224, 0.08005089058524174, 0.7836940298507463, 0.431872460217994, 0.12, -0.311872460217994, 0, 0, 0, 260, 0, 0, 0, -190, 266, 75, 2, 5, 197
105.674, 8.512773613432262, 0.08055693560792875, 0.08005089058524174, 0.7836940298507463, 0.431872460217994, 0.28, -0.151872460217994, 0, 0, 0, 260, 0, 0, 0, -190, 249, 58, 17, 17, 197
105.728, 8.517171843147288, 0.08055739107093002, 0.08005089058524174, 0.7836940298507463, 0.431872460217994, 0.6600000000000001, 0.228127539782006, 0, 0, 0, 260, 0, 0, 0, 190, 263, 82, 14, 24, 198
105.779, 8.521570072862314, 0.08056013077134699, 0.08005089058524174, 0.7836940298507463, 0.431872460217994, 0.7800000000000001, 0.348127539782006, 0, 0, 0, 260, 0, 0, 0, 190, 250, 84, 13, 2, 198
105.829, 8.525723956482059, 0.08056132020979183, 0.08005089058524174, 0.7836940298507463, 0.431872460217994, 0.77, 0.338127539782006, 0, 0, 0, 260, 0, 0, 0, 190, 143, 196, 107, 112, 198
105.878, 8.529877840101808, 0.08056326942426008, 0.08005089058524174, 0.7836940298507463, 0.431872460217994, 0.77, 0.338127539782006, 0, 0, 0, 260, 0, 0, 0, 190, 67, 258, 76, 62, 198
105.937, 8.534031723721553, 0.0805576118232681, 0.08005089058524174, 0.7836940298507463, 0.431872460217994, 0.7800000000000001, 0.348127539782006, 0, 0, 0, 260, 0, 0, 0, 190, 82, 247, 15, 11, 198
105.99, 8.538674299531857, 0.08056113123437926, 0.08005089058524174, 0.7836940298507463, 0.431872460217994, 0.77, 0.338127539782006, 0, 0, 0, 260, 0, 0, 0, 190, 75, 278, 7, 31, 198
106.041, 8.543072529246883, 0.08056386236688528, 0.08005089058524174, 0.7836940298507463, 0.431872460217994, 0.61, 0.178127539782006, 0, 0, 0, 260, 0, 0, 0, 190, 69, 260, 6, 18, 198
106.098, 8.547470758961911, 0.08056203471283069, 0.08005089058524174, 0.7836940298507463, 0.431872460217994, 0.21, -0.221872460217994, 0, 0, 0, 260, 0, 0, 0, -190, 65, 259, 4, 1, 199
106.16, 8.552357680867493, 0.08056101809407963, 0.08005089058524174, 0.7836940298507463, 0.431872460217994, 0.8199999999999999, 0.388127539782006, 0, 0, 0, 260, 0, 0, 0, 190, 103, 223, 38, 36, 200
106.21, 8.55675591058252, 0.08056450344207249, 0.08005089058524174, 0.7836940298507463, 0.431872460217994, 0.84, 0.4081275397820059, 0, 0, 0, 260, 0, 0, 0, 190, 174, 173, 71, 50, 200
106.258, 8.560176755916427, 0.08056030375046046, 0.08005089058524174, 0.7836940298507463, 0.431872460217994, 0.84, 0.4081275397820059, 0, 0, 0, 260, 0, 0, 0, 190, 76, 257, 98, 84, 200
106.315, 8.564574985631454, 0.08055848173476418, 0.08005089058524174, 0.7836940298507463, 0.431872460217994, 0.8299999999999999, 0.398127539782006, 0, 0, 0, 260, 0, 0, 0, 190, 39, 258, 37, 1, 200
106.361, 8.568484523155922, 0.0805603982959536, 0.08005089058524174, 0.7836940298507463, 0.431872460217994, 0.84, 0.4081275397820059, 0, 0, 0, 260, 0, 0, 0, 190, 97, 262, 58, 4, 200
106.41, 8.57239406068039, 0.08056004191974806, 0.08005089058524174, 0.7836940298507463, 0.431872460217994, 0.8100000000000001, 0.378127539782006, 0, 0, 0, 260, 0, 0, 0, 190, 62, 268, 35, 6, 200
106.46, 8.576547944300135, 0.08056122434999187, 0.08005089058524174, 0.7836940298507463, 0.431872460217994, 0.8199999999999999, 0.388127539782006, 0, 0, 0, 260, 0, 0, 0, 190, 68, 249, 6, 19, 200
106.506, 8.579968789634044, 0.08055854871682387, 0.08005089058524174, 0.7836940298507463, 0.431872460217994, 0.8199999999999999, 0.388127539782006, 0, 0, 0, 260, 0, 0, 0, 190, 73, 257, 5, 8, 200
106.549, 8.58387832715851, 0.08056273007872914, 0.08005089058524174, 0.7836940298507463, 0.431872460217994, 0.8, 0.368127539782006, 0, 0, 0, 260, 0, 0, 0, 190, 67, 270, 6, 13, 200
106.6, 8.588032210778257, 0.08056315394726321, 0.08005089058524174, 0.7836940298507463, 0.431872460217994, 0.8100000000000001, 0.378127539782006, 0, 0, 0, 260, 0, 0, 0, 190, 71, 256, 4, 14, 200
106.65, 8.591941748302725, 0.08056204170935512, 0.08005089058524174, 0.7836940298507463, 0.431872460217994, 0.8, 0.368127539782006, 0, 0, 0, 260, 0, 0, 0, 190, 69, 261, 2, 5, 200
106.701, 8.596095631922472, 0.08056246550568853, 0.08005089058524174, 0.7836940298507463, 0.431872460217994, 0.8100000000000001, 0.378127539782006, 0, 0, 0, 260, 0, 0, 0, 190, 64, 266, 5, 5, 200
106.749, 8.59976082335166, 0.08056057502507434, 0.08005089058524174, 0.7836940298507463, 0.431872460217994, 0.8100000000000001, 0.378127539782006, 0, 0, 0, 260, 0, 0, 0, 190, 70, 261, 6, 5, 200
106.796, 8.603426014780847, 0.08055944056688309, 0.08005089058524174, 0.7836940298507463, 0.431872460217994, 0.8100000000000001, 0.378127539782006, 0, 0, 0, 260, 0, 0, 0, 190, 75, 259, 5, 2, 200
106.84, 8.607091206210036, 0.08056056913337734, 0.08005089058524174, 0.7836940298507463, 0.431872460217994, 0.8199999999999999, 0.388127539782006, 0, 0, 0, 260, 0, 0, 0, 190, 66, 262, 9, 3, 200
106.889, 8.610756397639223, 0.08055792829607558, 0.08005089058524174, 0.7836940298507463, 0.431872460217994, 0.7800000000000001, 0.348127539782006, 0, 0, 0, 260, 0, 0, 0, 190, 69, 259, 3, 3, 200
106.935, 8.614665935163691, 0.08055983480772145, 0.08005089058524174, 0.7836940298507463, 0.431872460217994, 0.79, 0.3581275397820059, 0, 0, 0, 260, 0, 0, 0, 190, 68, 250, 1, 9, 200
106.988, 8.619064164878717, 0.08056103642351214, 0.08005089058524174, 0.7836940298507463, 0.431872460217994, 0.8, 0.368127539782006, 0, 0, 0, 260, 0, 0, 0, 190, 74, 272, 6, 22, 200
107.031, 8.622729356307905, 0.08056291500880965, 0.08005089058524174, 0.7836940298507463, 0.431872460217994, 0.77, 0.338127539782006, 0, 0, 0, 260, 0, 0, 0, 190, 65, 257, 9, 15, 200
107.082, 8.626883239927652, 0.08056333688134004, 0.08005089058524174, 0.7836940298507463, 0.431872460217994, 0.6600000000000001, 0.228127539782006, 0, 0, 0, 260, 0, 0, 0, 190, 63, 265, 2, 8, 200
107.136, 8.631037123547397, 0.08056150242259742, 0.08005089058524174, 0.7836940298507463, 0.431872460217994, 0.48, 0.04812753978200597, 0, 0, 0, 260, 0, 0, 0, 190, 87, 254, 24, 11, 200
107.194, 8.635679699357702, 0.08056122263706646, 0.08005089058524174, 0.7836940298507463, 0.431872460217994, 0.11, -0.321872460217994, 0, 0, 0, 260, 0, 0, 0, -190, 62, 262, 25, 8, 201
107.239, 8.639589236882172, 0.08056387356169092, 0.08005089058524174, 0.7836940298507463, 0.431872460217994, 0.24, -0.191872460217994, 0, 0, 0, 260, 0, 0, 0, -190, 86, 238, 24, 24, 201
107.291, 8.643498774406636, 0.08056126585087879, 0.08005089058524174, 0.7836940298507463, 0.431872460217994, 0.24, -0.191872460217994, 0, 0, 0, 260, 0, 0, 0, -190, 179, 154, 93, 84, 201
107.34, 8.647163965835825, 0.08055863579127841, 0.08005089058524174, 0.7836940298507463, 0.431872460217994, 0.26, -0.171872460217994, 0, 0, 0, 260, 0, 0, 0, -190, 244, 81, 65, 73, 201
107.386, 8.651317849455573, 0.08056280939280327, 0.08005089058524174, 0.7836940298507463, 0.431872460217994, 0.25, -0.181872460217994, 0, 0, 0, 260, 0, 0, 0, -190, 264, 68, 20, 13, 201
107.436, 8.654983040884762, 0.08055943111140364, 0.08005089058524174, 0.7836940298507463, 0.431872460217994, 0.27, -0.161872460217994, 0, 0, 0, 260, 0, 0, 0, -190, 265, 76, 1, 8, 201
107.481, 8.658892578409228, 0.0805620768173838, 0.08005089058524174, 0.7836940298507463, 0.431872460217994, 0.25, -0.181872460217994, 0, 0, 0, 260, 0, 0, 0, -190, 263, 72, 2, 4, 201
107.538, 8.663290808124254, 0.08056027458316366, 0.08005089058524174, 0.7836940298507463, 0.431872460217994, 0.23, -0.201872460217994, 0, 0, 0, 260, 0, 0, 0, -190, 251, 67, 12, 5, 201
107.58, 8.666711653458162, 0.08056062143017439, 0.08005089058524174, 0.7836940298507463, 0.431872460217994, 0.24, -0.191872460217994, 0, 0, 0, 260, 0, 0, 0, -190, 251, 71, 0, 4, 201
107.63, 8.670865537077908, 0.08056179073750728, 0.08005089058524174, 0.7836940298507463, 0.431872460217994, 0.16, -0.271872460217994, 0, 0, 0, 260, 0, 0, 0, -190, 271, 72, 20, 1, 201
107.678, 8.674530728507097, 0.08055991686794979, 0.08005089058524174, 0.7836940298507463, 0.431872460217994, 0.19, -0.241872460217994, 0, 0, 0, 260, 0, 0, 0, -190, 258, 68, 13, 4, 201
107.729, 8.678684612126842, 0.08056033762614378, 0.08005089058524174, 0.7836940298507463, 0.431872460217994, 0.15, -0.2818724602179941, 0, 0, 0, 260, 0, 0, 0, -190, 257, 72, 1, 4, 201
107.78, 8.682838495746589, 0.0805607579861439, 0.08005089058524174, 0.7836940298507463, 0.431872460217994, 0.11, -0.321872460217994, 0, 0, 0, 260, 0, 0, 0, -190, 268, 71, 11, 1, 201
107.828, 8.686992379366336, 0.08056341932861905, 0.08005089058524174, 0.7836940298507463, 0.431872460217994, 0.13, -0.301872460217994, 0, 0, 0, 260, 0, 0, 0, -190, 261, 72, 7, 1, 201
107.87, 8.690168878604966, 0.08056149882826521, 0.08005089058524174, 0.7836940298507463, 0.431872460217994, 0.16, -0.271872460217994, 0, 0, 0, 260, 0, 0, 0, -190, 254, 69, 7, 3, 201
107.925, 8.694811454415273, 0.08056346031424853, 0.08005089058524174, 0.7836940298507463, 0.431872460217994, 0.17, -0.261872460217994, 0, 0, 0, 260, 0, 0, 0, -190, 258, 75, 4, 6, 201
107.973, 8.69847664584446, 0.08056159082219128, 0.08005089058524174, 0.7836940298507463, 0.431872460217994, 0.18, -0.251872460217994, 0, 0, 0, 260, 0, 0, 0, -190, 256, 71, 2, 4, 201
108.02, 8.702141837273649, 0.08056046877683436, 0.08005089058524174, 0.7836940298507463, 0.431872460217994, 0.19, -0.241872460217994, 0, 0, 0, 260, 0, 0, 0, -190, 259, 72, 3, 1, 201
108.07, 8.706540066988673, 0.08056389439241855, 0.08005089058524174, 0.7836940298507463, 0.431872460217994, 0.18, -0.251872460217994, 0, 0, 0, 260, 0, 0, 0, -190, 262, 67, 3, 5, 201
108.118, 8.710205258417862, 0.08056202721487505, 0.08005089058524174, 0.7836940298507463, 0.431872460217994, 0.18, -0.251872460217994, 0, 0, 0, 260, 0, 0, 0, -190, 256, 67, 6, 0, 201
108.167, 8.714114795942328, 0.08056167588952569, 0.08005089058524174, 0.7836940298507463, 0.431872460217994, 0.15, -0.2818724602179941, 0, 0, 0, 260, 0, 0, 0, -190, 262, 73, 6, 6, 201
108.217, 8.718268679562076, 0.08056283836700404, 0.08005089058524174, 0.7836940298507463, 0.431872460217994, 0.18, -0.251872460217994, 0, 0, 0, 260, 0, 0, 0, -190, 264, 67, 2, 6, 201
108.261, 8.721933870991263, 0.08056395073933608, 0.08005089058524174, 0.7836940298507463, 0.431872460217994, 0.17, -0.261872460217994, 0, 0, 0, 260, 0, 0, 0, -190, 258, 77, 6, 10, 201
108.309, 8.725599062420452, 0.0805620868295382, 0.08005089058524174, 0.7836940298507463, 0.431872460217994, 0.15, -0.2818724602179941, 0, 0, 0, 260, 0, 0, 0, -190, 260, 63, 2, 14, 201
108.359, 8.729752946040197, 0.080563247594018, 0.08005089058524174, 0.7836940298507463, 0.431872460217994, 0.15, -0.2818724602179941, 0, 0, 0, 260, 0, 0, 0, -190, 254, 65, 6, 2, 201
108.41, 8.733906829659944, 0.08056366414223728, 0.08005089058524174, 0.7836940298507463, 0.431872460217994, 0.18, -0.251872460217994, 0, 0, 0, 260, 0, 0, 0, -190, 259, 76, 5, 11, 201
108.46, 8.73781636718441, 0.08056257023035599, 0.08005089058524174, 0.7836940298507463, 0.431872460217994, 0.18, -0.251872460217994, 0, 0, 0, 260, 0, 0, 0, -190, 263, 71, 4, 5, 201
108.51, 8.741725904708879, 0.0805614773265955, 0.08005089058524174, 0.7836940298507463, 0.431872460217994, 0.2, -0.2318724602179941, 0, 0, 0, 260, 0, 0, 0, -190, 255, 64, 8, 7, 201
108.555, 8.745391096138068, 0.08056184511204522, 0.08005089058524174, 0.7836940298507463, 0.431872460217994, 0.18, -0.251872460217994, 0, 0, 0, 260, 0, 0, 0, -190, 268, 71, 13, 7, 201
108.606, 8.749300633662534, 0.08056001172736805, 0.08005089058524174, 0.7836940298507463, 0.431872460217994, 0.15, -0.2818724602179941, 0, 0, 0, 260, 0, 0, 0, -190, 255, 70, 13, 1, 201
108.657, 8.753454517282281, 0.08056042884749514, 0.08005089058524174, 0.7836940298507463, 0.431872460217994, 0.17, -0.261872460217994, 0, 0, 0, 260, 0, 0, 0, -190, 267, 67, 12, 3, 201
108.705, 8.757364054806748, 0.08056082107360975, 0.08005089058524174, 0.7836940298507463, 0.431872460217994, 0.15, -0.2818724602179941, 0, 0, 0, 260, 0, 0, 0, -190, 254, 70, 13, 3, 201
108.756, 8.761762284521774, 0.08056348417118848, 0.08005089058524174, 0.7836940298507463, 0.431872460217994, 0.18, -0.251872460217994, 0, 0, 0, 260, 0, 0, 0, -190, 258, 73, 4, 3, 201
108.801, 8.765427475950963, 0.08056385029504289, 0.08005089058524174, 0.7836940298507463, 0.431872460217994, 0.14, -0.291872460217994, 0, 0, 0, 260, 0, 0, 0, -190, 252, 67, 6, 6, 201
108.85, 8.769337013475427, 0.08056350035347201, 0.08005089058524174, 0.7836940298507463, 0.431872460217994, 0.14, -0.291872460217994, 0, 0, 0, 260, 0, 0, 0, -190, 266, 64, 14, 3, 201
108.901, 8.773246550999897, 0.0805616711600435, 0.08005089058524174, 0.7836940298507463, 0.431872460217994, 0.19, -0.241872460217994, 0, 0, 0, 260, 0, 0, 0, -190, 250, 80, 16, 16, 201
108.948, 8.776911742429084, 0.08056055863741495, 0.08005089058524174, 0.7836940298507463, 0.431872460217994, 0.19, -0.241872460217994, 0, 0, 0, 260, 0, 0, 0, -190, 262, 69, 12, 11, 201
108.997, 8.780821279953551, 0.08056021064757335, 0.08005089058524174, 0.7836940298507463, 0.431872460217994, 0.18, -0.251872460217994, 0, 0, 0, 260, 0, 0, 0, -190, 267, 72, 5, 3, 201
109.042, 8.784975163573296, 0.08056505900087394, 0.08005089058524174, 0.7836940298507463, 0.431872460217994, 0.17, -0.261872460217994, 0, 0, 0, 260, 0, 0, 0, -190, 263, 65, 4, 7, 201
109.09, 8.788640355002487, 0.08056320794758902, 0.08005089058524174, 0.7836940298507463, 0.431872460217994, 0.19, -0.241872460217994, 0, 0, 0, 260, 0, 0, 0, -190, 255, 74, 8, 9, 201
109.144, 8.792794238622234, 0.08056140730248327, 0.08005089058524174, 0.7836940298507463, 0.431872460217994, 0.17, -0.261872460217994, 0, 0, 0, 260, 0, 0, 0, -190, 250, 71, 5, 3, 201
109.196, 8.796948122241981, 0.08056108394301971, 0.08005089058524174, 0.7836940298507463, 0.431872460217994, 0.15, -0.2818724602179941, 0, 0, 0, 260, 0, 0, 0, -190, 277, 70, 27, 1, 201
109.24, 8.800857659766447, 0.08056442383528422, 0.08005089058524174, 0.7836940298507463, 0.431872460217994, 0.14, -0.291872460217994, 0, 0, 0, 260, 0, 0, 0, -190, 261, 70, 16, 0, 201
109.289, 8.804767197290914, 0.08056407504223586, 0.08005089058524174, 0.7836940298507463, 0.431872460217994, 0.16, -0.271872460217994, 0, 0, 0, 260, 0, 0, 0, -190, 264, 69, 3, 1, 201
109.337, 8.808188042624822, 0.08055999380470309, 0.08005089058524174, 0.7836940298507463, 0.431872460217994, 0.14, -0.291872460217994, 0, 0, 0, 260, 0, 0, 0, -190, 248, 74, 16, 5, 201
109.385, 8.81209758014929, 0.08056038378341903, 0.08005089058524174, 0.7836940298507463, 0.431872460217994, 0.19, -0.241872460217994, 0, 0, 0, 260, 0, 0, 0, -190, 269, 63, 21, 11, 201
109.436, 8.816251463769037, 0.08056079776096563, 0.08005089058524174, 0.7836940298507463, 0.431872460217994, 0.16, -0.271872460217994, 0, 0, 0, 260, 0, 0, 0, -190, 262, 79, 7, 16, 201
109.48, 8.820161001293503, 0.08056413044659759, 0.08005089058524174, 0.7836940298507463, 0.431872460217994, 0.15, -0.2818724602179941, 0, 0, 0, 260, 0, 0, 0, -190, 263, 68, 1, 11, 201
109.535, 8.82431488491325, 0.08056160026396357, 0.08005089058524174, 0.7836940298507463, 0.431872460217994, 0.16, -0.271872460217994, 0, 0, 0, 260, 0, 0, 0, -190, 258, 73, 5, 5, 201
109.589, 8.828713114628275, 0.08056203738174704, 0.08005089058524174, 0.7836940298507463, 0.431872460217994, 0.18, -0.251872460217994, 0, 0, 0, 260, 0, 0, 0, -190, 260, 67, 2, 6, 201
109.635, 8.832378306057464, 0.0805616664938885, 0.08005089058524174, 0.7836940298507463, 0.431872460217994, 0.15, -0.2818724602179941, 0, 0, 0, 260, 0, 0, 0, -190, 268, 72, 8, 5, 201
109.681, 8.836043497486653, 0.08056129591712924, 0.08005089058524174, 0.7836940298507463, 0.431872460217994, 0.19, -0.241872460217994, 0, 0, 0, 260, 0, 0, 0, -190, 252, 75, 16, 3, 201
109.73, 8.840441727201679, 0.08056540351044999, 0.08005089058524174, 0.7836940298507463, 0.431872460217994, 0.19, -0.241872460217994, 0, 0, 0, 260, 0, 0, 0, -190, 259, 63, 7, 12, 201
109.779, 8.844106918630867, 0.08056283003699129, 0.08005089058524174, 0.7836940298507463, 0.431872460217994, 0.17, -0.261872460217994, 0, 0, 0, 260, 0, 0, 0, -190, 256, 73, 3, 10, 201
109.829, 8.848260802250612, 0.08056397492693744, 0.08005089058524174, 0.7836940298507463, 0.431872460217994, 0.2, -0.2318724602179941, 0, 0, 0, 260, 0, 0, 0, -190, 256, 72, 0, 1, 201
109.875, 8.851925993679801, 0.08056360403804142, 0.08005089058524174, 0.7836940298507463, 0.431872460217994, 0.21, -0.221872460217994, 0, 0, 0, 260, 0, 0, 0, -190, 264, 70, 8, 2, 201
109.931, 8.856568569490106, 0.08056479582183467, 0.08005089058524174, 0.7836940298507463, 0.431872460217994, 0.21, -0.221872460217994, 0, 0, 0, 260, 0, 0, 0, -190, 269, 71, 5, 1, 201
109.98, 8.860233760919293, 0.08056222732241583, 0.08005089058524174, 0.7836940298507463, 0.431872460217994, 0.2, -0.2318724602179941, 0, 0, 0, 260, 0, 0, 0, -190, 260, 71, 9, 0, 201
110.027, 8.864143298443761, 0.08056334625540787, 0.08005089058524174, 0.7836940298507463, 0.431872460217994, 0.21, -0.221872460217994, 0, 0, 0, 260, 0, 0, 0, -190, 259, 63, 1, 8, 201
110.079, 8.868297182063507, 0.08056302457383795, 0.08005089058524174, 0.7836940298507463, 0.431872460217994, 0.2, -0.2318724602179941, 0, 0, 0, 260, 0, 0, 0, -190, 262, 72, 3, 9, 201
110.13, 8.872451065683254, 0.08056343471972445, 0.08005089058524174, 0.7836940298507463, 0.431872460217994, 0.23, -0.201872460217994, 0, 0, 0, 260, 0, 0, 0, -190, 260, 61, 2, 11, 201
110.189, 8.877337987588838, 0.08056464790123187, 0.08005089058524174, 0.7836940298507463, 0.431872460217994, 0.19, -0.241872460217994, 0, 0, 0, 260, 0, 0, 0, -190, 263, 84, 3, 23, 201
110.239, 8.881247525113306, 0.08056357119633983, 0.08005089058524174, 0.7836940298507463, 0.431872460217994, 0.18, -0.251872460217994, 0, 0, 0, 260, 0, 0, 0, -190, 255, 56, 8, 28, 201
110.289, 8.885401408733051, 0.08056471097510222, 0.08005089058524174, 0.7836940298507463, 0.431872460217994, 0.18, -0.251872460217994, 0, 0, 0, 260, 0, 0, 0, -190, 264, 79, 9, 23, 201
110.345, 8.889555292352799, 0.08056146895965199, 0.08005089058524174, 0.7836940298507463, 0.431872460217994, 0.18, -0.251872460217994, 0, 0, 0, 260, 0, 0, 0, -190, 262, 68, 2, 11, 201
110.39, 8.893464829877264, 0.08056404411520305, 0.08005089058524174, 0.7836940298507463, 0.431872460217994, 0.17, -0.261872460217994, 0, 0, 0, 260, 0, 0, 0, -190, 265, 72, 3, 4, 201
110.441, 8.897374367401733, 0.08056224017712383, 0.08005089058524174, 0.7836940298507463, 0.431872460217994, 0.17, -0.261872460217994, 0, 0, 0, 260, 0, 0, 0, -190, 246, 63, 19, 9, 201
110.489, 8.90103955883092, 0.08056041378626759, 0.08005089058524174, 0.7836940298507463, 0.431872460217994, 0.17, -0.261872460217994, 0, 0, 0, 260, 0, 0, 0, -190, 269, 73, 23, 10, 201
110.54, 8.905437788545948, 0.08056303409214715, 0.08005089058524174, 0.7836940298507463, 0.431872460217994, 0.19, -0.241872460217994, 0, 0, 0, 260, 0, 0, 0, -190, 256, 74, 13, 1, 201
110.586, 8.909102979975135, 0.08056266597919388, 0.08005089058524174, 0.7836940298507463, 0.431872460217994, 0.19, -0.241872460217994, 0, 0, 0, 260, 0, 0, 0, -190, 263, 63, 7, 11, 201
110.631, 8.913012517499602, 0.08056523503809604, 0.08005089058524174, 0.7836940298507463, 0.431872460217994, 0.18, -0.251872460217994, 0, 0, 0, 260, 0, 0, 0, -190, 259, 77, 4, 14, 201
110.679, 8.916677708928789, 0.08056341048373033, 0.08005089058524174, 0.7836940298507463, 0.431872460217994, 0.14, -0.291872460217994, 0, 0, 0, 260, 0, 0, 0, -190, 262, 67, 3, 10, 201
110.729, 8.920831592548536, 0.08056454580596352, 0.08005089058524174, 0.7836940298507463, 0.431872460217994, 0.12, -0.311872460217994, 0, 0, 0, 260, 0, 0, 0, -190, 255, 71, 7, 4, 201
110.779, 8.924741130073004, 0.08056347439562556, 0.08005089058524174, 0.7836940298507463, 0.431872460217994, 0.13, -0.301872460217994, 0, 0, 0, 260, 0, 0, 0, -190, 249, 66, 6, 5, 201
110.827, 8.92865066759747, 0.08056385779275331, 0.08005089058524174, 0.7836940298507463, 0.431872460217994, 0.18, -0.251872460217994, 0, 0, 0, 260, 0, 0, 0, -190, 281, 70, 32, 4, 201
110.874, 8.932315859026659, 0.08056276366890938, 0.08005089058524174, 0.7836940298507463, 0.431872460217994, 0.17, -0.261872460217994, 0, 0, 0, 260, 0, 0, 0, -190, 253, 73, 28, 3, 201
110.926, 8.936469742646405, 0.08056244471671571, 0.08005089058524174, 0.7836940298507463, 0.431872460217994, 0.2, -0.2318724602179941, 0, 0, 0, 260, 0, 0, 0, -190, 260, 65, 7, 8, 201
110.971, 8.940134934075594, 0.0805628041026538, 0.08005089058524174, 0.7836940298507463, 0.431872460217994, 0.21, -0.221872460217994, 0, 0, 0, 260, 0, 0, 0, -190, 250, 70, 10, 5, 201
111.019, 8.944288817695341, 0.08056538806596475, 0.08005089058524174, 0.7836940298507463, 0.431872460217994, 0.21, -0.221872460217994, 0, 0, 0, 260, 0, 0, 0, -190, 260, 70, 10, 0, 201
111.069, 8.94795400912453, 0.08056211912526924, 0.08005089058524174, 0.7836940298507463, 0.431872460217994, 0.21, -0.221872460217994, 0, 0, 0, 260, 0, 0, 0, -190, 268, 70, 8, 0, 201
111.119, 8.952352238839554, 0.08056545000260581, 0.08005089058524174, 0.7836940298507463, 0.431872460217994, 0.2, -0.2318724602179941, 0, 0, 0, 260, 0, 0, 0, -190, 256, 74, 12, 4, 201
111.17, 8.956506122459301, 0.08056585519887831, 0.08005089058524174, 0.7836940298507463, 0.431872460217994, 0.24, -0.191872460217994, 0, 0, 0, 260, 0, 0, 0, -190, 254, 73, 2, 1, 201
111.22, 8.960415659983768, 0.08056478744815472, 0.08005089058524174, 0.7836940298507463, 0.431872460217994, 0.55, 0.118127539782006, 0, 0, 0, 260, 0, 0, 0, 190, 259, 67, 5, 6, 202
111.271, 8.964569543603515, 0.08056519258030857, 0.08005089058524174, 0.7836940298507463, 0.431872460217994, 0.7800000000000001, 0.348127539782006, 0, 0, 0, 260, 0, 0, 0, 190, 244, 96, 15, 29, 202
111.32, 8.968479081127981, 0.08056484981250433, 0.08005089058524174, 0.7836940298507463, 0.431872460217994, 0.79, 0.3581275397820059, 0, 0, 0, 260, 0, 0, 0, 190, 169, 189, 75, 93, 202
111.368, 8.972388618652449, 0.08056523075436795, 0.08005089058524174, 0.7836940298507463, 0.431872460217994, 0.79, 0.3581275397820059, 0, 0, 0, 260, 0, 0, 0, 190, 94, 254, 75, 65, 202
111.419, 8.976053810081638, 0.08056124906956297, 0.08005089058524174, 0.7836940298507463, 0.431872460217994, 0.8, 0.368127539782006, 0, 0, 0, 260, 0, 0, 0, 190, 44, 247, 50, 7, 202
111.47, 8.980452039796663, 0.08056384713193381, 0.08005089058524174, 0.7836940298507463, 0.431872460217994, 0.79, 0.3581275397820059, 0, 0, 0, 260, 0, 0, 0, 190, 89, 283, 45, 36, 202
111.518, 8.984361577321129, 0.08056422799297987, 0.08005089058524174, 0.7836940298507463, 0.431872460217994, 0.8, 0.368127539782006, 0, 0, 0, 260, 0, 0, 0, 190, 80, 263, 9, 20, 202
111.566, 8.988026768750318, 0.08056241837791369, 0.08005089058524174, 0.7836940298507463, 0.431872460217994, 0.84, 0.4081275397820059, 0, 0, 0, 260, 0, 0, 0, 190, 65, 235, 15, 28, 202
111.615, 8.992180652370065, 0.08056426692084456, 0.08005089058524174, 0.7836940298507463, 0.431872460217994, 0.89, 0.458127539782006, 0, 0, 0, 260, 0, 0, 0, 190, 74, 263, 9, 28, 202
111.668, 8.996334535989812, 0.08056322792554548, 0.08005089058524174, 0.7836940298507463, 0.431872460217994, 0.75, 0.318127539782006, 0, 0, 0, 260, 0, 0, 0, 190, 64, 266, 10, 3, 202
111.724, 9.000732765704837, 0.08056221372046148, 0.08005089058524174, 0.7836940298507463, 0.431872460217994, 0.26, -0.171872460217994, 0, 0, 0, 260, 0, 0, 0, -190, 67, 265, 3, 1, 203
111.769, 9.004397957134026, 0.08056257063348536, 0.08005089058524174, 0.7836940298507463, 0.431872460217994, 0.16, -0.271872460217994, 0, 0, 0, 260, 0, 0, 0, -190, 89, 252, 22, 13, 203
111.819, 9.008551840753771, 0.08056369526425538, 0.08005089058524174, 0.7836940298507463, 0.431872460217994, 0.18, -0.251872460217994, 0, 0, 0, 260, 0, 0, 0, -190, 165, 151, 76, 101, 203
111.869, 9.012705724373518, 0.08056481888971492, 0.08005089058524174, 0.7836940298507463, 0.431872460217994, 0.2, -0.2318724602179941, 0, 0, 0, 260, 0, 0, 0, -190, 246, 94, 81, 57, 203
111.918, 9.016615261897986, 0.08056447811699623, 0.08005089058524174, 0.7836940298507463, 0.431872460217994, 0.2, -0.2318724602179941, 0, 0, 0, 260, 0, 0, 0, -190, 273, 60, 27, 34, 203
111.965, 9.020280453327175, 0.08056339439402647, 0.08005089058524174, 0.7836940298507463, 0.431872460217994, 0.2, -0.2318724602179941, 0, 0, 0, 260, 0, 0, 0, -190, 273, 81, 0, 21, 203
112.025, 9.025167375232757, 0.08056386855820358, 0.08005089058524174, 0.7836940298507463, 0.431872460217994, 0.2, -0.2318724602179941, 0, 0, 0, 260, 0, 0, 0, -190, 256, 64, 17, 17, 203
112.074, 9.029321258852503, 0.08056570889637655, 0.08005089058524174, 0.7836940298507463, 0.431872460217994, 0.2, -0.2318724602179941, 0, 0, 0, 260, 0, 0, 0, -190, 258, 72, 2, 8, 203
112.126, 9.03298645028169, 0.08056103357188958, 0.08005089058524174, 0.7836940298507463, 0.431872460217994, 0.19, -0.241872460217994, 0, 0, 0, 260, 0, 0, 0, -190, 257, 68, 1, 4, 203
112.17, 9.03689598780616, 0.08056428624236569, 0.08005089058524174, 0.7836940298507463, 0.431872460217994, 0.17, -0.261872460217994, 0, 0, 0, 260, 0, 0, 0, -190, 273, 66, 16, 2, 203
112.22, 9.041049871425907, 0.08056540609005442, 0.08005089058524174, 0.7836940298507463, 0.431872460217994, 0.22, -0.211872460217994, 0, 0, 0, 260, 0, 0, 0, -190, 257, 72, 16, 6, 203
112.271, 9.044959408950373, 0.08056363093719993, 0.08005089058524174, 0.7836940298507463, 0.431872460217994, 0.22, -0.211872460217994, 0, 0, 0, 260, 0, 0, 0, -190, 257, 77, 0, 5, 203
112.318, 9.04862460037956, 0.08056255097472855, 0.08005089058524174, 0.7836940298507463, 0.431872460217994, 0.21, -0.221872460217994, 0, 0, 0, 260, 0, 0, 0, -190, 257, 63, 0, 14, 203
112.366, 9.052534137904029, 0.08056292951519168, 0.08005089058524174, 0.7836940298507463, 0.431872460217994, 0.2, -0.2318724602179941, 0, 0, 0, 260, 0, 0, 0, -190, 258, 84, 1, 21, 203
112.411, 9.056688021523774, 0.08056763147311006, 0.08005089058524174, 0.7836940298507463, 0.431872460217994, 0.21, -0.221872460217994, 0, 0, 0, 260, 0, 0, 0, -190, 269, 64, 11, 20, 203
112.459, 9.060353212952963, 0.08056583477492209, 0.08005089058524174, 0.7836940298507463, 0.431872460217994, 0.17, -0.261872460217994, 0, 0, 0, 260, 0, 0, 0, -190, 257, 64, 12, 0, 203
112.51, 9.064262750477432, 0.08056406319862617, 0.08005089058524174, 0.7836940298507463, 0.431872460217994, 0.15, -0.2818724602179941, 0, 0, 0, 260, 0, 0, 0, -190, 259, 72, 2, 8, 203
112.559, 9.068416634097177, 0.08056589552232319, 0.08005089058524174, 0.7836940298507463, 0.431872460217994, 0.15, -0.2818724602179941, 0, 0, 0, 260, 0, 0, 0, -190, 259, 69, 0, 3, 203
112.605, 9.072081825526366, 0.08056553284069416, 0.08005089058524174, 0.7836940298507463, 0.431872460217994, 0.14, -0.291872460217994, 0, 0, 0, 260, 0, 0, 0, -190, 261, 67, 2, 2, 203
112.651, 9.075747016955553, 0.08056517045526052, 0.08005089058524174, 0.7836940298507463, 0.431872460217994, 0.14, -0.291872460217994, 0, 0, 0, 260, 0, 0, 0, -190, 257, 69, 4, 2, 203
112.7, 9.079656554480021, 0.08056483189423266, 0.08005089058524174, 0.7836940298507463, 0.431872460217994, 0.19, -0.241872460217994, 0, 0, 0, 260, 0, 0, 0, -190, 263, 84, 6, 15, 203
112.753, 9.083810438099766, 0.08056380263141349, 0.08005089058524174, 0.7836940298507463, 0.431872460217994, 0.22, -0.211872460217994, 0, 0, 0, 260, 0, 0, 0, -190, 255, 63, 8, 21, 203
112.799, 9.087964321719513, 0.08056777384302622, 0.08005089058524174, 0.7836940298507463, 0.431872460217994, 0.21, -0.221872460217994, 0, 0, 0, 260, 0, 0, 0, -190, 266, 79, 11, 16, 203
112.85, 9.091629513148701, 0.08056384149888084, 0.08005089058524174, 0.7836940298507463, 0.431872460217994, 0.19, -0.241872460217994, 0, 0, 0, 260, 0, 0, 0, -190, 250, 67, 16, 12, 203
112.896, 9.09529470457789, 0.08056348058901902, 0.08005089058524174, 0.7836940298507463, 0.431872460217994, 0.15, -0.2818724602179941, 0, 0, 0, 260, 0, 0, 0, -190, 267, 71, 17, 4, 203
112.94, 9.098959896007077, 0.08056454662659004, 0.08005089058524174, 0.7836940298507463, 0.431872460217994, 0.14, -0.291872460217994, 0, 0, 0, 260, 0, 0, 0, -190, 256, 68, 11, 3, 203
112.986, 9.102380741340987, 0.08056202309437442, 0.08005089058524174, 0.7836940298507463, 0.431872460217994, 0.16, -0.271872460217994, 0, 0, 0, 260, 0, 0, 0, -190, 260, 72, 4, 4, 203
113.036, 9.106534624960734, 0.08056313585902487, 0.08005089058524174, 0.7836940298507463, 0.431872460217994, 0.18, -0.251872460217994, 0, 0, 0, 260, 0, 0, 0, -190, 248, 75, 12, 3, 203
113.081, 9.110444162485202, 0.08056564907000469, 0.08005089058524174, 0.7836940298507463, 0.431872460217994, 0.15, -0.2818724602179941, 0, 0, 0, 260, 0, 0, 0, -190, 266, 58, 18, 17, 203
113.139, 9.115331084390784, 0.08056754155853229, 0.08005089058524174, 0.7836940298507463, 0.431872460217994, 0.17, -0.261872460217994, 0, 0, 0, 260, 0, 0, 0, -190, 262, 74, 4, 16, 203
113.19, 9.119240621915253, 0.08056577985612911, 0.08005089058524174, 0.7836940298507463, 0.431872460217994, 0.19, -0.241872460217994, 0, 0, 0, 260, 0, 0, 0, -190, 269, 66, 7, 8, 203
113.239, 9.123150159439719, 0.08056544264290324, 0.08005089058524174, 0.7836940298507463, 0.431872460217994, 0.2, -0.2318724602179941, 0, 0, 0, 260, 0, 0, 0, -190, 249, 71, 20, 5, 203
113.287, 9.126571004773629, 0.08056150312722227, 0.08005089058524174, 0.7836940298507463, 0.431872460217994, 0.2, -0.2318724602179941, 0, 0, 0, 260, 0, 0, 0, -190, 261, 63, 12, 8, 203
113.335, 9.130724888393376, 0.08056403483825274, 0.08005089058524174, 0.7836940298507463, 0.431872460217994, 0.23, -0.201872460217994, 0, 0, 0, 260, 0, 0, 0, -190, 265, 80, 4, 17, 203
113.384, 9.1351231181084, 0.08056800887346011, 0.08005089058524174, 0.7836940298507463, 0.431872460217994, 0.45, 0.01812753978200597, 0, 0, 0, 260, 0, 0, 0, 190, 270, 70, 5, 10, 204
113.439, 9.139277001728148, 0.08056556388656588, 0.08005089058524174, 0.7836940298507463, 0.431872460217994, 0.71, 0.278127539782006, 0, 0, 0, 260, 0, 0, 0, 190, 231, 91, 39, 21, 204
113.489, 9.143430885347893, 0.08056667064955981, 0.08005089058524174, 0.7836940298507463, 0.431872460217994, 0.74, 0.308127539782006, 0, 0, 0, 260, 0, 0, 0, 190, 148, 195, 83, 104, 204
113.541, 9.14758476896764, 0.08056635725392272, 0.08005089058524174, 0.7836940298507463, 0.431872460217994, 0.71, 0.278127539782006, 0, 0, 0, 260, 0, 0, 0, 190, 76, 264, 72, 69, 204
113.591, 9.151494306492108, 0.08056531156950909, 0.08005089058524174, 0.7836940298507463, 0.431872460217994, 0.5899999999999999, 0.158127539782006, 0, 0, 0, 260, 0, 0, 0, 190, 52, 249, 24, 15, 204
113.64, 9.155648190111853, 0.08056712592495472, 0.08005089058524174, 0.7836940298507463, 0.431872460217994, 0.26, -0.171872460217994, 0, 0, 0, 260, 0, 0, 0, -190, 84, 291, 32, 42, 205
113.691, 9.159802073731599, 0.08056752138455639, 0.08005089058524174, 0.7836940298507463, 0.431872460217994, 0.24, -0.191872460217994, 0, 0, 0, 260, 0, 0, 0, -190, 95, 221, 11, 70, 205
113.74, 9.163467265160786, 0.08056503662001747, 0.08005089058524174, 0.7836940298507463, 0.431872460217994, 0.17, -0.261872460217994, 0, 0, 0, 260, 0, 0, 0, -190, 172, 159, 77, 62, 205
113.78, 9.166888110494698, 0.08056677896374318, 0.08005089058524174, 0.7836940298507463, 0.431872460217994, 0.15, -0.2818724602179941, 0, 0, 0, 260, 0, 0, 0, -190, 248, 87, 76, 72, 205
113.83, 9.170553301923885, 0.08056358870178235, 0.08005089058524174, 0.7836940298507463, 0.431872460217994, 0.2, -0.2318724602179941, 0, 0, 0, 260, 0, 0, 0, -190, 260, 43, 12, 44, 205
113.88, 9.174951531638911, 0.08056683817737014, 0.08005089058524174, 0.7836940298507463, 0.431872460217994, 0.2, -0.2318724602179941, 0, 0, 0, 260, 0, 0, 0, -190, 286, 88, 26, 45, 205
113.928, 9.178861069163379, 0.0805672097216082, 0.08005089058524174, 0.7836940298507463, 0.431872460217994, 0.19, -0.241872460217994, 0, 0, 0, 260, 0, 0, 0, -190, 249, 69, 37, 19, 205
113.981, 9.182770606687846, 0.08056404669802726, 0.08005089058524174, 0.7836940298507463, 0.431872460217994, 0.26, -0.171872460217994, 0, 0, 0, 260, 0, 0, 0, -190, 258, 64, 9, 5, 205
114.032, 9.18716883640287, 0.08056658513753042, 0.08005089058524174, 0.7836940298507463, 0.431872460217994, 0.54, 0.108127539782006, 0, 0, 0, 260, 0, 0, 0, 190, 263, 79, 5, 15, 206
114.082, 9.191322720022617, 0.08056768569995809, 0.08005089058524174, 0.7836940298507463, 0.431872460217994, 0.73, 0.298127539782006, 0, 0, 0, 260, 0, 0, 0, 190, 246, 79, 17, 0, 206
114.13, 9.194987911451806, 0.08056591528477881, 0.08005089058524174, 0.7836940298507463, 0.431872460217994, 0.77, 0.338127539782006, 0, 0, 0, 260, 0, 0, 0, 190, 162, 175, 84, 96, 206
114.18, 9.199386141166832, 0.08056915520377327, 0.08005089058524174, 0.7836940298507463, 0.431872460217994, 0.79, 0.3581275397820059, 0, 0, 0, 260, 0, 0, 0, 190, 95, 267, 67, 92, 206
114.225, 9.20280698650074, 0.08056736254323258, 0.08005089058524174, 0.7836940298507463, 0.431872460217994, 0.7800000000000001, 0.348127539782006, 0, 0, 0, 260, 0, 0, 0, 190, 47, 248, 48, 19, 206
114.276, 9.206472177929928, 0.08056347945264035, 0.08005089058524174, 0.7836940298507463, 0.431872460217994, 0.64, 0.208127539782006, 0, 0, 0, 260, 0, 0, 0, 190, 73, 252, 26, 4, 206
114.329, 9.211114753740233, 0.08056673944266313, 0.08005089058524174, 0.7836940298507463, 0.431872460217994, 0.28, -0.151872460217994, 0, 0, 0, 260, 0, 0, 0, -190, 68, 268, 5, 16, 207
114.379, 9.215024291264701, 0.08056570079529198, 0.08005089058524174, 0.7836940298507463, 0.431872460217994, 0.2, -0.2318724602179941, 0, 0, 0, 260, 0, 0, 0, -190, 87, 238, 19, 30, 207
114.43, 9.219422520979728, 0.08056822966861599, 0.08005089058524174, 0.7836940298507463, 0.431872460217994, 0.18, -0.251872460217994, 0, 0, 0, 260, 0, 0, 0, -190, 185, 155, 98, 83, 207
114.479, 9.223087712408915, 0.08056576064089409, 0.08005089058524174, 0.7836940298507463, 0.431872460217994, 0.15, -0.2818724602179941, 0, 0, 0, 260, 0, 0, 0, -190, 241, 80, 56, 75, 207
114.534, 9.227241596028662, 0.08056334010886427, 0.08005089058524174, 0.7836940298507463, 0.431872460217994, 0.21, -0.221872460217994, 0, 0, 0, 260, 0, 0, 0, -190, 283, 54, 42, 26, 207
114.577, 9.231395479648407, 0.08056935929242698, 0.08005089058524174, 0.7836940298507463, 0.431872460217994, 0.22, -0.211872460217994, 0, 0, 0, 260, 0, 0, 0, -190, 264, 78, 19, 24, 207
114.631, 9.235305017172875, 0.08056551035211134, 0.08005089058524174, 0.7836940298507463, 0.431872460217994, 0.29, -0.141872460217994, 0, 0, 0, 260, 0, 0, 0, -190, 252, 75, 12, 3, 207
114.689, 9.23994759298318, 0.08056524682387309, 0.08005089058524174, 0.7836940298507463, 0.431872460217994, 0.65, 0.218127539782006, 0, 0, 0, 260, 0, 0, 0, 190, 250, 67, 2, 8, 208
114.74, 9.244101476602925, 0.08056563950325019, 0.08005089058524174, 0.7836940298507463, 0.431872460217994, 0.77, 0.338127539782006, 0, 0, 0, 260, 0, 0, 0, 190, 238, 86, 12, 19, 208
114.791, 9.248255360222673, 0.08056603183370362, 0.08005089058524174, 0.7836940298507463, 0.431872460217994, 0.79, 0.3581275397820059, 0, 0, 0, 260, 0, 0, 0, 190, 166, 191, 72, 105, 208
114.836, 9.251920551651862, 0.08056637771824047, 0.08005089058524174, 0.7836940298507463, 0.431872460217994, 0.8, 0.368127539782006, 0, 0, 0, 260, 0, 0, 0, 190, 80, 262, 86, 71, 208
114.881, 9.25534139698577, 0.08056459638221959, 0.08005089058524174, 0.7836940298507463, 0.431872460217994, 0.8, 0.368127539782006, 0, 0, 0, 260, 0, 0, 0, 190, 48, 251, 32, 11, 208
114.929, 9.259250934510238, 0.08056496562669333, 0.08005089058524174, 0.7836940298507463, 0.431872460217994, 0.75, 0.318127539782006, 0, 0, 0, 260, 0, 0, 0, 190, 71, 263, 23, 12, 208
114.989, 9.264382202511101, 0.08056755170069398, 0.08005089058524174, 0.7836940298507463, 0.431872460217994, 0.5, 0.06812753978200598, 0, 0, 0, 260, 0, 0, 0, 190, 75, 267, 4, 4, 208
115.041, 9.268780432226125, 0.08056936598452836, 0.08005089058524174, 0.7836940298507463, 0.431872460217994, 0.23, -0.201872460217994, 0, 0, 0, 260, 0, 0, 0, -190, 65, 259, 10, 8, 209
115.096, 9.272934315845871, 0.08056695554881031, 0.08005089058524174, 0.7836940298507463, 0.431872460217994, 0.2, -0.2318724602179941, 0, 0, 0, 260, 0, 0, 0, -190, 79, 246, 14, 13, 209
115.15, 9.277332545560899, 0.08056736904525314, 0.08005089058524174, 0.7836940298507463, 0.431872460217994, 0.14, -0.291872460217994, 0, 0, 0, 260, 0, 0, 0, -190, 197, 134, 118, 112, 209
115.199, 9.280753390894809, 0.08056279473688841, 0.08005089058524174, 0.7836940298507463, 0.431872460217994, 0.14, -0.291872460217994, 0, 0, 0, 260, 0, 0, 0, -190, 244, 65, 47, 69, 209
115.249, 9.285151620609833, 0.08056600595762074, 0.08005089058524174, 0.7836940298507463, 0.431872460217994, 0.18, -0.251872460217994, 0, 0, 0, 260, 0, 0, 0, -190, 282, 65, 38, 0, 209
115.298, 9.289061158134301, 0.08056567467028309, 0.08005089058524174, 0.7836940298507463, 0.431872460217994, 0.22, -0.211872460217994, 0, 0, 0, 260, 0, 0, 0, -190, 269, 77, 13, 12, 209
115.351, 9.293215041754047, 0.08056466820187122, 0.08005089058524174, 0.7836940298507463, 0.431872460217994, 0.31, -0.121872460217994, 0, 0, 0, 260, 0, 0, 0, -190, 241, 66, 28, 11, 209
115.4, 9.297613271469071, 0.08056857254305955, 0.08005089058524174, 0.7836940298507463, 0.431872460217994, 0.65, 0.218127539782006, 0, 0, 0, 260, 0, 0, 0, 190, 267, 73, 26, 7, 210
115.449, 9.30127846289826, 0.08056612411452901, 0.08005089058524174, 0.7836940298507463, 0.431872460217994, 0.76, 0.328127539782006, 0, 0, 0, 260, 0, 0, 0, 190, 244, 85, 23, 12, 210
115.503, 9.305676692613286, 0.08056653673595738, 0.08005089058524174, 0.7836940298507463, 0.431872460217994, 0.77, 0.338127539782006, 0, 0, 0, 260, 0, 0, 0, 190, 170, 183, 74, 98, 210
115.555, 9.309830576233033, 0.08056622886273232, 0.08005089058524174, 0.7836940298507463, 0.431872460217994, 0.7800000000000001, 0.348127539782006, 0, 0, 0, 260, 0, 0, 0, 190, 66, 272, 104, 89, 210
115.606, 9.3137401137575, 0.08056450455648928, 0.08005089058524174, 0.7836940298507463, 0.431872460217994, 0.79, 0.3581275397820059, 0, 0, 0, 260, 0, 0, 0, 190, 43, 252, 23, 20, 210
115.659, 9.318138343472526, 0.0805656139467964, 0.08005089058524174, 0.7836940298507463, 0.431872460217994, 0.76, 0.328127539782006, 0, 0, 0, 260, 0, 0, 0, 190, 86, 265, 43, 13, 210
115.708, 9.322536573187552, 0.08056950749462054, 0.08005089058524174, 0.7836940298507463, 0.431872460217994, 0.4699999999999999, 0.03812753978200597, 0, 0, 0, 260, 0, 0, 0, 190, 63, 269, 23, 4, 210
115.768, 9.327179148997857, 0.08056785250671911, 0.08005089058524174, 0.7836940298507463, 0.431872460217994, 0.21, -0.221872460217994, 0, 0, 0, 260, 0, 0, 0, -190, 75, 252, 12, 17, 211
115.818, 9.331088686522325, 0.080566826283672, 0.08005089058524174, 0.7836940298507463, 0.431872460217994, 0.22, -0.211872460217994, 0, 0, 0, 260, 0, 0, 0, -190, 84, 243, 9, 9, 211
115.87, 9.335242570142071, 0.08056651911747709, 0.08005089058524174, 0.7836940298507463, 0.431872460217994, 0.16, -0.271872460217994, 0, 0, 0, 260, 0, 0, 0, -190, 187, 148, 103, 95, 211
115.915, 9.338663415475979, 0.0805647536166672, 0.08005089058524174, 0.7836940298507463, 0.431872460217994, 0.17, -0.261872460217994, 0, 0, 0, 260, 0, 0, 0, -190, 252, 82, 65, 66, 211
115.969, 9.343305991286284, 0.08056727221314562, 0.08005089058524174, 0.7836940298507463, 0.431872460217994, 0.23, -0.201872460217994, 0, 0, 0, 260, 0, 0, 0, -190, 270, 58, 18, 24, 211
116.016, 9.347215528810752, 0.08056833134059744, 0.08005089058524174, 0.7836940298507463, 0.431872460217994, 0.26, -0.171872460217994, 0, 0, 0, 260, 0, 0, 0, -190, 282, 84, 12, 26, 211
116.066, 9.350880720239941, 0.08056520186997002, 0.08005089058524174, 0.7836940298507463, 0.431872460217994, 0.32, -0.111872460217994, 0, 0, 0, 260, 0, 0, 0, -190, 250, 55, 32, 29, 211
116.111, 9.354790257764407, 0.0805676486961994, 0.08005089058524174, 0.7836940298507463, 0.431872460217994, 0.4699999999999999, 0.03812753978200597, 0, 0, 0, 260, 0, 0, 0, 190, 251, 86, 1, 31, 212
116.16, 9.358699795288874, 0.08056731917431883, 0.08005089058524174, 0.7836940298507463, 0.431872460217994, 0.74, 0.308127539782006, 0, 0, 0, 260, 0, 0, 0, 190, 243, 77, 8, 9, 212
116.209, 9.36260933281334, 0.08056698993032676, 0.08005089058524174, 0.7836940298507463, 0.431872460217994, 0.77, 0.338127539782006, 0, 0, 0, 260, 0, 0, 0, 190, 172, 163, 71, 86, 212
116.261, 9.366763216433087, 0.08056668372397526, 0.08005089058524174, 0.7836940298507463, 0.431872460217994, 0.77, 0.338127539782006, 0, 0, 0, 260, 0, 0, 0, 190, 77, 269, 95, 106, 212
116.309, 9.370184061766997, 0.08056284605462171, 0.08005089058524174, 0.7836940298507463, 0.431872460217994, 0.8, 0.368127539782006, 0, 0, 0, 260, 0, 0, 0, 190, 48, 238, 29, 31, 212
116.36, 9.374826637577302, 0.0805674341489971, 0.08005089058524174, 0.7836940298507463, 0.431872460217994, 0.67, 0.238127539782006, 0, 0, 0, 260, 0, 0, 0, 190, 86, 278, 38, 40, 212
116.41, 9.378980521197049, 0.0805685123374027, 0.08005089058524174, 0.7836940298507463, 0.431872460217994, 0.39, -0.04187246021799403, 0, 0, 0, 260, 0, 0, 0, -190, 68, 258, 18, 20, 213
116.46, 9.382890058721516, 0.08056749148824933, 0.08005089058524174, 0.7836940298507463, 0.431872460217994, 0.23, -0.201872460217994, 0, 0, 0, 260, 0, 0, 0, -190, 87, 232, 19, 26, 213
116.509, 9.386799596245982, 0.08056716301956058, 0.08005089058524174, 0.7836940298507463, 0.431872460217994, 0.21, -0.221872460217994, 0, 0, 0, 260, 0, 0, 0, -190, 181, 148, 94, 84, 213
116.555, 9.390220441579892, 0.08056471572716649, 0.08005089058524174, 0.7836940298507463, 0.431872460217994, 0.2, -0.2318724602179941, 0, 0, 0, 260, 0, 0, 0, -190, 245, 80, 64, 68, 213
116.601, 9.39412997910436, 0.08056646151494721, 0.08005089058524174, 0.7836940298507463, 0.431872460217994, 0.23, -0.201872460217994, 0, 0, 0, 260, 0, 0, 0, -190, 275, 55, 30, 25, 213
116.65, 9.398039516628826, 0.08056613387594364, 0.08005089058524174, 0.7836940298507463, 0.431872460217994, 0.32, -0.111872460217994, 0, 0, 0, 260, 0, 0, 0, -190, 269, 83, 6, 28, 213
116.701, 9.402437746343852, 0.08056861334816199, 0.08005089058524174, 0.7836940298507463, 0.431872460217994, 0.52, 0.08812753978200597, 0, 0, 0, 260, 0, 0, 0, 190, 255, 66, 14, 17, 214
116.759, 9.406591629963598, 0.08056416747285947, 0.08005089058524174, 0.7836940298507463, 0.431872460217994, 0.77, 0.338127539782006, 0, 0, 0, 260, 0, 0, 0, 190, 232, 96, 23, 30, 214
116.814, 9.411234205773905, 0.08056597844242901, 0.08005089058524174, 0.7836940298507463, 0.431872460217994, 0.76, 0.328127539782006, 0, 0, 0, 260, 0, 0, 0, 190, 156, 201, 76, 105, 214
116.859, 9.414899397203092, 0.08056631835975912, 0.08005089058524174, 0.7836940298507463, 0.431872460217994, 0.7800000000000001, 0.348127539782006, 0, 0, 0, 260, 0, 0, 0, 190, 65, 244, 91, 43, 214
116.906, 9.418320242537, 0.08056318959280961, 0.08005089058524174, 0.7836940298507463, 0.431872460217994, 0.7800000000000001, 0.348127539782006, 0, 0, 0, 260, 0, 0, 0, 190, 51, 260, 14, 16, 214
116.958, 9.422962818347305, 0.08056706525716329, 0.08005089058524174, 0.7836940298507463, 0.431872460217994, 0.64, 0.208127539782006, 0, 0, 0, 260, 0, 0, 0, 190, 79, 278, 28, 18, 214
117.024, 9.428094086348167, 0.08056547448684174, 0.08005089058524174, 0.7836940298507463, 0.431872460217994, 0.32, -0.111872460217994, 0, 0, 0, 260, 0, 0, 0, -190, 70, 252, 9, 26, 215
117.079, 9.432981008253753, 0.08056936776239764, 0.08005089058524174, 0.7836940298507463, 0.431872460217994, 0.24, -0.191872460217994, 0, 0, 0, 260, 0, 0, 0, -190, 95, 229, 25, 23, 215
117.13, 9.43664619968294, 0.08056557841443645, 0.08005089058524174, 0.7836940298507463, 0.431872460217994, 0.18, -0.251872460217994, 0, 0, 0, 260, 0, 0, 0, -190, 191, 148, 96, 81, 215
117.176, 9.440311391112129, 0.08056523000539471, 0.08005089058524174, 0.7836940298507463, 0.431872460217994, 0.18, -0.251872460217994, 0, 0, 0, 260, 0, 0, 0, -190, 250, 67, 59, 81, 215
117.221, 9.443976582541318, 0.08056556916031528, 0.08005089058524174, 0.7836940298507463, 0.431872460217994, 0.19, -0.241872460217994, 0, 0, 0, 260, 0, 0, 0, -190, 255, 62, 5, 5, 215
117.269, 9.447886120065785, 0.08056593063866654, 0.08005089058524174, 0.7836940298507463, 0.431872460217994, 0.26, -0.171872460217994, 0, 0, 0, 260, 0, 0, 0, -190, 282, 71, 27, 9, 215
117.324, 9.452284349780809, 0.08056565024871986, 0.08005089058524174, 0.7836940298507463, 0.431872460217994, 0.4699999999999999, 0.03812753978200597, 0, 0, 0, 260, 0, 0, 0, 190, 250, 70, 32, 1, 216
117.378, 9.456682579495837, 0.08056605649692306, 0.08005089058524174, 0.7836940298507463, 0.431872460217994, 0.79, 0.3581275397820059, 0, 0, 0, 260, 0, 0, 0, 190, 248, 88, 2, 18, 216
117.425, 9.460592117020301, 0.08056710340234449, 0.08005089058524174, 0.7836940298507463, 0.431872460217994, 0.8199999999999999, 0.388127539782006, 0, 0, 0, 260, 0, 0, 0, 190, 153, 188, 95, 100, 216
117.469, 9.46425730844949, 0.08056812698200794, 0.08005089058524174, 0.7836940298507463, 0.431872460217994, 0.8199999999999999, 0.388127539782006, 0, 0, 0, 260, 0, 0, 0, 190, 80, 253, 73, 65, 216
117.516, 9.4676781537834, 0.08056501373245684, 0.08005089058524174, 0.7836940298507463, 0.431872460217994, 0.8199999999999999, 0.388127539782006, 0, 0, 0, 260, 0, 0, 0, 190, 48, 247, 32, 6, 216
117.568, 9.472320729593704, 0.08056886848116584, 0.08005089058524174, 0.7836940298507463, 0.431872460217994, 0.64, 0.208127539782006, 0, 0, 0, 260, 0, 0, 0, 190, 86, 279, 38, 32, 216
117.621, 9.476718959308732, 0.08056995739968825, 0.08005089058524174, 0.7836940298507463, 0.431872460217994, 0.33, -0.101872460217994, 0, 0, 0, 260, 0, 0, 0, -190, 73, 272, 13, 7, 217
117.67, 9.480628496833196, 0.0805696311450089, 0.08005089058524174, 0.7836940298507463, 0.431872460217994, 0.21, -0.221872460217994, 0, 0, 0, 260, 0, 0, 0, -190, 74, 225, 1, 47, 217
117.719, 9.484538034357666, 0.08056930516193363, 0.08005089058524174, 0.7836940298507463, 0.431872460217994, 0.15, -0.2818724602179941, 0, 0, 0, 260, 0, 0, 0, -190, 184, 150, 110, 75, 217
117.765, 9.487958879691574, 0.08056688217799495, 0.08005089058524174, 0.7836940298507463, 0.431872460217994, 0.15, -0.2818724602179941, 0, 0, 0, 260, 0, 0, 0, -190, 242, 87, 58, 63, 217
117.809, 9.491379725025483, 0.08056582879937427, 0.08005089058524174, 0.7836940298507463, 0.431872460217994, 0.17, -0.261872460217994, 0, 0, 0, 260, 0, 0, 0, -190, 274, 61, 32, 26, 217
117.859, 9.495777954740509, 0.08056896762012668, 0.08005089058524174, 0.7836940298507463, 0.431872460217994, 0.32, -0.111872460217994, 0, 0, 0, 260, 0, 0, 0, -190, 271, 72, 3, 11, 217
117.915, 9.500176184455535, 0.0805680039389012, 0.08005089058524174, 0.7836940298507463, 0.431872460217994, 0.71, 0.278127539782006, 0, 0, 0, 260, 0, 0, 0, 190, 255, 72, 16, 0, 218
117.968, 9.50433006807528, 0.08056701875148581, 0.08005089058524174, 0.7836940298507463, 0.431872460217994, 0.8199999999999999, 0.388127539782006, 0, 0, 0, 260, 0, 0, 0, 190, 243, 93, 12, 21, 218
118.018, 9.508728297790308, 0.08057015283931525, 0.08005089058524174, 0.7836940298507463, 0.431872460217994, 0.8100000000000001, 0.378127539782006, 0, 0, 0, 260, 0, 0, 0, 190, 154, 195, 89, 102, 218
118.061, 9.512149143124216, 0.08056978293529799, 0.08005089058524174, 0.7836940298507463, 0.431872460217994, 0.8100000000000001, 0.378127539782006, 0, 0, 0, 260, 0, 0, 0, 190, 74, 247, 80, 52, 218
118.111, 9.516058680648683, 0.08056877581807523, 0.08005089058524174, 0.7836940298507463, 0.431872460217994, 0.75, 0.318127539782006, 0, 0, 0, 260, 0, 0, 0, 190, 46, 269, 28, 22, 218
118.166, 9.520456910363707, 0.08056849610178654, 0.08005089058524174, 0.7836940298507463, 0.431872460217994, 0.64, 0.208127539782006, 0, 0, 0, 260, 0, 0, 0, 190, 89, 259, 43, 10, 218
118.215, 9.524610793983454, 0.08057023892047079, 0.08005089058524174, 0.7836940298507463, 0.431872460217994, 0.37, -0.06187246021799403, 0, 0, 0, 260, 0, 0, 0, -190, 74, 273, 15, 14, 219
118.266, 9.528275985412643, 0.08056648559529066, 0.08005089058524174, 0.7836940298507463, 0.431872460217994, 0.21, -0.221872460217994, 0, 0, 0, 260, 0, 0, 0, -190, 75, 227, 1, 46, 219
118.311, 9.532185522937111, 0.08056888643437306, 0.08005089058524174, 0.7836940298507463, 0.431872460217994, 0.17, -0.261872460217994, 0, 0, 0, 260, 0, 0, 0, -190, 178, 157, 103, 70, 219
118.36, 9.535850714366298, 0.0805664980936659, 0.08005089058524174, 0.7836940298507463, 0.431872460217994, 0.15, -0.2818724602179941, 0, 0, 0, 260, 0, 0, 0, -190, 245, 84, 67, 73, 219
118.414, 9.540248944081323, 0.08056690040097729, 0.08005089058524174, 0.7836940298507463, 0.431872460217994, 0.17, -0.261872460217994, 0, 0, 0, 260, 0, 0, 0, -190, 274, 65, 29, 19, 219
118.459, 9.544158481605791, 0.08056929808292988, 0.08005089058524174, 0.7836940298507463, 0.431872460217994, 0.26, -0.171872460217994, 0, 0, 0, 260, 0, 0, 0, -190, 265, 77, 9, 12, 219
118.509, 9.548312365225538, 0.08057035638833792, 0.08005089058524174, 0.7836940298507463, 0.431872460217994, 0.35, -0.08187246021799403, 0, 0, 0, 260, 0, 0, 0, -190, 258, 67, 7, 10, 219
118.561, 9.552221902750006, 0.08056799371420622, 0.08005089058524174, 0.7836940298507463, 0.431872460217994, 0.63, 0.198127539782006, 0, 0, 0, 260, 0, 0, 0, 190, 261, 69, 3, 2, 220
118.61, 9.556131440274472, 0.08056767085637359, 0.08005089058524174, 0.7836940298507463, 0.431872460217994, 0.67, 0.238127539782006, 0, 0, 0, 260, 0, 0, 0, 190, 238, 90, 23, 21, 220
118.66, 9.560285323894218, 0.08056872850070974, 0.08005089058524174, 0.7836940298507463, 0.431872460217994, 0.8, 0.368127539782006, 0, 0, 0, 260, 0, 0, 0, 190, 174, 186, 64, 96, 220
118.71, 9.564439207513965, 0.08056978525409793, 0.08005089058524174, 0.7836940298507463, 0.431872460217994, 0.8, 0.368127539782006, 0, 0, 0, 260, 0, 0, 0, 190, 76, 258, 98, 72, 220
118.766, 9.568348745038433, 0.08056471334420989, 0.08005089058524174, 0.7836940298507463, 0.431872460217994, 0.71, 0.278127539782006, 0, 0, 0, 260, 0, 0, 0, 190, 56, 247, 20, 11, 220
118.816, 9.572746974753459, 0.08056782735282672, 0.08005089058524174, 0.7836940298507463, 0.431872460217994, 0.73, 0.298127539782006, 0, 0, 0, 260, 0, 0, 0, 190, 76, 273, 20, 26, 220
118.867, 9.576900858373206, 0.08056820529140303, 0.08005089058524174, 0.7836940298507463, 0.431872460217994, 0.43, -0.001872460217994032, 0, 0, 0, 260, 0, 0, 0, -190, 71, 265, 5, 8, 221
118.921, 9.58129908808823, 0.08056860510833436, 0.08005089058524174, 0.7836940298507463, 0.431872460217994, 0.22, -0.211872460217994, 0, 0, 0, 260, 0, 0, 0, -190, 90, 226, 19, 39, 221
118.971, 9.585208625612699, 0.0805676057662178, 0.08005089058524174, 0.7836940298507463, 0.431872460217994, 0.15, -0.2818724602179941, 0, 0, 0, 260, 0, 0, 0, -190, 183, 143, 93, 83, 221
119.019, 9.588629470946607, 0.08056385510671916, 0.08005089058524174, 0.7836940298507463, 0.431872460217994, 0.16, -0.271872460217994, 0, 0, 0, 260, 0, 0, 0, -190, 245, 71, 62, 72, 221
119.068, 9.592783354566354, 0.08056558734980309, 0.08005089058524174, 0.7836940298507463, 0.431872460217994, 0.29, -0.141872460217994, 0, 0, 0, 260, 0, 0, 0, -190, 280, 64, 35, 7, 221
119.119, 9.59718158428138, 0.08056801672513519, 0.08005089058524174, 0.7836940298507463, 0.431872460217994, 0.5699999999999999, 0.138127539782006, 0, 0, 0, 260, 0, 0, 0, 190, 262, 76, 18, 12, 222
119.18, 9.602312852282243, 0.08056983430342544, 0.08005089058524174, 0.7836940298507463, 0.431872460217994, 0.8, 0.368127539782006, 0, 0, 0, 260, 0, 0, 0, 190, 221, 89, 41, 13, 222
119.23, 9.60622238980671, 0.0805688366166796, 0.08005089058524174, 0.7836940298507463, 0.431872460217994, 0.8100000000000001, 0.378127539782006, 0, 0, 0, 260, 0, 0, 0, 190, 142, 192, 79, 103, 222
119.277, 9.610131927331176, 0.08056986617144275, 0.08005089058524174, 0.7836940298507463, 0.431872460217994, 0.8199999999999999, 0.388127539782006, 0, 0, 0, 260, 0, 0, 0, 190, 64, 254, 78, 62, 222
119.33, 9.614285810950923, 0.0805688914015832, 0.08005089058524174, 0.7836940298507463, 0.431872460217994, 0.7800000000000001, 0.348127539782006, 0, 0, 0, 260, 0, 0, 0, 190, 72, 257, 8, 3, 222
119.379, 9.61843969457067, 0.08057061706473224, 0.08005089058524174, 0.7836940298507463, 0.431872460217994, 0.49, 0.05812753978200597, 0, 0, 0, 260, 0, 0, 0, 190, 74, 278, 2, 21, 222
119.431, 9.622349232095138, 0.08056827148809887, 0.08005089058524174, 0.7836940298507463, 0.431872460217994, 0.29, -0.141872460217994, 0, 0, 0, 260, 0, 0, 0, -190, 66, 248, 8, 30, 223
119.48, 9.626014423524326, 0.08056590578778311, 0.08005089058524174, 0.7836940298507463, 0.431872460217994, 0.18, -0.251872460217994, 0, 0, 0, 260, 0, 0, 0, -190, 84, 238, 18, 10, 223
119.53, 9.630656999334631, 0.08057104492039347, 0.08005089058524174, 0.7836940298507463, 0.431872460217994, 0.13, -0.301872460217994, 0, 0, 0, 260, 0, 0, 0, -190, 185, 152, 101, 86, 223
119.59, 9.635055229049657, 0.08056739885483449, 0.08005089058524174, 0.7836940298507463, 0.431872460217994, 0.09, -0.3418724602179941, 0, 0, 0, 260, 0, 0, 0, -190, 248, 67, 63, 85, 223
119.64, 9.638964766574123, 0.0805664056049325, 0.08005089058524174, 0.7836940298507463, 0.431872460217994, 0.07000000000000001, -0.361872460217994, 0, 0, 0, 260, 0, 0, 0, -190, 278, 54, 30, 13, 223
119.689, 9.643362996289151, 0.08057016932457579, 0.08005089058524174, 0.7836940298507463, 0.431872460217994, 0.18, -0.251872460217994, 0, 0, 0, 260, 0, 0, 0, -190, 271, 82, 7, 28, 223
119.74, 9.647272533813615, 0.08056850287133468, 0.08005089058524174, 0.7836940298507463, 0.431872460217994, 0.48, 0.04812753978200597, 0, 0, 0, 260, 0, 0, 0, 190, 251, 62, 20, 20, 224
119.789, 9.651182071338084, 0.08056818298289564, 0.08005089058524174, 0.7836940298507463, 0.431872460217994, 0.74, 0.308127539782006, 0, 0, 0, 260, 0, 0, 0, 190, 244, 96, 7, 34, 224
119.84, 9.655335954957831, 0.08056855770158403, 0.08005089058524174, 0.7836940298507463, 0.431872460217994, 0.79, 0.3581275397820059, 0, 0, 0, 260, 0, 0, 0, 190, 154, 196, 90, 100, 224
119.89, 9.659489838577578, 0.08056960412526131, 0.08005089058524174, 0.7836940298507463, 0.431872460217994, 0.79, 0.3581275397820059, 0, 0, 0, 260, 0, 0, 0, 190, 72, 263, 82, 67, 224
119.939, 9.663399376102046, 0.08056928418697876, 0.08005089058524174, 0.7836940298507463, 0.431872460217994, 0.77, 0.338127539782006, 0, 0, 0, 260, 0, 0, 0, 190, 54, 246, 18, 17, 224
119.991, 9.667553259721791, 0.08056898650500278, 0.08005089058524174, 0.7836940298507463, 0.431872460217994, 0.4600000000000001, 0.02812753978200597, 0, 0, 0, 260, 0, 0, 0, 190, 83, 271, 29, 25, 224
