Tempo (s), Distância (m), Vel. Média (m/s), Preto (%), Branco (%), Limite (%), Refletância (%), Erro (%), Ganho Proporcional ((°/s)/%), Ganho Integral ((°/s)/%), Ganho Derivativo ((°/s)/%), Vel. Base (°/s), Correção P (°/s), Correção I (°/s), Correção D (°/s), Correção (°/s), Vel. Angular Esq. (°/s), Vel. Angular Dir. (°/s), Suavidade Esq. (°/s), Suavidade Dir. (°/s), Oscilação
0.008, 0.0, 0.0, 0.08005089058524174, 0.7836940298507463, 0.431872460217994, 0.23, -0.201872460217994, 0, 0, 0, 250, 0, 0, 0, -170, 0, 0, 0, 0, 1
0.064, 0.0004886921905584122, 0.007635815477475192, 0.08005089058524174, 0.7836940298507463, 0.431872460217994, 0.6, 0.168127539782006, 0, 0, 0, 250, 0, 0, 0, 170, 3, 3, 3, 3, 2
0.11, 0.002443460952792061, 0.02221328138901874, 0.08005089058524174, 0.7836940298507463, 0.431872460217994, 0.61, 0.178127539782006, 0, 0, 0, 250, 0, 0, 0, 170, 47, 69, 44, 66, 2
0.16, 0.005619960191421741, 0.03512475119638587, 0.08005089058524174, 0.7836940298507463, 0.431872460217994, 0.64, 0.208127539782006, 0, 0, 0, 250, 0, 0, 0, 170, 63, 190, 16, 121, 2
0.21, 0.009285151620609833, 0.04421500771718968, 0.08005089058524174, 0.7836940298507463, 0.431872460217994, 0.48, 0.04812753978200597, 0, 0, 0, 250, 0, 0, 0, 170, 89, 239, 26, 49, 2
0.269, 0.01417207352619396, 0.05268428820146452, 0.08005089058524174, 0.7836940298507463, 0.431872460217994, 0.17, -0.261872460217994, 0, 0, 0, 250, 0, 0, 0, -170, 97, 268, 8, 29, 3
0.315, 0.01808161105066125, 0.05740193984336905, 0.08005089058524174, 0.7836940298507463, 0.431872460217994, 0.08, -0.351872460217994, 0, 0, 0, 250, 0, 0, 0, -170, 80, 250, 17, 18, 3
0.361, 0.02199114857512855, 0.06091730907237825, 0.08005089058524174, 0.7836940298507463, 0.431872460217994, 0.08, -0.351872460217994, 0, 0, 0, 250, 0, 0, 0, -170, 192, 149, 112, 101, 3
0.409, 0.02565634000431665, 0.06272943766336589, 0.08005089058524174, 0.7836940298507463, 0.431872460217994, 0.08, -0.351872460217994, 0, 0, 0, 250, 0, 0, 0, -170, 236, 71, 44, 78, 3
0.459, 0.02883283924294632, 0.06281664323081988, 0.08005089058524174, 0.7836940298507463, 0.431872460217994, 0.09, -0.3418724602179941, 0, 0, 0, 250, 0, 0, 0, -170, 233, 79, 3, 8, 3
0.506, 0.03347541505325124, 0.06615694674555581, 0.08005089058524174, 0.7836940298507463, 0.431872460217994, 0.12, -0.311872460217994, 0, 0, 0, 250, 0, 0, 0, -170, 288, 88, 55, 9, 3
0.5590000000000001, 0.03787364476827695, 0.0677524951131967, 0.08005089058524174, 0.7836940298507463, 0.431872460217994, 0.29, -0.141872460217994, 0, 0, 0, 250, 0, 0, 0, -170, 251, 78, 37, 10, 3
0.6109999999999999, 0.04202752838802345, 0.06878482551231335, 0.08005089058524174, 0.7836940298507463, 0.431872460217994, 0.6, 0.168127539782006, 0, 0, 0, 250, 0, 0, 0, 170, 247, 77, 4, 1, 4
0.666, 0.04618141200776996, 0.06934145947112608, 0.08005089058524174, 0.7836940298507463, 0.431872460217994, 0.8, 0.368127539782006, 0, 0, 0, 250, 0, 0, 0, 170, 224, 100, 23, 23, 4
0.7109999999999999, 0.05033529562751646, 0.07079507120607097, 0.08005089058524174, 0.7836940298507463, 0.431872460217994, 0.8199999999999999, 0.388127539782006, 0, 0, 0, 250, 0, 0, 0, 170, 151, 191, 73, 91, 4
0.76, 0.05400048705670456, 0.0710532724430323, 0.08005089058524174, 0.7836940298507463, 0.431872460217994, 0.8199999999999999, 0.388127539782006, 0, 0, 0, 250, 0, 0, 0, 170, 74, 244, 77, 53, 4
0.808, 0.05742133239061344, 0.07106600543392753, 0.08005089058524174, 0.7836940298507463, 0.431872460217994, 0.8, 0.368127539782006, 0, 0, 0, 250, 0, 0, 0, 170, 70, 235, 4, 9, 4
0.859, 0.06206390820091836, 0.07225134831305979, 0.08005089058524174, 0.7836940298507463, 0.431872460217994, 0.67, 0.238127539782006, 0, 0, 0, 250, 0, 0, 0, 170, 89, 271, 19, 36, 4
0.91, 0.06597344572538566, 0.07249829200591831, 0.08005089058524174, 0.7836940298507463, 0.431872460217994, 0.29, -0.141872460217994, 0, 0, 0, 250, 0, 0, 0, -170, 74, 247, 15, 24, 5
0.96, 0.07012732934513216, 0.07304930140117934, 0.08005089058524174, 0.7836940298507463, 0.431872460217994, 0.11, -0.321872460217994, 0, 0, 0, 250, 0, 0, 0, -170, 96, 211, 22, 36, 5
1.009, 0.07403686686959947, 0.07337647856253664, 0.08005089058524174, 0.7836940298507463, 0.431872460217994, 0.08, -0.351872460217994, 0, 0, 0, 250, 0, 0, 0, -170, 188, 149, 92, 62, 5
1.066, 0.07819075048934597, 0.07334967212884235, 0.08005089058524174, 0.7836940298507463, 0.431872460217994, 0.08, -0.351872460217994, 0, 0, 0, 250, 0, 0, 0, -170, 253, 68, 65, 81, 5
1.116, 0.08234463410909248, 0.07378551443467067, 0.08005089058524174, 0.7836940298507463, 0.431872460217994, 0.09, -0.3418724602179941, 0, 0, 0, 250, 0, 0, 0, -170, 244, 88, 9, 20, 5
1.16, 0.08600982553828056, 0.07414640132610392, 0.08005089058524174, 0.7836940298507463, 0.431872460217994, 0.18, -0.251872460217994, 0, 0, 0, 250, 0, 0, 0, -170, 257, 81, 13, 7, 5
1.211, 0.09040805525330626, 0.07465570210842797, 0.08005089058524174, 0.7836940298507463, 0.431872460217994, 0.45, 0.01812753978200597, 0, 0, 0, 250, 0, 0, 0, 170, 264, 77, 7, 4, 6
1.261, 0.09407324668249435, 0.07460209887588767, 0.08005089058524174, 0.7836940298507463, 0.431872460217994, 0.71, 0.278127539782006, 0, 0, 0, 250, 0, 0, 0, 170, 223, 96, 41, 19, 6
1.31, 0.09847147639752007, 0.07516906595230541, 0.08005089058524174, 0.7836940298507463, 0.431872460217994, 0.79, 0.3581275397820059, 0, 0, 0, 250, 0, 0, 0, 170, 155, 193, 68, 97, 6
1.356, 0.101892321731429, 0.07514183018541959, 0.08005089058524174, 0.7836940298507463, 0.431872460217994, 0.8, 0.368127539782006, 0, 0, 0, 250, 0, 0, 0, 170, 86, 265, 69, 72, 6
1.404, 0.1053131670653378, 0.07500937825166512, 0.08005089058524174, 0.7836940298507463, 0.431872460217994, 0.85, 0.418127539782006, 0, 0, 0, 250, 0, 0, 0, 170, 64, 223, 22, 42, 6
1.45, 0.1092227045898051, 0.07532600316538286, 0.08005089058524174, 0.7836940298507463, 0.431872460217994, 0.71, 0.278127539782006, 0, 0, 0, 250, 0, 0, 0, 170, 89, 253, 25, 30, 6
1.507, 0.1141096264953893, 0.0757197256107427, 0.08005089058524174, 0.7836940298507463, 0.431872460217994, 0.32, -0.111872460217994, 0, 0, 0, 250, 0, 0, 0, -170, 78, 272, 11, 19, 7
1.556, 0.1182635101151358, 0.07600482655214381, 0.08005089058524174, 0.7836940298507463, 0.431872460217994, 0.12, -0.311872460217994, 0, 0, 0, 250, 0, 0, 0, -170, 92, 220, 14, 52, 7
1.608, 0.1224173937348823, 0.07613021998437953, 0.08005089058524174, 0.7836940298507463, 0.431872460217994, 0.09, -0.3418724602179941, 0, 0, 0, 250, 0, 0, 0, -170, 194, 138, 102, 82, 7
1.664, 0.1265712773546288, 0.0760644695640798, 0.08005089058524174, 0.7836940298507463, 0.431872460217994, 0.08, -0.351872460217994, 0, 0, 0, 250, 0, 0, 0, -170, 254, 71, 60, 67, 7
1.71, 0.1302364687838169, 0.07616167765135488, 0.08005089058524174, 0.7836940298507463, 0.431872460217994, 0.1, -0.3318724602179941, 0, 0, 0, 250, 0, 0, 0, -170, 242, 85, 12, 14, 7
1.769, 0.1353677367846802, 0.07652218020615048, 0.08005089058524174, 0.7836940298507463, 0.431872460217994, 0.3, -0.131872460217994, 0, 0, 0, 250, 0, 0, 0, -170, 263, 80, 21, 5, 7
1.82, 0.1390329282138683, 0.07639171879882872, 0.08005089058524174, 0.7836940298507463, 0.431872460217994, 0.63, 0.198127539782006, 0, 0, 0, 250, 0, 0, 0, 170, 255, 75, 8, 5, 8
1.874, 0.143431157928894, 0.07653743752875881, 0.08005089058524174, 0.7836940298507463, 0.431872460217994, 0.76, 0.328127539782006, 0, 0, 0, 250, 0, 0, 0, 170, 219, 101, 36, 26, 8
1.92, 0.1475850415486405, 0.07686720913991694, 0.08005089058524174, 0.7836940298507463, 0.431872460217994, 0.77, 0.338127539782006, 0, 0, 0, 250, 0, 0, 0, 170, 157, 203, 62, 102, 8
1.967, 0.1514945790731078, 0.07701808798836187, 0.08005089058524174, 0.7836940298507463, 0.431872460217994, 0.7800000000000001, 0.348127539782006, 0, 0, 0, 250, 0, 0, 0, 170, 82, 251, 75, 48, 8
2.019, 0.1554041165975751, 0.07697083536284056, 0.08005089058524174, 0.7836940298507463, 0.431872460217994, 0.79, 0.3581275397820059, 0, 0, 0, 250, 0, 0, 0, 170, 68, 231, 14, 20, 8
2.067, 0.1590693080267632, 0.07695660765687624, 0.08005089058524174, 0.7836940298507463, 0.431872460217994, 0.75, 0.318127539782006, 0, 0, 0, 250, 0, 0, 0, 170, 91, 263, 23, 32, 8
2.12, 0.1634675377417889, 0.07710732912348534, 0.08005089058524174, 0.7836940298507463, 0.431872460217994, 0.5, 0.06812753978200598, 0, 0, 0, 250, 0, 0, 0, 170, 83, 262, 8, 1, 8
2.17, 0.1676214213615354, 0.07724489463665225, 0.08005089058524174, 0.7836940298507463, 0.431872460217994, 0.16, -0.271872460217994, 0, 0, 0, 250, 0, 0, 0, -170, 75, 245, 8, 17, 9
2.22, 0.1715309588860027, 0.07726619769639762, 0.08005089058524174, 0.7836940298507463, 0.431872460217994, 0.09, -0.3418724602179941, 0, 0, 0, 250, 0, 0, 0, -170, 103, 220, 28, 25, 9
2.27, 0.1756848425057492, 0.07739420374702608, 0.08005089058524174, 0.7836940298507463, 0.431872460217994, 0.08, -0.351872460217994, 0, 0, 0, 250, 0, 0, 0, -170, 189, 153, 86, 67, 9
2.319, 0.1793500339349373, 0.0773393850517194, 0.08005089058524174, 0.7836940298507463, 0.431872460217994, 0.08, -0.351872460217994, 0, 0, 0, 250, 0, 0, 0, -170, 238, 77, 49, 76, 9
2.368, 0.1832595714594046, 0.07739002173116749, 0.08005089058524174, 0.7836940298507463, 0.431872460217994, 0.09, -0.3418724602179941, 0, 0, 0, 250, 0, 0, 0, -170, 256, 81, 18, 4, 9
2.415, 0.1871691089838719, 0.07750273663928443, 0.08005089058524174, 0.7836940298507463, 0.431872460217994, 0.1, -0.3318724602179941, 0, 0, 0, 250, 0, 0, 0, -170, 260, 93, 4, 12, 9
2.462, 0.1913229926036184, 0.07771039504614883, 0.08005089058524174, 0.7836940298507463, 0.431872460217994, 0.23, -0.201872460217994, 0, 0, 0, 250, 0, 0, 0, -170, 257, 74, 3, 19, 9
2.515, 0.1952325301280857, 0.07762724855987503, 0.08005089058524174, 0.7836940298507463, 0.431872460217994, 0.5699999999999999, 0.138127539782006, 0, 0, 0, 250, 0, 0, 0, 170, 237, 83, 20, 9, 10
2.562, 0.199142067652553, 0.07772914428280757, 0.08005089058524174, 0.7836940298507463, 0.431872460217994, 0.74, 0.308127539782006, 0, 0, 0, 250, 0, 0, 0, 170, 238, 97, 1, 14, 10
2.614, 0.2030516051770203, 0.07767850236305289, 0.08005089058524174, 0.7836940298507463, 0.431872460217994, 0.76, 0.328127539782006, 0, 0, 0, 250, 0, 0, 0, 170, 150, 198, 88, 101, 10
2.659, 0.2072054887967668, 0.07792609582428236, 0.08005089058524174, 0.7836940298507463, 0.431872460217994, 0.79, 0.3581275397820059, 0, 0, 0, 250, 0, 0, 0, 170, 92, 261, 58, 63, 10
2.714, 0.2111150263212341, 0.07778740837186224, 0.08005089058524174, 0.7836940298507463, 0.431872460217994, 0.8, 0.368127539782006, 0, 0, 0, 250, 0, 0, 0, 170, 67, 227, 25, 34, 10
2.761, 0.2152689099409806, 0.07796773268416539, 0.08005089058524174, 0.7836940298507463, 0.431872460217994, 0.74, 0.308127539782006, 0, 0, 0, 250, 0, 0, 0, 170, 93, 274, 26, 47, 10
2.811, 0.2194227935607271, 0.07805862453245362, 0.08005089058524174, 0.7836940298507463, 0.431872460217994, 0.36, -0.07187246021799404, 0, 0, 0, 250, 0, 0, 0, -170, 77, 248, 16, 26, 11
2.859, 0.2230879849899152, 0.07803007519759188, 0.08005089058524174, 0.7836940298507463, 0.431872460217994, 0.13, -0.301872460217994, 0, 0, 0, 250, 0, 0, 0, -170, 92, 226, 15, 22, 11
2.915, 0.2277305608002202, 0.07812369152666214, 0.08005089058524174, 0.7836940298507463, 0.431872460217994, 0.08, -0.351872460217994, 0, 0, 0, 250, 0, 0, 0, -170, 195, 139, 103, 87, 11
2.961, 0.231151406134129, 0.07806531784333974, 0.08005089058524174, 0.7836940298507463, 0.431872460217994, 0.08, -0.351872460217994, 0, 0, 0, 250, 0, 0, 0, -170, 246, 64, 51, 75, 11
3.01, 0.2348165975633171, 0.07801215865890932, 0.08005089058524174, 0.7836940298507463, 0.431872460217994, 0.13, -0.301872460217994, 0, 0, 0, 250, 0, 0, 0, -170, 254, 82, 8, 18, 11
3.06, 0.239459173373622, 0.0782546318214451, 0.08005089058524174, 0.7836940298507463, 0.431872460217994, 0.34, -0.09187246021799403, 0, 0, 0, 250, 0, 0, 0, -170, 255, 86, 1, 4, 11
3.109, 0.2433687108980893, 0.0782787748144385, 0.08005089058524174, 0.7836940298507463, 0.431872460217994, 0.64, 0.208127539782006, 0, 0, 0, 250, 0, 0, 0, 170, 257, 78, 2, 8, 12
3.161, 0.2475225945178358, 0.07830515486170066, 0.08005089058524174, 0.7836940298507463, 0.431872460217994, 0.8, 0.368127539782006, 0, 0, 0, 250, 0, 0, 0, 170, 221, 89, 36, 11, 12
3.209, 0.2516764781375823, 0.07842831976864516, 0.08005089058524174, 0.7836940298507463, 0.431872460217994, 0.8, 0.368127539782006, 0, 0, 0, 250, 0, 0, 0, 170, 154, 199, 67, 110, 12
3.26, 0.2555860156620496, 0.0784006183012422, 0.08005089058524174, 0.7836940298507463, 0.431872460217994, 0.8100000000000001, 0.378127539782006, 0, 0, 0, 250, 0, 0, 0, 170, 61, 254, 93, 55, 12
3.315, 0.2594955531865169, 0.07827920156456015, 0.08005089058524174, 0.7836940298507463, 0.431872460217994, 0.8199999999999999, 0.388127539782006, 0, 0, 0, 250, 0, 0, 0, 170, 85, 244, 24, 10, 12
3.366, 0.2638937829015426, 0.07839981666712497, 0.08005089058524174, 0.7836940298507463, 0.431872460217994, 0.6800000000000001, 0.248127539782006, 0, 0, 0, 250, 0, 0, 0, 170, 83, 260, 2, 16, 12
3.419, 0.2685363587118475, 0.07854236873701303, 0.08005089058524174, 0.7836940298507463, 0.431872460217994, 0.38, -0.05187246021799403, 0, 0, 0, 250, 0, 0, 0, -170, 79, 250, 4, 10, 13
3.47, 0.2724458962363149, 0.07851466750326076, 0.08005089058524174, 0.7836940298507463, 0.431872460217994, 0.16, -0.271872460217994, 0, 0, 0, 250, 0, 0, 0, -170, 94, 218, 15, 32, 13
3.526, 0.2768441259513405, 0.0785150669175668, 0.08005089058524174, 0.7836940298507463, 0.431872460217994, 0.08, -0.351872460217994, 0, 0, 0, 250, 0, 0, 0, -170, 195, 141, 101, 77, 13
3.576, 0.2807536634758079, 0.07851053229189258, 0.08005089058524174, 0.7836940298507463, 0.431872460217994, 0.09, -0.3418724602179941, 0, 0, 0, 250, 0, 0, 0, -170, 255, 71, 60, 70, 13
3.621, 0.284418854904996, 0.07854704636978624, 0.08005089058524174, 0.7836940298507463, 0.431872460217994, 0.11, -0.321872460217994, 0, 0, 0, 250, 0, 0, 0, -170, 237, 78, 18, 7, 13
3.67, 0.2885727385247424, 0.07863017398494344, 0.08005089058524174, 0.7836940298507463, 0.431872460217994, 0.21, -0.221872460217994, 0, 0, 0, 250, 0, 0, 0, -170, 254, 82, 17, 4, 13
3.73, 0.2934596604303266, 0.0786755121797122, 0.08005089058524174, 0.7836940298507463, 0.431872460217994, 0.54, 0.108127539782006, 0, 0, 0, 250, 0, 0, 0, 170, 253, 76, 1, 6, 14
3.78, 0.2973691979547938, 0.0786690999880407, 0.08005089058524174, 0.7836940298507463, 0.431872460217994, 0.79, 0.3581275397820059, 0, 0, 0, 250, 0, 0, 0, 170, 233, 95, 20, 19, 14
3.83, 0.3015230815745404, 0.0787266531526215, 0.08005089058524174, 0.7836940298507463, 0.431872460217994, 0.8199999999999999, 0.388127539782006, 0, 0, 0, 250, 0, 0, 0, 170, 157, 198, 76, 103, 14
3.879, 0.3054326190990077, 0.07874004101546989, 0.08005089058524174, 0.7836940298507463, 0.431872460217994, 0.8199999999999999, 0.388127539782006, 0, 0, 0, 250, 0, 0, 0, 170, 67, 260, 90, 62, 14
3.926, 0.3088534644329166, 0.07866873775672861, 0.08005089058524174, 0.7836940298507463, 0.431872460217994, 0.8100000000000001, 0.378127539782006, 0, 0, 0, 250, 0, 0, 0, 170, 63, 237, 4, 23, 14
3.971, 0.3125186558621047, 0.07870024071067858, 0.08005089058524174, 0.7836940298507463, 0.431872460217994, 0.76, 0.328127539782006, 0, 0, 0, 250, 0, 0, 0, 170, 96, 240, 33, 3, 14
4.024, 0.3169168855771304, 0.07875668130644392, 0.08005089058524174, 0.7836940298507463, 0.431872460217994, 0.5899999999999999, 0.158127539782006, 0, 0, 0, 250, 0, 0, 0, 170, 83, 265, 13, 25, 14
4.077, 0.3215594613874353, 0.07887158729149748, 0.08005089058524174, 0.7836940298507463, 0.431872460217994, 0.24, -0.191872460217994, 0, 0, 0, 250, 0, 0, 0, -170, 77, 253, 6, 12, 15
4.13, 0.3254689989119026, 0.07880605300530329, 0.08005089058524174, 0.7836940298507463, 0.431872460217994, 0.1, -0.3318724602179941, 0, 0, 0, 250, 0, 0, 0, -170, 98, 227, 21, 26, 15
4.18, 0.3296228825316491, 0.07885714893101651, 0.08005089058524174, 0.7836940298507463, 0.431872460217994, 0.07000000000000001, -0.361872460217994, 0, 0, 0, 250, 0, 0, 0, -170, 189, 138, 91, 89, 15
4.226, 0.3335324200561163, 0.07892390441460396, 0.08005089058524174, 0.7836940298507463, 0.431872460217994, 0.07000000000000001, -0.361872460217994, 0, 0, 0, 250, 0, 0, 0, -170, 256, 79, 67, 59, 15
4.274, 0.3371976114853044, 0.0788950892572074, 0.08005089058524174, 0.7836940298507463, 0.431872460217994, 0.07000000000000001, -0.361872460217994, 0, 0, 0, 250, 0, 0, 0, -170, 239, 82, 17, 3, 15
4.326, 0.3411071490097718, 0.07885047364997035, 0.08005089058524174, 0.7836940298507463, 0.431872460217994, 0.1, -0.3318724602179941, 0, 0, 0, 250, 0, 0, 0, -170, 263, 82, 24, 0, 15
4.37, 0.345016686534239, 0.0789511868499403, 0.08005089058524174, 0.7836940298507463, 0.431872460217994, 0.17, -0.261872460217994, 0, 0, 0, 250, 0, 0, 0, -170, 250, 81, 13, 1, 15
4.421, 0.3491705701539856, 0.07897999777289879, 0.08005089058524174, 0.7836940298507463, 0.431872460217994, 0.36, -0.07187246021799404, 0, 0, 0, 250, 0, 0, 0, -170, 254, 77, 4, 4, 15
4.47, 0.3528357615831737, 0.07893417485082185, 0.08005089058524174, 0.7836940298507463, 0.431872460217994, 0.61, 0.178127539782006, 0, 0, 0, 250, 0, 0, 0, 170, 242, 83, 12, 6, 16
4.524, 0.3572339912981993, 0.07896418905795741, 0.08005089058524174, 0.7836940298507463, 0.431872460217994, 0.76, 0.328127539782006, 0, 0, 0, 250, 0, 0, 0, 170, 232, 90, 10, 7, 16
4.568, 0.3608991827273875, 0.07900595068462948, 0.08005089058524174, 0.7836940298507463, 0.431872460217994, 0.8, 0.368127539782006, 0, 0, 0, 250, 0, 0, 0, 170, 148, 190, 84, 100, 16
4.615, 0.3645643741565756, 0.07899553069481595, 0.08005089058524174, 0.7836940298507463, 0.431872460217994, 0.79, 0.3581275397820059, 0, 0, 0, 250, 0, 0, 0, 170, 69, 242, 79, 52, 16
4.666, 0.3684739116810429, 0.07896997678547855, 0.08005089058524174, 0.7836940298507463, 0.431872460217994, 0.5300000000000001, 0.09812753978200597, 0, 0, 0, 250, 0, 0, 0, 170, 80, 239, 11, 3, 16
4.711, 0.3723834492055102, 0.07904552095213546, 0.08005089058524174, 0.7836940298507463, 0.431872460217994, 0.1, -0.3318724602179941, 0, 0, 0, 250, 0, 0, 0, -170, 93, 268, 13, 29, 17
4.758, 0.3765373328252566, 0.07913773283422797, 0.08005089058524174, 0.7836940298507463, 0.431872460217994, 0.08, -0.351872460217994, 0, 0, 0, 250, 0, 0, 0, -170, 84, 240, 9, 28, 17
4.809, 0.3806912164450031, 0.0791622408910383, 0.08005089058524174, 0.7836940298507463, 0.431872460217994, 0.11, -0.321872460217994, 0, 0, 0, 250, 0, 0, 0, -170, 193, 138, 109, 102, 17
4.859, 0.384112061778912, 0.07905166943381602, 0.08005089058524174, 0.7836940298507463, 0.431872460217994, 0.22, -0.211872460217994, 0, 0, 0, 250, 0, 0, 0, -170, 248, 74, 55, 64, 17
4.914, 0.3885102914939377, 0.07906192338093971, 0.08005089058524174, 0.7836940298507463, 0.431872460217994, 0.17, -0.261872460217994, 0, 0, 0, 250, 0, 0, 0, -170, 240, 82, 8, 8, 17
4.96, 0.3921754829231258, 0.07906763768611408, 0.08005089058524174, 0.7836940298507463, 0.431872460217994, 0.13, -0.301872460217994, 0, 0, 0, 250, 0, 0, 0, -170, 265, 81, 25, 1, 17
5.01, 0.3963293665428723, 0.07910765799258929, 0.08005089058524174, 0.7836940298507463, 0.431872460217994, 0.11, -0.321872460217994, 0, 0, 0, 250, 0, 0, 0, -170, 251, 82, 14, 1, 17
5.06, 0.4004832501626188, 0.07914688738391678, 0.08005089058524174, 0.7836940298507463, 0.431872460217994, 0.1, -0.3318724602179941, 0, 0, 0, 250, 0, 0, 0, -170, 251, 87, 0, 5, 17
5.104, 0.4041484415918069, 0.0791826883996487, 0.08005089058524174, 0.7836940298507463, 0.431872460217994, 0.09, -0.3418724602179941, 0, 0, 0, 250, 0, 0, 0, -170, 245, 78, 6, 9, 17
5.151, 0.4078136330209951, 0.07917174005455154, 0.08005089058524174, 0.7836940298507463, 0.431872460217994, 0.09, -0.3418724602179941, 0, 0, 0, 250, 0, 0, 0, -170, 254, 70, 9, 8, 17
5.201, 0.4119675166407416, 0.07920928987516662, 0.08005089058524174, 0.7836940298507463, 0.431872460217994, 0.08, -0.351872460217994, 0, 0, 0, 250, 0, 0, 0, -170, 254, 85, 0, 15, 17
5.255, 0.4163657463557673, 0.07923230187550281, 0.08005089058524174, 0.7836940298507463, 0.431872460217994, 0.08, -0.351872460217994, 0, 0, 0, 250, 0, 0, 0, -170, 255, 78, 1, 7, 17
5.311, 0.4207639760707929, 0.07922500020161794, 0.08005089058524174, 0.7836940298507463, 0.431872460217994, 0.08, -0.351872460217994, 0, 0, 0, 250, 0, 0, 0, -170, 247, 75, 8, 3, 17
5.359, 0.4249178596905395, 0.07929051309769352, 0.08005089058524174, 0.7836940298507463, 0.431872460217994, 0.09, -0.3418724602179941, 0, 0, 0, 250, 0, 0, 0, -170, 258, 89, 11, 14, 17
5.41, 0.4285830511197275, 0.07922052700919179, 0.08005089058524174, 0.7836940298507463, 0.431872460217994, 0.08, -0.351872460217994, 0, 0, 0, 250, 0, 0, 0, -170, 247, 76, 11, 13, 17
5.458, 0.4327369347394741, 0.07928489093797619, 0.08005089058524174, 0.7836940298507463, 0.431872460217994, 0.08, -0.351872460217994, 0, 0, 0, 250, 0, 0, 0, -170, 244, 85, 3, 9, 17
5.508, 0.4364021261686622, 0.07923059661740417, 0.08005089058524174, 0.7836940298507463, 0.431872460217994, 0.12, -0.311872460217994, 0, 0, 0, 250, 0, 0, 0, -170, 250, 79, 6, 6, 17
5.558, 0.4405560097884087, 0.07926520507168203, 0.08005089058524174, 0.7836940298507463, 0.431872460217994, 0.18, -0.251872460217994, 0, 0, 0, 250, 0, 0, 0, -170, 250, 79, 0, 0, 17
5.607, 0.4447098934081551, 0.07931333929162745, 0.08005089058524174, 0.7836940298507463, 0.431872460217994, 0.29, -0.141872460217994, 0, 0, 0, 250, 0, 0, 0, -170, 255, 86, 5, 7, 17
5.66, 0.4488637770279017, 0.07930455424521231, 0.08005089058524174, 0.7836940298507463, 0.431872460217994, 0.45, 0.01812753978200597, 0, 0, 0, 250, 0, 0, 0, 170, 242, 73, 13, 13, 18
5.716, 0.4532620067429274, 0.07929706206139388, 0.08005089058524174, 0.7836940298507463, 0.431872460217994, 0.64, 0.208127539782006, 0, 0, 0, 250, 0, 0, 0, 170, 241, 86, 1, 13, 18
5.761, 0.4569271981721155, 0.07931386880265848, 0.08005089058524174, 0.7836940298507463, 0.431872460217994, 0.7, 0.268127539782006, 0, 0, 0, 250, 0, 0, 0, 170, 142, 197, 99, 111, 18
5.809, 0.461081081791862, 0.07937357235184404, 0.08005089058524174, 0.7836940298507463, 0.431872460217994, 0.61, 0.178127539782006, 0, 0, 0, 250, 0, 0, 0, 170, 71, 258, 71, 61, 18
5.86, 0.4645019271257709, 0.0792665404651486, 0.08005089058524174, 0.7836940298507463, 0.431872460217994, 0.13, -0.301872460217994, 0, 0, 0, 250, 0, 0, 0, -170, 71, 230, 0, 28, 19
5.91, 0.469388849031355, 0.07942281709498394, 0.08005089058524174, 0.7836940298507463, 0.431872460217994, 0.08, -0.351872460217994, 0, 0, 0, 250, 0, 0, 0, -170, 106, 232, 35, 2, 19
5.96, 0.4732983865558223, 0.07941248096574199, 0.08005089058524174, 0.7836940298507463, 0.431872460217994, 0.16, -0.271872460217994, 0, 0, 0, 250, 0, 0, 0, -170, 182, 145, 76, 87, 19
6.013, 0.4772079240802896, 0.07936270149347906, 0.08005089058524174, 0.7836940298507463, 0.431872460217994, 0.4, -0.03187246021799403, 0, 0, 0, 250, 0, 0, 0, -170, 263, 67, 81, 78, 19
6.058, 0.4806287694141984, 0.0793378622341034, 0.08005089058524174, 0.7836940298507463, 0.431872460217994, 0.4, -0.03187246021799403, 0, 0, 0, 250, 0, 0, 0, -170, 252, 77, 11, 10, 19
6.115, 0.4857600374150618, 0.07943745501472801, 0.08005089058524174, 0.7836940298507463, 0.431872460217994, 0.4600000000000001, 0.02812753978200597, 0, 0, 0, 250, 0, 0, 0, 170, 260, 86, 8, 9, 20
6.165, 0.4894252288442499, 0.07938770946378749, 0.08005089058524174, 0.7836940298507463, 0.431872460217994, 0.4, -0.03187246021799403, 0, 0, 0, 250, 0, 0, 0, -170, 225, 91, 35, 5, 21
6.209, 0.4930904202734379, 0.07941543248082428, 0.08005089058524174, 0.7836940298507463, 0.431872460217994, 0.38, -0.05187246021799403, 0, 0, 0, 250, 0, 0, 0, -170, 193, 151, 32, 60, 21
6.267, 0.4977329960837428, 0.07942125356370557, 0.08005089058524174, 0.7836940298507463, 0.431872460217994, 0.5600000000000001, 0.128127539782006, 0, 0, 0, 250, 0, 0, 0, 170, 236, 65, 43, 86, 22
6.311, 0.501398187512931, 0.07944829464632086, 0.08005089058524174, 0.7836940298507463, 0.431872460217994, 0.62, 0.188127539782006, 0, 0, 0, 250, 0, 0, 0, 170, 251, 99, 15, 34, 22
6.361, 0.5055520711326774, 0.07947682300466553, 0.08005089058524174, 0.7836940298507463, 0.431872460217994, 0.6899999999999999, 0.258127539782006, 0, 0, 0, 250, 0, 0, 0, 170, 150, 200, 101, 101, 22
6.41, 0.5094616086571449, 0.07947919011811932, 0.08005089058524174, 0.7836940298507463, 0.431872460217994, 0.8, 0.368127539782006, 0, 0, 0, 250, 0, 0, 0, 170, 87, 246, 63, 46, 22
6.458, 0.5131268000863328, 0.07945599258072668, 0.08005089058524174, 0.7836940298507463, 0.431872460217994, 0.8, 0.368127539782006, 0, 0, 0, 250, 0, 0, 0, 170, 70, 251, 17, 5, 22
6.515, 0.5180137219919169, 0.07951093200182918, 0.08005089058524174, 0.7836940298507463, 0.431872460217994, 0.8, 0.368127539782006, 0, 0, 0, 250, 0, 0, 0, 170, 87, 259, 17, 8, 22
6.561, 0.5219232595163843, 0.07954934606254904, 0.08005089058524174, 0.7836940298507463, 0.431872460217994, 0.8, 0.368127539782006, 0, 0, 0, 250, 0, 0, 0, 170, 84, 245, 3, 14, 22
6.611, 0.5253441048502933, 0.07946514972777087, 0.08005089058524174, 0.7836940298507463, 0.431872460217994, 0.8199999999999999, 0.388127539782006, 0, 0, 0, 250, 0, 0, 0, 170, 76, 237, 8, 8, 22
6.659, 0.5292536423747604, 0.07947944772109333, 0.08005089058524174, 0.7836940298507463, 0.431872460217994, 0.84, 0.4081275397820059, 0, 0, 0, 250, 0, 0, 0, 170, 85, 257, 9, 20, 22
6.71, 0.5334075259945069, 0.07949441520037361, 0.08005089058524174, 0.7836940298507463, 0.431872460217994, 0.84, 0.4081275397820059, 0, 0, 0, 250, 0, 0, 0, 170, 77, 254, 8, 3, 22
6.751, 0.5368283713284159, 0.07951834858960389, 0.08005089058524174, 0.7836940298507463, 0.431872460217994, 0.8299999999999999, 0.398127539782006, 0, 0, 0, 250, 0, 0, 0, 170, 79, 255, 2, 1, 22
6.806, 0.5412266010434416, 0.07952198075866023, 0.08005089058524174, 0.7836940298507463, 0.431872460217994, 0.85, 0.418127539782006, 0, 0, 0, 250, 0, 0, 0, 170, 79, 241, 0, 14, 22
6.851, 0.5451361385679087, 0.07957030193663828, 0.08005089058524174, 0.7836940298507463, 0.431872460217994, 0.8699999999999999, 0.438127539782006, 0, 0, 0, 250, 0, 0, 0, 170, 82, 255, 3, 14, 22
6.9, 0.5490456760923761, 0.07957183711483712, 0.08005089058524174, 0.7836940298507463, 0.431872460217994, 0.86, 0.428127539782006, 0, 0, 0, 250, 0, 0, 0, 170, 83, 242, 1, 13, 22
6.945, 0.5522221753310058, 0.07951363215709227, 0.08005089058524174, 0.7836940298507463, 0.431872460217994, 0.8, 0.368127539782006, 0, 0, 0, 250, 0, 0, 0, 170, 74, 254, 9, 12, 22
6.99, 0.5561317128554731, 0.07956104618819358, 0.08005089058524174, 0.7836940298507463, 0.431872460217994, 0.8699999999999999, 0.438127539782006, 0, 0, 0, 250, 0, 0, 0, 170, 87, 241, 13, 13, 22
7.04, 0.5602855964752197, 0.07958602222659371, 0.08005089058524174, 0.7836940298507463, 0.431872460217994, 0.85, 0.418127539782006, 0, 0, 0, 250, 0, 0, 0, 170, 81, 257, 6, 16, 22
7.091, 0.5644394800949661, 0.07959941899520041, 0.08005089058524174, 0.7836940298507463, 0.431872460217994, 0.63, 0.198127539782006, 0, 0, 0, 250, 0, 0, 0, 170, 77, 258, 4, 1, 22
7.14, 0.5683490176194335, 0.0796007027478198, 0.08005089058524174, 0.7836940298507463, 0.431872460217994, 0.2, -0.2318724602179941, 0, 0, 0, 250, 0, 0, 0, -170, 80, 246, 3, 12, 23
7.191, 0.5725029012391801, 0.07961380910015019, 0.08005089058524174, 0.7836940298507463, 0.431872460217994, 0.2, -0.2318724602179941, 0, 0, 0, 250, 0, 0, 0, -170, 95, 225, 15, 21, 23
7.236, 0.5759237465730889, 0.07959145198633069, 0.08005089058524174, 0.7836940298507463, 0.431872460217994, 0.18, -0.251872460217994, 0, 0, 0, 250, 0, 0, 0, -170, 196, 150, 101, 75, 23
7.285, 0.579588938002277, 0.07955922278686024, 0.08005089058524174, 0.7836940298507463, 0.431872460217994, 0.2, -0.2318724602179941, 0, 0, 0, 250, 0, 0, 0, -170, 237, 71, 41, 79, 23
7.336, 0.5839871677173027, 0.07960566626462686, 0.08005089058524174, 0.7836940298507463, 0.431872460217994, 0.18, -0.251872460217994, 0, 0, 0, 250, 0, 0, 0, -170, 254, 80, 17, 9, 23
7.385, 0.58789670524177, 0.07960686597722004, 0.08005089058524174, 0.7836940298507463, 0.431872460217994, 0.18, -0.251872460217994, 0, 0, 0, 250, 0, 0, 0, -170, 271, 84, 17, 4, 23
7.43, 0.5918062427662373, 0.07965090750555009, 0.08005089058524174, 0.7836940298507463, 0.431872460217994, 0.2, -0.2318724602179941, 0, 0, 0, 250, 0, 0, 0, -170, 242, 84, 29, 0, 23
7.479, 0.5957157802907044, 0.07965179573348101, 0.08005089058524174, 0.7836940298507463, 0.431872460217994, 0.18, -0.251872460217994, 0, 0, 0, 250, 0, 0, 0, -170, 249, 74, 7, 10, 23
7.529, 0.5993809717198926, 0.07960963895867879, 0.08005089058524174, 0.7836940298507463, 0.431872460217994, 0.17, -0.261872460217994, 0, 0, 0, 250, 0, 0, 0, -170, 252, 81, 3, 7, 23
7.578, 0.6037792014349184, 0.07967527070927928, 0.08005089058524174, 0.7836940298507463, 0.431872460217994, 0.18, -0.251872460217994, 0, 0, 0, 250, 0, 0, 0, -170, 254, 84, 2, 3, 23
7.63, 0.6079330850546648, 0.07967668218278701, 0.08005089058524174, 0.7836940298507463, 0.431872460217994, 0.18, -0.251872460217994, 0, 0, 0, 250, 0, 0, 0, -170, 246, 74, 8, 10, 23
7.674, 0.6111095842932944, 0.07963377434106, 0.08005089058524174, 0.7836940298507463, 0.431872460217994, 0.17, -0.261872460217994, 0, 0, 0, 250, 0, 0, 0, -170, 251, 77, 5, 3, 23
7.725, 0.6155078140083202, 0.07967738692664339, 0.08005089058524174, 0.7836940298507463, 0.431872460217994, 0.18, -0.251872460217994, 0, 0, 0, 250, 0, 0, 0, -170, 247, 88, 4, 11, 23
7.771, 0.6189286593422292, 0.07964594766982746, 0.08005089058524174, 0.7836940298507463, 0.431872460217994, 0.19, -0.241872460217994, 0, 0, 0, 250, 0, 0, 0, -170, 226, 75, 21, 13, 23
7.82, 0.6230825429619756, 0.07967807454756722, 0.08005089058524174, 0.7836940298507463, 0.431872460217994, 0.18, -0.251872460217994, 0, 0, 0, 250, 0, 0, 0, -170, 265, 76, 39, 1, 23
7.866, 0.6267477343911637, 0.07967807454756722, 0.08005089058524174, 0.7836940298507463, 0.431872460217994, 0.18, -0.251872460217994, 0, 0, 0, 250, 0, 0, 0, -170, 258, 84, 7, 8, 23
7.917, 0.6309016180109102, 0.07968948061272076, 0.08005089058524174, 0.7836940298507463, 0.431872460217994, 0.16, -0.271872460217994, 0, 0, 0, 250, 0, 0, 0, -170, 262, 76, 4, 8, 23
7.96, 0.6343224633448191, 0.07968875167648481, 0.08005089058524174, 0.7836940298507463, 0.431872460217994, 0.21, -0.221872460217994, 0, 0, 0, 250, 0, 0, 0, -170, 245, 78, 17, 2, 23
8.012, 0.6384763469645657, 0.07969000835803365, 0.08005089058524174, 0.7836940298507463, 0.431872460217994, 0.22, -0.211872460217994, 0, 0, 0, 250, 0, 0, 0, -170, 236, 82, 9, 4, 23
8.06, 0.642385884489033, 0.07970048194653013, 0.08005089058524174, 0.7836940298507463, 0.431872460217994, 0.2, -0.2318724602179941, 0, 0, 0, 250, 0, 0, 0, -170, 254, 86, 18, 4, 23
8.109, 0.6462954220135002, 0.07970100160482183, 0.08005089058524174, 0.7836940298507463, 0.431872460217994, 0.19, -0.241872460217994, 0, 0, 0, 250, 0, 0, 0, -170, 256, 81, 2, 5, 23
8.157, 0.6504493056332468, 0.07974124134280334, 0.08005089058524174, 0.7836940298507463, 0.431872460217994, 0.19, -0.241872460217994, 0, 0, 0, 250, 0, 0, 0, -170, 254, 82, 2, 1, 23
8.205, 0.6543588431577141, 0.07975123012281706, 0.08005089058524174, 0.7836940298507463, 0.431872460217994, 0.17, -0.261872460217994, 0, 0, 0, 250, 0, 0, 0, -170, 249, 81, 5, 1, 23
8.250999999999999, 0.6575353423963437, 0.07969159403664328, 0.08005089058524174, 0.7836940298507463, 0.431872460217994, 0.18, -0.251872460217994, 0, 0, 0, 250, 0, 0, 0, -170, 238, 77, 11, 4, 23
8.297000000000001, 0.6614448799208111, 0.07972096901540448, 0.08005089058524174, 0.7836940298507463, 0.431872460217994, 0.17, -0.261872460217994, 0, 0, 0, 250, 0, 0, 0, -170, 257, 84, 19, 7, 23
8.345000000000001, 0.6653544174452782, 0.07973090682387996, 0.08005089058524174, 0.7836940298507463, 0.431872460217994, 0.18, -0.251872460217994, 0, 0, 0, 250, 0, 0, 0, -170, 246, 75, 11, 9, 23
8.388999999999999, 0.6690196088744663, 0.07974962556615406, 0.08005089058524174, 0.7836940298507463, 0.431872460217994, 0.18, -0.251872460217994, 0, 0, 0, 250, 0, 0, 0, -170, 248, 89, 2, 14, 23
8.439, 0.6731734924942129, 0.0797693438196721, 0.08005089058524174, 0.7836940298507463, 0.431872460217994, 0.16, -0.271872460217994, 0, 0, 0, 250, 0, 0, 0, -170, 254, 77, 6, 12, 23
8.489000000000001, 0.6773273761139595, 0.07978882979313928, 0.08005089058524174, 0.7836940298507463, 0.431872460217994, 0.16, -0.271872460217994, 0, 0, 0, 250, 0, 0, 0, -170, 255, 73, 1, 4, 23
8.545, 0.6814812597337059, 0.07975204912038687, 0.08005089058524174, 0.7836940298507463, 0.431872460217994, 0.21, -0.221872460217994, 0, 0, 0, 250, 0, 0, 0, -170, 240, 87, 15, 14, 23
8.59, 0.6853907972581733, 0.07978938268430423, 0.08005089058524174, 0.7836940298507463, 0.431872460217994, 0.2, -0.2318724602179941, 0, 0, 0, 250, 0, 0, 0, -170, 246, 84, 6, 3, 23
8.640000000000001, 0.6893003347826405, 0.07978013134058339, 0.08005089058524174, 0.7836940298507463, 0.431872460217994, 0.24, -0.191872460217994, 0, 0, 0, 250, 0, 0, 0, -170, 256, 78, 10, 6, 23
8.680999999999999, 0.6924768340212701, 0.07976924709379912, 0.08005089058524174, 0.7836940298507463, 0.431872460217994, 0.24, -0.191872460217994, 0, 0, 0, 250, 0, 0, 0, -170, 257, 86, 1, 8, 23
8.728, 0.6963863715457375, 0.0797876227710515, 0.08005089058524174, 0.7836940298507463, 0.431872460217994, 0.22, -0.211872460217994, 0, 0, 0, 250, 0, 0, 0, -170, 248, 75, 9, 11, 23
8.776999999999999, 0.7000515629749255, 0.07975977702801931, 0.08005089058524174, 0.7836940298507463, 0.431872460217994, 0.19, -0.241872460217994, 0, 0, 0, 250, 0, 0, 0, -170, 248, 79, 0, 4, 23
8.829000000000001, 0.7042054465946721, 0.07976049910461798, 0.08005089058524174, 0.7836940298507463, 0.431872460217994, 0.18, -0.251872460217994, 0, 0, 0, 250, 0, 0, 0, -170, 247, 84, 1, 5, 23
8.875999999999999, 0.7081149841191394, 0.07977861470472503, 0.08005089058524174, 0.7836940298507463, 0.431872460217994, 0.13, -0.301872460217994, 0, 0, 0, 250, 0, 0, 0, -170, 250, 75, 3, 9, 23
8.925000000000001, 0.7120245216436068, 0.07977865788723884, 0.08005089058524174, 0.7836940298507463, 0.431872460217994, 0.14, -0.291872460217994, 0, 0, 0, 250, 0, 0, 0, -170, 252, 90, 2, 15, 23
8.974, 0.7159340591680739, 0.07977870059818075, 0.08005089058524174, 0.7836940298507463, 0.431872460217994, 0.19, -0.241872460217994, 0, 0, 0, 250, 0, 0, 0, -170, 246, 73, 6, 17, 23
9.021000000000001, 0.7200879427878205, 0.07982351654892148, 0.08005089058524174, 0.7836940298507463, 0.431872460217994, 0.15, -0.2818724602179941, 0, 0, 0, 250, 0, 0, 0, -170, 254, 82, 8, 9, 23
9.07, 0.7239974803122879, 0.07982331646221476, 0.08005089058524174, 0.7836940298507463, 0.431872460217994, 0.1, -0.3318724602179941, 0, 0, 0, 250, 0, 0, 0, -170, 255, 75, 1, 7, 23
9.119999999999999, 0.7281513639320343, 0.07984115832588095, 0.08005089058524174, 0.7836940298507463, 0.431872460217994, 0.17, -0.261872460217994, 0, 0, 0, 250, 0, 0, 0, -170, 254, 84, 1, 9, 23
9.169, 0.7318165553612223, 0.07981421696599655, 0.08005089058524174, 0.7836940298507463, 0.431872460217994, 0.2, -0.2318724602179941, 0, 0, 0, 250, 0, 0, 0, -170, 248, 74, 6, 10, 23
9.217000000000001, 0.7357260928856897, 0.07982272896665831, 0.08005089058524174, 0.7836940298507463, 0.431872460217994, 0.19, -0.241872460217994, 0, 0, 0, 250, 0, 0, 0, -170, 243, 87, 5, 13, 23
9.266, 0.739635630410157, 0.07982253727715918, 0.08005089058524174, 0.7836940298507463, 0.431872460217994, 0.17, -0.261872460217994, 0, 0, 0, 250, 0, 0, 0, -170, 245, 79, 2, 8, 23
9.31, 0.743300821839345, 0.07983897119649248, 0.08005089058524174, 0.7836940298507463, 0.431872460217994, 0.18, -0.251872460217994, 0, 0, 0, 250, 0, 0, 0, -170, 265, 78, 20, 1, 23
9.356, 0.7469660132685332, 0.07983818012703432, 0.08005089058524174, 0.7836940298507463, 0.431872460217994, 0.2, -0.2318724602179941, 0, 0, 0, 250, 0, 0, 0, -170, 246, 84, 19, 6, 23
9.404, 0.7508755507930005, 0.07984640055221187, 0.08005089058524174, 0.7836940298507463, 0.431872460217994, 0.25, -0.181872460217994, 0, 0, 0, 250, 0, 0, 0, -170, 253, 77, 7, 7, 23
9.456, 0.7550294344127471, 0.07984659839390302, 0.08005089058524174, 0.7836940298507463, 0.431872460217994, 0.55, 0.118127539782006, 0, 0, 0, 250, 0, 0, 0, 170, 245, 79, 8, 2, 24
9.507, 0.7591833180324935, 0.07985519280871921, 0.08005089058524174, 0.7836940298507463, 0.431872460217994, 0.74, 0.308127539782006, 0, 0, 0, 250, 0, 0, 0, 170, 227, 96, 18, 17, 24
9.56, 0.7638258938427983, 0.07989810605050192, 0.08005089058524174, 0.7836940298507463, 0.431872460217994, 0.75, 0.318127539782006, 0, 0, 0, 250, 0, 0, 0, 170, 142, 206, 85, 110, 24
9.609, 0.7672467391767071, 0.07984667906927955, 0.08005089058524174, 0.7836940298507463, 0.431872460217994, 0.79, 0.3581275397820059, 0, 0, 0, 250, 0, 0, 0, 170, 67, 259, 75, 53, 24
9.659000000000001, 0.7714006227964537, 0.07986340436861515, 0.08005089058524174, 0.7836940298507463, 0.431872460217994, 0.8199999999999999, 0.388127539782006, 0, 0, 0, 250, 0, 0, 0, 170, 79, 244, 12, 15, 24
9.709, 0.7753101603209211, 0.07985479043371315, 0.08005089058524174, 0.7836940298507463, 0.431872460217994, 0.6600000000000001, 0.228127539782006, 0, 0, 0, 250, 0, 0, 0, 170, 89, 260, 10, 16, 24
9.760999999999999, 0.7797083900359468, 0.079879970293612, 0.08005089058524174, 0.7836940298507463, 0.431872460217994, 0.39, -0.04187246021799403, 0, 0, 0, 250, 0, 0, 0, -170, 84, 247, 5, 13, 25
9.81, 0.783617927560414, 0.07987950331910438, 0.08005089058524174, 0.7836940298507463, 0.431872460217994, 0.24, -0.191872460217994, 0, 0, 0, 250, 0, 0, 0, -170, 94, 223, 10, 24, 25
9.859, 0.7877718111801606, 0.07990382505123852, 0.08005089058524174, 0.7836940298507463, 0.431872460217994, 0.22, -0.211872460217994, 0, 0, 0, 250, 0, 0, 0, -170, 189, 148, 95, 75, 25
9.904999999999999, 0.7909483104187903, 0.07985343870962041, 0.08005089058524174, 0.7836940298507463, 0.431872460217994, 0.22, -0.211872460217994, 0, 0, 0, 250, 0, 0, 0, -170, 235, 74, 46, 74, 25
9.951000000000001, 0.7946135018479783, 0.07985262806230311, 0.08005089058524174, 0.7836940298507463, 0.431872460217994, 0.21, -0.221872460217994, 0, 0, 0, 250, 0, 0, 0, -170, 262, 64, 27, 10, 25
10.002, 0.7995004237535625, 0.07993405556424339, 0.08005089058524174, 0.7836940298507463, 0.431872460217994, 0.33, -0.101872460217994, 0, 0, 0, 250, 0, 0, 0, -170, 269, 88, 7, 24, 25
10.058, 0.8034099612780297, 0.0798777054362726, 0.08005089058524174, 0.7836940298507463, 0.431872460217994, 0.62, 0.188127539782006, 0, 0, 0, 250, 0, 0, 0, 170, 236, 70, 33, 18, 26
10.108, 0.8078081909930555, 0.0799177078544772, 0.08005089058524174, 0.7836940298507463, 0.431872460217994, 0.5600000000000001, 0.128127539782006, 0, 0, 0, 250, 0, 0, 0, 170, 225, 97, 11, 27, 26
10.154, 0.8114733824222435, 0.07991662225942914, 0.08005089058524174, 0.7836940298507463, 0.431872460217994, 0.7199999999999999, 0.288127539782006, 0, 0, 0, 250, 0, 0, 0, 170, 153, 189, 72, 92, 26
10.206, 0.8153829199467108, 0.07989250636358131, 0.08005089058524174, 0.7836940298507463, 0.431872460217994, 0.86, 0.428127539782006, 0, 0, 0, 250, 0, 0, 0, 170, 78, 253, 75, 64, 26
10.251, 0.819292457471178, 0.07992317407776588, 0.08005089058524174, 0.7836940298507463, 0.431872460217994, 0.86, 0.428127539782006, 0, 0, 0, 250, 0, 0, 0, 170, 71, 243, 7, 10, 26
10.3, 0.8232019949956454, 0.07992252378598498, 0.08005089058524174, 0.7836940298507463, 0.431872460217994, 0.75, 0.318127539782006, 0, 0, 0, 250, 0, 0, 0, 170, 93, 267, 22, 24, 26
10.351, 0.827600224710671, 0.07995364937790272, 0.08005089058524174, 0.7836940298507463, 0.431872460217994, 0.62, 0.188127539782006, 0, 0, 0, 250, 0, 0, 0, 170, 76, 257, 17, 10, 26
10.404, 0.8315097622351384, 0.0799221224755035, 0.08005089058524174, 0.7836940298507463, 0.431872460217994, 0.8, 0.368127539782006, 0, 0, 0, 250, 0, 0, 0, 170, 82, 226, 6, 31, 26
10.451, 0.8354192997596057, 0.07993678114626405, 0.08005089058524174, 0.7836940298507463, 0.431872460217994, 0.8100000000000001, 0.378127539782006, 0, 0, 0, 250, 0, 0, 0, 170, 79, 260, 3, 34, 26
10.5, 0.8395731833793523, 0.07995935079803356, 0.08005089058524174, 0.7836940298507463, 0.431872460217994, 0.7, 0.268127539782006, 0, 0, 0, 250, 0, 0, 0, 170, 78, 254, 1, 6, 26
10.557, 0.8437270669990989, 0.07992110135446612, 0.08005089058524174, 0.7836940298507463, 0.431872460217994, 0.8, 0.368127539782006, 0, 0, 0, 250, 0, 0, 0, 170, 83, 237, 5, 17, 26
10.609, 0.8481252967141247, 0.07994394351155854, 0.08005089058524174, 0.7836940298507463, 0.431872460217994, 0.8100000000000001, 0.378127539782006, 0, 0, 0, 250, 0, 0, 0, 170, 80, 248, 3, 11, 26
10.655, 0.8517904881433125, 0.07994279569622831, 0.08005089058524174, 0.7836940298507463, 0.431872460217994, 0.8, 0.368127539782006, 0, 0, 0, 250, 0, 0, 0, 170, 83, 255, 3, 7, 26
10.704, 0.8554556795725007, 0.07991925257590626, 0.08005089058524174, 0.7836940298507463, 0.431872460217994, 0.8100000000000001, 0.378127539782006, 0, 0, 0, 250, 0, 0, 0, 170, 77, 238, 6, 17, 26
10.759, 0.8598539092875265, 0.07991950081676053, 0.08005089058524174, 0.7836940298507463, 0.431872460217994, 0.8199999999999999, 0.388127539782006, 0, 0, 0, 250, 0, 0, 0, 170, 80, 256, 3, 18, 26
10.805, 0.8637634468119938, 0.07994108716446031, 0.08005089058524174, 0.7836940298507463, 0.431872460217994, 0.79, 0.3581275397820059, 0, 0, 0, 250, 0, 0, 0, 170, 81, 246, 1, 10, 26
10.851, 0.867672984336461, 0.07996249049271597, 0.08005089058524174, 0.7836940298507463, 0.431872460217994, 0.75, 0.318127539782006, 0, 0, 0, 250, 0, 0, 0, 170, 76, 251, 5, 5, 26
10.896, 0.87109382967037, 0.07994620316358021, 0.08005089058524174, 0.7836940298507463, 0.431872460217994, 0.8, 0.368127539782006, 0, 0, 0, 250, 0, 0, 0, 170, 78, 254, 2, 3, 26
10.95, 0.8754920593853955, 0.07995361272925987, 0.08005089058524174, 0.7836940298507463, 0.431872460217994, 0.84, 0.4081275397820059, 0, 0, 0, 250, 0, 0, 0, 170, 87, 232, 9, 22, 26
11.002, 0.8796459430051421, 0.07995327604118724, 0.08005089058524174, 0.7836940298507463, 0.431872460217994, 0.8299999999999999, 0.398127539782006, 0, 0, 0, 250, 0, 0, 0, 170, 77, 258, 10, 26, 26
11.048, 0.8833111344343301, 0.07995213019861787, 0.08005089058524174, 0.7836940298507463, 0.431872460217994, 0.8199999999999999, 0.388127539782006, 0, 0, 0, 250, 0, 0, 0, 170, 81, 244, 4, 14, 26
11.099, 0.8874650180540765, 0.07995900694243414, 0.08005089058524174, 0.7836940298507463, 0.431872460217994, 0.8199999999999999, 0.388127539782006, 0, 0, 0, 250, 0, 0, 0, 170, 77, 258, 4, 14, 26
11.145, 0.8911302094832648, 0.07995784741886629, 0.08005089058524174, 0.7836940298507463, 0.431872460217994, 0.79, 0.3581275397820059, 0, 0, 0, 250, 0, 0, 0, 170, 78, 246, 1, 12, 26
11.195, 0.8950397470077322, 0.079949955069918, 0.08005089058524174, 0.7836940298507463, 0.431872460217994, 0.79, 0.3581275397820059, 0, 0, 0, 250, 0, 0, 0, 170, 82, 258, 4, 12, 26
11.249, 0.899682322818037, 0.07997887126127096, 0.08005089058524174, 0.7836940298507463, 0.431872460217994, 0.73, 0.298127539782006, 0, 0, 0, 250, 0, 0, 0, 170, 80, 253, 2, 5, 26
11.31, 0.904324898628342, 0.07995799280533527, 0.08005089058524174, 0.7836940298507463, 0.431872460217994, 0.21, -0.221872460217994, 0, 0, 0, 250, 0, 0, 0, -170, 79, 233, 1, 20, 27
11.365, 0.9089674744386468, 0.07997954020577623, 0.08005089058524174, 0.7836940298507463, 0.431872460217994, 0.09, -0.3418724602179941, 0, 0, 0, 250, 0, 0, 0, -170, 97, 230, 18, 3, 27
11.419, 0.9131213580583935, 0.07996508959264325, 0.08005089058524174, 0.7836940298507463, 0.431872460217994, 0.08, -0.351872460217994, 0, 0, 0, 250, 0, 0, 0, -170, 201, 129, 104, 101, 27
11.461, 0.9165422033923022, 0.07997052642808676, 0.08005089058524174, 0.7836940298507463, 0.431872460217994, 0.09, -0.3418724602179941, 0, 0, 0, 250, 0, 0, 0, -170, 255, 71, 54, 58, 27
11.51, 0.920940433107328, 0.08001220096501546, 0.08005089058524174, 0.7836940298507463, 0.431872460217994, 0.18, -0.251872460217994, 0, 0, 0, 250, 0, 0, 0, -170, 257, 75, 2, 4, 27
11.568, 0.9253386628223536, 0.07999123987053541, 0.08005089058524174, 0.7836940298507463, 0.431872460217994, 0.76, 0.328127539782006, 0, 0, 0, 250, 0, 0, 0, 170, 261, 81, 4, 6, 28
11.615, 0.9290038542515418, 0.07998311272075263, 0.08005089058524174, 0.7836940298507463, 0.431872460217994, 0.77, 0.338127539782006, 0, 0, 0, 250, 0, 0, 0, 170, 228, 96, 33, 15, 28
11.661, 0.9329133917760089, 0.08000286354309313, 0.08005089058524174, 0.7836940298507463, 0.431872460217994, 0.76, 0.328127539782006, 0, 0, 0, 250, 0, 0, 0, 170, 144, 195, 84, 99, 28
11.711, 0.9368229293004763, 0.07999512674412744, 0.08005089058524174, 0.7836940298507463, 0.431872460217994, 0.7800000000000001, 0.348127539782006, 0, 0, 0, 250, 0, 0, 0, 170, 73, 248, 71, 53, 28
11.76, 0.9407324668249435, 0.07999425738307343, 0.08005089058524174, 0.7836940298507463, 0.431872460217994, 0.7800000000000001, 0.348127539782006, 0, 0, 0, 250, 0, 0, 0, 170, 73, 242, 0, 6, 28
11.821, 0.9456193887305277, 0.0799948725768148, 0.08005089058524174, 0.7836940298507463, 0.431872460217994, 0.77, 0.338127539782006, 0, 0, 0, 250, 0, 0, 0, 170, 87, 257, 14, 15, 28
11.868, 0.9495289262549949, 0.08000749294362951, 0.08005089058524174, 0.7836940298507463, 0.431872460217994, 0.79, 0.3581275397820059, 0, 0, 0, 250, 0, 0, 0, 170, 75, 273, 12, 16, 28
11.916, 0.9534384637794624, 0.08001329840378165, 0.08005089058524174, 0.7836940298507463, 0.431872460217994, 0.8, 0.368127539782006, 0, 0, 0, 250, 0, 0, 0, 170, 77, 230, 2, 43, 28
11.965, 0.9573480013039294, 0.0800123695197601, 0.08005089058524174, 0.7836940298507463, 0.431872460217994, 0.8199999999999999, 0.388127539782006, 0, 0, 0, 250, 0, 0, 0, 170, 87, 250, 10, 20, 28
12.014, 0.9610131927331178, 0.07999110976636572, 0.08005089058524174, 0.7836940298507463, 0.431872460217994, 0.8199999999999999, 0.388127539782006, 0, 0, 0, 250, 0, 0, 0, 170, 78, 252, 9, 2, 28
12.059, 0.964922730257585, 0.08001681153143586, 0.08005089058524174, 0.7836940298507463, 0.431872460217994, 0.8299999999999999, 0.398127539782006, 0, 0, 0, 250, 0, 0, 0, 170, 84, 255, 6, 3, 28
12.11, 0.9693209599726107, 0.08004301899030642, 0.08005089058524174, 0.7836940298507463, 0.431872460217994, 0.8199999999999999, 0.388127539782006, 0, 0, 0, 250, 0, 0, 0, 170, 70, 248, 14, 7, 28
12.176, 0.974452227973474, 0.08003057062857046, 0.08005089058524174, 0.7836940298507463, 0.431872460217994, 0.8199999999999999, 0.388127539782006, 0, 0, 0, 250, 0, 0, 0, 170, 81, 243, 11, 5, 28
12.219, 0.9778730733073829, 0.08002889543394573, 0.08005089058524174, 0.7836940298507463, 0.431872460217994, 0.8100000000000001, 0.378127539782006, 0, 0, 0, 250, 0, 0, 0, 170, 81, 250, 0, 7, 28
12.27, 0.9817826108318503, 0.08001488270838225, 0.08005089058524174, 0.7836940298507463, 0.431872460217994, 0.8100000000000001, 0.378127539782006, 0, 0, 0, 250, 0, 0, 0, 170, 82, 254, 1, 4, 28
12.32, 0.9861808405468759, 0.08004714614828538, 0.08005089058524174, 0.7836940298507463, 0.431872460217994, 0.8199999999999999, 0.388127539782006, 0, 0, 0, 250, 0, 0, 0, 170, 81, 254, 1, 0, 28
12.37, 0.9900903780713433, 0.08003964252799866, 0.08005089058524174, 0.7836940298507463, 0.431872460217994, 0.8100000000000001, 0.378127539782006, 0, 0, 0, 250, 0, 0, 0, 170, 77, 250, 4, 4, 28
12.42, 0.9944886077863689, 0.08007154652064163, 0.08005089058524174, 0.7836940298507463, 0.431872460217994, 0.8199999999999999, 0.388127539782006, 0, 0, 0, 250, 0, 0, 0, 170, 85, 258, 8, 8, 28
12.467, 0.9979094531202779, 0.08004407260128964, 0.08005089058524174, 0.7836940298507463, 0.431872460217994, 0.8299999999999999, 0.398127539782006, 0, 0, 0, 250, 0, 0, 0, 170, 76, 241, 9, 17, 28
12.52, 1.002307682835303, 0.08005652418812328, 0.08005089058524174, 0.7836940298507463, 0.431872460217994, 0.8199999999999999, 0.388127539782006, 0, 0, 0, 250, 0, 0, 0, 170, 85, 254, 9, 13, 28
12.564, 1.005484182073933, 0.08002898615679188, 0.08005089058524174, 0.7836940298507463, 0.431872460217994, 0.84, 0.4081275397820059, 0, 0, 0, 250, 0, 0, 0, 170, 74, 240, 11, 14, 28
12.61, 1.009149373503121, 0.08002770606686132, 0.08005089058524174, 0.7836940298507463, 0.431872460217994, 0.8199999999999999, 0.388127539782006, 0, 0, 0, 250, 0, 0, 0, 170, 82, 257, 8, 17, 28
12.659, 1.013303257122868, 0.08004607450216191, 0.08005089058524174, 0.7836940298507463, 0.431872460217994, 0.8699999999999999, 0.438127539782006, 0, 0, 0, 250, 0, 0, 0, 170, 81, 255, 1, 2, 28
12.708, 1.017212794647335, 0.08004507354794892, 0.08005089058524174, 0.7836940298507463, 0.431872460217994, 0.8699999999999999, 0.438127539782006, 0, 0, 0, 250, 0, 0, 0, 170, 78, 246, 3, 9, 28
12.757, 1.021122332171802, 0.08004408028312316, 0.08005089058524174, 0.7836940298507463, 0.431872460217994, 0.8800000000000001, 0.448127539782006, 0, 0, 0, 250, 0, 0, 0, 170, 80, 251, 2, 5, 28
12.804, 1.024787523600991, 0.08003651387074278, 0.08005089058524174, 0.7836940298507463, 0.431872460217994, 0.8800000000000001, 0.448127539782006, 0, 0, 0, 250, 0, 0, 0, 170, 83, 246, 3, 5, 28
12.85, 1.028697061125458, 0.08005424600198115, 0.08005089058524174, 0.7836940298507463, 0.431872460217994, 0.8299999999999999, 0.398127539782006, 0, 0, 0, 250, 0, 0, 0, 170, 83, 252, 0, 6, 28
12.904, 1.032850944745204, 0.08004114574900839, 0.08005089058524174, 0.7836940298507463, 0.431872460217994, 0.8199999999999999, 0.388127539782006, 0, 0, 0, 250, 0, 0, 0, 170, 75, 257, 8, 5, 28
12.95, 1.036516136174392, 0.08003985607524266, 0.08005089058524174, 0.7836940298507463, 0.431872460217994, 0.8199999999999999, 0.388127539782006, 0, 0, 0, 250, 0, 0, 0, 170, 78, 243, 3, 14, 28
12.996, 1.04042567369886, 0.0800573771698107, 0.08005089058524174, 0.7836940298507463, 0.431872460217994, 0.8100000000000001, 0.378127539782006, 0, 0, 0, 250, 0, 0, 0, 170, 90, 264, 12, 21, 28
13.049, 1.044335211223327, 0.08003181939024653, 0.08005089058524174, 0.7836940298507463, 0.431872460217994, 0.8100000000000001, 0.378127539782006, 0, 0, 0, 250, 0, 0, 0, 170, 74, 245, 16, 19, 28
13.094, 1.048244748747794, 0.0800553496828925, 0.08005089058524174, 0.7836940298507463, 0.431872460217994, 0.8100000000000001, 0.378127539782006, 0, 0, 0, 250, 0, 0, 0, 170, 79, 252, 5, 7, 28
13.142, 1.052154286272261, 0.08006043876672207, 0.08005089058524174, 0.7836940298507463, 0.431872460217994, 0.8299999999999999, 0.398127539782006, 0, 0, 0, 250, 0, 0, 0, 170, 84, 243, 5, 9, 28
13.189, 1.056308169892008, 0.08009008794389326, 0.08005089058524174, 0.7836940298507463, 0.431872460217994, 0.8199999999999999, 0.388127539782006, 0, 0, 0, 250, 0, 0, 0, 170, 79, 253, 5, 10, 28
13.241, 1.060217707416475, 0.08007081847416927, 0.08005089058524174, 0.7836940298507463, 0.431872460217994, 0.8199999999999999, 0.388127539782006, 0, 0, 0, 250, 0, 0, 0, 170, 80, 245, 1, 8, 28
13.291, 1.064371591036222, 0.08008213009075478, 0.08005089058524174, 0.7836940298507463, 0.431872460217994, 0.8199999999999999, 0.388127539782006, 0, 0, 0, 250, 0, 0, 0, 170, 75, 251, 5, 6, 28
13.339, 1.068525474655968, 0.08010536581872467, 0.08005089058524174, 0.7836940298507463, 0.431872460217994, 0.8199999999999999, 0.388127539782006, 0, 0, 0, 250, 0, 0, 0, 170, 77, 263, 2, 12, 28
13.39, 1.072435012180436, 0.08009223391937535, 0.08005089058524174, 0.7836940298507463, 0.431872460217994, 0.8, 0.368127539782006, 0, 0, 0, 250, 0, 0, 0, 170, 83, 253, 6, 10, 28
13.441, 1.076100203609624, 0.08006102251392187, 0.08005089058524174, 0.7836940298507463, 0.431872460217994, 0.73, 0.298127539782006, 0, 0, 0, 250, 0, 0, 0, 170, 77, 247, 6, 6, 28
13.489, 1.08025408722937, 0.08008407496696346, 0.08005089058524174, 0.7836940298507463, 0.431872460217994, 0.7199999999999999, 0.288127539782006, 0, 0, 0, 250, 0, 0, 0, 170, 78, 262, 1, 15, 28
13.535, 1.083919278658558, 0.08008269513546793, 0.08005089058524174, 0.7836940298507463, 0.431872460217994, 0.8, 0.368127539782006, 0, 0, 0, 250, 0, 0, 0, 170, 85, 249, 7, 13, 28
13.581, 1.087584470087746, 0.08008132465118523, 0.08005089058524174, 0.7836940298507463, 0.431872460217994, 0.8, 0.368127539782006, 0, 0, 0, 250, 0, 0, 0, 170, 81, 238, 4, 11, 28
13.63, 1.091738353707493, 0.08009819176137146, 0.08005089058524174, 0.7836940298507463, 0.431872460217994, 0.79, 0.3581275397820059, 0, 0, 0, 250, 0, 0, 0, 170, 75, 255, 6, 17, 28
13.678, 1.095403545136681, 0.08008506690573775, 0.08005089058524174, 0.7836940298507463, 0.431872460217994, 0.79, 0.3581275397820059, 0, 0, 0, 250, 0, 0, 0, 170, 86, 249, 11, 6, 28
13.727, 1.099557428756428, 0.0801018014683782, 0.08005089058524174, 0.7836940298507463, 0.431872460217994, 0.79, 0.3581275397820059, 0, 0, 0, 250, 0, 0, 0, 170, 80, 249, 6, 0, 28
13.781, 1.103711312376174, 0.08008934855062579, 0.08005089058524174, 0.7836940298507463, 0.431872460217994, 0.79, 0.3581275397820059, 0, 0, 0, 250, 0, 0, 0, 170, 79, 247, 1, 2, 28
13.829, 1.107620849900641, 0.08009406680892626, 0.08005089058524174, 0.7836940298507463, 0.431872460217994, 0.7800000000000001, 0.348127539782006, 0, 0, 0, 250, 0, 0, 0, 170, 79, 255, 0, 8, 28
13.879, 1.112019079615667, 0.08012242089600598, 0.08005089058524174, 0.7836940298507463, 0.431872460217994, 0.77, 0.338127539782006, 0, 0, 0, 250, 0, 0, 0, 170, 85, 248, 6, 7, 28
13.926, 1.115684271044855, 0.08011519970162682, 0.08005089058524174, 0.7836940298507463, 0.431872460217994, 0.76, 0.328127539782006, 0, 0, 0, 250, 0, 0, 0, 170, 78, 246, 7, 2, 28
13.97, 1.119105116378764, 0.08010773918244553, 0.08005089058524174, 0.7836940298507463, 0.431872460217994, 0.73, 0.298127539782006, 0, 0, 0, 250, 0, 0, 0, 170, 73, 243, 5, 3, 28
14.034, 1.123992038284348, 0.08009063975234064, 0.08005089058524174, 0.7836940298507463, 0.431872460217994, 0.3, -0.131872460217994, 0, 0, 0, 250, 0, 0, 0, -170, 83, 251, 10, 8, 29
14.08, 1.127657229713536, 0.08008929188306366, 0.08005089058524174, 0.7836940298507463, 0.431872460217994, 0.06, -0.371872460217994, 0, 0, 0, 250, 0, 0, 0, -170, 81, 235, 2, 16, 29
14.13, 1.132055459428562, 0.08011715919522732, 0.08005089058524174, 0.7836940298507463, 0.431872460217994, 0.08, -0.351872460217994, 0, 0, 0, 250, 0, 0, 0, -170, 198, 155, 117, 80, 29
14.187, 1.136209343048308, 0.08008806252543234, 0.08005089058524174, 0.7836940298507463, 0.431872460217994, 0.11, -0.321872460217994, 0, 0, 0, 250, 0, 0, 0, -170, 248, 62, 50, 93, 29
14.236, 1.140363226668055, 0.0801041884425439, 0.08005089058524174, 0.7836940298507463, 0.431872460217994, 0.13, -0.301872460217994, 0, 0, 0, 250, 0, 0, 0, -170, 245, 94, 3, 32, 29
14.287, 1.144517110287801, 0.0801089879112341, 0.08005089058524174, 0.7836940298507463, 0.431872460217994, 0.13, -0.301872460217994, 0, 0, 0, 250, 0, 0, 0, -170, 268, 84, 23, 10, 29
14.338, 1.148670993907548, 0.08011375323668211, 0.08005089058524174, 0.7836940298507463, 0.431872460217994, 0.15, -0.2818724602179941, 0, 0, 0, 250, 0, 0, 0, -170, 250, 78, 18, 6, 29
14.385, 1.152580531432015, 0.08012377695043554, 0.08005089058524174, 0.7836940298507463, 0.431872460217994, 0.15, -0.2818724602179941, 0, 0, 0, 250, 0, 0, 0, -170, 239, 84, 11, 6, 29
14.436, 1.156245722861203, 0.08009460535198139, 0.08005089058524174, 0.7836940298507463, 0.431872460217994, 0.15, -0.2818724602179941, 0, 0, 0, 250, 0, 0, 0, -170, 254, 73, 15, 11, 29
14.484, 1.160155260385671, 0.08009909281867376, 0.08005089058524174, 0.7836940298507463, 0.431872460217994, 0.12, -0.311872460217994, 0, 0, 0, 250, 0, 0, 0, -170, 255, 79, 1, 6, 29
14.529, 1.164064797910138, 0.08012009070893647, 0.08005089058524174, 0.7836940298507463, 0.431872460217994, 0.1, -0.3318724602179941, 0, 0, 0, 250, 0, 0, 0, -170, 252, 87, 3, 8, 29
14.581, 1.168218681529885, 0.08011924295520776, 0.08005089058524174, 0.7836940298507463, 0.431872460217994, 0.09, -0.3418724602179941, 0, 0, 0, 250, 0, 0, 0, -170, 247, 78, 5, 9, 29
14.63, 1.172128219054352, 0.08011812843843826, 0.08005089058524174, 0.7836940298507463, 0.431872460217994, 0.07000000000000001, -0.361872460217994, 0, 0, 0, 250, 0, 0, 0, -170, 248, 76, 1, 2, 29
14.683, 1.176282102674098, 0.08011183700021101, 0.08005089058524174, 0.7836940298507463, 0.431872460217994, 0.06, -0.371872460217994, 0, 0, 0, 250, 0, 0, 0, -170, 249, 80, 1, 4, 29
14.731, 1.180191640198566, 0.08011619307572913, 0.08005089058524174, 0.7836940298507463, 0.431872460217994, 0.07000000000000001, -0.361872460217994, 0, 0, 0, 250, 0, 0, 0, -170, 252, 80, 3, 0, 29
14.78, 1.184345523818312, 0.08013163219339054, 0.08005089058524174, 0.7836940298507463, 0.431872460217994, 0.06, -0.371872460217994, 0, 0, 0, 250, 0, 0, 0, -170, 249, 84, 3, 4, 29
14.83, 1.188499407438059, 0.08014156489804845, 0.08005089058524174, 0.7836940298507463, 0.431872460217994, 0.07000000000000001, -0.361872460217994, 0, 0, 0, 250, 0, 0, 0, -170, 249, 82, 0, 2, 29
14.877, 1.191920252771968, 0.08011832041217771, 0.08005089058524174, 0.7836940298507463, 0.431872460217994, 0.07000000000000001, -0.361872460217994, 0, 0, 0, 250, 0, 0, 0, -170, 247, 72, 2, 10, 29
14.926, 1.195585444201156, 0.08010086052533538, 0.08005089058524174, 0.7836940298507463, 0.431872460217994, 0.11, -0.321872460217994, 0, 0, 0, 250, 0, 0, 0, -170, 239, 78, 8, 6, 29
14.979, 1.200228020011461, 0.08012737966562923, 0.08005089058524174, 0.7836940298507463, 0.431872460217994, 0.36, -0.07187246021799404, 0, 0, 0, 250, 0, 0, 0, -170, 270, 84, 31, 6, 29
15.03, 1.204626249726486, 0.0801481204076172, 0.08005089058524174, 0.7836940298507463, 0.431872460217994, 0.65, 0.218127539782006, 0, 0, 0, 250, 0, 0, 0, 170, 239, 74, 31, 10, 30
15.08, 1.208535787250953, 0.08014163045430728, 0.08005089058524174, 0.7836940298507463, 0.431872460217994, 0.79, 0.3581275397820059, 0, 0, 0, 250, 0, 0, 0, 170, 229, 90, 10, 16, 30
15.127, 1.212200978680142, 0.08013492289813852, 0.08005089058524174, 0.7836940298507463, 0.431872460217994, 0.8199999999999999, 0.388127539782006, 0, 0, 0, 250, 0, 0, 0, 170, 160, 191, 69, 101, 30
15.175, 1.216354862299888, 0.08015518038220019, 0.08005089058524174, 0.7836940298507463, 0.431872460217994, 0.8299999999999999, 0.398127539782006, 0, 0, 0, 250, 0, 0, 0, 170, 77, 252, 83, 61, 30
15.227, 1.220020053729076, 0.08012215497005821, 0.08005089058524174, 0.7836940298507463, 0.431872460217994, 0.7800000000000001, 0.348127539782006, 0, 0, 0, 250, 0, 0, 0, 170, 72, 228, 5, 24, 30
15.28, 1.224662629539381, 0.08014807784943596, 0.08005089058524174, 0.7836940298507463, 0.431872460217994, 0.35, -0.08187246021799403, 0, 0, 0, 250, 0, 0, 0, -170, 93, 262, 21, 34, 31
15.33, 1.229060859254407, 0.08017357203225092, 0.08005089058524174, 0.7836940298507463, 0.431872460217994, 0.1, -0.3318724602179941, 0, 0, 0, 250, 0, 0, 0, -170, 94, 240, 1, 22, 31
15.39, 1.233459088969433, 0.08014678940672077, 0.08005089058524174, 0.7836940298507463, 0.431872460217994, 0.07000000000000001, -0.361872460217994, 0, 0, 0, 250, 0, 0, 0, -170, 202, 130, 108, 110, 31
15.439, 1.237124280398621, 0.08012981931463312, 0.08005089058524174, 0.7836940298507463, 0.431872460217994, 0.08, -0.351872460217994, 0, 0, 0, 250, 0, 0, 0, -170, 235, 74, 33, 56, 31
15.488, 1.241033817923088, 0.08012873307871176, 0.08005089058524174, 0.7836940298507463, 0.431872460217994, 0.08, -0.351872460217994, 0, 0, 0, 250, 0, 0, 0, -170, 261, 81, 26, 7, 31
15.537, 1.245432047638114, 0.08015910714025319, 0.08005089058524174, 0.7836940298507463, 0.431872460217994, 0.09, -0.3418724602179941, 0, 0, 0, 250, 0, 0, 0, -170, 266, 85, 5, 4, 31
15.589, 1.249341585162581, 0.08014250979296818, 0.08005089058524174, 0.7836940298507463, 0.431872460217994, 0.18, -0.251872460217994, 0, 0, 0, 250, 0, 0, 0, -170, 245, 78, 21, 7, 31
15.64, 1.253495468782327, 0.08014676910372938, 0.08005089058524174, 0.7836940298507463, 0.431872460217994, 0.36, -0.07187246021799404, 0, 0, 0, 250, 0, 0, 0, -170, 233, 80, 12, 2, 31
15.69, 1.257649352402074, 0.08015610913971152, 0.08005089058524174, 0.7836940298507463, 0.431872460217994, 0.65, 0.218127539782006, 0, 0, 0, 250, 0, 0, 0, 170, 249, 81, 16, 1, 32
15.74, 1.261803236021821, 0.08016538983620208, 0.08005089058524174, 0.7836940298507463, 0.431872460217994, 0.8, 0.368127539782006, 0, 0, 0, 250, 0, 0, 0, 170, 243, 99, 6, 18, 32
15.794, 1.266201465736846, 0.08016977749378537, 0.08005089058524174, 0.7836940298507463, 0.431872460217994, 0.8199999999999999, 0.388127539782006, 0, 0, 0, 250, 0, 0, 0, 170, 152, 198, 91, 99, 32
15.84, 1.270111003261313, 0.08018377545841627, 0.08005089058524174, 0.7836940298507463, 0.431872460217994, 0.8299999999999999, 0.398127539782006, 0, 0, 0, 250, 0, 0, 0, 170, 65, 254, 87, 56, 32
15.889, 1.273531848595222, 0.08015179360533843, 0.08005089058524174, 0.7836940298507463, 0.431872460217994, 0.8199999999999999, 0.388127539782006, 0, 0, 0, 250, 0, 0, 0, 170, 71, 233, 6, 21, 32
15.94, 1.277685732214969, 0.08015594304987259, 0.08005089058524174, 0.7836940298507463, 0.431872460217994, 0.54, 0.108127539782006, 0, 0, 0, 250, 0, 0, 0, 170, 87, 258, 16, 25, 32
15.998, 1.282817000215832, 0.08018608577421128, 0.08005089058524174, 0.7836940298507463, 0.431872460217994, 0.11, -0.321872460217994, 0, 0, 0, 250, 0, 0, 0, -170, 76, 258, 11, 0, 33
16.045, 1.286237845549741, 0.08016440296352389, 0.08005089058524174, 0.7836940298507463, 0.431872460217994, 0.07000000000000001, -0.361872460217994, 0, 0, 0, 250, 0, 0, 0, -170, 89, 237, 13, 21, 33
16.099, 1.290636075264767, 0.08016871080593619, 0.08005089058524174, 0.7836940298507463, 0.431872460217994, 0.08, -0.351872460217994, 0, 0, 0, 250, 0, 0, 0, -170, 195, 141, 106, 96, 33
16.149, 1.294545612789234, 0.0801625867105848, 0.08005089058524174, 0.7836940298507463, 0.431872460217994, 0.08, -0.351872460217994, 0, 0, 0, 250, 0, 0, 0, -170, 242, 67, 47, 74, 33
16.206, 1.29894384250426, 0.08015203273505245, 0.08005089058524174, 0.7836940298507463, 0.431872460217994, 0.08, -0.351872460217994, 0, 0, 0, 250, 0, 0, 0, -170, 255, 83, 13, 16, 33
16.256, 1.303342072219285, 0.08017606251348951, 0.08005089058524174, 0.7836940298507463, 0.431872460217994, 0.08, -0.351872460217994, 0, 0, 0, 250, 0, 0, 0, -170, 259, 86, 4, 3, 33
16.299, 1.306762917553195, 0.08017442282061442, 0.08005089058524174, 0.7836940298507463, 0.431872460217994, 0.11, -0.321872460217994, 0, 0, 0, 250, 0, 0, 0, -170, 249, 79, 10, 7, 33
16.349, 1.310916801172941, 0.08018330180273662, 0.08005089058524174, 0.7836940298507463, 0.431872460217994, 0.28, -0.151872460217994, 0, 0, 0, 250, 0, 0, 0, -170, 244, 86, 5, 7, 33
16.399, 1.314826338697408, 0.08017722658073103, 0.08005089058524174, 0.7836940298507463, 0.431872460217994, 0.5699999999999999, 0.138127539782006, 0, 0, 0, 250, 0, 0, 0, 170, 251, 81, 7, 5, 34
16.451, 1.318980222317155, 0.0801762945910373, 0.08005089058524174, 0.7836940298507463, 0.431872460217994, 0.73, 0.298127539782006, 0, 0, 0, 250, 0, 0, 0, 170, 232, 89, 19, 8, 34
16.499, 1.323134105936901, 0.08019480610563678, 0.08005089058524174, 0.7836940298507463, 0.431872460217994, 0.73, 0.298127539782006, 0, 0, 0, 250, 0, 0, 0, 170, 164, 185, 68, 96, 34
16.549, 1.327532335651927, 0.08021828120441882, 0.08005089058524174, 0.7836940298507463, 0.431872460217994, 0.75, 0.318127539782006, 0, 0, 0, 250, 0, 0, 0, 170, 61, 262, 103, 77, 34
16.601, 1.330953180985836, 0.08017307276584759, 0.08005089058524174, 0.7836940298507463, 0.431872460217994, 0.76, 0.328127539782006, 0, 0, 0, 250, 0, 0, 0, 170, 71, 214, 10, 48, 34
16.65, 1.334862718510303, 0.08017193504566386, 0.08005089058524174, 0.7836940298507463, 0.431872460217994, 0.61, 0.178127539782006, 0, 0, 0, 250, 0, 0, 0, 170, 97, 258, 26, 44, 34
16.706, 1.339749640415887, 0.08019571653393315, 0.08005089058524174, 0.7836940298507463, 0.431872460217994, 0.23, -0.201872460217994, 0, 0, 0, 250, 0, 0, 0, -170, 72, 270, 25, 12, 35
16.75, 1.343414831845075, 0.08020387055791494, 0.08005089058524174, 0.7836940298507463, 0.431872460217994, 0.09, -0.3418724602179941, 0, 0, 0, 250, 0, 0, 0, -170, 88, 225, 16, 45, 35
16.81, 1.34805740765538, 0.0801937779687912, 0.08005089058524174, 0.7836940298507463, 0.431872460217994, 0.08, -0.351872460217994, 0, 0, 0, 250, 0, 0, 0, -170, 194, 142, 106, 83, 35
16.854, 1.351478252989289, 0.08018738892780878, 0.08005089058524174, 0.7836940298507463, 0.431872460217994, 0.09, -0.3418724602179941, 0, 0, 0, 250, 0, 0, 0, -170, 249, 64, 55, 78, 35
16.902, 1.355387790513757, 0.08019097092141502, 0.08005089058524174, 0.7836940298507463, 0.431872460217994, 0.09, -0.3418724602179941, 0, 0, 0, 250, 0, 0, 0, -170, 250, 84, 1, 20, 35
16.951, 1.359297328038224, 0.08018980166587362, 0.08005089058524174, 0.7836940298507463, 0.431872460217994, 0.14, -0.291872460217994, 0, 0, 0, 250, 0, 0, 0, -170, 249, 85, 1, 1, 35
17.01, 1.364184249943808, 0.08019895649287523, 0.08005089058524174, 0.7836940298507463, 0.431872460217994, 0.45, 0.01812753978200597, 0, 0, 0, 250, 0, 0, 0, 170, 250, 79, 1, 6, 36
17.064, 1.368338133563554, 0.08018859198098653, 0.08005089058524174, 0.7836940298507463, 0.431872460217994, 0.7199999999999999, 0.288127539782006, 0, 0, 0, 250, 0, 0, 0, 170, 240, 97, 10, 18, 36
17.109, 1.372003324992742, 0.08019190630619805, 0.08005089058524174, 0.7836940298507463, 0.431872460217994, 0.8100000000000001, 0.378127539782006, 0, 0, 0, 250, 0, 0, 0, 170, 141, 195, 99, 98, 36
17.156, 1.376157208612489, 0.08021433950877178, 0.08005089058524174, 0.7836940298507463, 0.431872460217994, 0.8299999999999999, 0.398127539782006, 0, 0, 0, 250, 0, 0, 0, 170, 80, 248, 61, 53, 36
17.206, 1.379578053946398, 0.08018005660504462, 0.08005089058524174, 0.7836940298507463, 0.431872460217994, 0.8100000000000001, 0.378127539782006, 0, 0, 0, 250, 0, 0, 0, 170, 65, 239, 15, 9, 36
17.257, 1.384220629756703, 0.08021212434123559, 0.08005089058524174, 0.7836940298507463, 0.431872460217994, 0.79, 0.3581275397820059, 0, 0, 0, 250, 0, 0, 0, 170, 94, 264, 29, 25, 36
17.306, 1.38813016728117, 0.0802109191772316, 0.08005089058524174, 0.7836940298507463, 0.431872460217994, 0.74, 0.308127539782006, 0, 0, 0, 250, 0, 0, 0, 170, 82, 249, 12, 15, 36
17.35, 1.391551012615079, 0.08020466931499014, 0.08005089058524174, 0.7836940298507463, 0.431872460217994, 0.6899999999999999, 0.258127539782006, 0, 0, 0, 250, 0, 0, 0, 170, 77, 249, 5, 0, 36
17.407, 1.396193588425384, 0.08020874294395265, 0.08005089058524174, 0.7836940298507463, 0.431872460217994, 0.58, 0.148127539782006, 0, 0, 0, 250, 0, 0, 0, 170, 82, 251, 5, 2, 36
17.457, 1.400103125949851, 0.0802029630491981, 0.08005089058524174, 0.7836940298507463, 0.431872460217994, 0.48, 0.04812753978200597, 0, 0, 0, 250, 0, 0, 0, 170, 69, 246, 13, 5, 36
17.509, 1.404257009569598, 0.08020201094120726, 0.08005089058524174, 0.7836940298507463, 0.431872460217994, 0.37, -0.06187246021799403, 0, 0, 0, 250, 0, 0, 0, -170, 91, 243, 22, 3, 37
17.56, 1.408410893189344, 0.08020563173060047, 0.08005089058524174, 0.7836940298507463, 0.431872460217994, 0.29, -0.141872460217994, 0, 0, 0, 250, 0, 0, 0, -170, 92, 233, 1, 10, 37
17.608, 1.412076084618532, 0.08019514337906248, 0.08005089058524174, 0.7836940298507463, 0.431872460217994, 0.28, -0.151872460217994, 0, 0, 0, 250, 0, 0, 0, -170, 187, 151, 95, 82, 37
17.658, 1.415985622143, 0.08018946778474344, 0.08005089058524174, 0.7836940298507463, 0.431872460217994, 0.5600000000000001, 0.128127539782006, 0, 0, 0, 250, 0, 0, 0, 170, 247, 68, 60, 83, 38
17.714, 1.420628197953304, 0.08019804662714826, 0.08005089058524174, 0.7836940298507463, 0.431872460217994, 0.7800000000000001, 0.348127539782006, 0, 0, 0, 250, 0, 0, 0, 170, 214, 104, 33, 36, 38
17.759, 1.424782081573051, 0.08022873368844254, 0.08005089058524174, 0.7836940298507463, 0.431872460217994, 0.79, 0.3581275397820059, 0, 0, 0, 250, 0, 0, 0, 170, 158, 198, 56, 94, 38
17.818, 1.429180311288077, 0.08020991757144891, 0.08005089058524174, 0.7836940298507463, 0.431872460217994, 0.8100000000000001, 0.378127539782006, 0, 0, 0, 250, 0, 0, 0, 170, 69, 257, 89, 59, 38
17.871, 1.433578541003102, 0.08021814901253999, 0.08005089058524174, 0.7836940298507463, 0.431872460217994, 0.8299999999999999, 0.398127539782006, 0, 0, 0, 250, 0, 0, 0, 170, 84, 251, 15, 6, 38
17.927, 1.437976770718128, 0.08021290627088346, 0.08005089058524174, 0.7836940298507463, 0.431872460217994, 0.8199999999999999, 0.388127539782006, 0, 0, 0, 250, 0, 0, 0, 170, 81, 252, 3, 1, 38
17.976, 1.441886308242595, 0.08021174389422537, 0.08005089058524174, 0.7836940298507463, 0.431872460217994, 0.79, 0.3581275397820059, 0, 0, 0, 250, 0, 0, 0, 170, 82, 250, 1, 2, 38
18.024, 1.445795845767063, 0.08021503804744022, 0.08005089058524174, 0.7836940298507463, 0.431872460217994, 0.8199999999999999, 0.388127539782006, 0, 0, 0, 250, 0, 0, 0, 170, 85, 242, 3, 8, 38
18.076, 1.449949729386809, 0.0802140810680908, 0.08005089058524174, 0.7836940298507463, 0.431872460217994, 0.84, 0.4081275397820059, 0, 0, 0, 250, 0, 0, 0, 170, 71, 256, 14, 14, 38
18.129, 1.454592305197114, 0.08023566138215644, 0.08005089058524174, 0.7836940298507463, 0.431872460217994, 0.8199999999999999, 0.388127539782006, 0, 0, 0, 250, 0, 0, 0, 170, 92, 250, 21, 6, 38
18.179, 1.458013150531023, 0.08020315476819533, 0.08005089058524174, 0.7836940298507463, 0.431872460217994, 0.8100000000000001, 0.378127539782006, 0, 0, 0, 250, 0, 0, 0, 170, 74, 252, 18, 2, 38
18.22, 1.461678341960211, 0.08022383874644408, 0.08005089058524174, 0.7836940298507463, 0.431872460217994, 0.8, 0.368127539782006, 0, 0, 0, 250, 0, 0, 0, 170, 83, 237, 9, 15, 38
18.269, 1.465832225579958, 0.08023604059225779, 0.08005089058524174, 0.7836940298507463, 0.431872460217994, 0.8100000000000001, 0.378127539782006, 0, 0, 0, 250, 0, 0, 0, 170, 73, 256, 10, 19, 38
18.32, 1.469741763104425, 0.08022607877207559, 0.08005089058524174, 0.7836940298507463, 0.431872460217994, 0.79, 0.3581275397820059, 0, 0, 0, 250, 0, 0, 0, 170, 77, 253, 4, 3, 38
18.369, 1.473651300628892, 0.08022490612602168, 0.08005089058524174, 0.7836940298507463, 0.431872460217994, 0.7800000000000001, 0.348127539782006, 0, 0, 0, 250, 0, 0, 0, 170, 83, 246, 6, 7, 38
18.42, 1.478049530343918, 0.08024155973636905, 0.08005089058524174, 0.7836940298507463, 0.431872460217994, 0.8100000000000001, 0.378127539782006, 0, 0, 0, 250, 0, 0, 0, 170, 86, 237, 3, 9, 38
18.471, 1.481959067868385, 0.08023166411501192, 0.08005089058524174, 0.7836940298507463, 0.431872460217994, 0.8199999999999999, 0.388127539782006, 0, 0, 0, 250, 0, 0, 0, 170, 77, 244, 9, 7, 38
18.519, 1.485868605392852, 0.0802348185859308, 0.08005089058524174, 0.7836940298507463, 0.431872460217994, 0.8299999999999999, 0.398127539782006, 0, 0, 0, 250, 0, 0, 0, 170, 74, 264, 3, 20, 38
18.569, 1.490022489012599, 0.08024247342412618, 0.08005089058524174, 0.7836940298507463, 0.431872460217994, 0.86, 0.428127539782006, 0, 0, 0, 250, 0, 0, 0, 170, 84, 258, 10, 6, 38
18.623, 1.494176372632345, 0.080232850380301, 0.08005089058524174, 0.7836940298507463, 0.431872460217994, 0.8, 0.368127539782006, 0, 0, 0, 250, 0, 0, 0, 170, 79, 240, 5, 18, 38
18.672, 1.498085910156813, 0.08023167899297412, 0.08005089058524174, 0.7836940298507463, 0.431872460217994, 0.8, 0.368127539782006, 0, 0, 0, 250, 0, 0, 0, 170, 79, 243, 0, 3, 38
18.72, 1.50199544768128, 0.08023479955562394, 0.08005089058524174, 0.7836940298507463, 0.431872460217994, 0.79, 0.3581275397820059, 0, 0, 0, 250, 0, 0, 0, 170, 78, 256, 1, 13, 38
18.769, 1.506149331301027, 0.08024664773301865, 0.08005089058524174, 0.7836940298507463, 0.431872460217994, 0.77, 0.338127539782006, 0, 0, 0, 250, 0, 0, 0, 170, 87, 252, 9, 4, 38
18.815, 1.509814522730215, 0.0802452576524164, 0.08005089058524174, 0.7836940298507463, 0.431872460217994, 0.76, 0.328127539782006, 0, 0, 0, 250, 0, 0, 0, 170, 74, 249, 13, 3, 38
18.866, 1.513479714159403, 0.08022260755641909, 0.08005089058524174, 0.7836940298507463, 0.431872460217994, 0.7800000000000001, 0.348127539782006, 0, 0, 0, 250, 0, 0, 0, 170, 80, 248, 6, 1, 38
18.916, 1.517877943874429, 0.08024307167870736, 0.08005089058524174, 0.7836940298507463, 0.431872460217994, 0.77, 0.338127539782006, 0, 0, 0, 250, 0, 0, 0, 170, 84, 248, 4, 0, 38
18.971, 1.522276173589454, 0.08024227365924064, 0.08005089058524174, 0.7836940298507463, 0.431872460217994, 0.76, 0.328127539782006, 0, 0, 0, 250, 0, 0, 0, 170, 80, 257, 4, 9, 38
19.016, 1.525941365018642, 0.0802451285769164, 0.08005089058524174, 0.7836940298507463, 0.431872460217994, 0.7800000000000001, 0.348127539782006, 0, 0, 0, 250, 0, 0, 0, 170, 78, 253, 2, 4, 38
19.064, 1.52960655644783, 0.08023534181954627, 0.08005089058524174, 0.7836940298507463, 0.431872460217994, 0.8299999999999999, 0.398127539782006, 0, 0, 0, 250, 0, 0, 0, 170, 85, 245, 7, 8, 38
19.116, 1.533760440067577, 0.08023438167334049, 0.08005089058524174, 0.7836940298507463, 0.431872460217994, 0.8299999999999999, 0.398127539782006, 0, 0, 0, 250, 0, 0, 0, 170, 77, 251, 8, 6, 38
19.16, 1.537425631496765, 0.08024142126809839, 0.08005089058524174, 0.7836940298507463, 0.431872460217994, 0.76, 0.328127539782006, 0, 0, 0, 250, 0, 0, 0, 170, 87, 247, 10, 4, 38
19.208, 1.541335169021232, 0.08024443820393754, 0.08005089058524174, 0.7836940298507463, 0.431872460217994, 0.7, 0.268127539782006, 0, 0, 0, 250, 0, 0, 0, 170, 75, 258, 12, 11, 38
19.258, 1.5452447065457, 0.08023910616604525, 0.08005089058524174, 0.7836940298507463, 0.431872460217994, 0.67, 0.238127539782006, 0, 0, 0, 250, 0, 0, 0, 170, 81, 245, 6, 13, 38
19.31, 1.549398590165446, 0.08023814552902362, 0.08005089058524174, 0.7836940298507463, 0.431872460217994, 0.6899999999999999, 0.258127539782006, 0, 0, 0, 250, 0, 0, 0, 170, 77, 243, 4, 2, 38
19.357, 1.553308127689914, 0.08024529253964527, 0.08005089058524174, 0.7836940298507463, 0.431872460217994, 0.75, 0.318127539782006, 0, 0, 0, 250, 0, 0, 0, 170, 81, 257, 4, 14, 38
19.415, 1.558195049595497, 0.0802572778570949, 0.08005089058524174, 0.7836940298507463, 0.431872460217994, 0.75, 0.318127539782006, 0, 0, 0, 250, 0, 0, 0, 170, 78, 261, 3, 4, 38
19.47, 1.562593279310523, 0.0802564601597598, 0.08005089058524174, 0.7836940298507463, 0.431872460217994, 0.5699999999999999, 0.138127539782006, 0, 0, 0, 250, 0, 0, 0, 170, 79, 244, 1, 17, 38
19.519, 1.56650281683499, 0.08025528033377684, 0.08005089058524174, 0.7836940298507463, 0.431872460217994, 0.54, 0.108127539782006, 0, 0, 0, 250, 0, 0, 0, 170, 87, 244, 8, 0, 38
19.571, 1.570412354359458, 0.08024180442284287, 0.08005089058524174, 0.7836940298507463, 0.431872460217994, 0.39, -0.04187246021799403, 0, 0, 0, 250, 0, 0, 0, -170, 74, 248, 13, 4, 39
19.621, 1.574810584074483, 0.08026148433181202, 0.08005089058524174, 0.7836940298507463, 0.431872460217994, 0.43, -0.001872460217994032, 0, 0, 0, 250, 0, 0, 0, -170, 92, 230, 18, 18, 39
19.669, 1.578720121598951, 0.0802643815953506, 0.08005089058524174, 0.7836940298507463, 0.431872460217994, 0.38, -0.05187246021799403, 0, 0, 0, 250, 0, 0, 0, -170, 198, 156, 106, 74, 39
19.719, 1.582629659123418, 0.08025912364336012, 0.08005089058524174, 0.7836940298507463, 0.431872460217994, 0.26, -0.171872460217994, 0, 0, 0, 250, 0, 0, 0, -170, 251, 59, 53, 97, 39
19.769, 1.586539196647885, 0.08025389228832442, 0.08005089058524174, 0.7836940298507463, 0.431872460217994, 0.11, -0.321872460217994, 0, 0, 0, 250, 0, 0, 0, -170, 240, 82, 11, 23, 39
19.82, 1.590693080267632, 0.08025696671380585, 0.08005089058524174, 0.7836940298507463, 0.431872460217994, 0.26, -0.171872460217994, 0, 0, 0, 250, 0, 0, 0, -170, 248, 85, 8, 3, 39
19.871, 1.594846963887379, 0.08026002535792756, 0.08005089058524174, 0.7836940298507463, 0.431872460217994, 0.23, -0.201872460217994, 0, 0, 0, 250, 0, 0, 0, -170, 268, 82, 20, 3, 39
19.919, 1.598512155316566, 0.08025062278812021, 0.08005089058524174, 0.7836940298507463, 0.431872460217994, 0.25, -0.181872460217994, 0, 0, 0, 250, 0, 0, 0, -170, 246, 79, 22, 3, 39
19.971, 1.602910385031592, 0.08026189900513705, 0.08005089058524174, 0.7836940298507463, 0.431872460217994, 0.24, -0.191872460217994, 0, 0, 0, 250, 0, 0, 0, -170, 244, 73, 2, 6, 39
20.021, 1.60681992255606, 0.08025672656490981, 0.08005089058524174, 0.7836940298507463, 0.431872460217994, 0.22, -0.211872460217994, 0, 0, 0, 250, 0, 0, 0, -170, 251, 82, 7, 9, 39
20.069, 1.610973806175806, 0.08027175276176223, 0.08005089058524174, 0.7836940298507463, 0.431872460217994, 0.2, -0.2318724602179941, 0, 0, 0, 250, 0, 0, 0, -170, 257, 81, 6, 1, 39
20.12, 1.614883343700273, 0.08026259163520246, 0.08005089058524174, 0.7836940298507463, 0.431872460217994, 0.19, -0.241872460217994, 0, 0, 0, 250, 0, 0, 0, -170, 246, 78, 11, 3, 39
20.165, 1.618304189034182, 0.0802531212017943, 0.08005089058524174, 0.7836940298507463, 0.431872460217994, 0.22, -0.211872460217994, 0, 0, 0, 250, 0, 0, 0, -170, 253, 82, 7, 4, 39
20.216, 1.62221372655865, 0.08024405058165065, 0.08005089058524174, 0.7836940298507463, 0.431872460217994, 0.22, -0.211872460217994, 0, 0, 0, 250, 0, 0, 0, -170, 253, 78, 0, 4, 39
20.272, 1.627344994559513, 0.08027550288868946, 0.08005089058524174, 0.7836940298507463, 0.431872460217994, 0.2, -0.2318724602179941, 0, 0, 0, 250, 0, 0, 0, -170, 250, 84, 3, 6, 39
20.32, 1.630521493798143, 0.08024219949794007, 0.08005089058524174, 0.7836940298507463, 0.431872460217994, 0.2, -0.2318724602179941, 0, 0, 0, 250, 0, 0, 0, -170, 241, 81, 9, 3, 39
20.369, 1.635164069608447, 0.08027709114872833, 0.08005089058524174, 0.7836940298507463, 0.431872460217994, 0.18, -0.251872460217994, 0, 0, 0, 250, 0, 0, 0, -170, 248, 79, 7, 2, 39
20.417, 1.638584914942356, 0.08025591002313543, 0.08005089058524174, 0.7836940298507463, 0.431872460217994, 0.18, -0.251872460217994, 0, 0, 0, 250, 0, 0, 0, -170, 256, 78, 8, 1, 39
20.465, 1.642494452466823, 0.08025870767001337, 0.08005089058524174, 0.7836940298507463, 0.431872460217994, 0.19, -0.241872460217994, 0, 0, 0, 250, 0, 0, 0, -170, 253, 82, 3, 4, 39
20.516, 1.64664833608657, 0.08026166582601725, 0.08005089058524174, 0.7836940298507463, 0.431872460217994, 0.19, -0.241872460217994, 0, 0, 0, 250, 0, 0, 0, -170, 246, 88, 7, 6, 39
20.56, 1.650069181420479, 0.08025628314301942, 0.08005089058524174, 0.7836940298507463, 0.431872460217994, 0.21, -0.221872460217994, 0, 0, 0, 250, 0, 0, 0, -170, 236, 69, 10, 19, 39
20.615, 1.654467411135505, 0.08025551351615352, 0.08005089058524174, 0.7836940298507463, 0.431872460217994, 0.22, -0.211872460217994, 0, 0, 0, 250, 0, 0, 0, -170, 256, 85, 20, 16, 39
20.668, 1.65886564085053, 0.08026251407250486, 0.08005089058524174, 0.7836940298507463, 0.431872460217994, 0.26, -0.171872460217994, 0, 0, 0, 250, 0, 0, 0, -170, 255, 78, 1, 7, 39
20.719, 1.663263870565556, 0.0802772272100756, 0.08005089058524174, 0.7836940298507463, 0.431872460217994, 0.24, -0.191872460217994, 0, 0, 0, 250, 0, 0, 0, -170, 256, 85, 1, 7, 39
20.774, 1.667417754185303, 0.08026464591245318, 0.08005089058524174, 0.7836940298507463, 0.431872460217994, 0.24, -0.191872460217994, 0, 0, 0, 250, 0, 0, 0, -170, 246, 77, 10, 8, 39
20.819, 1.670838599519211, 0.08025546853927716, 0.08005089058524174, 0.7836940298507463, 0.431872460217994, 0.21, -0.221872460217994, 0, 0, 0, 250, 0, 0, 0, -170, 251, 81, 5, 4, 39
20.865, 1.674992483138958, 0.08027761721250698, 0.08005089058524174, 0.7836940298507463, 0.431872460217994, 0.21, -0.221872460217994, 0, 0, 0, 250, 0, 0, 0, -170, 258, 80, 7, 1, 39
20.931, 1.6803680972351, 0.08028130988653675, 0.08005089058524174, 0.7836940298507463, 0.431872460217994, 0.2, -0.2318724602179941, 0, 0, 0, 250, 0, 0, 0, -170, 249, 76, 9, 4, 39
20.975, 1.683788942569009, 0.08027599249435086, 0.08005089058524174, 0.7836940298507463, 0.431872460217994, 0.19, -0.241872460217994, 0, 0, 0, 250, 0, 0, 0, -170, 251, 82, 2, 6, 39
21.03, 1.688187172284035, 0.08027518650898884, 0.08005089058524174, 0.7836940298507463, 0.431872460217994, 0.18, -0.251872460217994, 0, 0, 0, 250, 0, 0, 0, -170, 236, 81, 15, 1, 39
21.084, 1.692585401999061, 0.08027819208874316, 0.08005089058524174, 0.7836940298507463, 0.431872460217994, 0.17, -0.261872460217994, 0, 0, 0, 250, 0, 0, 0, -170, 255, 79, 19, 2, 39
21.129, 1.696494939523528, 0.08029224949233416, 0.08005089058524174, 0.7836940298507463, 0.431872460217994, 0.17, -0.261872460217994, 0, 0, 0, 250, 0, 0, 0, -170, 255, 80, 0, 1, 39
21.186, 1.700648823143275, 0.08027229411608017, 0.08005089058524174, 0.7836940298507463, 0.431872460217994, 0.19, -0.241872460217994, 0, 0, 0, 250, 0, 0, 0, -170, 250, 82, 5, 2, 39
21.23, 1.704558360667742, 0.08029007822269156, 0.08005089058524174, 0.7836940298507463, 0.431872460217994, 0.21, -0.221872460217994, 0, 0, 0, 250, 0, 0, 0, -170, 248, 76, 2, 6, 39
21.279, 1.708467898192209, 0.08028891856723574, 0.08005089058524174, 0.7836940298507463, 0.431872460217994, 0.2, -0.2318724602179941, 0, 0, 0, 250, 0, 0, 0, -170, 249, 81, 1, 5, 39
21.329, 1.712621781811956, 0.08029545603694293, 0.08005089058524174, 0.7836940298507463, 0.431872460217994, 0.2, -0.2318724602179941, 0, 0, 0, 250, 0, 0, 0, -170, 256, 80, 7, 1, 39
21.378, 1.716286973241144, 0.08028285963332136, 0.08005089058524174, 0.7836940298507463, 0.431872460217994, 0.2, -0.2318724602179941, 0, 0, 0, 250, 0, 0, 0, -170, 247, 73, 9, 7, 39
21.43, 1.720685202956169, 0.08029328991862666, 0.08005089058524174, 0.7836940298507463, 0.431872460217994, 0.19, -0.241872460217994, 0, 0, 0, 250, 0, 0, 0, -170, 249, 89, 2, 16, 39
21.479, 1.724106048290079, 0.08026938164207266, 0.08005089058524174, 0.7836940298507463, 0.431872460217994, 0.21, -0.221872460217994, 0, 0, 0, 250, 0, 0, 0, -170, 241, 74, 8, 15, 39
21.529, 1.728748624100384, 0.08029860300526654, 0.08005089058524174, 0.7836940298507463, 0.431872460217994, 0.2, -0.2318724602179941, 0, 0, 0, 250, 0, 0, 0, -170, 259, 83, 18, 9, 39
21.578, 1.732413815529571, 0.08028611620769169, 0.08005089058524174, 0.7836940298507463, 0.431872460217994, 0.21, -0.221872460217994, 0, 0, 0, 250, 0, 0, 0, -170, 261, 83, 2, 0, 39
21.63, 1.736567699149318, 0.08028514559173916, 0.08005089058524174, 0.7836940298507463, 0.431872460217994, 0.21, -0.221872460217994, 0, 0, 0, 250, 0, 0, 0, -170, 239, 80, 22, 3, 39
21.678, 1.740232890578506, 0.08027645034498137, 0.08005089058524174, 0.7836940298507463, 0.431872460217994, 0.21, -0.221872460217994, 0, 0, 0, 250, 0, 0, 0, -170, 243, 82, 4, 2, 39
21.726, 1.744386774198253, 0.08029028694643527, 0.08005089058524174, 0.7836940298507463, 0.431872460217994, 0.19, -0.241872460217994, 0, 0, 0, 250, 0, 0, 0, -170, 242, 80, 1, 2, 39
21.775, 1.74829631172272, 0.08028915323640504, 0.08005089058524174, 0.7836940298507463, 0.431872460217994, 0.2, -0.2318724602179941, 0, 0, 0, 250, 0, 0, 0, -170, 256, 86, 14, 6, 39
21.831, 1.753183233628304, 0.08030705114874738, 0.08005089058524174, 0.7836940298507463, 0.431872460217994, 0.2, -0.2318724602179941, 0, 0, 0, 250, 0, 0, 0, -170, 256, 81, 0, 5, 39
21.881, 1.756848425057492, 0.08029104817227239, 0.08005089058524174, 0.7836940298507463, 0.431872460217994, 0.22, -0.211872460217994, 0, 0, 0, 250, 0, 0, 0, -170, 247, 72, 9, 9, 39
21.926, 1.76051361648668, 0.08029342408495303, 0.08005089058524174, 0.7836940298507463, 0.431872460217994, 0.21, -0.221872460217994, 0, 0, 0, 250, 0, 0, 0, -170, 249, 89, 2, 17, 39
21.976, 1.764423154011148, 0.08028864006239294, 0.08005089058524174, 0.7836940298507463, 0.431872460217994, 0.23, -0.201872460217994, 0, 0, 0, 250, 0, 0, 0, -170, 240, 75, 9, 14, 39
22.021, 1.768332691535615, 0.08030210669522797, 0.08005089058524174, 0.7836940298507463, 0.431872460217994, 0.22, -0.211872460217994, 0, 0, 0, 250, 0, 0, 0, -170, 251, 82, 11, 7, 39
22.069, 1.771753536869523, 0.08028245669806168, 0.08005089058524174, 0.7836940298507463, 0.431872460217994, 0.22, -0.211872460217994, 0, 0, 0, 250, 0, 0, 0, -170, 263, 79, 12, 3, 39
22.119, 1.776151766584549, 0.0802998221702857, 0.08005089058524174, 0.7836940298507463, 0.431872460217994, 0.23, -0.201872460217994, 0, 0, 0, 250, 0, 0, 0, -170, 238, 76, 25, 3, 39
22.168, 1.780061304109017, 0.08029868748236272, 0.08005089058524174, 0.7836940298507463, 0.431872460217994, 0.22, -0.211872460217994, 0, 0, 0, 250, 0, 0, 0, -170, 257, 81, 19, 5, 39
22.222, 1.784948226014601, 0.08032347340539109, 0.08005089058524174, 0.7836940298507463, 0.431872460217994, 0.21, -0.221872460217994, 0, 0, 0, 250, 0, 0, 0, -170, 253, 84, 4, 3, 39
22.279, 1.788857763539068, 0.08029344959554146, 0.08005089058524174, 0.7836940298507463, 0.431872460217994, 0.23, -0.201872460217994, 0, 0, 0, 250, 0, 0, 0, -170, 247, 81, 6, 3, 39
22.327, 1.793011647158815, 0.08030687719616674, 0.08005089058524174, 0.7836940298507463, 0.431872460217994, 0.21, -0.221872460217994, 0, 0, 0, 250, 0, 0, 0, -170, 249, 77, 2, 4, 39
22.374, 1.796676838588003, 0.08030199510985979, 0.08005089058524174, 0.7836940298507463, 0.431872460217994, 0.21, -0.221872460217994, 0, 0, 0, 250, 0, 0, 0, -170, 240, 83, 9, 6, 39
22.42, 1.80058637611247, 0.08031161356433854, 0.08005089058524174, 0.7836940298507463, 0.431872460217994, 0.19, -0.241872460217994, 0, 0, 0, 250, 0, 0, 0, -170, 256, 79, 16, 4, 39
22.468, 1.804007221446379, 0.08029229221320897, 0.08005089058524174, 0.7836940298507463, 0.431872460217994, 0.19, -0.241872460217994, 0, 0, 0, 250, 0, 0, 0, -170, 249, 80, 7, 1, 39
22.52, 1.808649797256684, 0.0803130460593554, 0.08005089058524174, 0.7836940298507463, 0.431872460217994, 0.19, -0.241872460217994, 0, 0, 0, 250, 0, 0, 0, -170, 249, 80, 0, 0, 39
22.564, 1.811826296495314, 0.08029721221837056, 0.08005089058524174, 0.7836940298507463, 0.431872460217994, 0.18, -0.251872460217994, 0, 0, 0, 250, 0, 0, 0, -170, 248, 79, 1, 1, 39
22.62, 1.816468872305618, 0.08030366367398843, 0.08005089058524174, 0.7836940298507463, 0.431872460217994, 0.16, -0.271872460217994, 0, 0, 0, 250, 0, 0, 0, -170, 258, 82, 10, 3, 39
22.669, 1.820622755925365, 0.08031332462505471, 0.08005089058524174, 0.7836940298507463, 0.431872460217994, 0.14, -0.291872460217994, 0, 0, 0, 250, 0, 0, 0, -170, 243, 85, 15, 3, 39
22.714, 1.824043601259274, 0.08030481646822549, 0.08005089058524174, 0.7836940298507463, 0.431872460217994, 0.14, -0.291872460217994, 0, 0, 0, 250, 0, 0, 0, -170, 249, 79, 6, 6, 39
22.76, 1.827953138783741, 0.08031428553531374, 0.08005089058524174, 0.7836940298507463, 0.431872460217994, 0.14, -0.291872460217994, 0, 0, 0, 250, 0, 0, 0, -170, 251, 82, 2, 3, 39
22.809, 1.831862676308208, 0.08031315166417679, 0.08005089058524174, 0.7836940298507463, 0.431872460217994, 0.12, -0.311872460217994, 0, 0, 0, 250, 0, 0, 0, -170, 252, 76, 1, 6, 39
22.855, 1.835772213832676, 0.08032256459561038, 0.08005089058524174, 0.7836940298507463, 0.431872460217994, 0.12, -0.311872460217994, 0, 0, 0, 250, 0, 0, 0, -170, 247, 86, 5, 10, 39
22.904, 1.839193059166585, 0.08030008117213521, 0.08005089058524174, 0.7836940298507463, 0.431872460217994, 0.13, -0.301872460217994, 0, 0, 0, 250, 0, 0, 0, -170, 247, 73, 0, 13, 39
22.951, 1.843346942786331, 0.08031662859075121, 0.08005089058524174, 0.7836940298507463, 0.431872460217994, 0.14, -0.291872460217994, 0, 0, 0, 250, 0, 0, 0, -170, 265, 84, 18, 11, 39
23.006, 1.847500826406078, 0.08030517371146995, 0.08005089058524174, 0.7836940298507463, 0.431872460217994, 0.14, -0.291872460217994, 0, 0, 0, 250, 0, 0, 0, -170, 247, 81, 18, 3, 39
23.06, 1.852143402216383, 0.08031844762430108, 0.08005089058524174, 0.7836940298507463, 0.431872460217994, 0.13, -0.301872460217994, 0, 0, 0, 250, 0, 0, 0, -170, 239, 81, 8, 0, 39
23.116, 1.856297285836129, 0.08030356834383669, 0.08005089058524174, 0.7836940298507463, 0.431872460217994, 0.13, -0.301872460217994, 0, 0, 0, 250, 0, 0, 0, -170, 249, 75, 10, 6, 39
23.166, 1.860206823360596, 0.08029900817407391, 0.08005089058524174, 0.7836940298507463, 0.431872460217994, 0.12, -0.311872460217994, 0, 0, 0, 250, 0, 0, 0, -170, 256, 82, 7, 7, 39
23.214, 1.864360706980343, 0.08031191121652203, 0.08005089058524174, 0.7836940298507463, 0.431872460217994, 0.17, -0.261872460217994, 0, 0, 0, 250, 0, 0, 0, -170, 252, 78, 4, 4, 39
23.261, 1.86827024450481, 0.08031770966445164, 0.08005089058524174, 0.7836940298507463, 0.431872460217994, 0.15, -0.2818724602179941, 0, 0, 0, 250, 0, 0, 0, -170, 244, 81, 8, 3, 39
23.315, 1.872424128124557, 0.08030984894379397, 0.08005089058524174, 0.7836940298507463, 0.431872460217994, 0.15, -0.2818724602179941, 0, 0, 0, 250, 0, 0, 0, -170, 244, 77, 0, 4, 39
23.359, 1.875844973458465, 0.08030502048283168, 0.08005089058524174, 0.7836940298507463, 0.431872460217994, 0.17, -0.261872460217994, 0, 0, 0, 250, 0, 0, 0, -170, 252, 79, 8, 2, 39
23.41, 1.880243203173491, 0.08031794972975186, 0.08005089058524174, 0.7836940298507463, 0.431872460217994, 0.17, -0.261872460217994, 0, 0, 0, 250, 0, 0, 0, -170, 251, 88, 1, 9, 39
23.46, 1.884397086793238, 0.08032383149161287, 0.08005089058524174, 0.7836940298507463, 0.431872460217994, 0.21, -0.221872460217994, 0, 0, 0, 250, 0, 0, 0, -170, 250, 76, 1, 12, 39
23.509, 1.888306624317705, 0.08032271148571631, 0.08005089058524174, 0.7836940298507463, 0.431872460217994, 0.23, -0.201872460217994, 0, 0, 0, 250, 0, 0, 0, -170, 253, 80, 3, 4, 39
23.558, 1.891971815746893, 0.08031122403204403, 0.08005089058524174, 0.7836940298507463, 0.431872460217994, 0.23, -0.201872460217994, 0, 0, 0, 250, 0, 0, 0, -170, 243, 85, 10, 5, 39
23.606, 1.89612569936664, 0.08032388796774717, 0.08005089058524174, 0.7836940298507463, 0.431872460217994, 0.22, -0.211872460217994, 0, 0, 0, 250, 0, 0, 0, -170, 251, 74, 8, 11, 39
23.655, 1.900035236891107, 0.08032277475760335, 0.08005089058524174, 0.7836940298507463, 0.431872460217994, 0.19, -0.241872460217994, 0, 0, 0, 250, 0, 0, 0, -170, 255, 81, 4, 7, 39
23.704, 1.903700428320295, 0.08031135792778834, 0.08005089058524174, 0.7836940298507463, 0.431872460217994, 0.2, -0.2318724602179941, 0, 0, 0, 250, 0, 0, 0, -170, 240, 80, 15, 1, 39
23.75, 1.907609965844762, 0.08032041961451631, 0.08005089058524174, 0.7836940298507463, 0.431872460217994, 0.24, -0.191872460217994, 0, 0, 0, 250, 0, 0, 0, -170, 254, 80, 14, 0, 39
23.798, 1.911519503369229, 0.08032269532604543, 0.08005089058524174, 0.7836940298507463, 0.431872460217994, 0.23, -0.201872460217994, 0, 0, 0, 250, 0, 0, 0, -170, 247, 86, 7, 6, 39
23.847, 1.915673386988976, 0.0803318399374754, 0.08005089058524174, 0.7836940298507463, 0.431872460217994, 0.22, -0.211872460217994, 0, 0, 0, 250, 0, 0, 0, -170, 256, 78, 9, 8, 39
23.894, 1.919338578418164, 0.0803272193194176, 0.08005089058524174, 0.7836940298507463, 0.431872460217994, 0.22, -0.211872460217994, 0, 0, 0, 250, 0, 0, 0, -170, 252, 82, 4, 4, 39
23.945, 1.923492462037911, 0.08032960793643394, 0.08005089058524174, 0.7836940298507463, 0.431872460217994, 0.2, -0.2318724602179941, 0, 0, 0, 250, 0, 0, 0, -170, 245, 76, 7, 6, 39
23.991, 1.927157653467099, 0.08032835869564, 0.08005089058524174, 0.7836940298507463, 0.431872460217994, 0.21, -0.221872460217994, 0, 0, 0, 250, 0, 0, 0, -170, 258, 81, 13, 5, 39
24.041, 1.931311537086845, 0.08033407666431701, 0.08005089058524174, 0.7836940298507463, 0.431872460217994, 0.22, -0.211872460217994, 0, 0, 0, 250, 0, 0, 0, -170, 263, 78, 5, 3, 39
24.089, 1.934976728516034, 0.08032615419967758, 0.08005089058524174, 0.7836940298507463, 0.431872460217994, 0.23, -0.201872460217994, 0, 0, 0, 250, 0, 0, 0, -170, 213, 83, 50, 5, 39
24.14, 1.938641919945221, 0.08030828168787163, 0.08005089058524174, 0.7836940298507463, 0.431872460217994, 0.23, -0.201872460217994, 0, 0, 0, 250, 0, 0, 0, -170, 249, 75, 36, 8, 39
24.185, 1.94230711137441, 0.0803104036127521, 0.08005089058524174, 0.7836940298507463, 0.431872460217994, 0.21, -0.221872460217994, 0, 0, 0, 250, 0, 0, 0, -170, 259, 85, 10, 10, 39
24.239, 1.947194033279994, 0.08033310092330515, 0.08005089058524174, 0.7836940298507463, 0.431872460217994, 0.19, -0.241872460217994, 0, 0, 0, 250, 0, 0, 0, -170, 271, 84, 12, 1, 39
24.286, 1.951103570804461, 0.08033861363767031, 0.08005089058524174, 0.7836940298507463, 0.431872460217994, 0.19, -0.241872460217994, 0, 0, 0, 250, 0, 0, 0, -170, 258, 83, 13, 1, 39
24.332, 1.954768762233649, 0.08033736487891044, 0.08005089058524174, 0.7836940298507463, 0.431872460217994, 0.2, -0.2318724602179941, 0, 0, 0, 250, 0, 0, 0, -170, 230, 75, 28, 8, 39
24.381, 1.958678299758116, 0.08033625773176311, 0.08005089058524174, 0.7836940298507463, 0.431872460217994, 0.21, -0.221872460217994, 0, 0, 0, 250, 0, 0, 0, -170, 257, 83, 27, 8, 39
24.431, 1.962587837282583, 0.08033186677919788, 0.08005089058524174, 0.7836940298507463, 0.431872460217994, 0.21, -0.221872460217994, 0, 0, 0, 250, 0, 0, 0, -170, 250, 76, 7, 7, 39
24.479, 1.966497374807051, 0.08033405673463177, 0.08005089058524174, 0.7836940298507463, 0.431872460217994, 0.2, -0.2318724602179941, 0, 0, 0, 250, 0, 0, 0, -170, 260, 86, 10, 10, 39
24.531, 1.970406912331518, 0.08032313857288809, 0.08005089058524174, 0.7836940298507463, 0.431872460217994, 0.22, -0.211872460217994, 0, 0, 0, 250, 0, 0, 0, -170, 237, 71, 23, 15, 39
24.579, 1.974805142046544, 0.08034521917273054, 0.08005089058524174, 0.7836940298507463, 0.431872460217994, 0.19, -0.241872460217994, 0, 0, 0, 250, 0, 0, 0, -170, 256, 89, 19, 18, 39
24.629, 1.978714679571011, 0.08034084532750054, 0.08005089058524174, 0.7836940298507463, 0.431872460217994, 0.2, -0.2318724602179941, 0, 0, 0, 250, 0, 0, 0, -170, 252, 74, 4, 15, 39
24.675, 1.98213552490492, 0.08032970718966242, 0.08005089058524174, 0.7836940298507463, 0.431872460217994, 0.21, -0.221872460217994, 0, 0, 0, 250, 0, 0, 0, -170, 250, 88, 2, 14, 39
24.725, 1.986289408524667, 0.0803352642477115, 0.08005089058524174, 0.7836940298507463, 0.431872460217994, 0.23, -0.201872460217994, 0, 0, 0, 250, 0, 0, 0, -170, 253, 78, 3, 10, 39
24.772, 1.989710253858575, 0.08032093710070141, 0.08005089058524174, 0.7836940298507463, 0.431872460217994, 0.24, -0.191872460217994, 0, 0, 0, 250, 0, 0, 0, -170, 246, 72, 7, 6, 39
24.82, 1.993619791383043, 0.08032311810568261, 0.08005089058524174, 0.7836940298507463, 0.431872460217994, 0.24, -0.191872460217994, 0, 0, 0, 250, 0, 0, 0, -170, 245, 79, 1, 7, 39
24.869, 1.998018021098068, 0.08034171141172015, 0.08005089058524174, 0.7836940298507463, 0.431872460217994, 0.2, -0.2318724602179941, 0, 0, 0, 250, 0, 0, 0, -170, 249, 83, 4, 4, 39
24.917, 2.001438866431977, 0.08032423110454619, 0.08005089058524174, 0.7836940298507463, 0.431872460217994, 0.18, -0.251872460217994, 0, 0, 0, 250, 0, 0, 0, -170, 253, 73, 4, 10, 39
24.967, 2.005592750051724, 0.08032974526581983, 0.08005089058524174, 0.7836940298507463, 0.431872460217994, 0.17, -0.261872460217994, 0, 0, 0, 250, 0, 0, 0, -170, 254, 84, 1, 11, 39
25.024, 2.010479671957308, 0.08034205850213027, 0.08005089058524174, 0.7836940298507463, 0.431872460217994, 0.17, -0.261872460217994, 0, 0, 0, 250, 0, 0, 0, -170, 251, 87, 3, 3, 39
25.075, 2.014389209481775, 0.08033456468521537, 0.08005089058524174, 0.7836940298507463, 0.431872460217994, 0.17, -0.261872460217994, 0, 0, 0, 250, 0, 0, 0, -170, 251, 77, 0, 10, 39
25.125, 2.018543093101522, 0.08034002360603072, 0.08005089058524174, 0.7836940298507463, 0.431872460217994, 0.17, -0.261872460217994, 0, 0, 0, 250, 0, 0, 0, -170, 252, 82, 1, 5, 39
25.17, 2.02220828453071, 0.08034200574218156, 0.08005089058524174, 0.7836940298507463, 0.431872460217994, 0.18, -0.251872460217994, 0, 0, 0, 250, 0, 0, 0, -170, 246, 77, 6, 5, 39
25.22, 2.026362168150456, 0.08034742934775798, 0.08005089058524174, 0.7836940298507463, 0.431872460217994, 0.17, -0.261872460217994, 0, 0, 0, 250, 0, 0, 0, -170, 244, 76, 2, 1, 39
25.269, 2.030271705674924, 0.0803463415914727, 0.08005089058524174, 0.7836940298507463, 0.431872460217994, 0.22, -0.211872460217994, 0, 0, 0, 250, 0, 0, 0, -170, 244, 83, 0, 7, 39
25.319, 2.033692551008833, 0.08032278332512471, 0.08005089058524174, 0.7836940298507463, 0.431872460217994, 0.11, -0.321872460217994, 0, 0, 0, 250, 0, 0, 0, -170, 256, 79, 12, 4, 39
25.374, 2.038579472914417, 0.08034127346553232, 0.08005089058524174, 0.7836940298507463, 0.431872460217994, 0.36, -0.07187246021799404, 0, 0, 0, 250, 0, 0, 0, -170, 255, 84, 1, 5, 39
25.43, 2.043466394820001, 0.08035652358710188, 0.08005089058524174, 0.7836940298507463, 0.431872460217994, 0.58, 0.148127539782006, 0, 0, 0, 250, 0, 0, 0, 170, 252, 78, 3, 6, 40
25.486, 2.047375932344468, 0.08033335683686998, 0.08005089058524174, 0.7836940298507463, 0.431872460217994, 0.54, 0.108127539782006, 0, 0, 0, 250, 0, 0, 0, 170, 221, 89, 31, 11, 40
25.536, 2.051774162059494, 0.08034829895283107, 0.08005089058524174, 0.7836940298507463, 0.431872460217994, 0.6800000000000001, 0.248127539782006, 0, 0, 0, 250, 0, 0, 0, 170, 144, 201, 77, 112, 40
25.588, 2.05592804567924, 0.08034735210564484, 0.08005089058524174, 0.7836940298507463, 0.431872460217994, 0.67, 0.238127539782006, 0, 0, 0, 250, 0, 0, 0, 170, 80, 248, 64, 47, 40
25.639, 2.059837583203708, 0.08034001260594048, 0.08005089058524174, 0.7836940298507463, 0.431872460217994, 0.8100000000000001, 0.378127539782006, 0, 0, 0, 250, 0, 0, 0, 170, 74, 261, 6, 13, 40
25.689, 2.064235812918733, 0.0803548527742899, 0.08005089058524174, 0.7836940298507463, 0.431872460217994, 0.8199999999999999, 0.388127539782006, 0, 0, 0, 250, 0, 0, 0, 170, 84, 255, 10, 6, 40
25.739, 2.067901004347922, 0.08034115561396797, 0.08005089058524174, 0.7836940298507463, 0.431872460217994, 0.8, 0.368127539782006, 0, 0, 0, 250, 0, 0, 0, 170, 77, 248, 7, 7, 40
25.788, 2.071810541872388, 0.08034010167024929, 0.08005089058524174, 0.7836940298507463, 0.431872460217994, 0.8, 0.368127539782006, 0, 0, 0, 250, 0, 0, 0, 170, 75, 239, 2, 9, 40
25.84, 2.075964425492135, 0.08033918055310121, 0.08005089058524174, 0.7836940298507463, 0.431872460217994, 0.8199999999999999, 0.388127539782006, 0, 0, 0, 250, 0, 0, 0, 170, 86, 247, 11, 8, 40
25.886, 2.079873963016603, 0.08034744506747288, 0.08005089058524174, 0.7836940298507463, 0.431872460217994, 0.8, 0.368127539782006, 0, 0, 0, 250, 0, 0, 0, 170, 80, 254, 6, 7, 40
25.935, 2.08378350054107, 0.08034638521461615, 0.08005089058524174, 0.7836940298507463, 0.431872460217994, 0.8299999999999999, 0.398127539782006, 0, 0, 0, 250, 0, 0, 0, 170, 81, 247, 1, 7, 40
25.98100000000001, 2.087693038065537, 0.08035460675360984, 0.08005089058524174, 0.7836940298507463, 0.431872460217994, 0.8199999999999999, 0.388127539782006, 0, 0, 0, 250, 0, 0, 0, 170, 79, 260, 2, 13, 40
26.029, 2.091846921685284, 0.08036601182086455, 0.08005089058524174, 0.7836940298507463, 0.431872460217994, 0.8299999999999999, 0.398127539782006, 0, 0, 0, 250, 0, 0, 0, 170, 86, 259, 7, 1, 40
26.08, 2.095756459209751, 0.08035875993902419, 0.08005089058524174, 0.7836940298507463, 0.431872460217994, 0.84, 0.4081275397820059, 0, 0, 0, 250, 0, 0, 0, 170, 78, 236, 8, 23, 40
26.126, 2.09917730454366, 0.08034820885492076, 0.08005089058524174, 0.7836940298507463, 0.431872460217994, 0.6800000000000001, 0.248127539782006, 0, 0, 0, 250, 0, 0, 0, 170, 77, 251, 1, 15, 40
26.18, 2.104064226449244, 0.08036914539531107, 0.08005089058524174, 0.7836940298507463, 0.431872460217994, 0.23, -0.201872460217994, 0, 0, 0, 250, 0, 0, 0, -170, 80, 248, 3, 3, 41
26.235, 2.107973763973711, 0.0803496765379726, 0.08005089058524174, 0.7836940298507463, 0.431872460217994, 0.15, -0.2818724602179941, 0, 0, 0, 250, 0, 0, 0, -170, 89, 229, 9, 19, 41
26.286, 2.112127647593458, 0.0803518088561766, 0.08005089058524174, 0.7836940298507463, 0.431872460217994, 0.19, -0.241872460217994, 0, 0, 0, 250, 0, 0, 0, -170, 196, 139, 107, 90, 41
26.336, 2.116037185117925, 0.08034770599627601, 0.08005089058524174, 0.7836940298507463, 0.431872460217994, 0.17, -0.261872460217994, 0, 0, 0, 250, 0, 0, 0, -170, 256, 72, 60, 67, 41
26.379, 2.119213684356554, 0.08033715017083871, 0.08005089058524174, 0.7836940298507463, 0.431872460217994, 0.18, -0.251872460217994, 0, 0, 0, 250, 0, 0, 0, -170, 266, 68, 10, 4, 41
26.424, 2.123123221881023, 0.08034829026192181, 0.08005089058524174, 0.7836940298507463, 0.431872460217994, 0.22, -0.211872460217994, 0, 0, 0, 250, 0, 0, 0, -170, 253, 90, 13, 22, 41
26.476, 2.127521451596048, 0.08035660415455688, 0.08005089058524174, 0.7836940298507463, 0.431872460217994, 0.24, -0.191872460217994, 0, 0, 0, 250, 0, 0, 0, -170, 242, 77, 11, 13, 41
26.524, 2.130942296929957, 0.08034015596930919, 0.08005089058524174, 0.7836940298507463, 0.431872460217994, 0.22, -0.211872460217994, 0, 0, 0, 250, 0, 0, 0, -170, 240, 78, 2, 1, 41
26.569, 2.134851834454424, 0.08035123017254787, 0.08005089058524174, 0.7836940298507463, 0.431872460217994, 0.29, -0.141872460217994, 0, 0, 0, 250, 0, 0, 0, -170, 265, 78, 25, 0, 41
26.62, 2.139250064169449, 0.08036251180200788, 0.08005089058524174, 0.7836940298507463, 0.431872460217994, 0.5, 0.06812753978200598, 0, 0, 0, 250, 0, 0, 0, 170, 241, 84, 24, 6, 42
26.673, 2.143159601693917, 0.08034940208052777, 0.08005089058524174, 0.7836940298507463, 0.431872460217994, 0.76, 0.328127539782006, 0, 0, 0, 250, 0, 0, 0, 170, 230, 91, 11, 7, 42
26.721, 2.147557831408943, 0.08036966548441084, 0.08005089058524174, 0.7836940298507463, 0.431872460217994, 0.86, 0.428127539782006, 0, 0, 0, 250, 0, 0, 0, 170, 141, 191, 89, 100, 42
26.769, 2.151223022838131, 0.08036247236871496, 0.08005089058524174, 0.7836940298507463, 0.431872460217994, 0.8699999999999999, 0.438127539782006, 0, 0, 0, 250, 0, 0, 0, 170, 70, 255, 71, 64, 42
26.839, 2.156842983029553, 0.08036227068927875, 0.08005089058524174, 0.7836940298507463, 0.431872460217994, 0.37, -0.06187246021799403, 0, 0, 0, 250, 0, 0, 0, -170, 90, 239, 20, 16, 43
26.889, 2.160996866649299, 0.08036731996910628, 0.08005089058524174, 0.7836940298507463, 0.431872460217994, 0.21, -0.221872460217994, 0, 0, 0, 250, 0, 0, 0, -170, 99, 242, 9, 3, 43
26.934, 2.164173365887929, 0.08035098262003151, 0.08005089058524174, 0.7836940298507463, 0.431872460217994, 0.21, -0.221872460217994, 0, 0, 0, 250, 0, 0, 0, -170, 174, 164, 75, 78, 43
26.981, 2.168082903412396, 0.08035591354702925, 0.08005089058524174, 0.7836940298507463, 0.431872460217994, 0.22, -0.211872460217994, 0, 0, 0, 250, 0, 0, 0, -170, 246, 63, 72, 101, 43
27.04, 2.17296982531798, 0.08036131010791348, 0.08005089058524174, 0.7836940298507463, 0.431872460217994, 0.2, -0.2318724602179941, 0, 0, 0, 250, 0, 0, 0, -170, 251, 86, 5, 23, 43
27.089, 2.177123708937726, 0.08036929044769931, 0.08005089058524174, 0.7836940298507463, 0.431872460217994, 0.2, -0.2318724602179941, 0, 0, 0, 250, 0, 0, 0, -170, 264, 83, 13, 3, 43
27.136, 2.180544554271635, 0.0803561525011658, 0.08005089058524174, 0.7836940298507463, 0.431872460217994, 0.2, -0.2318724602179941, 0, 0, 0, 250, 0, 0, 0, -170, 237, 75, 27, 8, 43
27.185, 2.184209745700823, 0.08034613741772388, 0.08005089058524174, 0.7836940298507463, 0.431872460217994, 0.21, -0.221872460217994, 0, 0, 0, 250, 0, 0, 0, -170, 242, 86, 5, 11, 43
27.238, 2.18860797541585, 0.08035127305293523, 0.08005089058524174, 0.7836940298507463, 0.431872460217994, 0.28, -0.151872460217994, 0, 0, 0, 250, 0, 0, 0, -170, 254, 76, 12, 10, 43
27.286, 2.192517512940316, 0.08035320358206834, 0.08005089058524174, 0.7836940298507463, 0.431872460217994, 0.4, -0.03187246021799403, 0, 0, 0, 250, 0, 0, 0, -170, 258, 84, 4, 8, 43
27.336, 2.196427050464784, 0.08034924826107638, 0.08005089058524174, 0.7836940298507463, 0.431872460217994, 0.61, 0.178127539782006, 0, 0, 0, 250, 0, 0, 0, 170, 242, 81, 16, 3, 44
27.38, 2.200092241893972, 0.0803539898427309, 0.08005089058524174, 0.7836940298507463, 0.431872460217994, 0.74, 0.308127539782006, 0, 0, 0, 250, 0, 0, 0, 170, 236, 94, 6, 13, 44
27.43, 2.204490471608998, 0.08036786261790002, 0.08005089058524174, 0.7836940298507463, 0.431872460217994, 0.79, 0.3581275397820059, 0, 0, 0, 250, 0, 0, 0, 170, 161, 193, 75, 99, 44
27.48, 2.208888701324023, 0.08038168490989895, 0.08005089058524174, 0.7836940298507463, 0.431872460217994, 0.7800000000000001, 0.348127539782006, 0, 0, 0, 250, 0, 0, 0, 170, 71, 252, 90, 59, 44
27.532, 2.212553892753212, 0.08036299189137047, 0.08005089058524174, 0.7836940298507463, 0.431872460217994, 0.4699999999999999, 0.03812753978200597, 0, 0, 0, 250, 0, 0, 0, 170, 59, 243, 12, 9, 44
27.579, 2.216463430277679, 0.08036779543412303, 0.08005089058524174, 0.7836940298507463, 0.431872460217994, 0.23, -0.201872460217994, 0, 0, 0, 250, 0, 0, 0, -170, 95, 269, 36, 26, 45
27.626, 2.220128621706867, 0.08036373784503247, 0.08005089058524174, 0.7836940298507463, 0.431872460217994, 0.17, -0.261872460217994, 0, 0, 0, 250, 0, 0, 0, -170, 99, 226, 4, 43, 45
27.679, 2.224282505326614, 0.08035993010320508, 0.08005089058524174, 0.7836940298507463, 0.431872460217994, 0.19, -0.241872460217994, 0, 0, 0, 250, 0, 0, 0, -170, 190, 138, 91, 88, 45
27.727, 2.228192042851081, 0.08036181494034988, 0.08005089058524174, 0.7836940298507463, 0.431872460217994, 0.2, -0.2318724602179941, 0, 0, 0, 250, 0, 0, 0, -170, 250, 74, 60, 64, 45
27.775, 2.232101580375548, 0.08036369326284603, 0.08005089058524174, 0.7836940298507463, 0.431872460217994, 0.2, -0.2318724602179941, 0, 0, 0, 250, 0, 0, 0, -170, 253, 80, 3, 6, 45
27.819, 2.236011117900015, 0.08037712059743395, 0.08005089058524174, 0.7836940298507463, 0.431872460217994, 0.2, -0.2318724602179941, 0, 0, 0, 250, 0, 0, 0, -170, 265, 92, 12, 12, 45
27.867, 2.239676309329203, 0.08037019805968361, 0.08005089058524174, 0.7836940298507463, 0.431872460217994, 0.18, -0.251872460217994, 0, 0, 0, 250, 0, 0, 0, -170, 246, 76, 19, 16, 45
27.914, 2.243341500758391, 0.08036617828897297, 0.08005089058524174, 0.7836940298507463, 0.431872460217994, 0.21, -0.221872460217994, 0, 0, 0, 250, 0, 0, 0, -170, 246, 77, 0, 1, 45
27.962, 2.247251038282859, 0.08036803655971886, 0.08005089058524174, 0.7836940298507463, 0.431872460217994, 0.22, -0.211872460217994, 0, 0, 0, 250, 0, 0, 0, -170, 247, 86, 1, 9, 45
28.02, 2.252137960188443, 0.08037608708738198, 0.08005089058524174, 0.7836940298507463, 0.431872460217994, 0.22, -0.211872460217994, 0, 0, 0, 250, 0, 0, 0, -170, 249, 74, 2, 12, 45
28.069, 2.255558805522352, 0.08035764742321961, 0.08005089058524174, 0.7836940298507463, 0.431872460217994, 0.2, -0.2318724602179941, 0, 0, 0, 250, 0, 0, 0, -170, 249, 82, 0, 8, 45
28.119, 2.259957035237377, 0.08037117376995546, 0.08005089058524174, 0.7836940298507463, 0.431872460217994, 0.16, -0.271872460217994, 0, 0, 0, 250, 0, 0, 0, -170, 245, 75, 4, 7, 45
28.169, 2.263866572761845, 0.08036730351669725, 0.08005089058524174, 0.7836940298507463, 0.431872460217994, 0.11, -0.321872460217994, 0, 0, 0, 250, 0, 0, 0, -170, 262, 80, 17, 5, 45
28.231, 2.268997840762708, 0.08037256352104807, 0.08005089058524174, 0.7836940298507463, 0.431872460217994, 0.28, -0.151872460217994, 0, 0, 0, 250, 0, 0, 0, -170, 231, 79, 31, 1, 45
28.285, 2.273396070477734, 0.08037461801229393, 0.08005089058524174, 0.7836940298507463, 0.431872460217994, 0.44, 0.008127539782005968, 0, 0, 0, 250, 0, 0, 0, 170, 253, 74, 22, 5, 46
28.336, 2.277305608002201, 0.08036792800685351, 0.08005089058524174, 0.7836940298507463, 0.431872460217994, 0.5600000000000001, 0.128127539782006, 0, 0, 0, 250, 0, 0, 0, 170, 239, 97, 14, 23, 46
28.381, 2.280970799431389, 0.08036964164164017, 0.08005089058524174, 0.7836940298507463, 0.431872460217994, 0.62, 0.188127539782006, 0, 0, 0, 250, 0, 0, 0, 170, 159, 179, 80, 82, 46
28.429, 2.285124683051136, 0.08038005849840431, 0.08005089058524174, 0.7836940298507463, 0.431872460217994, 0.62, 0.188127539782006, 0, 0, 0, 250, 0, 0, 0, 170, 84, 247, 75, 68, 46
28.477, 2.288789874480324, 0.08037327929488091, 0.08005089058524174, 0.7836940298507463, 0.431872460217994, 0.48, 0.04812753978200597, 0, 0, 0, 250, 0, 0, 0, 170, 58, 240, 26, 7, 46
28.534, 2.293188104195349, 0.08036686423899029, 0.08005089058524174, 0.7836940298507463, 0.431872460217994, 0.08, -0.351872460217994, 0, 0, 0, 250, 0, 0, 0, -170, 92, 252, 34, 12, 47
28.579, 2.296853295624538, 0.08036856767642458, 0.08005089058524174, 0.7836940298507463, 0.431872460217994, 0.19, -0.241872460217994, 0, 0, 0, 250, 0, 0, 0, -170, 100, 251, 8, 1, 47
28.626, 2.300762833149005, 0.08037318637424038, 0.08005089058524174, 0.7836940298507463, 0.431872460217994, 0.18, -0.251872460217994, 0, 0, 0, 250, 0, 0, 0, -170, 173, 145, 73, 106, 47
28.676, 2.304672370673472, 0.08036938103896889, 0.08005089058524174, 0.7836940298507463, 0.431872460217994, 0.18, -0.251872460217994, 0, 0, 0, 250, 0, 0, 0, -170, 245, 71, 72, 74, 47
28.729, 2.308826254293219, 0.08036570205343795, 0.08005089058524174, 0.7836940298507463, 0.431872460217994, 0.15, -0.2818724602179941, 0, 0, 0, 250, 0, 0, 0, -170, 250, 79, 5, 8, 47
28.779, 2.312980137912966, 0.08037041377090814, 0.08005089058524174, 0.7836940298507463, 0.431872460217994, 0.16, -0.271872460217994, 0, 0, 0, 250, 0, 0, 0, -170, 272, 82, 22, 3, 47
28.821, 2.316645329342153, 0.08038046318108856, 0.08005089058524174, 0.7836940298507463, 0.431872460217994, 0.17, -0.261872460217994, 0, 0, 0, 250, 0, 0, 0, -170, 242, 74, 30, 8, 47
28.87, 2.320310520771341, 0.08037099136720959, 0.08005089058524174, 0.7836940298507463, 0.431872460217994, 0.2, -0.2318724602179941, 0, 0, 0, 250, 0, 0, 0, -170, 238, 88, 4, 14, 47
28.92, 2.324464404391088, 0.08037567096787994, 0.08005089058524174, 0.7836940298507463, 0.431872460217994, 0.2, -0.2318724602179941, 0, 0, 0, 250, 0, 0, 0, -170, 259, 74, 21, 14, 47
28.97, 2.328618288010834, 0.08038033441528597, 0.08005089058524174, 0.7836940298507463, 0.431872460217994, 0.27, -0.161872460217994, 0, 0, 0, 250, 0, 0, 0, -170, 248, 77, 11, 3, 47
29.024, 2.332772171630581, 0.08037390337756962, 0.08005089058524174, 0.7836940298507463, 0.431872460217994, 0.4699999999999999, 0.03812753978200597, 0, 0, 0, 250, 0, 0, 0, 170, 246, 89, 2, 12, 48
29.071, 2.337170401345606, 0.08039525304755966, 0.08005089058524174, 0.7836940298507463, 0.431872460217994, 0.65, 0.218127539782006, 0, 0, 0, 250, 0, 0, 0, 170, 234, 101, 12, 12, 48
29.126, 2.341079938870074, 0.080377667337433, 0.08005089058524174, 0.7836940298507463, 0.431872460217994, 0.71, 0.278127539782006, 0, 0, 0, 250, 0, 0, 0, 170, 155, 194, 79, 93, 48
29.171, 2.344989476394541, 0.08038769587585415, 0.08005089058524174, 0.7836940298507463, 0.431872460217994, 0.71, 0.278127539782006, 0, 0, 0, 250, 0, 0, 0, 170, 66, 251, 89, 57, 48
29.221, 2.348899013919008, 0.08038393668659555, 0.08005089058524174, 0.7836940298507463, 0.431872460217994, 0.29, -0.141872460217994, 0, 0, 0, 250, 0, 0, 0, -170, 79, 256, 13, 5, 49
29.284, 2.354030281919872, 0.08038622735691408, 0.08005089058524174, 0.7836940298507463, 0.431872460217994, 0.19, -0.241872460217994, 0, 0, 0, 250, 0, 0, 0, -170, 107, 224, 28, 32, 49
29.328, 2.357451127253781, 0.08038226702311036, 0.08005089058524174, 0.7836940298507463, 0.431872460217994, 0.18, -0.251872460217994, 0, 0, 0, 250, 0, 0, 0, -170, 195, 146, 88, 78, 49
29.374, 2.360871972587689, 0.0803728458019912, 0.08005089058524174, 0.7836940298507463, 0.431872460217994, 0.21, -0.221872460217994, 0, 0, 0, 250, 0, 0, 0, -170, 237, 60, 42, 86, 49
29.421, 2.364537164016878, 0.08036902770187545, 0.08005089058524174, 0.7836940298507463, 0.431872460217994, 0.21, -0.221872460217994, 0, 0, 0, 250, 0, 0, 0, -170, 268, 73, 31, 13, 49
29.464, 2.368446701541345, 0.08038442511340433, 0.08005089058524174, 0.7836940298507463, 0.431872460217994, 0.22, -0.211872460217994, 0, 0, 0, 250, 0, 0, 0, -170, 261, 99, 7, 26, 49
29.516, 2.372600585161092, 0.08038354062749329, 0.08005089058524174, 0.7836940298507463, 0.431872460217994, 0.22, -0.211872460217994, 0, 0, 0, 250, 0, 0, 0, -170, 250, 74, 11, 25, 49
29.567, 2.376754468780838, 0.08038537791391885, 0.08005089058524174, 0.7836940298507463, 0.431872460217994, 0.25, -0.181872460217994, 0, 0, 0, 250, 0, 0, 0, -170, 247, 81, 3, 7, 49
29.616, 2.380664006305306, 0.08038438703083825, 0.08005089058524174, 0.7836940298507463, 0.431872460217994, 0.34, -0.09187246021799403, 0, 0, 0, 250, 0, 0, 0, -170, 253, 69, 6, 12, 49
29.67000000000001, 2.38530658211561, 0.08039455955900269, 0.08005089058524174, 0.7836940298507463, 0.431872460217994, 0.5899999999999999, 0.158127539782006, 0, 0, 0, 250, 0, 0, 0, 170, 249, 88, 4, 19, 50
29.72, 2.388971773544799, 0.08038263033461636, 0.08005089058524174, 0.7836940298507463, 0.431872460217994, 0.77, 0.338127539782006, 0, 0, 0, 250, 0, 0, 0, 170, 230, 96, 19, 8, 50
29.771, 2.393370003259824, 0.08039266411137763, 0.08005089058524174, 0.7836940298507463, 0.431872460217994, 0.8100000000000001, 0.378127539782006, 0, 0, 0, 250, 0, 0, 0, 170, 154, 190, 76, 94, 50
29.825, 2.39752388687957, 0.08038638346620521, 0.08005089058524174, 0.7836940298507463, 0.431872460217994, 0.8100000000000001, 0.378127539782006, 0, 0, 0, 250, 0, 0, 0, 170, 78, 264, 76, 74, 50
29.871, 2.401189078308758, 0.08038529270224492, 0.08005089058524174, 0.7836940298507463, 0.431872460217994, 0.74, 0.308127539782006, 0, 0, 0, 250, 0, 0, 0, 170, 71, 219, 7, 45, 50
29.93, 2.406076000214343, 0.08039011026442843, 0.08005089058524174, 0.7836940298507463, 0.431872460217994, 0.31, -0.121872460217994, 0, 0, 0, 250, 0, 0, 0, -170, 88, 272, 17, 53, 51
29.978, 2.40998553773881, 0.08039180524847588, 0.08005089058524174, 0.7836940298507463, 0.431872460217994, 0.18, -0.251872460217994, 0, 0, 0, 250, 0, 0, 0, -170, 95, 246, 7, 26, 51
30.027, 2.413650729167998, 0.08038267989369562, 0.08005089058524174, 0.7836940298507463, 0.431872460217994, 0.2, -0.2318724602179941, 0, 0, 0, 250, 0, 0, 0, -170, 169, 138, 74, 108, 51
30.075, 2.417560266692465, 0.08038438126990743, 0.08005089058524174, 0.7836940298507463, 0.431872460217994, 0.2, -0.2318724602179941, 0, 0, 0, 250, 0, 0, 0, -170, 249, 80, 80, 58, 51
30.123, 2.421225458121653, 0.08037796561171376, 0.08005089058524174, 0.7836940298507463, 0.431872460217994, 0.2, -0.2318724602179941, 0, 0, 0, 250, 0, 0, 0, -170, 255, 75, 6, 5, 51
30.17, 2.425134995646121, 0.08038233329950682, 0.08005089058524174, 0.7836940298507463, 0.431872460217994, 0.24, -0.191872460217994, 0, 0, 0, 250, 0, 0, 0, -170, 258, 87, 3, 12, 51
30.222, 2.429533225361146, 0.08038955811531817, 0.08005089058524174, 0.7836940298507463, 0.431872460217994, 0.23, -0.201872460217994, 0, 0, 0, 250, 0, 0, 0, -170, 248, 80, 10, 7, 51
30.266, 2.432954070695056, 0.08038571567749473, 0.08005089058524174, 0.7836940298507463, 0.431872460217994, 0.31, -0.121872460217994, 0, 0, 0, 250, 0, 0, 0, -170, 249, 74, 1, 6, 51
30.316, 2.436863608219523, 0.08038209553435555, 0.08005089058524174, 0.7836940298507463, 0.431872460217994, 0.52, 0.08812753978200597, 0, 0, 0, 250, 0, 0, 0, 170, 252, 84, 3, 10, 52
30.366, 2.441017491839269, 0.08038653401301683, 0.08005089058524174, 0.7836940298507463, 0.431872460217994, 0.74, 0.308127539782006, 0, 0, 0, 250, 0, 0, 0, 170, 237, 97, 15, 13, 52
30.416, 2.445171375459016, 0.08039095789909966, 0.08005089058524174, 0.7836940298507463, 0.431872460217994, 0.7800000000000001, 0.348127539782006, 0, 0, 0, 250, 0, 0, 0, 170, 144, 195, 93, 98, 52
30.462, 2.449080912983483, 0.08039790273072953, 0.08005089058524174, 0.7836940298507463, 0.431872460217994, 0.8, 0.368127539782006, 0, 0, 0, 250, 0, 0, 0, 170, 79, 250, 65, 55, 52
30.511, 2.452746104412671, 0.08038891234022717, 0.08005089058524174, 0.7836940298507463, 0.431872460217994, 0.7, 0.268127539782006, 0, 0, 0, 250, 0, 0, 0, 170, 77, 238, 2, 12, 52
30.566, 2.457144334127697, 0.08038815462041802, 0.08005089058524174, 0.7836940298507463, 0.431872460217994, 0.35, -0.08187246021799403, 0, 0, 0, 250, 0, 0, 0, -170, 85, 268, 8, 30, 53
30.61, 2.460809525556885, 0.08039233993978716, 0.08005089058524174, 0.7836940298507463, 0.431872460217994, 0.22, -0.211872460217994, 0, 0, 0, 250, 0, 0, 0, -170, 82, 239, 3, 29, 53
30.664, 2.465207755271911, 0.08039420021105892, 0.08005089058524174, 0.7836940298507463, 0.431872460217994, 0.22, -0.211872460217994, 0, 0, 0, 250, 0, 0, 0, -170, 188, 132, 106, 107, 53
30.71, 2.46862860060582, 0.08038517097381371, 0.08005089058524174, 0.7836940298507463, 0.431872460217994, 0.24, -0.191872460217994, 0, 0, 0, 250, 0, 0, 0, -170, 251, 76, 63, 56, 53
30.758, 2.472538138130287, 0.08038683068243341, 0.08005089058524174, 0.7836940298507463, 0.431872460217994, 0.24, -0.191872460217994, 0, 0, 0, 250, 0, 0, 0, -170, 253, 78, 2, 2, 53
30.82100000000001, 2.477669406131151, 0.08038900120473542, 0.08005089058524174, 0.7836940298507463, 0.431872460217994, 0.33, -0.101872460217994, 0, 0, 0, 250, 0, 0, 0, -170, 259, 84, 6, 6, 53
30.865, 2.481090251465059, 0.0803852341313805, 0.08005089058524174, 0.7836940298507463, 0.431872460217994, 0.4600000000000001, 0.02812753978200597, 0, 0, 0, 250, 0, 0, 0, 170, 246, 68, 13, 16, 54
30.919, 2.485732827275364, 0.08039499425192808, 0.08005089058524174, 0.7836940298507463, 0.431872460217994, 0.77, 0.338127539782006, 0, 0, 0, 250, 0, 0, 0, 170, 223, 104, 23, 36, 54
30.969, 2.489886710895111, 0.08039932548339019, 0.08005089058524174, 0.7836940298507463, 0.431872460217994, 0.8100000000000001, 0.378127539782006, 0, 0, 0, 250, 0, 0, 0, 170, 146, 198, 77, 94, 54
31.016, 2.493796248419578, 0.08040354166944731, 0.08005089058524174, 0.7836940298507463, 0.431872460217994, 0.8199999999999999, 0.388127539782006, 0, 0, 0, 250, 0, 0, 0, 170, 69, 264, 77, 66, 54
31.079, 2.498683170325162, 0.08039779820216744, 0.08005089058524174, 0.7836940298507463, 0.431872460217994, 0.5899999999999999, 0.158127539782006, 0, 0, 0, 250, 0, 0, 0, 170, 75, 237, 6, 27, 54
31.141, 2.503814438326025, 0.08040250596724656, 0.08005089058524174, 0.7836940298507463, 0.431872460217994, 0.29, -0.141872460217994, 0, 0, 0, 250, 0, 0, 0, -170, 86, 269, 11, 32, 55
31.196, 2.507968321945772, 0.08039390697351493, 0.08005089058524174, 0.7836940298507463, 0.431872460217994, 0.23, -0.201872460217994, 0, 0, 0, 250, 0, 0, 0, -170, 98, 216, 12, 53, 55
31.249, 2.512366551660798, 0.08039830239882228, 0.08005089058524174, 0.7836940298507463, 0.431872460217994, 0.25, -0.181872460217994, 0, 0, 0, 250, 0, 0, 0, -170, 196, 134, 98, 82, 55
31.301, 2.516520435280544, 0.08039744529825066, 0.08005089058524174, 0.7836940298507463, 0.431872460217994, 0.2, -0.2318724602179941, 0, 0, 0, 250, 0, 0, 0, -170, 244, 64, 48, 70, 55
31.357, 2.52091866499557, 0.08039412778631789, 0.08005089058524174, 0.7836940298507463, 0.431872460217994, 0.22, -0.211872460217994, 0, 0, 0, 250, 0, 0, 0, -170, 254, 86, 10, 22, 55
31.411, 2.525561240805875, 0.08040371974167886, 0.08005089058524174, 0.7836940298507463, 0.431872460217994, 0.32, -0.111872460217994, 0, 0, 0, 250, 0, 0, 0, -170, 275, 84, 21, 2, 55
31.47, 2.529959470520901, 0.08039273817988246, 0.08005089058524174, 0.7836940298507463, 0.431872460217994, 0.51, 0.07812753978200597, 0, 0, 0, 250, 0, 0, 0, 170, 235, 77, 40, 7, 56
31.52, 2.534357700235926, 0.08040474937296718, 0.08005089058524174, 0.7836940298507463, 0.431872460217994, 0.65, 0.218127539782006, 0, 0, 0, 250, 0, 0, 0, 170, 228, 95, 7, 18, 56
31.569, 2.538267237760393, 0.08040378972284181, 0.08005089058524174, 0.7836940298507463, 0.431872460217994, 0.71, 0.278127539782006, 0, 0, 0, 250, 0, 0, 0, 170, 154, 199, 74, 104, 56
31.62, 2.542665467475419, 0.08041320263995633, 0.08005089058524174, 0.7836940298507463, 0.431872460217994, 0.8199999999999999, 0.388127539782006, 0, 0, 0, 250, 0, 0, 0, 170, 63, 261, 91, 62, 56
31.671, 2.546330658904607, 0.08039943983153696, 0.08005089058524174, 0.7836940298507463, 0.431872460217994, 0.7800000000000001, 0.348127539782006, 0, 0, 0, 250, 0, 0, 0, 170, 69, 244, 6, 17, 56
31.734, 2.551461926905471, 0.08040152287469184, 0.08005089058524174, 0.7836940298507463, 0.431872460217994, 0.4699999999999999, 0.03812753978200597, 0, 0, 0, 250, 0, 0, 0, 170, 89, 259, 20, 15, 56
31.78900000000001, 2.556104502715775, 0.08040845898630895, 0.08005089058524174, 0.7836940298507463, 0.431872460217994, 0.44, 0.008127539782005968, 0, 0, 0, 250, 0, 0, 0, 170, 70, 247, 19, 12, 56
31.839, 2.560014040240242, 0.08040497629448923, 0.08005089058524174, 0.7836940298507463, 0.431872460217994, 0.6800000000000001, 0.248127539782006, 0, 0, 0, 250, 0, 0, 0, 170, 78, 248, 8, 1, 56
31.88800000000001, 2.563679231669431, 0.08039636326108351, 0.08005089058524174, 0.7836940298507463, 0.431872460217994, 0.8299999999999999, 0.398127539782006, 0, 0, 0, 250, 0, 0, 0, 170, 89, 258, 11, 10, 56
31.939, 2.567833115289178, 0.08039804362344398, 0.08005089058524174, 0.7836940298507463, 0.431872460217994, 0.84, 0.4081275397820059, 0, 0, 0, 250, 0, 0, 0, 170, 73, 242, 16, 16, 56
31.988, 2.571742652813644, 0.08039710681548218, 0.08005089058524174, 0.7836940298507463, 0.431872460217994, 0.8100000000000001, 0.378127539782006, 0, 0, 0, 250, 0, 0, 0, 170, 76, 261, 3, 19, 56
32.051, 2.577362613005066, 0.08041442117266438, 0.08005089058524174, 0.7836940298507463, 0.431872460217994, 0.8199999999999999, 0.388127539782006, 0, 0, 0, 250, 0, 0, 0, 170, 84, 239, 8, 22, 56
32.11, 2.581760842720092, 0.08040363882653667, 0.08005089058524174, 0.7836940298507463, 0.431872460217994, 0.8100000000000001, 0.378127539782006, 0, 0, 0, 250, 0, 0, 0, 170, 76, 255, 8, 16, 56
32.162, 2.585914726339839, 0.08040279604315149, 0.08005089058524174, 0.7836940298507463, 0.431872460217994, 0.73, 0.298127539782006, 0, 0, 0, 250, 0, 0, 0, 170, 83, 248, 7, 7, 56
32.211, 2.590068609959585, 0.08040944428796328, 0.08005089058524174, 0.7836940298507463, 0.431872460217994, 0.5, 0.06812753978200598, 0, 0, 0, 250, 0, 0, 0, 170, 71, 263, 12, 15, 56
32.27, 2.594955531865169, 0.08041386835652833, 0.08005089058524174, 0.7836940298507463, 0.431872460217994, 0.28, -0.151872460217994, 0, 0, 0, 250, 0, 0, 0, -170, 86, 240, 15, 23, 57
32.319, 2.598376377199078, 0.08039779625604375, 0.08005089058524174, 0.7836940298507463, 0.431872460217994, 0.19, -0.241872460217994, 0, 0, 0, 250, 0, 0, 0, -170, 87, 234, 1, 6, 57
32.369, 2.602774606914104, 0.08040948459680878, 0.08005089058524174, 0.7836940298507463, 0.431872460217994, 0.16, -0.271872460217994, 0, 0, 0, 250, 0, 0, 0, -170, 189, 140, 102, 94, 57
32.419, 2.606439798343292, 0.08039852550489812, 0.08005089058524174, 0.7836940298507463, 0.431872460217994, 0.19, -0.241872460217994, 0, 0, 0, 250, 0, 0, 0, -170, 252, 73, 63, 67, 57
32.46500000000001, 2.61010498977248, 0.08039750469035823, 0.08005089058524174, 0.7836940298507463, 0.431872460217994, 0.22, -0.211872460217994, 0, 0, 0, 250, 0, 0, 0, -170, 258, 72, 6, 1, 57
32.516, 2.614258873392227, 0.08039915344421905, 0.08005089058524174, 0.7836940298507463, 0.431872460217994, 0.35, -0.08187246021799403, 0, 0, 0, 250, 0, 0, 0, -170, 259, 83, 1, 11, 57
32.567, 2.618657103107252, 0.0804082999081049, 0.08005089058524174, 0.7836940298507463, 0.431872460217994, 0.52, 0.08812753978200597, 0, 0, 0, 250, 0, 0, 0, 170, 240, 83, 19, 0, 58
32.616, 2.62232229453644, 0.08039987412731298, 0.08005089058524174, 0.7836940298507463, 0.431872460217994, 0.75, 0.318127539782006, 0, 0, 0, 250, 0, 0, 0, 170, 232, 95, 8, 12, 58
32.67, 2.626964870346745, 0.08040908694051868, 0.08005089058524174, 0.7836940298507463, 0.431872460217994, 0.7800000000000001, 0.348127539782006, 0, 0, 0, 250, 0, 0, 0, 170, 143, 217, 89, 122, 58
32.72, 2.631118753966492, 0.08041316485227663, 0.08005089058524174, 0.7836940298507463, 0.431872460217994, 0.79, 0.3581275397820059, 0, 0, 0, 250, 0, 0, 0, 170, 73, 242, 70, 25, 58
32.769, 2.63478394539568, 0.08040477113722361, 0.08005089058524174, 0.7836940298507463, 0.431872460217994, 0.7, 0.268127539782006, 0, 0, 0, 250, 0, 0, 0, 170, 74, 243, 1, 1, 58
32.821, 2.639426521205984, 0.080418833100941, 0.08005089058524174, 0.7836940298507463, 0.431872460217994, 0.29, -0.141872460217994, 0, 0, 0, 250, 0, 0, 0, -170, 90, 273, 16, 30, 59
32.87, 2.642847366539893, 0.08040302301612087, 0.08005089058524174, 0.7836940298507463, 0.431872460217994, 0.22, -0.211872460217994, 0, 0, 0, 250, 0, 0, 0, -170, 92, 219, 2, 54, 59
32.919, 2.646756904064361, 0.08040210529069414, 0.08005089058524174, 0.7836940298507463, 0.431872460217994, 0.21, -0.221872460217994, 0, 0, 0, 250, 0, 0, 0, -170, 184, 157, 92, 62, 59
32.965, 2.650177749398269, 0.0803936826755125, 0.08005089058524174, 0.7836940298507463, 0.431872460217994, 0.2, -0.2318724602179941, 0, 0, 0, 250, 0, 0, 0, -170, 227, 87, 43, 70, 59
33.012, 2.654331633018016, 0.08040505370828839, 0.08005089058524174, 0.7836940298507463, 0.431872460217994, 0.18, -0.251872460217994, 0, 0, 0, 250, 0, 0, 0, -170, 257, 79, 30, 8, 59
33.066, 2.658729862733042, 0.08040675808180735, 0.08005089058524174, 0.7836940298507463, 0.431872460217994, 0.18, -0.251872460217994, 0, 0, 0, 250, 0, 0, 0, -170, 272, 78, 15, 1, 59
33.114, 2.662639400257509, 0.08040826841388867, 0.08005089058524174, 0.7836940298507463, 0.431872460217994, 0.17, -0.261872460217994, 0, 0, 0, 250, 0, 0, 0, -170, 247, 77, 25, 1, 59
33.161, 2.666548937781977, 0.08041219920334058, 0.08005089058524174, 0.7836940298507463, 0.431872460217994, 0.23, -0.201872460217994, 0, 0, 0, 250, 0, 0, 0, -170, 246, 84, 1, 7, 59
33.211, 2.670458475306444, 0.08040885475614839, 0.08005089058524174, 0.7836940298507463, 0.431872460217994, 0.49, 0.05812753978200597, 0, 0, 0, 250, 0, 0, 0, 170, 250, 77, 4, 7, 60
33.26, 2.674368012830911, 0.08040793784819336, 0.08005089058524174, 0.7836940298507463, 0.431872460217994, 0.76, 0.328127539782006, 0, 0, 0, 250, 0, 0, 0, 170, 240, 94, 10, 17, 60
33.311, 2.679010588641216, 0.0804242018744924, 0.08005089058524174, 0.7836940298507463, 0.431872460217994, 0.8, 0.368127539782006, 0, 0, 0, 250, 0, 0, 0, 170, 144, 199, 96, 105, 60
33.358, 2.682675780070404, 0.08042076203820386, 0.08005089058524174, 0.7836940298507463, 0.431872460217994, 0.8199999999999999, 0.388127539782006, 0, 0, 0, 250, 0, 0, 0, 170, 73, 255, 71, 56, 60
33.41, 2.686585317594871, 0.08041261052364177, 0.08005089058524174, 0.7836940298507463, 0.431872460217994, 0.64, 0.208127539782006, 0, 0, 0, 250, 0, 0, 0, 170, 77, 241, 4, 14, 60
33.47, 2.691472239500456, 0.08041446786675994, 0.08005089058524174, 0.7836940298507463, 0.431872460217994, 0.2, -0.2318724602179941, 0, 0, 0, 250, 0, 0, 0, -170, 87, 259, 10, 18, 61
33.52, 2.695870469215481, 0.08042572998852869, 0.08005089058524174, 0.7836940298507463, 0.431872460217994, 0.24, -0.191872460217994, 0, 0, 0, 250, 0, 0, 0, -170, 99, 238, 12, 21, 61
33.571, 2.699535660644669, 0.08041272707529325, 0.08005089058524174, 0.7836940298507463, 0.431872460217994, 0.22, -0.211872460217994, 0, 0, 0, 250, 0, 0, 0, -170, 186, 137, 87, 101, 61
33.62, 2.703689544264416, 0.08041908222083332, 0.08005089058524174, 0.7836940298507463, 0.431872460217994, 0.22, -0.211872460217994, 0, 0, 0, 250, 0, 0, 0, -170, 246, 65, 60, 72, 61
33.665, 2.706866043503045, 0.08040594218039644, 0.08005089058524174, 0.7836940298507463, 0.431872460217994, 0.22, -0.211872460217994, 0, 0, 0, 250, 0, 0, 0, -170, 247, 74, 1, 9, 61
33.71, 2.710775581027513, 0.08041458264691524, 0.08005089058524174, 0.7836940298507463, 0.431872460217994, 0.23, -0.201872460217994, 0, 0, 0, 250, 0, 0, 0, -170, 260, 92, 13, 18, 61
33.76100000000001, 2.714929464647259, 0.08041614480161307, 0.08005089058524174, 0.7836940298507463, 0.431872460217994, 0.23, -0.201872460217994, 0, 0, 0, 250, 0, 0, 0, -170, 249, 69, 11, 23, 61
33.805, 2.71786161779061, 0.08039821380833041, 0.08005089058524174, 0.7836940298507463, 0.431872460217994, 0.24, -0.191872460217994, 0, 0, 0, 250, 0, 0, 0, -170, 214, 87, 35, 18, 61
33.851, 2.721526809219798, 0.0803972352137248, 0.08005089058524174, 0.7836940298507463, 0.431872460217994, 0.24, -0.191872460217994, 0, 0, 0, 250, 0, 0, 0, -170, 236, 84, 22, 3, 61
33.9, 2.726169385030103, 0.08041797595959006, 0.08005089058524174, 0.7836940298507463, 0.431872460217994, 0.22, -0.211872460217994, 0, 0, 0, 250, 0, 0, 0, -170, 268, 80, 32, 4, 61
33.95, 2.730323268649849, 0.08042189303828716, 0.08005089058524174, 0.7836940298507463, 0.431872460217994, 0.21, -0.221872460217994, 0, 0, 0, 250, 0, 0, 0, -170, 278, 76, 10, 4, 61
34.0, 2.734477152269596, 0.0804257985961646, 0.08005089058524174, 0.7836940298507463, 0.431872460217994, 0.5, 0.06812753978200598, 0, 0, 0, 250, 0, 0, 0, 170, 270, 74, 8, 2, 62
34.05, 2.737897997603505, 0.08040816439364185, 0.08005089058524174, 0.7836940298507463, 0.431872460217994, 0.5699999999999999, 0.138127539782006, 0, 0, 0, 250, 0, 0, 0, 170, 196, 89, 74, 15, 62
34.101, 2.742784919509089, 0.08043121666546696, 0.08005089058524174, 0.7836940298507463, 0.431872460217994, 0.55, 0.118127539782006, 0, 0, 0, 250, 0, 0, 0, 170, 146, 209, 50, 120, 62
34.149, 2.746450110938277, 0.08042549154992173, 0.08005089058524174, 0.7836940298507463, 0.431872460217994, 0.52, 0.08812753978200597, 0, 0, 0, 250, 0, 0, 0, 170, 82, 248, 64, 39, 62
34.198, 2.749870956272186, 0.08041028587262955, 0.08005089058524174, 0.7836940298507463, 0.431872460217994, 0.5300000000000001, 0.09812753978200597, 0, 0, 0, 250, 0, 0, 0, 170, 64, 231, 18, 17, 62
34.25, 2.754513532082491, 0.08042375276153258, 0.08005089058524174, 0.7836940298507463, 0.431872460217994, 0.39, -0.04187246021799403, 0, 0, 0, 250, 0, 0, 0, -170, 91, 268, 27, 37, 63
34.299, 2.758423069606958, 0.08042284234546074, 0.08005089058524174, 0.7836940298507463, 0.431872460217994, 0.26, -0.171872460217994, 0, 0, 0, 250, 0, 0, 0, -170, 88, 239, 3, 29, 63
34.35, 2.762332607131425, 0.08041725202711573, 0.08005089058524174, 0.7836940298507463, 0.431872460217994, 0.19, -0.241872460217994, 0, 0, 0, 250, 0, 0, 0, -170, 184, 135, 96, 104, 63
34.4, 2.766242144655893, 0.08041401583302015, 0.08005089058524174, 0.7836940298507463, 0.431872460217994, 0.15, -0.2818724602179941, 0, 0, 0, 250, 0, 0, 0, -170, 251, 88, 67, 47, 63
34.449, 2.770396028275639, 0.08042021621166475, 0.08005089058524174, 0.7836940298507463, 0.431872460217994, 0.21, -0.221872460217994, 0, 0, 0, 250, 0, 0, 0, -170, 270, 64, 19, 24, 63
34.497, 2.774061219704827, 0.08041456415644339, 0.08005089058524174, 0.7836940298507463, 0.431872460217994, 0.2, -0.2318724602179941, 0, 0, 0, 250, 0, 0, 0, -170, 248, 92, 22, 28, 63
34.546, 2.778215103324574, 0.08042074634761111, 0.08005089058524174, 0.7836940298507463, 0.431872460217994, 0.24, -0.191872460217994, 0, 0, 0, 250, 0, 0, 0, -170, 269, 80, 21, 12, 63
34.598, 2.78236898694432, 0.08041993719129199, 0.08005089058524174, 0.7836940298507463, 0.431872460217994, 0.42, -0.01187246021799403, 0, 0, 0, 250, 0, 0, 0, -170, 233, 74, 36, 6, 63
34.649, 2.786278524468787, 0.080414399390135, 0.08005089058524174, 0.7836940298507463, 0.431872460217994, 0.6899999999999999, 0.258127539782006, 0, 0, 0, 250, 0, 0, 0, 170, 247, 89, 14, 15, 64
34.694, 2.789943715897975, 0.0804157409320913, 0.08005089058524174, 0.7836940298507463, 0.431872460217994, 0.8100000000000001, 0.378127539782006, 0, 0, 0, 250, 0, 0, 0, 170, 234, 97, 13, 8, 64
34.74, 2.794097599517722, 0.08042883130448251, 0.08005089058524174, 0.7836940298507463, 0.431872460217994, 0.8, 0.368127539782006, 0, 0, 0, 250, 0, 0, 0, 170, 168, 179, 66, 82, 64
34.79, 2.79776279094691, 0.08041859128907474, 0.08005089058524174, 0.7836940298507463, 0.431872460217994, 0.8199999999999999, 0.388127539782006, 0, 0, 0, 250, 0, 0, 0, 170, 84, 255, 84, 76, 64
34.839, 2.801916674566657, 0.08042471582326291, 0.08005089058524174, 0.7836940298507463, 0.431872460217994, 0.8299999999999999, 0.398127539782006, 0, 0, 0, 250, 0, 0, 0, 170, 58, 233, 26, 22, 64
34.891, 2.805826212091124, 0.08041690441922341, 0.08005089058524174, 0.7836940298507463, 0.431872460217994, 0.7800000000000001, 0.348127539782006, 0, 0, 0, 250, 0, 0, 0, 170, 89, 248, 31, 15, 64
34.94, 2.809980095710871, 0.0804230136150793, 0.08005089058524174, 0.7836940298507463, 0.431872460217994, 0.52, 0.08812753978200597, 0, 0, 0, 250, 0, 0, 0, 170, 89, 260, 0, 12, 64
34.989, 2.814133979330617, 0.08042910569980899, 0.08005089058524174, 0.7836940298507463, 0.431872460217994, 0.3, -0.131872460217994, 0, 0, 0, 250, 0, 0, 0, -170, 75, 252, 14, 8, 65
35.038, 2.817799170759805, 0.0804212332541756, 0.08005089058524174, 0.7836940298507463, 0.431872460217994, 0.18, -0.251872460217994, 0, 0, 0, 250, 0, 0, 0, -170, 93, 240, 18, 12, 65
35.091, 2.821953054379552, 0.08041814295345107, 0.08005089058524174, 0.7836940298507463, 0.431872460217994, 0.19, -0.241872460217994, 0, 0, 0, 250, 0, 0, 0, -170, 196, 131, 103, 109, 65
35.14, 2.826351284094578, 0.08043116915465502, 0.08005089058524174, 0.7836940298507463, 0.431872460217994, 0.18, -0.251872460217994, 0, 0, 0, 250, 0, 0, 0, -170, 246, 74, 50, 57, 65
35.189, 2.830016475523766, 0.0804233276172601, 0.08005089058524174, 0.7836940298507463, 0.431872460217994, 0.19, -0.241872460217994, 0, 0, 0, 250, 0, 0, 0, -170, 248, 79, 2, 5, 65
35.231, 2.833192974762395, 0.08041761445211307, 0.08005089058524174, 0.7836940298507463, 0.431872460217994, 0.24, -0.191872460217994, 0, 0, 0, 250, 0, 0, 0, -170, 263, 87, 15, 8, 65
35.28, 2.837102512286863, 0.08041673787661175, 0.08005089058524174, 0.7836940298507463, 0.431872460217994, 0.36, -0.07187246021799404, 0, 0, 0, 250, 0, 0, 0, -170, 257, 76, 6, 11, 65
35.33, 2.841256395906609, 0.08042050370525356, 0.08005089058524174, 0.7836940298507463, 0.431872460217994, 0.6, 0.168127539782006, 0, 0, 0, 250, 0, 0, 0, 170, 241, 82, 16, 6, 66
35.379, 2.845165933431076, 0.0804196255810248, 0.08005089058524174, 0.7836940298507463, 0.431872460217994, 0.7800000000000001, 0.348127539782006, 0, 0, 0, 250, 0, 0, 0, 170, 242, 95, 1, 13, 66
35.426, 2.848831124860265, 0.0804163926172942, 0.08005089058524174, 0.7836940298507463, 0.431872460217994, 0.7800000000000001, 0.348127539782006, 0, 0, 0, 250, 0, 0, 0, 170, 156, 172, 86, 77, 66
35.479, 2.85322935457529, 0.08042023040602299, 0.08005089058524174, 0.7836940298507463, 0.431872460217994, 0.77, 0.338127539782006, 0, 0, 0, 250, 0, 0, 0, 170, 70, 255, 86, 83, 66
35.52900000000001, 2.857138892099757, 0.08041709285653289, 0.08005089058524174, 0.7836940298507463, 0.431872460217994, 0.77, 0.338127539782006, 0, 0, 0, 250, 0, 0, 0, 170, 87, 250, 17, 5, 66
35.581, 2.861781467910062, 0.08043004603327793, 0.08005089058524174, 0.7836940298507463, 0.431872460217994, 0.6800000000000001, 0.248127539782006, 0, 0, 0, 250, 0, 0, 0, 170, 92, 256, 5, 6, 66
35.631, 2.865935351529809, 0.08043376137435965, 0.08005089058524174, 0.7836940298507463, 0.431872460217994, 0.4699999999999999, 0.03812753978200597, 0, 0, 0, 250, 0, 0, 0, 170, 71, 261, 21, 5, 66
35.681, 2.869844889054276, 0.08043061822970982, 0.08005089058524174, 0.7836940298507463, 0.431872460217994, 0.3, -0.131872460217994, 0, 0, 0, 250, 0, 0, 0, -170, 81, 234, 10, 27, 67
35.73, 2.873754426578743, 0.08042973486086604, 0.08005089058524174, 0.7836940298507463, 0.431872460217994, 0.23, -0.201872460217994, 0, 0, 0, 250, 0, 0, 0, -170, 98, 250, 17, 16, 67
35.77900000000001, 2.877663964103211, 0.08042885391160208, 0.08005089058524174, 0.7836940298507463, 0.431872460217994, 0.19, -0.241872460217994, 0, 0, 0, 250, 0, 0, 0, -170, 194, 153, 96, 97, 67
35.827, 2.881573501627678, 0.08043022027040159, 0.08005089058524174, 0.7836940298507463, 0.431872460217994, 0.21, -0.221872460217994, 0, 0, 0, 250, 0, 0, 0, -170, 258, 71, 64, 82, 67
35.88000000000001, 2.885238693056866, 0.08041356446646784, 0.08005089058524174, 0.7836940298507463, 0.431872460217994, 0.22, -0.211872460217994, 0, 0, 0, 250, 0, 0, 0, -170, 238, 77, 20, 6, 67
35.926, 2.889392576676612, 0.08042622548228616, 0.08005089058524174, 0.7836940298507463, 0.431872460217994, 0.25, -0.181872460217994, 0, 0, 0, 250, 0, 0, 0, -170, 246, 96, 8, 19, 67
35.972, 2.89354646029636, 0.08043885411698987, 0.08005089058524174, 0.7836940298507463, 0.431872460217994, 0.31, -0.121872460217994, 0, 0, 0, 250, 0, 0, 0, -170, 263, 74, 17, 22, 67
36.025, 2.897455997820826, 0.08042903533159823, 0.08005089058524174, 0.7836940298507463, 0.431872460217994, 0.58, 0.148127539782006, 0, 0, 0, 250, 0, 0, 0, 170, 242, 82, 21, 8, 68
36.079, 2.901854227535852, 0.0804305614771987, 0.08005089058524174, 0.7836940298507463, 0.431872460217994, 0.76, 0.328127539782006, 0, 0, 0, 250, 0, 0, 0, 170, 226, 100, 16, 18, 68
36.127, 2.90551941896504, 0.08042515068965152, 0.08005089058524174, 0.7836940298507463, 0.431872460217994, 0.75, 0.318127539782006, 0, 0, 0, 250, 0, 0, 0, 170, 142, 193, 84, 93, 68
36.178, 2.909673302584787, 0.08042659358131424, 0.08005089058524174, 0.7836940298507463, 0.431872460217994, 0.8, 0.368127539782006, 0, 0, 0, 250, 0, 0, 0, 170, 70, 254, 72, 61, 68
36.225, 2.913582840109254, 0.080430168118958, 0.08005089058524174, 0.7836940298507463, 0.431872460217994, 0.79, 0.3581275397820059, 0, 0, 0, 250, 0, 0, 0, 170, 85, 242, 15, 12, 68
36.286, 2.918469762014838, 0.08042963572768667, 0.08005089058524174, 0.7836940298507463, 0.431872460217994, 0.54, 0.108127539782006, 0, 0, 0, 250, 0, 0, 0, 170, 84, 258, 1, 16, 68
36.33, 2.921890607348747, 0.08042638610924159, 0.08005089058524174, 0.7836940298507463, 0.431872460217994, 0.28, -0.151872460217994, 0, 0, 0, 250, 0, 0, 0, -170, 75, 246, 9, 12, 69
36.379, 2.926044490968493, 0.0804322408798618, 0.08005089058524174, 0.7836940298507463, 0.431872460217994, 0.22, -0.211872460217994, 0, 0, 0, 250, 0, 0, 0, -170, 96, 227, 21, 19, 69
36.425, 2.929709682397682, 0.08043128846664878, 0.08005089058524174, 0.7836940298507463, 0.431872460217994, 0.17, -0.261872460217994, 0, 0, 0, 250, 0, 0, 0, -170, 195, 149, 99, 78, 69
36.475, 2.933619219922149, 0.08042821713288962, 0.08005089058524174, 0.7836940298507463, 0.431872460217994, 0.16, -0.271872460217994, 0, 0, 0, 250, 0, 0, 0, -170, 234, 77, 39, 72, 69
36.52600000000001, 2.937528757446616, 0.08042295234755013, 0.08005089058524174, 0.7836940298507463, 0.431872460217994, 0.19, -0.241872460217994, 0, 0, 0, 250, 0, 0, 0, -170, 255, 78, 21, 1, 69
36.571, 2.941438294971083, 0.08043089592767721, 0.08005089058524174, 0.7836940298507463, 0.431872460217994, 0.32, -0.111872460217994, 0, 0, 0, 250, 0, 0, 0, -170, 259, 84, 4, 6, 69
36.625, 2.945592178590831, 0.08042572501271891, 0.08005089058524174, 0.7836940298507463, 0.431872460217994, 0.49, 0.05812753978200597, 0, 0, 0, 250, 0, 0, 0, 170, 256, 78, 3, 6, 70
36.679, 2.950234754401135, 0.08043389281063101, 0.08005089058524174, 0.7836940298507463, 0.431872460217994, 0.67, 0.238127539782006, 0, 0, 0, 250, 0, 0, 0, 170, 224, 107, 32, 29, 70
36.731, 2.954632984116161, 0.08043976434391007, 0.08005089058524174, 0.7836940298507463, 0.431872460217994, 0.67, 0.238127539782006, 0, 0, 0, 250, 0, 0, 0, 170, 140, 216, 84, 109, 70
36.791, 2.959031213831186, 0.08042812681990664, 0.08005089058524174, 0.7836940298507463, 0.431872460217994, 0.73, 0.298127539782006, 0, 0, 0, 250, 0, 0, 0, 170, 65, 231, 75, 15, 70
36.841, 2.963185097450932, 0.08043172273963608, 0.08005089058524174, 0.7836940298507463, 0.431872460217994, 0.6899999999999999, 0.258127539782006, 0, 0, 0, 250, 0, 0, 0, 170, 78, 255, 13, 24, 70
36.89, 2.9670946349754, 0.08043086568108972, 0.08005089058524174, 0.7836940298507463, 0.431872460217994, 0.37, -0.06187246021799403, 0, 0, 0, 250, 0, 0, 0, -170, 87, 271, 9, 16, 71
36.94, 2.971492864690426, 0.08044106293152209, 0.08005089058524174, 0.7836940298507463, 0.431872460217994, 0.21, -0.221872460217994, 0, 0, 0, 250, 0, 0, 0, -170, 99, 224, 12, 47, 71
36.988, 2.974913710024335, 0.08042915837634732, 0.08005089058524174, 0.7836940298507463, 0.431872460217994, 0.17, -0.261872460217994, 0, 0, 0, 250, 0, 0, 0, -170, 182, 143, 83, 81, 71
37.035, 2.978578901453523, 0.08042605377220259, 0.08005089058524174, 0.7836940298507463, 0.431872460217994, 0.19, -0.241872460217994, 0, 0, 0, 250, 0, 0, 0, -170, 245, 76, 63, 67, 71
37.091, 2.982977131168548, 0.08042320593051006, 0.08005089058524174, 0.7836940298507463, 0.431872460217994, 0.32, -0.111872460217994, 0, 0, 0, 250, 0, 0, 0, -170, 244, 82, 1, 6, 71
37.14500000000001, 2.987619706978853, 0.0804312749220313, 0.08005089058524174, 0.7836940298507463, 0.431872460217994, 0.62, 0.188127539782006, 0, 0, 0, 250, 0, 0, 0, 170, 275, 85, 31, 3, 72
37.194, 2.991529244503321, 0.08043042545849655, 0.08005089058524174, 0.7836940298507463, 0.431872460217994, 0.77, 0.338127539782006, 0, 0, 0, 250, 0, 0, 0, 170, 234, 98, 41, 13, 72
37.24, 2.995438782027788, 0.08043605751954319, 0.08005089058524174, 0.7836940298507463, 0.431872460217994, 0.7800000000000001, 0.348127539782006, 0, 0, 0, 250, 0, 0, 0, 170, 151, 184, 83, 86, 72
37.288, 2.999348319552255, 0.08043736106930528, 0.08005089058524174, 0.7836940298507463, 0.431872460217994, 0.79, 0.3581275397820059, 0, 0, 0, 250, 0, 0, 0, 170, 78, 250, 73, 66, 72
37.341, 3.003502203172002, 0.08043443408510758, 0.08005089058524174, 0.7836940298507463, 0.431872460217994, 0.79, 0.3581275397820059, 0, 0, 0, 250, 0, 0, 0, 170, 72, 248, 6, 2, 72
37.38900000000001, 3.007656086791749, 0.08044227143790282, 0.08005089058524174, 0.7836940298507463, 0.431872460217994, 0.5899999999999999, 0.158127539782006, 0, 0, 0, 250, 0, 0, 0, 170, 93, 268, 21, 20, 72
37.44, 3.011565624316216, 0.08043711603408696, 0.08005089058524174, 0.7836940298507463, 0.431872460217994, 0.32, -0.111872460217994, 0, 0, 0, 250, 0, 0, 0, -170, 80, 242, 13, 26, 73
37.5, 3.016452546221799, 0.08043873456591465, 0.08005089058524174, 0.7836940298507463, 0.431872460217994, 0.19, -0.241872460217994, 0, 0, 0, 250, 0, 0, 0, -170, 97, 218, 17, 24, 73
37.55, 3.020362083746267, 0.08043574124490725, 0.08005089058524174, 0.7836940298507463, 0.431872460217994, 0.21, -0.221872460217994, 0, 0, 0, 250, 0, 0, 0, -170, 209, 128, 112, 90, 73
37.6, 3.024515967366013, 0.08043925445122376, 0.08005089058524174, 0.7836940298507463, 0.431872460217994, 0.21, -0.221872460217994, 0, 0, 0, 250, 0, 0, 0, -170, 258, 63, 49, 65, 73
37.649, 3.02842550489048, 0.08043840486840237, 0.08005089058524174, 0.7836940298507463, 0.431872460217994, 0.24, -0.191872460217994, 0, 0, 0, 250, 0, 0, 0, -170, 263, 82, 5, 19, 73
37.7, 3.032579388510228, 0.08043977157852062, 0.08005089058524174, 0.7836940298507463, 0.431872460217994, 0.39, -0.04187246021799403, 0, 0, 0, 250, 0, 0, 0, -170, 246, 82, 17, 0, 73
37.75, 3.036488926034695, 0.08043679274264091, 0.08005089058524174, 0.7836940298507463, 0.431872460217994, 0.61, 0.178127539782006, 0, 0, 0, 250, 0, 0, 0, 170, 244, 72, 2, 10, 74
37.799, 3.040398463559162, 0.08043594972245726, 0.08005089058524174, 0.7836940298507463, 0.431872460217994, 0.79, 0.3581275397820059, 0, 0, 0, 250, 0, 0, 0, 170, 237, 99, 7, 27, 74
37.847, 3.044308001083629, 0.08043723415551112, 0.08005089058524174, 0.7836940298507463, 0.431872460217994, 0.79, 0.3581275397820059, 0, 0, 0, 250, 0, 0, 0, 170, 168, 193, 69, 94, 74
37.89800000000001, 3.048706230798655, 0.08044504276739286, 0.08005089058524174, 0.7836940298507463, 0.431872460217994, 0.8100000000000001, 0.378127539782006, 0, 0, 0, 250, 0, 0, 0, 170, 79, 255, 89, 62, 74
37.94700000000001, 3.052371422227843, 0.08043775324077906, 0.08005089058524174, 0.7836940298507463, 0.431872460217994, 0.8199999999999999, 0.388127539782006, 0, 0, 0, 250, 0, 0, 0, 170, 71, 231, 8, 24, 74
37.991, 3.056036613657031, 0.08044106798075942, 0.08005089058524174, 0.7836940298507463, 0.431872460217994, 0.73, 0.298127539782006, 0, 0, 0, 250, 0, 0, 0, 170, 93, 264, 22, 33, 74
38.041, 3.060190497276778, 0.08044453345802628, 0.08005089058524174, 0.7836940298507463, 0.431872460217994, 0.41, -0.02187246021799403, 0, 0, 0, 250, 0, 0, 0, -170, 77, 251, 16, 13, 75
38.091, 3.063855688705966, 0.08043516024010831, 0.08005089058524174, 0.7836940298507463, 0.431872460217994, 0.23, -0.201872460217994, 0, 0, 0, 250, 0, 0, 0, -170, 93, 226, 16, 25, 75
38.141, 3.068009572325712, 0.08043862437601826, 0.08005089058524174, 0.7836940298507463, 0.431872460217994, 0.22, -0.211872460217994, 0, 0, 0, 250, 0, 0, 0, -170, 197, 152, 104, 74, 75
38.188, 3.071430417659621, 0.08042920335339952, 0.08005089058524174, 0.7836940298507463, 0.431872460217994, 0.2, -0.2318724602179941, 0, 0, 0, 250, 0, 0, 0, -170, 229, 72, 32, 80, 75
38.238, 3.075828647374647, 0.08043905662886781, 0.08005089058524174, 0.7836940298507463, 0.431872460217994, 0.25, -0.181872460217994, 0, 0, 0, 250, 0, 0, 0, -170, 274, 83, 45, 11, 75
38.296, 3.080715569280231, 0.08044483939002067, 0.08005089058524174, 0.7836940298507463, 0.431872460217994, 0.4600000000000001, 0.02812753978200597, 0, 0, 0, 250, 0, 0, 0, 170, 255, 93, 19, 10, 76
38.347, 3.084625106804698, 0.08043980250879335, 0.08005089058524174, 0.7836940298507463, 0.431872460217994, 0.5899999999999999, 0.158127539782006, 0, 0, 0, 250, 0, 0, 0, 170, 236, 83, 19, 10, 76
38.40100000000001, 3.089267682615003, 0.08044758424559264, 0.08005089058524174, 0.7836940298507463, 0.431872460217994, 0.7, 0.268127539782006, 0, 0, 0, 250, 0, 0, 0, 170, 97, 211, 139, 128, 76
38.451, 3.09317722013947, 0.08044464955760501, 0.08005089058524174, 0.7836940298507463, 0.431872460217994, 0.6899999999999999, 0.258127539782006, 0, 0, 0, 250, 0, 0, 0, 170, 82, 242, 15, 31, 76
38.5, 3.097086757663938, 0.08044381188737502, 0.08005089058524174, 0.7836940298507463, 0.431872460217994, 0.5899999999999999, 0.158127539782006, 0, 0, 0, 250, 0, 0, 0, 170, 82, 239, 0, 3, 76
38.561, 3.101973679569522, 0.08044328932261926, 0.08005089058524174, 0.7836940298507463, 0.431872460217994, 0.12, -0.311872460217994, 0, 0, 0, 250, 0, 0, 0, -170, 83, 264, 1, 25, 77
38.608, 3.10563887099871, 0.08044029400639012, 0.08005089058524174, 0.7836940298507463, 0.431872460217994, 0.17, -0.261872460217994, 0, 0, 0, 250, 0, 0, 0, -170, 88, 229, 5, 35, 77
38.659, 3.110037100713736, 0.08044794486959661, 0.08005089058524174, 0.7836940298507463, 0.431872460217994, 0.19, -0.241872460217994, 0, 0, 0, 250, 0, 0, 0, -170, 191, 139, 103, 90, 77
38.71, 3.113946638238203, 0.08044295112989417, 0.08005089058524174, 0.7836940298507463, 0.431872460217994, 0.22, -0.211872460217994, 0, 0, 0, 250, 0, 0, 0, -170, 245, 75, 54, 64, 77
38.75500000000001, 3.117367483572112, 0.08043781405166072, 0.08005089058524174, 0.7836940298507463, 0.431872460217994, 0.2, -0.2318724602179941, 0, 0, 0, 250, 0, 0, 0, -170, 250, 71, 5, 4, 77
38.809, 3.122254405477696, 0.08045181286499771, 0.08005089058524174, 0.7836940298507463, 0.431872460217994, 0.18, -0.251872460217994, 0, 0, 0, 250, 0, 0, 0, -170, 263, 93, 13, 22, 77
38.86, 3.125919596906884, 0.08044054546852507, 0.08005089058524174, 0.7836940298507463, 0.431872460217994, 0.16, -0.271872460217994, 0, 0, 0, 250, 0, 0, 0, -170, 239, 70, 24, 23, 77
38.91, 3.129829134431351, 0.0804376544443935, 0.08005089058524174, 0.7836940298507463, 0.431872460217994, 0.21, -0.221872460217994, 0, 0, 0, 250, 0, 0, 0, -170, 250, 83, 11, 13, 77
38.956, 3.13349432586054, 0.08043675751772614, 0.08005089058524174, 0.7836940298507463, 0.431872460217994, 0.18, -0.251872460217994, 0, 0, 0, 250, 0, 0, 0, -170, 248, 79, 2, 4, 77
39.001, 3.137403863385007, 0.08044419023576335, 0.08005089058524174, 0.7836940298507463, 0.431872460217994, 0.22, -0.211872460217994, 0, 0, 0, 250, 0, 0, 0, -170, 260, 84, 12, 5, 77
39.049, 3.141313400909474, 0.08044542500216327, 0.08005089058524174, 0.7836940298507463, 0.431872460217994, 0.21, -0.221872460217994, 0, 0, 0, 250, 0, 0, 0, -170, 245, 74, 15, 10, 77
39.10600000000001, 3.1457116306245, 0.08044063904834296, 0.08005089058524174, 0.7836940298507463, 0.431872460217994, 0.19, -0.241872460217994, 0, 0, 0, 250, 0, 0, 0, -170, 252, 87, 7, 13, 77
39.15, 3.149376822053688, 0.08044385241516444, 0.08005089058524174, 0.7836940298507463, 0.431872460217994, 0.19, -0.241872460217994, 0, 0, 0, 250, 0, 0, 0, -170, 248, 81, 4, 6, 77
39.2, 3.153530705673435, 0.08044721187942436, 0.08005089058524174, 0.7836940298507463, 0.431872460217994, 0.19, -0.241872460217994, 0, 0, 0, 250, 0, 0, 0, -170, 259, 79, 11, 2, 77
39.25, 3.157440243197902, 0.08044433740631597, 0.08005089058524174, 0.7836940298507463, 0.431872460217994, 0.19, -0.241872460217994, 0, 0, 0, 250, 0, 0, 0, -170, 244, 78, 15, 1, 77
39.3, 3.161594126817648, 0.08044768770528366, 0.08005089058524174, 0.7836940298507463, 0.431872460217994, 0.18, -0.251872460217994, 0, 0, 0, 250, 0, 0, 0, -170, 255, 80, 11, 2, 77
39.348, 3.165259318246836, 0.08044269894904026, 0.08005089058524174, 0.7836940298507463, 0.431872460217994, 0.15, -0.2818724602179941, 0, 0, 0, 250, 0, 0, 0, -170, 250, 67, 5, 13, 77
39.4, 3.169657547961862, 0.0804481611157833, 0.08005089058524174, 0.7836940298507463, 0.431872460217994, 0.17, -0.261872460217994, 0, 0, 0, 250, 0, 0, 0, -170, 231, 86, 19, 19, 77
39.455, 3.173811431581608, 0.08044129848134858, 0.08005089058524174, 0.7836940298507463, 0.431872460217994, 0.18, -0.251872460217994, 0, 0, 0, 250, 0, 0, 0, -170, 267, 78, 36, 8, 77
39.51, 3.178698353487193, 0.08045300818747641, 0.08005089058524174, 0.7836940298507463, 0.431872460217994, 0.15, -0.2818724602179941, 0, 0, 0, 250, 0, 0, 0, -170, 258, 80, 9, 2, 77
39.564, 3.182852237106939, 0.08044819121188301, 0.08005089058524174, 0.7836940298507463, 0.431872460217994, 0.15, -0.2818724602179941, 0, 0, 0, 250, 0, 0, 0, -170, 244, 83, 14, 3, 77
39.61, 3.186517428536127, 0.08044729685776641, 0.08005089058524174, 0.7836940298507463, 0.431872460217994, 0.19, -0.241872460217994, 0, 0, 0, 250, 0, 0, 0, -170, 242, 76, 2, 7, 77
39.66, 3.190671312155874, 0.08045061301452028, 0.08005089058524174, 0.7836940298507463, 0.431872460217994, 0.2, -0.2318724602179941, 0, 0, 0, 250, 0, 0, 0, -170, 253, 81, 11, 5, 77
39.711, 3.19482519577562, 0.08045189483457026, 0.08005089058524174, 0.7836940298507463, 0.431872460217994, 0.21, -0.221872460217994, 0, 0, 0, 250, 0, 0, 0, -170, 256, 81, 3, 0, 77
39.76, 3.198734733300087, 0.08045107478118931, 0.08005089058524174, 0.7836940298507463, 0.431872460217994, 0.2, -0.2318724602179941, 0, 0, 0, 250, 0, 0, 0, -170, 259, 79, 3, 2, 77
39.809, 3.202644270824555, 0.08045025674657879, 0.08005089058524174, 0.7836940298507463, 0.431872460217994, 0.2, -0.2318724602179941, 0, 0, 0, 250, 0, 0, 0, -170, 249, 81, 10, 2, 77
39.851, 3.206065116158464, 0.08045130903009872, 0.08005089058524174, 0.7836940298507463, 0.431872460217994, 0.19, -0.241872460217994, 0, 0, 0, 250, 0, 0, 0, -170, 247, 77, 2, 4, 77
39.91, 3.210952038064048, 0.08045482430629034, 0.08005089058524174, 0.7836940298507463, 0.431872460217994, 0.21, -0.221872460217994, 0, 0, 0, 250, 0, 0, 0, -170, 243, 81, 4, 4, 77
39.962, 3.215105921683794, 0.08045407941754151, 0.08005089058524174, 0.7836940298507463, 0.431872460217994, 0.2, -0.2318724602179941, 0, 0, 0, 250, 0, 0, 0, -170, 257, 79, 14, 2, 77
40.011, 3.219015459208261, 0.0804532618332024, 0.08005089058524174, 0.7836940298507463, 0.431872460217994, 0.21, -0.221872460217994, 0, 0, 0, 250, 0, 0, 0, -170, 246, 83, 11, 4, 77
40.057, 3.222436304542171, 0.08044627167641536, 0.08005089058524174, 0.7836940298507463, 0.431872460217994, 0.23, -0.201872460217994, 0, 0, 0, 250, 0, 0, 0, -170, 250, 79, 4, 4, 77
40.104, 3.226345842066638, 0.0804494774103989, 0.08005089058524174, 0.7836940298507463, 0.431872460217994, 0.22, -0.211872460217994, 0, 0, 0, 250, 0, 0, 0, -170, 259, 82, 9, 3, 77
40.151, 3.230255379591105, 0.0804526756392395, 0.08005089058524174, 0.7836940298507463, 0.431872460217994, 0.19, -0.241872460217994, 0, 0, 0, 250, 0, 0, 0, -170, 240, 75, 19, 7, 77
40.2, 3.234164917115572, 0.08045186360984012, 0.08005089058524174, 0.7836940298507463, 0.431872460217994, 0.2, -0.2318724602179941, 0, 0, 0, 250, 0, 0, 0, -170, 253, 88, 13, 13, 77
40.25, 3.238318800735319, 0.08045512548410729, 0.08005089058524174, 0.7836940298507463, 0.431872460217994, 0.18, -0.251872460217994, 0, 0, 0, 250, 0, 0, 0, -170, 250, 74, 3, 14, 77
40.306, 3.242717030450344, 0.08045246440853333, 0.08005089058524174, 0.7836940298507463, 0.431872460217994, 0.21, -0.221872460217994, 0, 0, 0, 250, 0, 0, 0, -170, 252, 88, 2, 14, 77
40.351, 3.246382221879533, 0.08045357542265453, 0.08005089058524174, 0.7836940298507463, 0.431872460217994, 0.2, -0.2318724602179941, 0, 0, 0, 250, 0, 0, 0, -170, 249, 72, 3, 16, 77
40.40100000000001, 3.250291759404, 0.0804507749660652, 0.08005089058524174, 0.7836940298507463, 0.431872460217994, 0.17, -0.261872460217994, 0, 0, 0, 250, 0, 0, 0, -170, 250, 83, 1, 11, 77
40.45100000000001, 3.254201296928467, 0.08044798143255958, 0.08005089058524174, 0.7836940298507463, 0.431872460217994, 0.15, -0.2818724602179941, 0, 0, 0, 250, 0, 0, 0, -170, 244, 80, 6, 3, 77
40.499, 3.258110834452935, 0.08044916749680077, 0.08005089058524174, 0.7836940298507463, 0.431872460217994, 0.16, -0.271872460217994, 0, 0, 0, 250, 0, 0, 0, -170, 255, 83, 11, 3, 77
40.546, 3.261776025882122, 0.08044630853554292, 0.08005089058524174, 0.7836940298507463, 0.431872460217994, 0.18, -0.251872460217994, 0, 0, 0, 250, 0, 0, 0, -170, 250, 79, 5, 4, 77
40.591, 3.26544121731131, 0.0804474198051615, 0.08005089058524174, 0.7836940298507463, 0.431872460217994, 0.22, -0.211872460217994, 0, 0, 0, 250, 0, 0, 0, -170, 253, 82, 3, 3, 77
40.639, 3.269350754835778, 0.08044860244680672, 0.08005089058524174, 0.7836940298507463, 0.431872460217994, 0.24, -0.191872460217994, 0, 0, 0, 250, 0, 0, 0, -170, 252, 77, 1, 5, 77
40.688, 3.273504638455524, 0.08045381042212751, 0.08005089058524174, 0.7836940298507463, 0.431872460217994, 0.21, -0.221872460217994, 0, 0, 0, 250, 0, 0, 0, -170, 250, 80, 2, 3, 77
40.738, 3.277414175979992, 0.08045103284353655, 0.08005089058524174, 0.7836940298507463, 0.431872460217994, 0.19, -0.241872460217994, 0, 0, 0, 250, 0, 0, 0, -170, 255, 81, 5, 1, 77
40.785, 3.281323713504459, 0.08045417956367437, 0.08005089058524174, 0.7836940298507463, 0.431872460217994, 0.19, -0.241872460217994, 0, 0, 0, 250, 0, 0, 0, -170, 248, 82, 7, 1, 77
40.836, 3.285233251028926, 0.08044943802108254, 0.08005089058524174, 0.7836940298507463, 0.431872460217994, 0.21, -0.221872460217994, 0, 0, 0, 250, 0, 0, 0, -170, 253, 76, 5, 6, 77
40.881, 3.289142788553394, 0.08045651497158566, 0.08005089058524174, 0.7836940298507463, 0.431872460217994, 0.17, -0.261872460217994, 0, 0, 0, 250, 0, 0, 0, -170, 259, 88, 6, 12, 77
40.93, 3.293052326077861, 0.08045571282867972, 0.08005089058524174, 0.7836940298507463, 0.431872460217994, 0.21, -0.221872460217994, 0, 0, 0, 250, 0, 0, 0, -170, 242, 69, 17, 19, 77
40.98, 3.296961863602328, 0.08045294933143799, 0.08005089058524174, 0.7836940298507463, 0.431872460217994, 0.19, -0.241872460217994, 0, 0, 0, 250, 0, 0, 0, -170, 254, 91, 12, 22, 77
41.03000000000001, 3.300871401126796, 0.08045019256950514, 0.08005089058524174, 0.7836940298507463, 0.431872460217994, 0.19, -0.241872460217994, 0, 0, 0, 250, 0, 0, 0, -170, 240, 75, 14, 16, 77
41.079, 3.304780938651263, 0.08044940087760809, 0.08005089058524174, 0.7836940298507463, 0.431872460217994, 0.19, -0.241872460217994, 0, 0, 0, 250, 0, 0, 0, -170, 261, 84, 21, 9, 77
41.13, 3.30893482227101, 0.0804506399774133, 0.08005089058524174, 0.7836940298507463, 0.431872460217994, 0.19, -0.241872460217994, 0, 0, 0, 250, 0, 0, 0, -170, 251, 79, 10, 5, 77
41.18, 3.313333051986035, 0.08045976328280805, 0.08005089058524174, 0.7836940298507463, 0.431872460217994, 0.23, -0.201872460217994, 0, 0, 0, 250, 0, 0, 0, -170, 253, 76, 2, 3, 77
41.23, 3.317242589510502, 0.08045701163013586, 0.08005089058524174, 0.7836940298507463, 0.431872460217994, 0.4, -0.03187246021799403, 0, 0, 0, 250, 0, 0, 0, -170, 248, 88, 5, 12, 77
41.28, 3.321396473130249, 0.08046018588009323, 0.08005089058524174, 0.7836940298507463, 0.431872460217994, 0.6899999999999999, 0.258127539782006, 0, 0, 0, 250, 0, 0, 0, 170, 245, 80, 3, 8, 78
41.328, 3.325061664559437, 0.08045542161632396, 0.08005089058524174, 0.7836940298507463, 0.431872460217994, 0.8, 0.368127539782006, 0, 0, 0, 250, 0, 0, 0, 170, 239, 97, 6, 17, 78
41.378, 3.329215548179183, 0.08045859026968881, 0.08005089058524174, 0.7836940298507463, 0.431872460217994, 0.8100000000000001, 0.378127539782006, 0, 0, 0, 250, 0, 0, 0, 170, 169, 200, 70, 103, 78
41.43, 3.33361377789421, 0.08046376485383078, 0.08005089058524174, 0.7836940298507463, 0.431872460217994, 0.8299999999999999, 0.398127539782006, 0, 0, 0, 250, 0, 0, 0, 170, 66, 257, 103, 57, 78
41.479, 3.337278969323398, 0.08045707392471847, 0.08005089058524174, 0.7836940298507463, 0.431872460217994, 0.84, 0.4081275397820059, 0, 0, 0, 250, 0, 0, 0, 170, 60, 236, 6, 21, 78
41.52900000000001, 3.341188506847864, 0.08045434532129029, 0.08005089058524174, 0.7836940298507463, 0.431872460217994, 0.8199999999999999, 0.388127539782006, 0, 0, 0, 250, 0, 0, 0, 170, 99, 262, 39, 26, 78
41.576, 3.345342390467612, 0.08046330552404299, 0.08005089058524174, 0.7836940298507463, 0.431872460217994, 0.73, 0.298127539782006, 0, 0, 0, 250, 0, 0, 0, 170, 77, 249, 22, 13, 78
41.63, 3.349251927992079, 0.08045284477521209, 0.08005089058524174, 0.7836940298507463, 0.431872460217994, 0.4600000000000001, 0.02812753978200597, 0, 0, 0, 250, 0, 0, 0, 170, 78, 243, 1, 6, 78
41.679, 3.353650157707104, 0.08046378650416525, 0.08005089058524174, 0.7836940298507463, 0.431872460217994, 0.24, -0.191872460217994, 0, 0, 0, 250, 0, 0, 0, -170, 83, 262, 5, 19, 79
41.726, 3.357071003041013, 0.08045513595937816, 0.08005089058524174, 0.7836940298507463, 0.431872460217994, 0.18, -0.251872460217994, 0, 0, 0, 250, 0, 0, 0, -170, 84, 235, 1, 27, 79
41.781, 3.361957924946597, 0.08046619097069474, 0.08005089058524174, 0.7836940298507463, 0.431872460217994, 0.18, -0.251872460217994, 0, 0, 0, 250, 0, 0, 0, -170, 192, 139, 108, 96, 79
41.829, 3.364890078089948, 0.08044395223624633, 0.08005089058524174, 0.7836940298507463, 0.431872460217994, 0.19, -0.241872460217994, 0, 0, 0, 250, 0, 0, 0, -170, 245, 63, 53, 76, 79
41.876, 3.369043961709694, 0.08045285991283059, 0.08005089058524174, 0.7836940298507463, 0.431872460217994, 0.22, -0.211872460217994, 0, 0, 0, 250, 0, 0, 0, -170, 261, 77, 16, 14, 79
41.925, 3.37344219142472, 0.08046373742217579, 0.08005089058524174, 0.7836940298507463, 0.431872460217994, 0.19, -0.241872460217994, 0, 0, 0, 250, 0, 0, 0, -170, 254, 93, 7, 16, 79
41.976, 3.377107382853908, 0.08045329194906394, 0.08005089058524174, 0.7836940298507463, 0.431872460217994, 0.35, -0.08187246021799403, 0, 0, 0, 250, 0, 0, 0, -170, 250, 70, 4, 23, 79
42.02900000000001, 3.381261266473655, 0.0804506713572451, 0.08005089058524174, 0.7836940298507463, 0.431872460217994, 0.7, 0.268127539782006, 0, 0, 0, 250, 0, 0, 0, 170, 246, 81, 4, 11, 80
42.08, 3.38565949618868, 0.08045768764706938, 0.08005089058524174, 0.7836940298507463, 0.431872460217994, 0.84, 0.4081275397820059, 0, 0, 0, 250, 0, 0, 0, 170, 225, 98, 21, 17, 80
42.125, 3.389569033713147, 0.08046454679437737, 0.08005089058524174, 0.7836940298507463, 0.431872460217994, 0.85, 0.418127539782006, 0, 0, 0, 250, 0, 0, 0, 170, 160, 194, 65, 96, 80
42.176, 3.393478571237615, 0.0804599433620451, 0.08005089058524174, 0.7836940298507463, 0.431872460217994, 0.86, 0.428127539782006, 0, 0, 0, 250, 0, 0, 0, 170, 71, 270, 89, 76, 80
42.228, 3.397143762666803, 0.0804476594360804, 0.08005089058524174, 0.7836940298507463, 0.431872460217994, 0.74, 0.308127539782006, 0, 0, 0, 250, 0, 0, 0, 170, 59, 229, 12, 41, 80
42.28000000000001, 3.401786338477108, 0.08045852266975185, 0.08005089058524174, 0.7836940298507463, 0.431872460217994, 0.86, 0.428127539782006, 0, 0, 0, 250, 0, 0, 0, 170, 98, 252, 39, 23, 80
42.32500000000001, 3.405695876001575, 0.08046534851746189, 0.08005089058524174, 0.7836940298507463, 0.431872460217994, 0.71, 0.278127539782006, 0, 0, 0, 250, 0, 0, 0, 170, 79, 268, 19, 16, 80
42.379, 3.409605413526042, 0.08045507004709979, 0.08005089058524174, 0.7836940298507463, 0.431872460217994, 0.43, -0.001872460217994032, 0, 0, 0, 250, 0, 0, 0, -170, 78, 242, 1, 26, 81
42.431, 3.414003643241068, 0.08046012687047366, 0.08005089058524174, 0.7836940298507463, 0.431872460217994, 0.24, -0.191872460217994, 0, 0, 0, 250, 0, 0, 0, -170, 92, 222, 14, 20, 81
42.48, 3.417668834670256, 0.08045359780297211, 0.08005089058524174, 0.7836940298507463, 0.431872460217994, 0.21, -0.221872460217994, 0, 0, 0, 250, 0, 0, 0, -170, 194, 150, 102, 72, 81
42.529, 3.421578372194724, 0.08045282917996481, 0.08005089058524174, 0.7836940298507463, 0.431872460217994, 0.21, -0.221872460217994, 0, 0, 0, 250, 0, 0, 0, -170, 237, 69, 43, 81, 81
42.578, 3.425487909719191, 0.08045206232606489, 0.08005089058524174, 0.7836940298507463, 0.431872460217994, 0.33, -0.101872460217994, 0, 0, 0, 250, 0, 0, 0, -170, 261, 87, 24, 18, 81
42.628, 3.429886139434216, 0.08046087406010642, 0.08005089058524174, 0.7836940298507463, 0.431872460217994, 0.58, 0.148127539782006, 0, 0, 0, 250, 0, 0, 0, 170, 257, 82, 4, 5, 82
42.685, 3.434284369149242, 0.08045646876301376, 0.08005089058524174, 0.7836940298507463, 0.431872460217994, 0.8, 0.368127539782006, 0, 0, 0, 250, 0, 0, 0, 170, 219, 102, 38, 20, 82
42.729, 3.438193906673709, 0.08046511518345174, 0.08005089058524174, 0.7836940298507463, 0.431872460217994, 0.8299999999999999, 0.398127539782006, 0, 0, 0, 250, 0, 0, 0, 170, 154, 192, 65, 90, 82
42.77900000000001, 3.442103444198176, 0.08046245691105863, 0.08005089058524174, 0.7836940298507463, 0.431872460217994, 0.8199999999999999, 0.388127539782006, 0, 0, 0, 250, 0, 0, 0, 170, 73, 247, 81, 55, 82
42.826, 3.446012981722644, 0.08046544112741428, 0.08005089058524174, 0.7836940298507463, 0.431872460217994, 0.8, 0.368127539782006, 0, 0, 0, 250, 0, 0, 0, 170, 81, 248, 8, 1, 82
42.88600000000001, 3.450655557532949, 0.08046111918884831, 0.08005089058524174, 0.7836940298507463, 0.431872460217994, 0.51, 0.07812753978200597, 0, 0, 0, 250, 0, 0, 0, 170, 86, 259, 5, 11, 82
42.938, 3.454809441152695, 0.080460418304362, 0.08005089058524174, 0.7836940298507463, 0.431872460217994, 0.34, -0.09187246021799403, 0, 0, 0, 250, 0, 0, 0, -170, 74, 237, 12, 22, 83
42.99, 3.458963324772442, 0.08045971911543248, 0.08005089058524174, 0.7836940298507463, 0.431872460217994, 0.13, -0.301872460217994, 0, 0, 0, 250, 0, 0, 0, -170, 90, 230, 16, 7, 83
43.04, 3.463117208392189, 0.08046276041803413, 0.08005089058524174, 0.7836940298507463, 0.431872460217994, 0.12, -0.311872460217994, 0, 0, 0, 250, 0, 0, 0, -170, 204, 149, 114, 81, 83
43.089, 3.467026745916656, 0.08046199136477188, 0.08005089058524174, 0.7836940298507463, 0.431872460217994, 0.09, -0.3418724602179941, 0, 0, 0, 250, 0, 0, 0, -170, 243, 71, 39, 78, 83
43.137, 3.470936283441123, 0.0804630893071174, 0.08005089058524174, 0.7836940298507463, 0.431872460217994, 0.14, -0.291872460217994, 0, 0, 0, 250, 0, 0, 0, -170, 262, 78, 19, 7, 83
43.184, 3.474601474870311, 0.08046038984045737, 0.08005089058524174, 0.7836940298507463, 0.431872460217994, 0.24, -0.191872460217994, 0, 0, 0, 250, 0, 0, 0, -170, 256, 87, 6, 9, 83
43.232, 3.478755358490058, 0.08046713912125412, 0.08005089058524174, 0.7836940298507463, 0.431872460217994, 0.37, -0.06187246021799403, 0, 0, 0, 250, 0, 0, 0, -170, 244, 71, 12, 16, 83
43.288, 3.483153588205083, 0.08046464581882008, 0.08005089058524174, 0.7836940298507463, 0.431872460217994, 0.71, 0.278127539782006, 0, 0, 0, 250, 0, 0, 0, 170, 255, 89, 11, 18, 84
43.334, 3.486818779634271, 0.08046381085600849, 0.08005089058524174, 0.7836940298507463, 0.431872460217994, 0.8199999999999999, 0.388127539782006, 0, 0, 0, 250, 0, 0, 0, 170, 237, 95, 18, 6, 84
43.39, 3.491705701539856, 0.08047259049411974, 0.08005089058524174, 0.7836940298507463, 0.431872460217994, 0.8299999999999999, 0.398127539782006, 0, 0, 0, 250, 0, 0, 0, 170, 145, 192, 92, 97, 84
43.43900000000001, 3.495615239064323, 0.08047181654882301, 0.08005089058524174, 0.7836940298507463, 0.431872460217994, 0.8199999999999999, 0.388127539782006, 0, 0, 0, 250, 0, 0, 0, 170, 73, 271, 72, 79, 84
43.489, 3.499280430493511, 0.0804635753982274, 0.08005089058524174, 0.7836940298507463, 0.431872460217994, 0.8199999999999999, 0.388127539782006, 0, 0, 0, 250, 0, 0, 0, 170, 68, 225, 5, 46, 84
43.534, 3.502945621922699, 0.08046459369510494, 0.08005089058524174, 0.7836940298507463, 0.431872460217994, 0.8, 0.368127539782006, 0, 0, 0, 250, 0, 0, 0, 170, 94, 259, 26, 34, 84
43.589, 3.507832543828284, 0.080475178229101, 0.08005089058524174, 0.7836940298507463, 0.431872460217994, 0.62, 0.188127539782006, 0, 0, 0, 250, 0, 0, 0, 170, 79, 252, 15, 7, 84
43.65, 3.512230773543309, 0.08046347705712048, 0.08005089058524174, 0.7836940298507463, 0.431872460217994, 0.3, -0.131872460217994, 0, 0, 0, 250, 0, 0, 0, -170, 75, 245, 4, 7, 85
43.69700000000001, 3.516140311067776, 0.08046640069267401, 0.08005089058524174, 0.7836940298507463, 0.431872460217994, 0.2, -0.2318724602179941, 0, 0, 0, 250, 0, 0, 0, -170, 95, 228, 20, 17, 85
43.746, 3.520294194687523, 0.08047122467625664, 0.08005089058524174, 0.7836940298507463, 0.431872460217994, 0.21, -0.221872460217994, 0, 0, 0, 250, 0, 0, 0, -170, 187, 152, 92, 76, 85
43.795, 3.523715040021431, 0.08045929992057156, 0.08005089058524174, 0.7836940298507463, 0.431872460217994, 0.22, -0.211872460217994, 0, 0, 0, 250, 0, 0, 0, -170, 240, 66, 53, 86, 85
43.849, 3.528601961927015, 0.08047166325177349, 0.08005089058524174, 0.7836940298507463, 0.431872460217994, 0.22, -0.211872460217994, 0, 0, 0, 250, 0, 0, 0, -170, 268, 86, 28, 20, 85
43.915, 3.533733229927879, 0.08046756757207968, 0.08005089058524174, 0.7836940298507463, 0.431872460217994, 0.35, -0.08187246021799403, 0, 0, 0, 250, 0, 0, 0, -170, 245, 74, 23, 12, 85
43.961, 3.537642767452347, 0.08047229970774882, 0.08005089058524174, 0.7836940298507463, 0.431872460217994, 0.55, 0.118127539782006, 0, 0, 0, 250, 0, 0, 0, 170, 245, 83, 0, 9, 86
44.011, 3.541552304976814, 0.08046970768618786, 0.08005089058524174, 0.7836940298507463, 0.431872460217994, 0.77, 0.338127539782006, 0, 0, 0, 250, 0, 0, 0, 170, 231, 94, 14, 11, 86
44.066, 3.54595053469184, 0.08046908125747377, 0.08005089058524174, 0.7836940298507463, 0.431872460217994, 0.75, 0.318127539782006, 0, 0, 0, 250, 0, 0, 0, 170, 161, 189, 70, 95, 86
44.111, 3.549860072216307, 0.08047561996364415, 0.08005089058524174, 0.7836940298507463, 0.431872460217994, 0.71, 0.278127539782006, 0, 0, 0, 250, 0, 0, 0, 170, 73, 271, 88, 82, 86
44.15999999999999, 3.553525263645495, 0.08046932209342154, 0.08005089058524174, 0.7836940298507463, 0.431872460217994, 0.61, 0.178127539782006, 0, 0, 0, 250, 0, 0, 0, 170, 63, 232, 10, 39, 86
44.219, 3.5581678394558, 0.08046694496609602, 0.08005089058524174, 0.7836940298507463, 0.431872460217994, 0.52, 0.08812753978200597, 0, 0, 0, 250, 0, 0, 0, 170, 91, 239, 28, 7, 86
44.27700000000001, 3.562810415266105, 0.08046639147336325, 0.08005089058524174, 0.7836940298507463, 0.431872460217994, 0.24, -0.191872460217994, 0, 0, 0, 250, 0, 0, 0, -170, 77, 266, 14, 27, 87
44.329, 3.566964298885851, 0.08046570639729861, 0.08005089058524174, 0.7836940298507463, 0.431872460217994, 0.27, -0.161872460217994, 0, 0, 0, 250, 0, 0, 0, -170, 92, 231, 15, 35, 87
44.379, 3.571118182505598, 0.08046864919231162, 0.08005089058524174, 0.7836940298507463, 0.431872460217994, 0.8100000000000001, 0.378127539782006, 0, 0, 0, 250, 0, 0, 0, 170, 188, 141, 96, 90, 88
44.421, 3.574539027839507, 0.08046957582763797, 0.08005089058524174, 0.7836940298507463, 0.431872460217994, 0.79, 0.3581275397820059, 0, 0, 0, 250, 0, 0, 0, 170, 232, 85, 44, 56, 88
44.47, 3.578204219268695, 0.08046332851964683, 0.08005089058524174, 0.7836940298507463, 0.431872460217994, 0.85, 0.418127539782006, 0, 0, 0, 250, 0, 0, 0, 170, 174, 190, 58, 105, 88
44.52000000000001, 3.582358102888441, 0.08046626466505934, 0.08005089058524174, 0.7836940298507463, 0.431872460217994, 0.76, 0.328127539782006, 0, 0, 0, 250, 0, 0, 0, 170, 80, 255, 94, 65, 88
44.569, 3.586267640412908, 0.08046551729706541, 0.08005089058524174, 0.7836940298507463, 0.431872460217994, 0.6, 0.168127539782006, 0, 0, 0, 250, 0, 0, 0, 170, 57, 256, 23, 1, 88
44.619, 3.590421524032655, 0.08046844447505896, 0.08005089058524174, 0.7836940298507463, 0.431872460217994, 0.73, 0.298127539782006, 0, 0, 0, 250, 0, 0, 0, 170, 88, 248, 31, 8, 88
44.669, 3.594331061557122, 0.08046589495079635, 0.08005089058524174, 0.7836940298507463, 0.431872460217994, 0.7199999999999999, 0.288127539782006, 0, 0, 0, 250, 0, 0, 0, 170, 88, 250, 0, 2, 88
44.71800000000001, 3.59824059908159, 0.0804651504781428, 0.08005089058524174, 0.7836940298507463, 0.431872460217994, 0.71, 0.278127539782006, 0, 0, 0, 250, 0, 0, 0, 170, 73, 243, 15, 7, 88
44.769, 3.602638828796615, 0.08047172884801125, 0.08005089058524174, 0.7836940298507463, 0.431872460217994, 0.71, 0.278127539782006, 0, 0, 0, 250, 0, 0, 0, 170, 83, 266, 10, 23, 88
44.815, 3.606059674130524, 0.08046546187951634, 0.08005089058524174, 0.7836940298507463, 0.431872460217994, 0.73, 0.298127539782006, 0, 0, 0, 250, 0, 0, 0, 170, 77, 245, 6, 21, 88
44.865, 3.61021355775027, 0.08046837306921365, 0.08005089058524174, 0.7836940298507463, 0.431872460217994, 0.73, 0.298127539782006, 0, 0, 0, 250, 0, 0, 0, 170, 84, 253, 7, 8, 88
44.911, 3.614123095274738, 0.08047300428123929, 0.08005089058524174, 0.7836940298507463, 0.431872460217994, 0.74, 0.308127539782006, 0, 0, 0, 250, 0, 0, 0, 170, 76, 256, 8, 3, 88
44.96, 3.618032632799205, 0.08047225606759799, 0.08005089058524174, 0.7836940298507463, 0.431872460217994, 0.77, 0.338127539782006, 0, 0, 0, 250, 0, 0, 0, 170, 90, 255, 14, 1, 88
45.01, 3.621942170323672, 0.08046972162460946, 0.08005089058524174, 0.7836940298507463, 0.431872460217994, 0.79, 0.3581275397820059, 0, 0, 0, 250, 0, 0, 0, 170, 72, 237, 18, 18, 88
45.057, 3.62585170784814, 0.08047255049932618, 0.08005089058524174, 0.7836940298507463, 0.431872460217994, 0.8100000000000001, 0.378127539782006, 0, 0, 0, 250, 0, 0, 0, 170, 77, 261, 5, 24, 88
45.105, 3.629516899277328, 0.08046817202698875, 0.08005089058524174, 0.7836940298507463, 0.431872460217994, 0.8199999999999999, 0.388127539782006, 0, 0, 0, 250, 0, 0, 0, 170, 81, 253, 4, 8, 88
45.156, 3.633670782897074, 0.08046927945117091, 0.08005089058524174, 0.7836940298507463, 0.431872460217994, 0.8199999999999999, 0.388127539782006, 0, 0, 0, 250, 0, 0, 0, 170, 83, 251, 2, 2, 88
45.2, 3.637335974326263, 0.08047203483022704, 0.08005089058524174, 0.7836940298507463, 0.431872460217994, 0.8199999999999999, 0.388127539782006, 0, 0, 0, 250, 0, 0, 0, 170, 84, 253, 1, 2, 88
45.254, 3.641489857946009, 0.08046780081199472, 0.08005089058524174, 0.7836940298507463, 0.431872460217994, 0.8299999999999999, 0.398127539782006, 0, 0, 0, 250, 0, 0, 0, 170, 73, 244, 11, 9, 88
45.299, 3.645399395470477, 0.08047416930772151, 0.08005089058524174, 0.7836940298507463, 0.431872460217994, 0.7800000000000001, 0.348127539782006, 0, 0, 0, 250, 0, 0, 0, 170, 79, 249, 6, 5, 88
45.354, 3.649553279090223, 0.08046816772699701, 0.08005089058524174, 0.7836940298507463, 0.431872460217994, 0.4, -0.03187246021799403, 0, 0, 0, 250, 0, 0, 0, -170, 85, 251, 6, 2, 89
45.4, 3.653707162709969, 0.080478131337224, 0.08005089058524174, 0.7836940298507463, 0.431872460217994, 0.09, -0.3418724602179941, 0, 0, 0, 250, 0, 0, 0, -170, 90, 237, 5, 14, 89
45.449, 3.657616700234436, 0.08047738564620644, 0.08005089058524174, 0.7836940298507463, 0.431872460217994, 0.08, -0.351872460217994, 0, 0, 0, 250, 0, 0, 0, -170, 189, 153, 99, 84, 89
45.49600000000001, 3.661281891663624, 0.0804748085911646, 0.08005089058524174, 0.7836940298507463, 0.431872460217994, 0.09, -0.3418724602179941, 0, 0, 0, 250, 0, 0, 0, -170, 250, 66, 61, 87, 89
45.54, 3.664702736997533, 0.0804721725295901, 0.08005089058524174, 0.7836940298507463, 0.431872460217994, 0.11, -0.321872460217994, 0, 0, 0, 250, 0, 0, 0, -170, 265, 79, 15, 13, 89
45.599, 3.669834004998397, 0.08048058082410572, 0.08005089058524174, 0.7836940298507463, 0.431872460217994, 0.5, 0.06812753978200598, 0, 0, 0, 250, 0, 0, 0, 170, 242, 80, 23, 1, 90
45.651, 3.673499196427585, 0.08046919446293806, 0.08005089058524174, 0.7836940298507463, 0.431872460217994, 0.8, 0.368127539782006, 0, 0, 0, 250, 0, 0, 0, 170, 230, 89, 12, 9, 90
45.703, 3.67814177223789, 0.08047921957503645, 0.08005089058524174, 0.7836940298507463, 0.431872460217994, 0.8100000000000001, 0.378127539782006, 0, 0, 0, 250, 0, 0, 0, 170, 140, 204, 90, 115, 90
45.75, 3.682051309762357, 0.08048199584180015, 0.08005089058524174, 0.7836940298507463, 0.431872460217994, 0.8100000000000001, 0.378127539782006, 0, 0, 0, 250, 0, 0, 0, 170, 73, 247, 67, 43, 90
45.797, 3.684983462905708, 0.08046342474191995, 0.08005089058524174, 0.7836940298507463, 0.431872460217994, 0.8100000000000001, 0.378127539782006, 0, 0, 0, 250, 0, 0, 0, 170, 57, 251, 16, 4, 90
45.85, 3.690114730906571, 0.08048232782784234, 0.08005089058524174, 0.7836940298507463, 0.431872460217994, 0.79, 0.3581275397820059, 0, 0, 0, 250, 0, 0, 0, 170, 92, 253, 35, 2, 90
45.9, 3.693779922335759, 0.08047450811189018, 0.08005089058524174, 0.7836940298507463, 0.431872460217994, 0.7800000000000001, 0.348127539782006, 0, 0, 0, 250, 0, 0, 0, 170, 80, 248, 12, 5, 90
45.948, 3.697445113764947, 0.08047020792558865, 0.08005089058524174, 0.7836940298507463, 0.431872460217994, 0.77, 0.338127539782006, 0, 0, 0, 250, 0, 0, 0, 170, 74, 236, 6, 12, 90
45.992, 3.701110305194136, 0.08047291496769297, 0.08005089058524174, 0.7836940298507463, 0.431872460217994, 0.7800000000000001, 0.348127539782006, 0, 0, 0, 250, 0, 0, 0, 170, 82, 267, 8, 31, 90
46.039, 3.705019842718603, 0.08047568024324166, 0.08005089058524174, 0.7836940298507463, 0.431872460217994, 0.77, 0.338127539782006, 0, 0, 0, 250, 0, 0, 0, 170, 82, 248, 0, 19, 90
46.089, 3.70892938024307, 0.08047320141992818, 0.08005089058524174, 0.7836940298507463, 0.431872460217994, 0.77, 0.338127539782006, 0, 0, 0, 250, 0, 0, 0, 170, 84, 251, 2, 3, 90
46.134, 3.712594571672258, 0.08047415293866255, 0.08005089058524174, 0.7836940298507463, 0.431872460217994, 0.7800000000000001, 0.348127539782006, 0, 0, 0, 250, 0, 0, 0, 170, 79, 248, 5, 3, 90
46.181, 3.716504109196725, 0.08047690845145677, 0.08005089058524174, 0.7836940298507463, 0.431872460217994, 0.8, 0.368127539782006, 0, 0, 0, 250, 0, 0, 0, 170, 83, 239, 4, 9, 90
46.23, 3.720169300625913, 0.08047089120973206, 0.08005089058524174, 0.7836940298507463, 0.431872460217994, 0.8, 0.368127539782006, 0, 0, 0, 250, 0, 0, 0, 170, 69, 246, 14, 7, 90
46.275, 3.723834492055102, 0.08047184207574503, 0.08005089058524174, 0.7836940298507463, 0.431872460217994, 0.8100000000000001, 0.378127539782006, 0, 0, 0, 250, 0, 0, 0, 170, 89, 245, 20, 1, 90
46.329, 3.728477067865406, 0.08047825482668321, 0.08005089058524174, 0.7836940298507463, 0.431872460217994, 0.8199999999999999, 0.388127539782006, 0, 0, 0, 250, 0, 0, 0, 170, 81, 261, 8, 16, 90
46.379, 3.732142259294594, 0.08047052026336477, 0.08005089058524174, 0.7836940298507463, 0.431872460217994, 0.8199999999999999, 0.388127539782006, 0, 0, 0, 250, 0, 0, 0, 170, 70, 255, 11, 6, 90
46.429, 3.73654048900962, 0.08047859073013891, 0.08005089058524174, 0.7836940298507463, 0.431872460217994, 0.84, 0.4081275397820059, 0, 0, 0, 250, 0, 0, 0, 170, 89, 244, 19, 11, 90
46.478, 3.740205680438808, 0.08047260382199768, 0.08005089058524174, 0.7836940298507463, 0.431872460217994, 0.84, 0.4081275397820059, 0, 0, 0, 250, 0, 0, 0, 170, 75, 255, 14, 11, 90
46.53, 3.744603910153834, 0.08047719557605488, 0.08005089058524174, 0.7836940298507463, 0.431872460217994, 0.85, 0.418127539782006, 0, 0, 0, 250, 0, 0, 0, 170, 79, 254, 4, 1, 90
46.58, 3.748757793773581, 0.08047998698526364, 0.08005089058524174, 0.7836940298507463, 0.431872460217994, 0.84, 0.4081275397820059, 0, 0, 0, 250, 0, 0, 0, 170, 81, 246, 2, 8, 90
46.62500000000001, 3.75193429301221, 0.08047044060079806, 0.08005089058524174, 0.7836940298507463, 0.431872460217994, 0.84, 0.4081275397820059, 0, 0, 0, 250, 0, 0, 0, 170, 76, 249, 5, 3, 90
46.675, 3.756088176631957, 0.08047323356469109, 0.08005089058524174, 0.7836940298507463, 0.431872460217994, 0.86, 0.428127539782006, 0, 0, 0, 250, 0, 0, 0, 170, 79, 252, 3, 3, 90
46.729, 3.760486406346982, 0.08047436081120892, 0.08005089058524174, 0.7836940298507463, 0.431872460217994, 0.74, 0.308127539782006, 0, 0, 0, 250, 0, 0, 0, 170, 81, 247, 2, 5, 90
46.79, 3.765373328252567, 0.08047389032384199, 0.08005089058524174, 0.7836940298507463, 0.431872460217994, 0.85, 0.418127539782006, 0, 0, 0, 250, 0, 0, 0, 170, 76, 254, 5, 7, 90
46.83800000000001, 3.769527211872313, 0.08048010615039738, 0.08005089058524174, 0.7836940298507463, 0.431872460217994, 0.89, 0.458127539782006, 0, 0, 0, 250, 0, 0, 0, 170, 80, 248, 4, 6, 90
46.889, 3.773436749396781, 0.08047594850384483, 0.08005089058524174, 0.7836940298507463, 0.431872460217994, 0.8299999999999999, 0.398127539782006, 0, 0, 0, 250, 0, 0, 0, 170, 79, 251, 1, 3, 90
46.939, 3.777834979111806, 0.0804839255014339, 0.08005089058524174, 0.7836940298507463, 0.431872460217994, 0.8299999999999999, 0.398127539782006, 0, 0, 0, 250, 0, 0, 0, 170, 83, 247, 4, 4, 90
46.984, 3.781255824445715, 0.08047964891124032, 0.08005089058524174, 0.7836940298507463, 0.431872460217994, 0.84, 0.4081275397820059, 0, 0, 0, 250, 0, 0, 0, 170, 76, 255, 7, 8, 90
47.03600000000001, 3.785165361970182, 0.08047379373182631, 0.08005089058524174, 0.7836940298507463, 0.431872460217994, 0.8199999999999999, 0.388127539782006, 0, 0, 0, 250, 0, 0, 0, 170, 80, 251, 4, 4, 90
47.083, 3.78907489949465, 0.08047649681402312, 0.08005089058524174, 0.7836940298507463, 0.431872460217994, 0.8, 0.368127539782006, 0, 0, 0, 250, 0, 0, 0, 170, 82, 249, 2, 2, 90
47.135, 3.793228783114396, 0.08047584137295843, 0.08005089058524174, 0.7836940298507463, 0.431872460217994, 0.79, 0.3581275397820059, 0, 0, 0, 250, 0, 0, 0, 170, 74, 253, 8, 4, 90
47.18500000000001, 3.797382666734142, 0.08047859842607062, 0.08005089058524174, 0.7836940298507463, 0.431872460217994, 0.7800000000000001, 0.348127539782006, 0, 0, 0, 250, 0, 0, 0, 170, 81, 247, 7, 6, 90
47.23, 3.80129220425861, 0.08048469625785749, 0.08005089058524174, 0.7836940298507463, 0.431872460217994, 0.7800000000000001, 0.348127539782006, 0, 0, 0, 250, 0, 0, 0, 170, 88, 251, 7, 4, 90
47.286, 3.805446087878357, 0.08047722556101926, 0.08005089058524174, 0.7836940298507463, 0.431872460217994, 0.79, 0.3581275397820059, 0, 0, 0, 250, 0, 0, 0, 170, 74, 248, 14, 3, 90
47.331, 3.809355625402823, 0.08048331168584697, 0.08005089058524174, 0.7836940298507463, 0.431872460217994, 0.75, 0.318127539782006, 0, 0, 0, 250, 0, 0, 0, 170, 84, 245, 10, 3, 90
47.38, 3.813020816832011, 0.08047743387150719, 0.08005089058524174, 0.7836940298507463, 0.431872460217994, 0.8, 0.368127539782006, 0, 0, 0, 250, 0, 0, 0, 170, 80, 247, 4, 2, 90
47.43300000000001, 3.817174700451758, 0.0804750848660586, 0.08005089058524174, 0.7836940298507463, 0.431872460217994, 0.84, 0.4081275397820059, 0, 0, 0, 250, 0, 0, 0, 170, 80, 247, 0, 0, 90
47.479, 3.821328584071505, 0.08048460549024842, 0.08005089058524174, 0.7836940298507463, 0.431872460217994, 0.8100000000000001, 0.378127539782006, 0, 0, 0, 250, 0, 0, 0, 170, 78, 255, 2, 8, 90
47.54, 3.826215505977089, 0.08048412928012388, 0.08005089058524174, 0.7836940298507463, 0.431872460217994, 0.41, -0.02187246021799403, 0, 0, 0, 250, 0, 0, 0, -170, 85, 263, 7, 8, 91
47.59, 3.830125043501556, 0.08048171976258784, 0.08005089058524174, 0.7836940298507463, 0.431872460217994, 0.09, -0.3418724602179941, 0, 0, 0, 250, 0, 0, 0, -170, 93, 224, 8, 39, 91
47.64, 3.834278927121303, 0.08048444431404917, 0.08005089058524174, 0.7836940298507463, 0.431872460217994, 0.08, -0.351872460217994, 0, 0, 0, 250, 0, 0, 0, -170, 190, 140, 97, 84, 91
47.69, 3.83818846464577, 0.08048203951867833, 0.08005089058524174, 0.7836940298507463, 0.431872460217994, 0.08, -0.351872460217994, 0, 0, 0, 250, 0, 0, 0, -170, 249, 74, 59, 66, 91
47.739, 3.841364963884399, 0.08046597046197867, 0.08005089058524174, 0.7836940298507463, 0.431872460217994, 0.08, -0.351872460217994, 0, 0, 0, 250, 0, 0, 0, -170, 240, 82, 9, 8, 91
47.79, 3.846007539694705, 0.0804772450239528, 0.08005089058524174, 0.7836940298507463, 0.431872460217994, 0.08, -0.351872460217994, 0, 0, 0, 250, 0, 0, 0, -170, 252, 80, 12, 2, 91
47.833, 3.849428385028613, 0.08047641555053232, 0.08005089058524174, 0.7836940298507463, 0.431872460217994, 0.07000000000000001, -0.361872460217994, 0, 0, 0, 250, 0, 0, 0, -170, 267, 84, 15, 4, 91
47.879, 3.853337922553081, 0.08048075194872661, 0.08005089058524174, 0.7836940298507463, 0.431872460217994, 0.08, -0.351872460217994, 0, 0, 0, 250, 0, 0, 0, -170, 248, 77, 19, 7, 91
47.934, 3.857491806172827, 0.08047506584413624, 0.08005089058524174, 0.7836940298507463, 0.431872460217994, 0.13, -0.301872460217994, 0, 0, 0, 250, 0, 0, 0, -170, 236, 84, 12, 7, 91
47.99, 3.862134381983132, 0.08047789918697921, 0.08005089058524174, 0.7836940298507463, 0.431872460217994, 0.33, -0.101872460217994, 0, 0, 0, 250, 0, 0, 0, -170, 251, 77, 15, 7, 91
48.03900000000001, 3.8660439195076, 0.08047719393633505, 0.08005089058524174, 0.7836940298507463, 0.431872460217994, 0.64, 0.208127539782006, 0, 0, 0, 250, 0, 0, 0, 170, 248, 80, 3, 3, 92
48.086, 3.869953457032067, 0.08047983731298231, 0.08005089058524174, 0.7836940298507463, 0.431872460217994, 0.77, 0.338127539782006, 0, 0, 0, 250, 0, 0, 0, 170, 242, 95, 6, 15, 92
48.13600000000001, 3.874107340651813, 0.08048253574563347, 0.08005089058524174, 0.7836940298507463, 0.431872460217994, 0.76, 0.328127539782006, 0, 0, 0, 250, 0, 0, 0, 170, 163, 187, 79, 92, 92
48.185, 3.87801687817628, 0.08048182791690941, 0.08005089058524174, 0.7836940298507463, 0.431872460217994, 0.76, 0.328127539782006, 0, 0, 0, 250, 0, 0, 0, 170, 74, 254, 89, 67, 92
48.231, 3.881682069605469, 0.08048106134240362, 0.08005089058524174, 0.7836940298507463, 0.431872460217994, 0.77, 0.338127539782006, 0, 0, 0, 250, 0, 0, 0, 170, 72, 229, 2, 25, 92
48.28600000000001, 3.885835953225215, 0.0804754163365202, 0.08005089058524174, 0.7836940298507463, 0.431872460217994, 0.5300000000000001, 0.09812753978200597, 0, 0, 0, 250, 0, 0, 0, 170, 84, 265, 12, 36, 92
48.34000000000001, 3.890722875130799, 0.08048661305607776, 0.08005089058524174, 0.7836940298507463, 0.431872460217994, 0.1, -0.3318724602179941, 0, 0, 0, 250, 0, 0, 0, -170, 89, 258, 5, 7, 93
48.39, 3.894388066559987, 0.08047919129076229, 0.08005089058524174, 0.7836940298507463, 0.431872460217994, 0.08, -0.351872460217994, 0, 0, 0, 250, 0, 0, 0, -170, 93, 228, 4, 30, 93
48.43900000000001, 3.898541950179734, 0.08048353496520848, 0.08005089058524174, 0.7836940298507463, 0.431872460217994, 0.08, -0.351872460217994, 0, 0, 0, 250, 0, 0, 0, -170, 191, 138, 98, 90, 93
48.486, 3.901962795513643, 0.08047607135077431, 0.08005089058524174, 0.7836940298507463, 0.431872460217994, 0.07000000000000001, -0.361872460217994, 0, 0, 0, 250, 0, 0, 0, -170, 253, 64, 62, 74, 93
48.54, 3.906361025228668, 0.08047715338336769, 0.08005089058524174, 0.7836940298507463, 0.431872460217994, 0.08, -0.351872460217994, 0, 0, 0, 250, 0, 0, 0, -170, 257, 91, 4, 27, 93
48.58000000000001, 3.910026216657857, 0.0804863362836117, 0.08005089058524174, 0.7836940298507463, 0.431872460217994, 0.08, -0.351872460217994, 0, 0, 0, 250, 0, 0, 0, -170, 266, 87, 9, 4, 93
48.626, 3.913447061991765, 0.08048054666211009, 0.08005089058524174, 0.7836940298507463, 0.431872460217994, 0.08, -0.351872460217994, 0, 0, 0, 250, 0, 0, 0, -170, 236, 73, 30, 14, 93
48.67900000000001, 3.918089637802071, 0.08048829346950575, 0.08005089058524174, 0.7836940298507463, 0.431872460217994, 0.1, -0.3318724602179941, 0, 0, 0, 250, 0, 0, 0, -170, 256, 81, 20, 8, 93
48.73, 3.921999175326537, 0.08048428432847398, 0.08005089058524174, 0.7836940298507463, 0.431872460217994, 0.24, -0.191872460217994, 0, 0, 0, 250, 0, 0, 0, -170, 242, 82, 14, 1, 93
48.78, 3.925908712851005, 0.08048193343277992, 0.08005089058524174, 0.7836940298507463, 0.431872460217994, 0.61, 0.178127539782006, 0, 0, 0, 250, 0, 0, 0, 170, 258, 73, 16, 9, 94
48.829, 3.930062596470751, 0.08048623966230624, 0.08005089058524174, 0.7836940298507463, 0.431872460217994, 0.7800000000000001, 0.348127539782006, 0, 0, 0, 250, 0, 0, 0, 170, 236, 97, 22, 24, 94
48.88000000000001, 3.934216480090498, 0.0804872438643719, 0.08005089058524174, 0.7836940298507463, 0.431872460217994, 0.79, 0.3581275397820059, 0, 0, 0, 250, 0, 0, 0, 170, 146, 197, 90, 100, 94
48.92900000000001, 3.938126017614966, 0.08048654208373286, 0.08005089058524174, 0.7836940298507463, 0.431872460217994, 0.7800000000000001, 0.348127539782006, 0, 0, 0, 250, 0, 0, 0, 170, 63, 257, 83, 60, 94
48.98, 3.942035555139433, 0.08048255522946985, 0.08005089058524174, 0.7836940298507463, 0.431872460217994, 0.8100000000000001, 0.378127539782006, 0, 0, 0, 250, 0, 0, 0, 170, 88, 244, 25, 13, 94
49.02900000000001, 3.946189438759179, 0.08048684327151644, 0.08005089058524174, 0.7836940298507463, 0.431872460217994, 0.8100000000000001, 0.378127539782006, 0, 0, 0, 250, 0, 0, 0, 170, 86, 244, 2, 0, 94
49.08100000000001, 3.950587668474205, 0.08049118128143691, 0.08005089058524174, 0.7836940298507463, 0.431872460217994, 0.8100000000000001, 0.378127539782006, 0, 0, 0, 250, 0, 0, 0, 170, 77, 262, 9, 18, 94
49.13, 3.954252859903393, 0.08048550498480344, 0.08005089058524174, 0.7836940298507463, 0.431872460217994, 0.8199999999999999, 0.388127539782006, 0, 0, 0, 250, 0, 0, 0, 170, 80, 253, 3, 9, 94
49.175, 3.957918051332581, 0.08048638640228939, 0.08005089058524174, 0.7836940298507463, 0.431872460217994, 0.84, 0.4081275397820059, 0, 0, 0, 250, 0, 0, 0, 170, 79, 246, 1, 7, 94
49.226, 3.961827588857048, 0.08048241963306074, 0.08005089058524174, 0.7836940298507463, 0.431872460217994, 0.8199999999999999, 0.388127539782006, 0, 0, 0, 250, 0, 0, 0, 170, 78, 253, 1, 7, 94
49.27, 3.965737126381516, 0.08048989499455075, 0.08005089058524174, 0.7836940298507463, 0.431872460217994, 0.8199999999999999, 0.388127539782006, 0, 0, 0, 250, 0, 0, 0, 170, 83, 256, 5, 3, 94
49.31900000000001, 3.969646663905983, 0.0804891961294021, 0.08005089058524174, 0.7836940298507463, 0.431872460217994, 0.8199999999999999, 0.388127539782006, 0, 0, 0, 250, 0, 0, 0, 170, 77, 234, 6, 22, 94
49.36900000000001, 3.973311855335171, 0.08048191892351822, 0.08005089058524174, 0.7836940298507463, 0.431872460217994, 0.8199999999999999, 0.388127539782006, 0, 0, 0, 250, 0, 0, 0, 170, 81, 248, 4, 14, 94
49.41800000000001, 3.977221392859638, 0.08048122936702493, 0.08005089058524174, 0.7836940298507463, 0.431872460217994, 0.8199999999999999, 0.388127539782006, 0, 0, 0, 250, 0, 0, 0, 170, 81, 256, 0, 8, 94
49.47, 3.981619622574664, 0.08048553916665986, 0.08005089058524174, 0.7836940298507463, 0.431872460217994, 0.8199999999999999, 0.388127539782006, 0, 0, 0, 250, 0, 0, 0, 170, 86, 252, 5, 4, 94
49.519, 3.985284814003852, 0.08047991304355605, 0.08005089058524174, 0.7836940298507463, 0.431872460217994, 0.8199999999999999, 0.388127539782006, 0, 0, 0, 250, 0, 0, 0, 170, 68, 247, 18, 5, 94
49.565, 3.989194351528319, 0.0804840986891621, 0.08005089058524174, 0.7836940298507463, 0.431872460217994, 0.8199999999999999, 0.388127539782006, 0, 0, 0, 250, 0, 0, 0, 170, 89, 251, 21, 4, 94
49.61600000000001, 3.993103889052787, 0.08048016545172498, 0.08005089058524174, 0.7836940298507463, 0.431872460217994, 0.8100000000000001, 0.378127539782006, 0, 0, 0, 250, 0, 0, 0, 170, 79, 255, 10, 4, 94
49.66100000000001, 3.997013426577254, 0.08048596336314722, 0.08005089058524174, 0.7836940298507463, 0.431872460217994, 0.8199999999999999, 0.388127539782006, 0, 0, 0, 250, 0, 0, 0, 170, 82, 239, 3, 16, 94
49.71200000000001, 4.000922964101721, 0.08048203580829018, 0.08005089058524174, 0.7836940298507463, 0.431872460217994, 0.8199999999999999, 0.388127539782006, 0, 0, 0, 250, 0, 0, 0, 170, 76, 258, 6, 19, 94
49.754, 4.004099463340351, 0.08047794073522432, 0.08005089058524174, 0.7836940298507463, 0.431872460217994, 0.8100000000000001, 0.378127539782006, 0, 0, 0, 250, 0, 0, 0, 170, 79, 238, 3, 20, 94
49.809, 4.008986385245935, 0.08048718876600486, 0.08005089058524174, 0.7836940298507463, 0.431872460217994, 0.7800000000000001, 0.348127539782006, 0, 0, 0, 250, 0, 0, 0, 170, 81, 255, 2, 17, 94
49.86000000000001, 4.013140268865682, 0.08048817225964061, 0.08005089058524174, 0.7836940298507463, 0.431872460217994, 0.75, 0.318127539782006, 0, 0, 0, 250, 0, 0, 0, 170, 78, 250, 3, 5, 94
49.911, 4.017294152485428, 0.08048915374337176, 0.08005089058524174, 0.7836940298507463, 0.431872460217994, 0.64, 0.208127539782006, 0, 0, 0, 250, 0, 0, 0, 170, 82, 250, 4, 0, 94
49.97, 4.022181074391012, 0.08049191663780293, 0.08005089058524174, 0.7836940298507463, 0.431872460217994, 0.23, -0.201872460217994, 0, 0, 0, 250, 0, 0, 0, -170, 72, 252, 10, 2, 95
50.02000000000001, 4.02609061191548, 0.08048961639175289, 0.08005089058524174, 0.7836940298507463, 0.431872460217994, 0.17, -0.261872460217994, 0, 0, 0, 250, 0, 0, 0, -170, 98, 235, 26, 17, 95
50.06900000000001, 4.030244495535226, 0.08049380845503658, 0.08005089058524174, 0.7836940298507463, 0.431872460217994, 0.2, -0.2318724602179941, 0, 0, 0, 250, 0, 0, 0, -170, 188, 139, 90, 96, 95
50.117, 4.033665340869135, 0.0804849719829426, 0.08005089058524174, 0.7836940298507463, 0.431872460217994, 0.19, -0.241872460217994, 0, 0, 0, 250, 0, 0, 0, -170, 241, 76, 53, 63, 95
50.16500000000001, 4.037086186203044, 0.08047615242107133, 0.08005089058524174, 0.7836940298507463, 0.431872460217994, 0.2, -0.2318724602179941, 0, 0, 0, 250, 0, 0, 0, -170, 247, 72, 6, 4, 95
50.212, 4.041484415918069, 0.0804884174284647, 0.08005089058524174, 0.7836940298507463, 0.431872460217994, 0.21, -0.221872460217994, 0, 0, 0, 250, 0, 0, 0, -170, 264, 91, 17, 19, 95
50.26, 4.045393953442536, 0.08048933452929838, 0.08005089058524174, 0.7836940298507463, 0.431872460217994, 0.23, -0.201872460217994, 0, 0, 0, 250, 0, 0, 0, -170, 260, 77, 4, 14, 95
50.309, 4.049547837062283, 0.0804935068687965, 0.08005089058524174, 0.7836940298507463, 0.431872460217994, 0.21, -0.221872460217994, 0, 0, 0, 250, 0, 0, 0, -170, 243, 77, 17, 0, 95
50.35900000000001, 4.053213028491471, 0.08048636844439866, 0.08005089058524174, 0.7836940298507463, 0.431872460217994, 0.2, -0.2318724602179941, 0, 0, 0, 250, 0, 0, 0, -170, 244, 84, 1, 7, 95
50.40800000000001, 4.05687821992066, 0.08048084073799121, 0.08005089058524174, 0.7836940298507463, 0.431872460217994, 0.15, -0.2818724602179941, 0, 0, 0, 250, 0, 0, 0, -170, 245, 79, 1, 5, 95
50.45500000000001, 4.060787757445127, 0.08048335660380788, 0.08005089058524174, 0.7836940298507463, 0.431872460217994, 0.19, -0.241872460217994, 0, 0, 0, 250, 0, 0, 0, -170, 255, 79, 10, 0, 95
50.509, 4.064941641064872, 0.08047955099219688, 0.08005089058524174, 0.7836940298507463, 0.431872460217994, 0.12, -0.311872460217994, 0, 0, 0, 250, 0, 0, 0, -170, 252, 77, 3, 2, 95
50.55400000000001, 4.06885117858934, 0.08048524703464297, 0.08005089058524174, 0.7836940298507463, 0.431872460217994, 0.12, -0.311872460217994, 0, 0, 0, 250, 0, 0, 0, -170, 251, 80, 1, 3, 95
50.6, 4.072516370018529, 0.0804845132414729, 0.08005089058524174, 0.7836940298507463, 0.431872460217994, 0.14, -0.291872460217994, 0, 0, 0, 250, 0, 0, 0, -170, 248, 78, 3, 2, 95
50.65100000000001, 4.076914599733554, 0.08049030818213962, 0.08005089058524174, 0.7836940298507463, 0.431872460217994, 0.19, -0.241872460217994, 0, 0, 0, 250, 0, 0, 0, -170, 246, 73, 2, 5, 95
50.69900000000001, 4.080335445067464, 0.08048157646240485, 0.08005089058524174, 0.7836940298507463, 0.431872460217994, 0.17, -0.261872460217994, 0, 0, 0, 250, 0, 0, 0, -170, 246, 87, 0, 14, 95
50.75, 4.084733674782488, 0.08048736304990125, 0.08005089058524174, 0.7836940298507463, 0.431872460217994, 0.22, -0.211872460217994, 0, 0, 0, 250, 0, 0, 0, -170, 249, 78, 3, 9, 95
50.799, 4.088887558402235, 0.08049149704526142, 0.08005089058524174, 0.7836940298507463, 0.431872460217994, 0.22, -0.211872460217994, 0, 0, 0, 250, 0, 0, 0, -170, 264, 79, 15, 1, 95
50.849, 4.092552749831423, 0.08048442938565996, 0.08005089058524174, 0.7836940298507463, 0.431872460217994, 0.17, -0.261872460217994, 0, 0, 0, 250, 0, 0, 0, -170, 243, 84, 21, 5, 95
50.89500000000001, 4.096462287355891, 0.08048850156903214, 0.08005089058524174, 0.7836940298507463, 0.431872460217994, 0.15, -0.2818724602179941, 0, 0, 0, 250, 0, 0, 0, -170, 243, 73, 0, 11, 95
50.946, 4.100371824880358, 0.08048466660543239, 0.08005089058524174, 0.7836940298507463, 0.431872460217994, 0.14, -0.291872460217994, 0, 0, 0, 250, 0, 0, 0, -170, 256, 85, 13, 12, 95
50.99, 4.104037016309547, 0.08048709582878107, 0.08005089058524174, 0.7836940298507463, 0.431872460217994, 0.15, -0.2818724602179941, 0, 0, 0, 250, 0, 0, 0, -170, 252, 80, 4, 5, 95
51.038, 4.107946553834013, 0.08048800019268024, 0.08005089058524174, 0.7836940298507463, 0.431872460217994, 0.14, -0.291872460217994, 0, 0, 0, 250, 0, 0, 0, -170, 247, 86, 5, 6, 95
51.09000000000001, 4.112344783549039, 0.08049216644253354, 0.08005089058524174, 0.7836940298507463, 0.431872460217994, 0.17, -0.261872460217994, 0, 0, 0, 250, 0, 0, 0, -170, 249, 78, 2, 8, 95
51.14000000000001, 4.116254321073507, 0.08048991632916515, 0.08005089058524174, 0.7836940298507463, 0.431872460217994, 0.15, -0.2818724602179941, 0, 0, 0, 250, 0, 0, 0, -170, 246, 81, 3, 3, 95
51.19, 4.120163858597974, 0.08048767061140795, 0.08005089058524174, 0.7836940298507463, 0.431872460217994, 0.13, -0.301872460217994, 0, 0, 0, 250, 0, 0, 0, -170, 253, 79, 7, 2, 95
51.238, 4.124073396122442, 0.08048857090679656, 0.08005089058524174, 0.7836940298507463, 0.431872460217994, 0.14, -0.291872460217994, 0, 0, 0, 250, 0, 0, 0, -170, 263, 75, 10, 4, 95
51.281, 4.12749424145635, 0.08048778770804685, 0.08005089058524174, 0.7836940298507463, 0.431872460217994, 0.15, -0.2818724602179941, 0, 0, 0, 250, 0, 0, 0, -170, 249, 87, 14, 12, 95
51.326, 4.131159432885538, 0.08048863018519928, 0.08005089058524174, 0.7836940298507463, 0.431872460217994, 0.15, -0.2818724602179941, 0, 0, 0, 250, 0, 0, 0, -170, 242, 83, 7, 4, 95
51.376, 4.135068970410005, 0.08048639384946288, 0.08005089058524174, 0.7836940298507463, 0.431872460217994, 0.16, -0.271872460217994, 0, 0, 0, 250, 0, 0, 0, -170, 256, 74, 14, 9, 95
51.42, 4.138978507934473, 0.08049355324648918, 0.08005089058524174, 0.7836940298507463, 0.431872460217994, 0.19, -0.241872460217994, 0, 0, 0, 250, 0, 0, 0, -170, 258, 86, 2, 12, 95
51.46800000000001, 4.14288804545894, 0.08049444403238788, 0.08005089058524174, 0.7836940298507463, 0.431872460217994, 0.19, -0.241872460217994, 0, 0, 0, 250, 0, 0, 0, -170, 246, 81, 12, 5, 95
51.516, 4.146308890792849, 0.08048584693673517, 0.08005089058524174, 0.7836940298507463, 0.431872460217994, 0.18, -0.251872460217994, 0, 0, 0, 250, 0, 0, 0, -170, 241, 75, 5, 6, 95
51.57, 4.150707120507874, 0.08048685515819031, 0.08005089058524174, 0.7836940298507463, 0.431872460217994, 0.16, -0.271872460217994, 0, 0, 0, 250, 0, 0, 0, -170, 254, 79, 13, 4, 95
51.62100000000001, 4.155349696318179, 0.0804972723565638, 0.08005089058524174, 0.7836940298507463, 0.431872460217994, 0.18, -0.251872460217994, 0, 0, 0, 250, 0, 0, 0, -170, 255, 73, 1, 6, 95
51.669, 4.158770541652088, 0.0804886980907718, 0.08005089058524174, 0.7836940298507463, 0.431872460217994, 0.17, -0.261872460217994, 0, 0, 0, 250, 0, 0, 0, -170, 240, 85, 15, 12, 95
51.71600000000001, 4.162435733081276, 0.0804864207030953, 0.08005089058524174, 0.7836940298507463, 0.431872460217994, 0.14, -0.291872460217994, 0, 0, 0, 250, 0, 0, 0, -170, 256, 89, 16, 4, 95
51.778, 4.16756700108214, 0.08048914599023021, 0.08005089058524174, 0.7836940298507463, 0.431872460217994, 0.21, -0.221872460217994, 0, 0, 0, 250, 0, 0, 0, -170, 250, 70, 6, 19, 95
51.82600000000001, 4.171232192511328, 0.08048531996510105, 0.08005089058524174, 0.7836940298507463, 0.431872460217994, 0.19, -0.241872460217994, 0, 0, 0, 250, 0, 0, 0, -170, 240, 82, 10, 12, 95
51.876, 4.175386076131074, 0.08048781856987961, 0.08005089058524174, 0.7836940298507463, 0.431872460217994, 0.19, -0.241872460217994, 0, 0, 0, 250, 0, 0, 0, -170, 249, 84, 9, 2, 95
51.924, 4.179295613655542, 0.08048870683413339, 0.08005089058524174, 0.7836940298507463, 0.431872460217994, 0.17, -0.261872460217994, 0, 0, 0, 250, 0, 0, 0, -170, 247, 78, 2, 6, 95
51.969, 4.183205151180009, 0.08049423985799244, 0.08005089058524174, 0.7836940298507463, 0.431872460217994, 0.19, -0.241872460217994, 0, 0, 0, 250, 0, 0, 0, -170, 256, 86, 9, 8, 95
52.016, 4.187114688704476, 0.08049666811566587, 0.08005089058524174, 0.7836940298507463, 0.431872460217994, 0.21, -0.221872460217994, 0, 0, 0, 250, 0, 0, 0, -170, 255, 80, 1, 6, 95
52.061, 4.190535534038385, 0.08049279756513293, 0.08005089058524174, 0.7836940298507463, 0.431872460217994, 0.2, -0.2318724602179941, 0, 0, 0, 250, 0, 0, 0, -170, 242, 74, 13, 6, 95
52.11, 4.194689417658132, 0.08049682244594381, 0.08005089058524174, 0.7836940298507463, 0.431872460217994, 0.21, -0.221872460217994, 0, 0, 0, 250, 0, 0, 0, -170, 257, 83, 15, 9, 95
52.16, 4.198598955182598, 0.08049461187083203, 0.08005089058524174, 0.7836940298507463, 0.431872460217994, 0.21, -0.221872460217994, 0, 0, 0, 250, 0, 0, 0, -170, 247, 81, 10, 2, 95
52.21, 4.202264146611787, 0.08048772546661153, 0.08005089058524174, 0.7836940298507463, 0.431872460217994, 0.23, -0.201872460217994, 0, 0, 0, 250, 0, 0, 0, -170, 251, 73, 4, 8, 95
52.26, 4.206662376326813, 0.08049487899592066, 0.08005089058524174, 0.7836940298507463, 0.431872460217994, 0.23, -0.201872460217994, 0, 0, 0, 250, 0, 0, 0, -170, 253, 90, 2, 17, 95
52.309, 4.210571913851281, 0.08049421540941866, 0.08005089058524174, 0.7836940298507463, 0.431872460217994, 0.21, -0.221872460217994, 0, 0, 0, 250, 0, 0, 0, -170, 249, 76, 4, 14, 95
52.365, 4.214970143566306, 0.08049212534262018, 0.08005089058524174, 0.7836940298507463, 0.431872460217994, 0.17, -0.261872460217994, 0, 0, 0, 250, 0, 0, 0, -170, 259, 78, 10, 2, 95
52.41400000000001, 4.218879681090772, 0.08049146565976212, 0.08005089058524174, 0.7836940298507463, 0.431872460217994, 0.19, -0.241872460217994, 0, 0, 0, 250, 0, 0, 0, -170, 244, 80, 15, 2, 95
52.46, 4.222544872519961, 0.08049075243080368, 0.08005089058524174, 0.7836940298507463, 0.431872460217994, 0.15, -0.2818724602179941, 0, 0, 0, 250, 0, 0, 0, -170, 253, 79, 9, 1, 95
52.51100000000001, 4.226698756139707, 0.08049168281197668, 0.08005089058524174, 0.7836940298507463, 0.431872460217994, 0.15, -0.2818724602179941, 0, 0, 0, 250, 0, 0, 0, -170, 253, 76, 0, 3, 95
52.55500000000001, 4.230363947568896, 0.08049403382302152, 0.08005089058524174, 0.7836940298507463, 0.431872460217994, 0.13, -0.301872460217994, 0, 0, 0, 250, 0, 0, 0, -170, 250, 82, 3, 6, 95
52.60000000000001, 4.234029138998084, 0.08049485055129436, 0.08005089058524174, 0.7836940298507463, 0.431872460217994, 0.18, -0.251872460217994, 0, 0, 0, 250, 0, 0, 0, -170, 237, 78, 13, 4, 95
52.65000000000001, 4.238183022617831, 0.08049730337355804, 0.08005089058524174, 0.7836940298507463, 0.431872460217994, 0.15, -0.2818724602179941, 0, 0, 0, 250, 0, 0, 0, -170, 246, 81, 9, 3, 95
52.699, 4.242092560142297, 0.08049664244373323, 0.08005089058524174, 0.7836940298507463, 0.431872460217994, 0.14, -0.291872460217994, 0, 0, 0, 250, 0, 0, 0, -170, 262, 76, 16, 5, 95
52.751, 4.246246443762045, 0.08049603692369898, 0.08005089058524174, 0.7836940298507463, 0.431872460217994, 0.21, -0.221872460217994, 0, 0, 0, 250, 0, 0, 0, -170, 250, 85, 12, 9, 95
52.8, 4.249911635191233, 0.08049075066650062, 0.08005089058524174, 0.7836940298507463, 0.431872460217994, 0.22, -0.211872460217994, 0, 0, 0, 250, 0, 0, 0, -170, 236, 77, 14, 8, 95
52.846, 4.2538211727157, 0.08049466700820686, 0.08005089058524174, 0.7836940298507463, 0.431872460217994, 0.25, -0.181872460217994, 0, 0, 0, 250, 0, 0, 0, -170, 257, 77, 21, 0, 95
52.896, 4.257730710240168, 0.08049248922867831, 0.08005089058524174, 0.7836940298507463, 0.431872460217994, 0.2, -0.2318724602179941, 0, 0, 0, 250, 0, 0, 0, -170, 256, 80, 1, 3, 95
52.93900000000001, 4.261395901669355, 0.08049634299229973, 0.08005089058524174, 0.7836940298507463, 0.431872460217994, 0.2, -0.2318724602179941, 0, 0, 0, 250, 0, 0, 0, -170, 250, 85, 6, 5, 95
52.991, 4.265549785289101, 0.08049574050855997, 0.08005089058524174, 0.7836940298507463, 0.431872460217994, 0.22, -0.211872460217994, 0, 0, 0, 250, 0, 0, 0, -170, 248, 77, 2, 8, 95
53.043, 4.269459322813569, 0.08049053263981241, 0.08005089058524174, 0.7836940298507463, 0.431872460217994, 0.25, -0.181872460217994, 0, 0, 0, 250, 0, 0, 0, -170, 236, 79, 12, 2, 95
53.1, 4.274346244719153, 0.08049616280073735, 0.08005089058524174, 0.7836940298507463, 0.431872460217994, 0.22, -0.211872460217994, 0, 0, 0, 250, 0, 0, 0, -170, 258, 82, 22, 3, 95
53.14900000000001, 4.27825578224362, 0.08049550851838456, 0.08005089058524174, 0.7836940298507463, 0.431872460217994, 0.18, -0.251872460217994, 0, 0, 0, 250, 0, 0, 0, -170, 255, 81, 3, 1, 95
53.193, 4.281676627577529, 0.08049323459059517, 0.08005089058524174, 0.7836940298507463, 0.431872460217994, 0.17, -0.261872460217994, 0, 0, 0, 250, 0, 0, 0, -170, 242, 78, 13, 3, 95
53.241, 4.285586165101996, 0.08049409599936132, 0.08005089058524174, 0.7836940298507463, 0.431872460217994, 0.23, -0.201872460217994, 0, 0, 0, 250, 0, 0, 0, -170, 250, 82, 8, 4, 95
53.28900000000001, 4.289007010435905, 0.08048578525466617, 0.08005089058524174, 0.7836940298507463, 0.431872460217994, 0.22, -0.211872460217994, 0, 0, 0, 250, 0, 0, 0, -170, 245, 76, 5, 6, 95
53.33400000000001, 4.293160894055652, 0.08049576056653638, 0.08005089058524174, 0.7836940298507463, 0.431872460217994, 0.2, -0.2318724602179941, 0, 0, 0, 250, 0, 0, 0, -170, 249, 85, 4, 9, 95
53.38000000000001, 4.29682608548484, 0.08049505592890295, 0.08005089058524174, 0.7836940298507463, 0.431872460217994, 0.19, -0.241872460217994, 0, 0, 0, 250, 0, 0, 0, -170, 255, 80, 6, 5, 95
53.429, 4.300735623009308, 0.08049440609049968, 0.08005089058524174, 0.7836940298507463, 0.431872460217994, 0.19, -0.241872460217994, 0, 0, 0, 250, 0, 0, 0, -170, 254, 82, 1, 2, 95
53.474, 4.304400814438496, 0.08049520915657132, 0.08005089058524174, 0.7836940298507463, 0.431872460217994, 0.21, -0.221872460217994, 0, 0, 0, 250, 0, 0, 0, -170, 259, 78, 5, 4, 95
53.521, 4.308310351962962, 0.08049756828091706, 0.08005089058524174, 0.7836940298507463, 0.431872460217994, 0.18, -0.251872460217994, 0, 0, 0, 250, 0, 0, 0, -170, 249, 79, 10, 1, 95
53.571, 4.312464235582709, 0.08049997639735508, 0.08005089058524174, 0.7836940298507463, 0.431872460217994, 0.19, -0.241872460217994, 0, 0, 0, 250, 0, 0, 0, -170, 244, 83, 5, 4, 95
53.619, 4.315885080916618, 0.08049171153726512, 0.08005089058524174, 0.7836940298507463, 0.431872460217994, 0.18, -0.251872460217994, 0, 0, 0, 250, 0, 0, 0, -170, 260, 74, 16, 9, 95
53.669, 4.320038964536365, 0.08049412071282052, 0.08005089058524174, 0.7836940298507463, 0.431872460217994, 0.2, -0.2318724602179941, 0, 0, 0, 250, 0, 0, 0, -170, 248, 84, 12, 10, 95
53.72, 4.32443719425139, 0.08049957547005565, 0.08005089058524174, 0.7836940298507463, 0.431872460217994, 0.2, -0.2318724602179941, 0, 0, 0, 250, 0, 0, 0, -170, 247, 81, 1, 3, 95
53.769, 4.328102385680578, 0.08049438125463702, 0.08005089058524174, 0.7836940298507463, 0.431872460217994, 0.21, -0.221872460217994, 0, 0, 0, 250, 0, 0, 0, -170, 244, 83, 3, 2, 95
53.81900000000001, 4.332500615395603, 0.08050132138084326, 0.08005089058524174, 0.7836940298507463, 0.431872460217994, 0.21, -0.221872460217994, 0, 0, 0, 250, 0, 0, 0, -170, 255, 73, 11, 10, 95
53.86800000000001, 4.336410152920072, 0.08050067113908204, 0.08005089058524174, 0.7836940298507463, 0.431872460217994, 0.2, -0.2318724602179941, 0, 0, 0, 250, 0, 0, 0, -170, 252, 88, 3, 15, 95
53.92, 4.340808382635097, 0.08050460650287643, 0.08005089058524174, 0.7836940298507463, 0.431872460217994, 0.2, -0.2318724602179941, 0, 0, 0, 250, 0, 0, 0, -170, 255, 75, 3, 13, 95
53.974, 4.344717920159565, 0.08049649683476423, 0.08005089058524174, 0.7836940298507463, 0.431872460217994, 0.2, -0.2318724602179941, 0, 0, 0, 250, 0, 0, 0, -170, 249, 81, 6, 6, 95
54.02100000000001, 4.348627457684032, 0.08049883300353624, 0.08005089058524174, 0.7836940298507463, 0.431872460217994, 0.2, -0.2318724602179941, 0, 0, 0, 250, 0, 0, 0, -170, 251, 76, 2, 5, 95
54.069, 4.352292649113219, 0.08049515709765707, 0.08005089058524174, 0.7836940298507463, 0.431872460217994, 0.13, -0.301872460217994, 0, 0, 0, 250, 0, 0, 0, -170, 251, 74, 0, 2, 95
54.119, 4.356690878828245, 0.08050205803559278, 0.08005089058524174, 0.7836940298507463, 0.431872460217994, 0.12, -0.311872460217994, 0, 0, 0, 250, 0, 0, 0, -170, 253, 86, 2, 12, 95
54.16700000000001, 4.360356070257433, 0.08049838592237769, 0.08005089058524174, 0.7836940298507463, 0.431872460217994, 0.17, -0.261872460217994, 0, 0, 0, 250, 0, 0, 0, -170, 246, 78, 7, 8, 95
54.214, 4.364021261686622, 0.0804962050703992, 0.08005089058524174, 0.7836940298507463, 0.431872460217994, 0.15, -0.2818724602179941, 0, 0, 0, 250, 0, 0, 0, -170, 253, 82, 7, 4, 95
54.26600000000001, 4.368175145306368, 0.08049561687440328, 0.08005089058524174, 0.7836940298507463, 0.431872460217994, 0.16, -0.271872460217994, 0, 0, 0, 250, 0, 0, 0, -170, 245, 85, 8, 3, 95
54.312, 4.372084682830835, 0.08049942338398209, 0.08005089058524174, 0.7836940298507463, 0.431872460217994, 0.17, -0.261872460217994, 0, 0, 0, 250, 0, 0, 0, -170, 250, 79, 5, 6, 95
54.36800000000001, 4.376971604736419, 0.08050639355386291, 0.08005089058524174, 0.7836940298507463, 0.431872460217994, 0.2, -0.2318724602179941, 0, 0, 0, 250, 0, 0, 0, -170, 252, 77, 2, 2, 95
54.416, 4.380392450070329, 0.08049824408391519, 0.08005089058524174, 0.7836940298507463, 0.431872460217994, 0.2, -0.2318724602179941, 0, 0, 0, 250, 0, 0, 0, -170, 250, 79, 2, 2, 95
54.46200000000001, 4.384057641499517, 0.08049755134771981, 0.08005089058524174, 0.7836940298507463, 0.431872460217994, 0.2, -0.2318724602179941, 0, 0, 0, 250, 0, 0, 0, -170, 242, 80, 8, 1, 95
54.51000000000001, 4.387967179023984, 0.08049838890155904, 0.08005089058524174, 0.7836940298507463, 0.431872460217994, 0.19, -0.241872460217994, 0, 0, 0, 250, 0, 0, 0, -170, 244, 78, 2, 2, 95
54.559, 4.391632370453172, 0.08049327096268575, 0.08005089058524174, 0.7836940298507463, 0.431872460217994, 0.19, -0.241872460217994, 0, 0, 0, 250, 0, 0, 0, -170, 257, 80, 13, 2, 95
54.61, 4.396274946263476, 0.08050311199896496, 0.08005089058524174, 0.7836940298507463, 0.431872460217994, 0.2, -0.2318724602179941, 0, 0, 0, 250, 0, 0, 0, -170, 249, 78, 8, 2, 95
54.66, 4.400184483787944, 0.0805009967762156, 0.08005089058524174, 0.7836940298507463, 0.431872460217994, 0.19, -0.241872460217994, 0, 0, 0, 250, 0, 0, 0, -170, 253, 82, 4, 4, 95
54.709, 4.403849675217132, 0.08049589053386338, 0.08005089058524174, 0.7836940298507463, 0.431872460217994, 0.2, -0.2318724602179941, 0, 0, 0, 250, 0, 0, 0, -170, 246, 77, 7, 5, 95
54.763, 4.408492251027437, 0.08050129194944466, 0.08005089058524174, 0.7836940298507463, 0.431872460217994, 0.2, -0.2318724602179941, 0, 0, 0, 250, 0, 0, 0, -170, 243, 80, 3, 3, 95
54.81000000000001, 4.412401788551905, 0.0805035903767908, 0.08005089058524174, 0.7836940298507463, 0.431872460217994, 0.2, -0.2318724602179941, 0, 0, 0, 250, 0, 0, 0, -170, 247, 83, 4, 3, 95
54.85900000000001, 4.416066979981093, 0.08049849577974612, 0.08005089058524174, 0.7836940298507463, 0.431872460217994, 0.21, -0.221872460217994, 0, 0, 0, 250, 0, 0, 0, -170, 256, 76, 9, 7, 95
54.909, 4.419976517505559, 0.08049639435257532, 0.08005089058524174, 0.7836940298507463, 0.431872460217994, 0.2, -0.2318724602179941, 0, 0, 0, 250, 0, 0, 0, -170, 254, 90, 2, 14, 95
54.956, 4.423886055030027, 0.0804986908623267, 0.08005089058524174, 0.7836940298507463, 0.431872460217994, 0.17, -0.261872460217994, 0, 0, 0, 250, 0, 0, 0, -170, 243, 77, 11, 13, 95
55.002, 4.427795592554494, 0.08050244704837086, 0.08005089058524174, 0.7836940298507463, 0.431872460217994, 0.18, -0.251872460217994, 0, 0, 0, 250, 0, 0, 0, -170, 254, 81, 11, 4, 95
55.05, 4.431705130078962, 0.08050327211769231, 0.08005089058524174, 0.7836940298507463, 0.431872460217994, 0.2, -0.2318724602179941, 0, 0, 0, 250, 0, 0, 0, -170, 250, 80, 4, 1, 95
55.101, 4.435614667603429, 0.08049971266589406, 0.08005089058524174, 0.7836940298507463, 0.431872460217994, 0.24, -0.191872460217994, 0, 0, 0, 250, 0, 0, 0, -170, 250, 82, 0, 2, 95
55.151, 4.439524205127896, 0.08049761935645583, 0.08005089058524174, 0.7836940298507463, 0.431872460217994, 0.23, -0.201872460217994, 0, 0, 0, 250, 0, 0, 0, -170, 252, 77, 2, 5, 95
55.199, 4.443678088747642, 0.08050287303660651, 0.08005089058524174, 0.7836940298507463, 0.431872460217994, 0.24, -0.191872460217994, 0, 0, 0, 250, 0, 0, 0, -170, 251, 79, 1, 2, 95
55.246, 4.44734328017683, 0.08050072910576024, 0.08005089058524174, 0.7836940298507463, 0.431872460217994, 0.21, -0.221872460217994, 0, 0, 0, 250, 0, 0, 0, -170, 242, 88, 9, 9, 95
55.292, 4.451252817701298, 0.08050446389534288, 0.08005089058524174, 0.7836940298507463, 0.431872460217994, 0.26, -0.171872460217994, 0, 0, 0, 250, 0, 0, 0, -170, 257, 75, 15, 13, 95
55.339, 4.454673663035207, 0.08049790677524362, 0.08005089058524174, 0.7836940298507463, 0.431872460217994, 0.24, -0.191872460217994, 0, 0, 0, 250, 0, 0, 0, -170, 250, 77, 7, 2, 95
55.384, 4.458338854464395, 0.08049867930204382, 0.08005089058524174, 0.7836940298507463, 0.431872460217994, 0.22, -0.211872460217994, 0, 0, 0, 250, 0, 0, 0, -170, 254, 79, 4, 2, 95
55.429, 4.462004045893583, 0.08049945057449321, 0.08005089058524174, 0.7836940298507463, 0.431872460217994, 0.19, -0.241872460217994, 0, 0, 0, 250, 0, 0, 0, -170, 244, 69, 10, 10, 95
55.48, 4.466157929513329, 0.08050032317075216, 0.08005089058524174, 0.7836940298507463, 0.431872460217994, 0.21, -0.221872460217994, 0, 0, 0, 250, 0, 0, 0, -170, 249, 90, 5, 21, 95
55.53000000000001, 4.470311813133076, 0.08050264385256755, 0.08005089058524174, 0.7836940298507463, 0.431872460217994, 0.22, -0.211872460217994, 0, 0, 0, 250, 0, 0, 0, -170, 254, 84, 5, 6, 95
55.58, 4.474221350657544, 0.08050056406364778, 0.08005089058524174, 0.7836940298507463, 0.431872460217994, 0.23, -0.201872460217994, 0, 0, 0, 250, 0, 0, 0, -170, 256, 79, 2, 5, 95
55.629, 4.477886542086732, 0.08049554265017765, 0.08005089058524174, 0.7836940298507463, 0.431872460217994, 0.23, -0.201872460217994, 0, 0, 0, 250, 0, 0, 0, -170, 240, 84, 16, 5, 95
55.67, 4.481307387420641, 0.08049770769571834, 0.08005089058524174, 0.7836940298507463, 0.431872460217994, 0.2, -0.2318724602179941, 0, 0, 0, 250, 0, 0, 0, -170, 248, 70, 8, 14, 95
55.72, 4.485705617135666, 0.08050440806058267, 0.08005089058524174, 0.7836940298507463, 0.431872460217994, 0.19, -0.241872460217994, 0, 0, 0, 250, 0, 0, 0, -170, 257, 82, 9, 12, 95
55.768, 4.489126462469575, 0.08049645786955915, 0.08005089058524174, 0.7836940298507463, 0.431872460217994, 0.24, -0.191872460217994, 0, 0, 0, 250, 0, 0, 0, -170, 235, 81, 22, 1, 95
55.82000000000001, 4.493280346089322, 0.08049588581313726, 0.08005089058524174, 0.7836940298507463, 0.431872460217994, 0.35, -0.08187246021799403, 0, 0, 0, 250, 0, 0, 0, -170, 246, 82, 11, 1, 95
55.87, 4.497678575804347, 0.08050256981930099, 0.08005089058524174, 0.7836940298507463, 0.431872460217994, 0.5600000000000001, 0.128127539782006, 0, 0, 0, 250, 0, 0, 0, 170, 249, 74, 3, 8, 96
55.919, 4.501588113328814, 0.08050194233317502, 0.08005089058524174, 0.7836940298507463, 0.431872460217994, 0.55, 0.118127539782006, 0, 0, 0, 250, 0, 0, 0, 170, 247, 91, 2, 17, 96
55.971, 4.505741996948561, 0.08050136672470675, 0.08005089058524174, 0.7836940298507463, 0.431872460217994, 0.45, 0.01812753978200597, 0, 0, 0, 250, 0, 0, 0, 170, 140, 189, 107, 98, 96
56.02, 4.509651534473027, 0.08050074142222471, 0.08005089058524174, 0.7836940298507463, 0.431872460217994, 0.34, -0.09187246021799403, 0, 0, 0, 250, 0, 0, 0, -170, 82, 252, 58, 63, 97
56.07, 4.513316725902216, 0.08049432362943136, 0.08005089058524174, 0.7836940298507463, 0.431872460217994, 0.28, -0.151872460217994, 0, 0, 0, 250, 0, 0, 0, -170, 91, 228, 9, 24, 97
56.11800000000001, 4.517226263426684, 0.08049513994487835, 0.08005089058524174, 0.7836940298507463, 0.431872460217994, 0.27, -0.161872460217994, 0, 0, 0, 250, 0, 0, 0, -170, 186, 164, 95, 64, 97
56.16700000000001, 4.521135800951152, 0.0804945217111676, 0.08005089058524174, 0.7836940298507463, 0.431872460217994, 0.25, -0.181872460217994, 0, 0, 0, 250, 0, 0, 0, -170, 233, 78, 47, 86, 97
56.219, 4.525534030666177, 0.08049830183151919, 0.08005089058524174, 0.7836940298507463, 0.431872460217994, 0.17, -0.261872460217994, 0, 0, 0, 250, 0, 0, 0, -170, 249, 90, 16, 12, 97
56.268, 4.529443568190644, 0.08049768195405282, 0.08005089058524174, 0.7836940298507463, 0.431872460217994, 0.07000000000000001, -0.361872460217994, 0, 0, 0, 250, 0, 0, 0, -170, 257, 80, 8, 10, 97
56.314, 4.533108759619832, 0.08049701245906583, 0.08005089058524174, 0.7836940298507463, 0.431872460217994, 0.07000000000000001, -0.361872460217994, 0, 0, 0, 250, 0, 0, 0, -170, 259, 71, 2, 9, 97
56.36900000000001, 4.537506989334858, 0.08049649611195619, 0.08005089058524174, 0.7836940298507463, 0.431872460217994, 0.11, -0.321872460217994, 0, 0, 0, 250, 0, 0, 0, -170, 233, 90, 26, 19, 97
56.419, 4.541905219049883, 0.08050311453676747, 0.08005089058524174, 0.7836940298507463, 0.431872460217994, 0.04, -0.3918724602179941, 0, 0, 0, 250, 0, 0, 0, -170, 265, 73, 32, 17, 97
56.466, 4.545814756574351, 0.08050534404020739, 0.08005089058524174, 0.7836940298507463, 0.431872460217994, 0.06, -0.371872460217994, 0, 0, 0, 250, 0, 0, 0, -170, 263, 90, 2, 17, 97
56.519, 4.549968640194098, 0.08050334648868695, 0.08005089058524174, 0.7836940298507463, 0.431872460217994, 0.37, -0.06187246021799403, 0, 0, 0, 250, 0, 0, 0, -170, 240, 77, 23, 13, 97
56.569, 4.553878177718565, 0.08050130243982686, 0.08005089058524174, 0.7836940298507463, 0.431872460217994, 0.49, 0.05812753978200597, 0, 0, 0, 250, 0, 0, 0, 170, 259, 75, 19, 2, 98
56.619, 4.55827640743359, 0.08050789324137817, 0.08005089058524174, 0.7836940298507463, 0.431872460217994, 0.55, 0.118127539782006, 0, 0, 0, 250, 0, 0, 0, 170, 244, 92, 15, 17, 98
56.675, 4.562674637148616, 0.08050594860429849, 0.08005089058524174, 0.7836940298507463, 0.431872460217994, 0.86, 0.428127539782006, 0, 0, 0, 250, 0, 0, 0, 170, 139, 205, 105, 113, 98
56.721, 4.566584174673084, 0.08050958506854753, 0.08005089058524174, 0.7836940298507463, 0.431872460217994, 0.85, 0.418127539782006, 0, 0, 0, 250, 0, 0, 0, 170, 61, 246, 78, 41, 98
56.786, 4.571715442673947, 0.08050779140411274, 0.08005089058524174, 0.7836940298507463, 0.431872460217994, 0.84, 0.4081275397820059, 0, 0, 0, 250, 0, 0, 0, 170, 90, 271, 29, 25, 98
56.83700000000001, 4.575380634103135, 0.08050003754777935, 0.08005089058524174, 0.7836940298507463, 0.431872460217994, 0.84, 0.4081275397820059, 0, 0, 0, 250, 0, 0, 0, 170, 79, 237, 11, 34, 98
56.88600000000001, 4.579534517722881, 0.08050371827379109, 0.08005089058524174, 0.7836940298507463, 0.431872460217994, 0.84, 0.4081275397820059, 0, 0, 0, 250, 0, 0, 0, 170, 87, 252, 8, 15, 98
56.93200000000001, 4.583199709152069, 0.08050305116897471, 0.08005089058524174, 0.7836940298507463, 0.431872460217994, 0.84, 0.4081275397820059, 0, 0, 0, 250, 0, 0, 0, 170, 77, 251, 10, 1, 98
56.977, 4.586864900581258, 0.08050379803396559, 0.08005089058524174, 0.7836940298507463, 0.431872460217994, 0.84, 0.4081275397820059, 0, 0, 0, 250, 0, 0, 0, 170, 74, 251, 3, 0, 98
57.02500000000001, 4.590530092010446, 0.08050030849645674, 0.08005089058524174, 0.7836940298507463, 0.431872460217994, 0.8199999999999999, 0.388127539782006, 0, 0, 0, 250, 0, 0, 0, 170, 81, 233, 7, 18, 98
57.07100000000001, 4.594683975630192, 0.08050820864590058, 0.08005089058524174, 0.7836940298507463, 0.431872460217994, 0.8199999999999999, 0.388127539782006, 0, 0, 0, 250, 0, 0, 0, 170, 79, 258, 2, 25, 98
57.126, 4.598837859249938, 0.08050341104313164, 0.08005089058524174, 0.7836940298507463, 0.431872460217994, 0.8199999999999999, 0.388127539782006, 0, 0, 0, 250, 0, 0, 0, 170, 87, 256, 8, 2, 98
57.179, 4.603236088964964, 0.08050571169424027, 0.08005089058524174, 0.7836940298507463, 0.431872460217994, 0.8199999999999999, 0.388127539782006, 0, 0, 0, 250, 0, 0, 0, 170, 75, 259, 12, 3, 98
57.22, 4.606412588203594, 0.08050354051386917, 0.08005089058524174, 0.7836940298507463, 0.431872460217994, 0.8199999999999999, 0.388127539782006, 0, 0, 0, 250, 0, 0, 0, 170, 79, 239, 4, 20, 98
57.27, 4.610810817918619, 0.0805100544424414, 0.08005089058524174, 0.7836940298507463, 0.431872460217994, 0.8100000000000001, 0.378127539782006, 0, 0, 0, 250, 0, 0, 0, 170, 82, 255, 3, 16, 98
57.319, 4.614720355443087, 0.08050943588414116, 0.08005089058524174, 0.7836940298507463, 0.431872460217994, 0.8199999999999999, 0.388127539782006, 0, 0, 0, 250, 0, 0, 0, 170, 75, 242, 7, 13, 98
57.376, 4.619118585158113, 0.08050611031020136, 0.08005089058524174, 0.7836940298507463, 0.431872460217994, 0.84, 0.4081275397820059, 0, 0, 0, 250, 0, 0, 0, 170, 79, 263, 4, 21, 98
57.424, 4.622783776587301, 0.0805026430862932, 0.08005089058524174, 0.7836940298507463, 0.431872460217994, 0.85, 0.418127539782006, 0, 0, 0, 250, 0, 0, 0, 170, 85, 240, 6, 23, 98
57.469, 4.626693314111768, 0.08050763566639002, 0.08005089058524174, 0.7836940298507463, 0.431872460217994, 0.84, 0.4081275397820059, 0, 0, 0, 250, 0, 0, 0, 170, 83, 256, 2, 16, 98
57.52000000000001, 4.630847197731515, 0.08050847005791923, 0.08005089058524174, 0.7836940298507463, 0.431872460217994, 0.85, 0.418127539782006, 0, 0, 0, 250, 0, 0, 0, 170, 75, 249, 8, 7, 98
57.57400000000001, 4.63524542744654, 0.08050935192007746, 0.08005089058524174, 0.7836940298507463, 0.431872460217994, 0.79, 0.3581275397820059, 0, 0, 0, 250, 0, 0, 0, 170, 82, 255, 7, 6, 98
57.63000000000001, 4.639643657161566, 0.08050743809060499, 0.08005089058524174, 0.7836940298507463, 0.431872460217994, 0.21, -0.221872460217994, 0, 0, 0, 250, 0, 0, 0, -170, 77, 247, 5, 8, 99
57.678, 4.643308848590753, 0.0805039850305273, 0.08005089058524174, 0.7836940298507463, 0.431872460217994, 0.21, -0.221872460217994, 0, 0, 0, 250, 0, 0, 0, -170, 94, 236, 17, 11, 99
57.73, 4.647462732210501, 0.08050342512056991, 0.08005089058524174, 0.7836940298507463, 0.431872460217994, 0.14, -0.291872460217994, 0, 0, 0, 250, 0, 0, 0, -170, 194, 155, 100, 81, 99
57.774, 4.651127923639689, 0.08050555481080917, 0.08005089058524174, 0.7836940298507463, 0.431872460217994, 0.15, -0.2818724602179941, 0, 0, 0, 250, 0, 0, 0, -170, 259, 74, 65, 81, 99
57.824, 4.655037461164157, 0.08050355321603757, 0.08005089058524174, 0.7836940298507463, 0.431872460217994, 0.13, -0.301872460217994, 0, 0, 0, 250, 0, 0, 0, -170, 236, 81, 23, 7, 99
57.87, 4.659191344783903, 0.08051134171045277, 0.08005089058524174, 0.7836940298507463, 0.431872460217994, 0.17, -0.261872460217994, 0, 0, 0, 250, 0, 0, 0, -170, 274, 80, 38, 1, 99
57.92000000000001, 4.66310088230837, 0.08050933843764451, 0.08005089058524174, 0.7836940298507463, 0.431872460217994, 0.17, -0.261872460217994, 0, 0, 0, 250, 0, 0, 0, -170, 242, 76, 32, 4, 99
57.97000000000001, 4.666766073737558, 0.08050312357663547, 0.08005089058524174, 0.7836940298507463, 0.431872460217994, 0.19, -0.241872460217994, 0, 0, 0, 250, 0, 0, 0, -170, 231, 86, 11, 10, 99
58.02, 4.671164303452583, 0.08050955366171292, 0.08005089058524174, 0.7836940298507463, 0.431872460217994, 0.19, -0.241872460217994, 0, 0, 0, 250, 0, 0, 0, -170, 260, 72, 29, 14, 99
58.067, 4.675073840977051, 0.08051171648228859, 0.08005089058524174, 0.7836940298507463, 0.431872460217994, 0.18, -0.251872460217994, 0, 0, 0, 250, 0, 0, 0, -170, 255, 87, 5, 15, 99
58.116, 4.678739032406239, 0.08050690055073025, 0.08005089058524174, 0.7836940298507463, 0.431872460217994, 0.23, -0.201872460217994, 0, 0, 0, 250, 0, 0, 0, -170, 264, 77, 9, 10, 99
58.166, 4.682648569930707, 0.08050490956797283, 0.08005089058524174, 0.7836940298507463, 0.431872460217994, 0.32, -0.111872460217994, 0, 0, 0, 250, 0, 0, 0, -170, 225, 80, 39, 3, 99
58.216, 4.686558107455173, 0.08050292200520774, 0.08005089058524174, 0.7836940298507463, 0.431872460217994, 0.4600000000000001, 0.02812753978200597, 0, 0, 0, 250, 0, 0, 0, 170, 237, 80, 12, 0, 100
58.266, 4.690711991074921, 0.08050513148448358, 0.08005089058524174, 0.7836940298507463, 0.431872460217994, 0.7199999999999999, 0.288127539782006, 0, 0, 0, 250, 0, 0, 0, 170, 263, 93, 26, 13, 100
58.311, 4.694865874694667, 0.0805142404468225, 0.08005089058524174, 0.7836940298507463, 0.431872460217994, 0.77, 0.338127539782006, 0, 0, 0, 250, 0, 0, 0, 170, 153, 190, 110, 97, 100
58.35900000000001, 4.698286720028576, 0.08050663513817192, 0.08005089058524174, 0.7836940298507463, 0.431872460217994, 0.77, 0.338127539782006, 0, 0, 0, 250, 0, 0, 0, 170, 74, 265, 79, 75, 100
58.409, 4.702440603648323, 0.08050883602952153, 0.08005089058524174, 0.7836940298507463, 0.431872460217994, 0.67, 0.238127539782006, 0, 0, 0, 250, 0, 0, 0, 170, 78, 233, 4, 32, 100
58.461, 4.706594487268069, 0.08050827880583753, 0.08005089058524174, 0.7836940298507463, 0.431872460217994, 0.28, -0.151872460217994, 0, 0, 0, 250, 0, 0, 0, -170, 96, 247, 18, 14, 101
58.51800000000001, 4.711481409173652, 0.08051337040181915, 0.08005089058524174, 0.7836940298507463, 0.431872460217994, 0.11, -0.321872460217994, 0, 0, 0, 250, 0, 0, 0, -170, 100, 234, 4, 13, 101
58.57, 4.715390946698119, 0.080508638325049, 0.08005089058524174, 0.7836940298507463, 0.431872460217994, 0.15, -0.2818724602179941, 0, 0, 0, 250, 0, 0, 0, -170, 200, 140, 100, 94, 101
58.619, 4.719056138127308, 0.08050386629125894, 0.08005089058524174, 0.7836940298507463, 0.431872460217994, 0.14, -0.291872460217994, 0, 0, 0, 250, 0, 0, 0, -170, 270, 61, 70, 79, 101
58.669, 4.722965675651775, 0.08050189496415101, 0.08005089058524174, 0.7836940298507463, 0.431872460217994, 0.15, -0.2818724602179941, 0, 0, 0, 250, 0, 0, 0, -170, 214, 81, 56, 20, 101
58.72, 4.727363905366802, 0.08050687849739104, 0.08005089058524174, 0.7836940298507463, 0.431872460217994, 0.22, -0.211872460217994, 0, 0, 0, 250, 0, 0, 0, -170, 260, 91, 46, 10, 101
58.769, 4.731517788986548, 0.08051043558656005, 0.08005089058524174, 0.7836940298507463, 0.431872460217994, 0.29, -0.141872460217994, 0, 0, 0, 250, 0, 0, 0, -170, 284, 90, 24, 1, 101
58.818, 4.735671672606294, 0.08051398674906141, 0.08005089058524174, 0.7836940298507463, 0.431872460217994, 0.34, -0.09187246021799403, 0, 0, 0, 250, 0, 0, 0, -170, 236, 72, 48, 18, 101
58.86900000000001, 4.739092517940203, 0.08050234449269061, 0.08005089058524174, 0.7836940298507463, 0.431872460217994, 0.49, 0.05812753978200597, 0, 0, 0, 250, 0, 0, 0, 170, 248, 75, 12, 3, 102
58.919, 4.743490747655228, 0.08050867712716149, 0.08005089058524174, 0.7836940298507463, 0.431872460217994, 0.71, 0.278127539782006, 0, 0, 0, 250, 0, 0, 0, 170, 227, 105, 21, 30, 102
58.97, 4.747888977370255, 0.08051363366746235, 0.08005089058524174, 0.7836940298507463, 0.431872460217994, 0.71, 0.278127539782006, 0, 0, 0, 250, 0, 0, 0, 170, 149, 196, 78, 91, 102
59.01700000000001, 4.751554168799442, 0.08051161815747061, 0.08005089058524174, 0.7836940298507463, 0.431872460217994, 0.7199999999999999, 0.288127539782006, 0, 0, 0, 250, 0, 0, 0, 170, 69, 256, 80, 60, 102
59.068, 4.754975014133351, 0.08050001716891298, 0.08005089058524174, 0.7836940298507463, 0.431872460217994, 0.5899999999999999, 0.158127539782006, 0, 0, 0, 250, 0, 0, 0, 170, 79, 220, 10, 36, 102
59.12, 4.759861936038936, 0.08051187307237713, 0.08005089058524174, 0.7836940298507463, 0.431872460217994, 0.32, -0.111872460217994, 0, 0, 0, 250, 0, 0, 0, -170, 79, 280, 0, 60, 103
59.17000000000001, 4.763771473563403, 0.0805099116708366, 0.08005089058524174, 0.7836940298507463, 0.431872460217994, 0.2, -0.2318724602179941, 0, 0, 0, 250, 0, 0, 0, -170, 94, 230, 15, 50, 103
59.22000000000001, 4.767925357183149, 0.08051207965523723, 0.08005089058524174, 0.7836940298507463, 0.431872460217994, 0.19, -0.241872460217994, 0, 0, 0, 250, 0, 0, 0, -170, 200, 132, 106, 98, 103
59.267, 4.771346202517059, 0.08050595107761584, 0.08005089058524174, 0.7836940298507463, 0.431872460217994, 0.21, -0.221872460217994, 0, 0, 0, 250, 0, 0, 0, -170, 240, 75, 40, 57, 103
59.313, 4.775255740041525, 0.08050942862511635, 0.08005089058524174, 0.7836940298507463, 0.431872460217994, 0.23, -0.201872460217994, 0, 0, 0, 250, 0, 0, 0, -170, 264, 76, 24, 1, 103
59.361, 4.779409623661272, 0.0805143044029122, 0.08005089058524174, 0.7836940298507463, 0.431872460217994, 0.34, -0.09187246021799403, 0, 0, 0, 250, 0, 0, 0, -170, 261, 91, 3, 15, 103
59.41, 4.78307481509046, 0.08050959123195522, 0.08005089058524174, 0.7836940298507463, 0.431872460217994, 0.54, 0.108127539782006, 0, 0, 0, 250, 0, 0, 0, 170, 247, 73, 14, 18, 104
59.46000000000001, 4.787228698710207, 0.08051175073511953, 0.08005089058524174, 0.7836940298507463, 0.431872460217994, 0.74, 0.308127539782006, 0, 0, 0, 250, 0, 0, 0, 170, 220, 95, 27, 22, 104
59.50900000000001, 4.791138236234674, 0.08051115354374421, 0.08005089058524174, 0.7836940298507463, 0.431872460217994, 0.77, 0.338127539782006, 0, 0, 0, 250, 0, 0, 0, 170, 148, 192, 72, 97, 104
59.557, 4.794803427663862, 0.08050780643188647, 0.08005089058524174, 0.7836940298507463, 0.431872460217994, 0.7800000000000001, 0.348127539782006, 0, 0, 0, 250, 0, 0, 0, 170, 82, 248, 66, 56, 104
59.608, 4.798957311283608, 0.08050861144953041, 0.08005089058524174, 0.7836940298507463, 0.431872460217994, 0.5899999999999999, 0.158127539782006, 0, 0, 0, 250, 0, 0, 0, 170, 63, 259, 19, 11, 104
59.652, 4.802866848808076, 0.08051476645892972, 0.08005089058524174, 0.7836940298507463, 0.431872460217994, 0.29, -0.141872460217994, 0, 0, 0, 250, 0, 0, 0, -170, 90, 258, 27, 1, 105
59.701, 4.806776386332544, 0.08051416871296199, 0.08005089058524174, 0.7836940298507463, 0.431872460217994, 0.17, -0.261872460217994, 0, 0, 0, 250, 0, 0, 0, -170, 95, 222, 5, 36, 105
59.754, 4.810441577761732, 0.08050409307764721, 0.08005089058524174, 0.7836940298507463, 0.431872460217994, 0.15, -0.2818724602179941, 0, 0, 0, 250, 0, 0, 0, -170, 175, 138, 80, 84, 105
59.79900000000001, 4.814351115286199, 0.08050889003639188, 0.08005089058524174, 0.7836940298507463, 0.431872460217994, 0.14, -0.291872460217994, 0, 0, 0, 250, 0, 0, 0, -170, 245, 78, 70, 60, 105
59.849, 4.818504998905945, 0.08051103608925704, 0.08005089058524174, 0.7836940298507463, 0.431872460217994, 0.15, -0.2818724602179941, 0, 0, 0, 250, 0, 0, 0, -170, 275, 75, 30, 3, 105
59.90100000000001, 4.82290322862097, 0.08051456951671875, 0.08005089058524174, 0.7836940298507463, 0.431872460217994, 0.19, -0.241872460217994, 0, 0, 0, 250, 0, 0, 0, -170, 252, 90, 23, 15, 105
59.946, 4.826324073954879, 0.08051119464109163, 0.08005089058524174, 0.7836940298507463, 0.431872460217994, 0.34, -0.09187246021799403, 0, 0, 0, 250, 0, 0, 0, -170, 248, 70, 4, 20, 105
60.001, 4.830722303669905, 0.08051069654955592, 0.08005089058524174, 0.7836940298507463, 0.431872460217994, 0.6, 0.168127539782006, 0, 0, 0, 250, 0, 0, 0, 170, 230, 88, 18, 18, 106
60.05, 4.834876187289652, 0.08051417464262535, 0.08005089058524174, 0.7836940298507463, 0.431872460217994, 0.77, 0.338127539782006, 0, 0, 0, 250, 0, 0, 0, 170, 251, 92, 21, 4, 106
60.10000000000001, 4.839030070909399, 0.08051630733626286, 0.08005089058524174, 0.7836940298507463, 0.431872460217994, 0.7800000000000001, 0.348127539782006, 0, 0, 0, 250, 0, 0, 0, 170, 157, 200, 94, 108, 106
60.15000000000001, 4.842939608433866, 0.08051437420505181, 0.08005089058524174, 0.7836940298507463, 0.431872460217994, 0.8, 0.368127539782006, 0, 0, 0, 250, 0, 0, 0, 170, 68, 251, 89, 51, 106
60.2, 4.846604799863054, 0.08050838537978494, 0.08005089058524174, 0.7836940298507463, 0.431872460217994, 0.8, 0.368127539782006, 0, 0, 0, 250, 0, 0, 0, 170, 64, 246, 4, 5, 106
60.251, 4.851247375673358, 0.08051729225528803, 0.08005089058524174, 0.7836940298507463, 0.431872460217994, 0.65, 0.218127539782006, 0, 0, 0, 250, 0, 0, 0, 170, 93, 258, 29, 12, 106
60.306, 4.855645605388385, 0.08051679112175215, 0.08005089058524174, 0.7836940298507463, 0.431872460217994, 0.32, -0.111872460217994, 0, 0, 0, 250, 0, 0, 0, -170, 77, 263, 16, 5, 107
60.35900000000001, 4.859555142912852, 0.08051086238858913, 0.08005089058524174, 0.7836940298507463, 0.431872460217994, 0.19, -0.241872460217994, 0, 0, 0, 250, 0, 0, 0, -170, 98, 213, 21, 50, 107
60.40500000000001, 4.863220334342039, 0.08051022819869281, 0.08005089058524174, 0.7836940298507463, 0.431872460217994, 0.16, -0.271872460217994, 0, 0, 0, 250, 0, 0, 0, -170, 180, 149, 82, 64, 107
60.45000000000001, 4.866641179675948, 0.08050688469273695, 0.08005089058524174, 0.7836940298507463, 0.431872460217994, 0.18, -0.251872460217994, 0, 0, 0, 250, 0, 0, 0, -170, 245, 73, 65, 76, 107
60.49900000000001, 4.871039409390974, 0.08051437890528728, 0.08005089058524174, 0.7836940298507463, 0.431872460217994, 0.2, -0.2318724602179941, 0, 0, 0, 250, 0, 0, 0, -170, 261, 87, 16, 14, 107
60.54600000000001, 4.874704600820162, 0.08051241371552477, 0.08005089058524174, 0.7836940298507463, 0.431872460217994, 0.31, -0.121872460217994, 0, 0, 0, 250, 0, 0, 0, -170, 265, 78, 4, 9, 107
60.59200000000001, 4.878614138344629, 0.08051581295129107, 0.08005089058524174, 0.7836940298507463, 0.431872460217994, 0.43, -0.001872460217994032, 0, 0, 0, 250, 0, 0, 0, -170, 233, 79, 32, 1, 107
60.641, 4.882034983678538, 0.08050716485015975, 0.08005089058524174, 0.7836940298507463, 0.431872460217994, 0.6899999999999999, 0.258127539782006, 0, 0, 0, 250, 0, 0, 0, 170, 239, 81, 6, 2, 108
60.689, 4.886188867298285, 0.08051193572638017, 0.08005089058524174, 0.7836940298507463, 0.431872460217994, 0.8100000000000001, 0.378127539782006, 0, 0, 0, 250, 0, 0, 0, 170, 242, 89, 3, 8, 108
60.739, 4.890342750918031, 0.08051404782624065, 0.08005089058524174, 0.7836940298507463, 0.431872460217994, 0.8199999999999999, 0.388127539782006, 0, 0, 0, 250, 0, 0, 0, 170, 157, 194, 85, 105, 108
60.79000000000001, 4.894252288442499, 0.0805108124435351, 0.08005089058524174, 0.7836940298507463, 0.431872460217994, 0.8100000000000001, 0.378127539782006, 0, 0, 0, 250, 0, 0, 0, 170, 60, 260, 97, 66, 108
60.839, 4.897917479871687, 0.0805062127890282, 0.08005089058524174, 0.7836940298507463, 0.431872460217994, 0.8199999999999999, 0.388127539782006, 0, 0, 0, 250, 0, 0, 0, 170, 70, 224, 10, 36, 108
60.88900000000001, 4.901827017396155, 0.0805043114092226, 0.08005089058524174, 0.7836940298507463, 0.431872460217994, 0.73, 0.298127539782006, 0, 0, 0, 250, 0, 0, 0, 170, 81, 259, 11, 35, 108
60.94, 4.906713939301738, 0.08051713060882406, 0.08005089058524174, 0.7836940298507463, 0.431872460217994, 0.45, 0.01812753978200597, 0, 0, 0, 250, 0, 0, 0, 170, 93, 273, 12, 14, 108
60.991, 4.910867822921484, 0.08051790957553548, 0.08005089058524174, 0.7836940298507463, 0.431872460217994, 0.28, -0.151872460217994, 0, 0, 0, 250, 0, 0, 0, -170, 83, 245, 10, 28, 109
61.04, 4.914533014350673, 0.08051331937009621, 0.08005089058524174, 0.7836940298507463, 0.431872460217994, 0.18, -0.251872460217994, 0, 0, 0, 250, 0, 0, 0, -170, 84, 223, 1, 22, 109
61.09100000000001, 4.918931244065699, 0.08051809995033144, 0.08005089058524174, 0.7836940298507463, 0.431872460217994, 0.16, -0.271872460217994, 0, 0, 0, 250, 0, 0, 0, -170, 190, 153, 106, 70, 109
61.14000000000001, 4.922352089399608, 0.08050952059861968, 0.08005089058524174, 0.7836940298507463, 0.431872460217994, 0.19, -0.241872460217994, 0, 0, 0, 250, 0, 0, 0, -170, 241, 75, 51, 78, 109
61.191, 4.926505973019354, 0.08051030336192175, 0.08005089058524174, 0.7836940298507463, 0.431872460217994, 0.2, -0.2318724602179941, 0, 0, 0, 250, 0, 0, 0, -170, 259, 75, 18, 0, 109
61.236, 4.930171164448542, 0.08051099295265109, 0.08005089058524174, 0.7836940298507463, 0.431872460217994, 0.26, -0.171872460217994, 0, 0, 0, 250, 0, 0, 0, -170, 264, 90, 5, 15, 109
61.282, 4.93383635587773, 0.08051036774057195, 0.08005089058524174, 0.7836940298507463, 0.431872460217994, 0.33, -0.101872460217994, 0, 0, 0, 250, 0, 0, 0, -170, 240, 76, 24, 14, 109
61.33, 4.937745893402198, 0.08051110212623836, 0.08005089058524174, 0.7836940298507463, 0.431872460217994, 0.49, 0.05812753978200597, 0, 0, 0, 250, 0, 0, 0, 170, 250, 84, 10, 8, 110
61.38000000000001, 4.941899777021944, 0.08051319284819069, 0.08005089058524174, 0.7836940298507463, 0.431872460217994, 0.74, 0.308127539782006, 0, 0, 0, 250, 0, 0, 0, 170, 231, 96, 19, 12, 110
61.42600000000001, 4.945564968451132, 0.08051256745435374, 0.08005089058524174, 0.7836940298507463, 0.431872460217994, 0.7800000000000001, 0.348127539782006, 0, 0, 0, 250, 0, 0, 0, 170, 158, 174, 73, 78, 110
61.471, 4.94923015988032, 0.08051325275138389, 0.08005089058524174, 0.7836940298507463, 0.431872460217994, 0.8, 0.368127539782006, 0, 0, 0, 250, 0, 0, 0, 170, 82, 248, 76, 74, 110
61.52100000000001, 4.953139697404787, 0.08051136518269839, 0.08005089058524174, 0.7836940298507463, 0.431872460217994, 0.8100000000000001, 0.378127539782006, 0, 0, 0, 250, 0, 0, 0, 170, 73, 245, 9, 3, 110
61.584, 4.958515311500931, 0.08051629175599068, 0.08005089058524174, 0.7836940298507463, 0.431872460217994, 0.4600000000000001, 0.02812753978200597, 0, 0, 0, 250, 0, 0, 0, 170, 89, 267, 16, 22, 110
61.64000000000001, 4.962913541215956, 0.08051449612615114, 0.08005089058524174, 0.7836940298507463, 0.431872460217994, 0.28, -0.151872460217994, 0, 0, 0, 250, 0, 0, 0, -170, 72, 243, 17, 24, 111
61.68900000000001, 4.967067424835703, 0.08051787879258381, 0.08005089058524174, 0.7836940298507463, 0.431872460217994, 0.2, -0.2318724602179941, 0, 0, 0, 250, 0, 0, 0, -170, 91, 231, 19, 12, 111
61.74, 4.97097696236017, 0.0805146900285094, 0.08005089058524174, 0.7836940298507463, 0.431872460217994, 0.16, -0.271872460217994, 0, 0, 0, 250, 0, 0, 0, -170, 188, 155, 97, 76, 111
61.79500000000001, 4.975130845979916, 0.08051024914604605, 0.08005089058524174, 0.7836940298507463, 0.431872460217994, 0.15, -0.2818724602179941, 0, 0, 0, 250, 0, 0, 0, -170, 246, 76, 58, 79, 111
61.845, 4.979284729599662, 0.08051232483789574, 0.08005089058524174, 0.7836940298507463, 0.431872460217994, 0.17, -0.261872460217994, 0, 0, 0, 250, 0, 0, 0, -170, 264, 82, 18, 6, 111
61.89500000000001, 4.983438613219409, 0.08051439717617594, 0.08005089058524174, 0.7836940298507463, 0.431872460217994, 0.23, -0.201872460217994, 0, 0, 0, 250, 0, 0, 0, -170, 254, 84, 10, 2, 111
61.951, 4.988081189029714, 0.08051655645638833, 0.08005089058524174, 0.7836940298507463, 0.431872460217994, 0.35, -0.08187246021799403, 0, 0, 0, 250, 0, 0, 0, -170, 251, 76, 3, 8, 111
62.014, 4.992968110935299, 0.08051356324274032, 0.08005089058524174, 0.7836940298507463, 0.431872460217994, 0.76, 0.328127539782006, 0, 0, 0, 250, 0, 0, 0, 170, 241, 80, 10, 4, 112
62.06900000000001, 4.997366340650323, 0.08051307964765542, 0.08005089058524174, 0.7836940298507463, 0.431872460217994, 0.8100000000000001, 0.378127539782006, 0, 0, 0, 250, 0, 0, 0, 170, 225, 100, 16, 20, 112
62.118, 5.00152022427007, 0.08051644007002913, 0.08005089058524174, 0.7836940298507463, 0.431872460217994, 0.8, 0.368127539782006, 0, 0, 0, 250, 0, 0, 0, 170, 145, 191, 80, 91, 112
62.168, 5.005429761794538, 0.08051456958233397, 0.08005089058524174, 0.7836940298507463, 0.431872460217994, 0.8100000000000001, 0.378127539782006, 0, 0, 0, 250, 0, 0, 0, 170, 68, 256, 77, 65, 112
62.216, 5.009094953223726, 0.08051136288452689, 0.08005089058524174, 0.7836940298507463, 0.431872460217994, 0.8100000000000001, 0.378127539782006, 0, 0, 0, 250, 0, 0, 0, 170, 78, 239, 10, 17, 112
62.266, 5.013248836843473, 0.08051342364763229, 0.08005089058524174, 0.7836940298507463, 0.431872460217994, 0.8199999999999999, 0.388127539782006, 0, 0, 0, 250, 0, 0, 0, 170, 83, 264, 5, 25, 112
62.316, 5.017402720463219, 0.08051548110378103, 0.08005089058524174, 0.7836940298507463, 0.431872460217994, 0.6800000000000001, 0.248127539782006, 0, 0, 0, 250, 0, 0, 0, 170, 82, 246, 1, 18, 112
62.39000000000001, 5.023755718940478, 0.08052180988845132, 0.08005089058524174, 0.7836940298507463, 0.431872460217994, 0.29, -0.141872460217994, 0, 0, 0, 250, 0, 0, 0, -170, 82, 237, 0, 9, 113
62.45100000000001, 5.028153948655504, 0.08051358582977862, 0.08005089058524174, 0.7836940298507463, 0.431872460217994, 0.18, -0.251872460217994, 0, 0, 0, 250, 0, 0, 0, -170, 106, 227, 24, 10, 113
62.50900000000001, 5.032796524465809, 0.08051315049778127, 0.08005089058524174, 0.7836940298507463, 0.431872460217994, 0.13, -0.301872460217994, 0, 0, 0, 250, 0, 0, 0, -170, 214, 122, 108, 105, 113
62.559, 5.036706061990276, 0.08051129432999691, 0.08005089058524174, 0.7836940298507463, 0.431872460217994, 0.1, -0.3318724602179941, 0, 0, 0, 250, 0, 0, 0, -170, 255, 60, 41, 62, 113
62.609, 5.041348637800581, 0.08052114932039453, 0.08005089058524174, 0.7836940298507463, 0.431872460217994, 0.1, -0.3318724602179941, 0, 0, 0, 250, 0, 0, 0, -170, 261, 90, 6, 30, 113
62.669, 5.045746867515607, 0.08051423937697438, 0.08005089058524174, 0.7836940298507463, 0.431872460217994, 0.23, -0.201872460217994, 0, 0, 0, 250, 0, 0, 0, -170, 239, 82, 22, 8, 113
62.724, 5.050145097230632, 0.08051376023899357, 0.08005089058524174, 0.7836940298507463, 0.431872460217994, 0.5600000000000001, 0.128127539782006, 0, 0, 0, 250, 0, 0, 0, 170, 237, 75, 2, 7, 114
62.77100000000001, 5.053565942564542, 0.08050797251221969, 0.08005089058524174, 0.7836940298507463, 0.431872460217994, 0.79, 0.3581275397820059, 0, 0, 0, 250, 0, 0, 0, 170, 236, 88, 1, 13, 114
62.82, 5.058208518374846, 0.08051907861150662, 0.08005089058524174, 0.7836940298507463, 0.431872460217994, 0.8, 0.368127539782006, 0, 0, 0, 250, 0, 0, 0, 170, 161, 188, 75, 100, 114
62.869, 5.062118055899314, 0.08051850762536883, 0.08005089058524174, 0.7836940298507463, 0.431872460217994, 0.8, 0.368127539782006, 0, 0, 0, 250, 0, 0, 0, 170, 74, 266, 87, 78, 114
62.92000000000001, 5.06602759342378, 0.08051537815358838, 0.08005089058524174, 0.7836940298507463, 0.431872460217994, 0.8, 0.368127539782006, 0, 0, 0, 250, 0, 0, 0, 170, 69, 233, 5, 33, 114
62.96500000000001, 5.069448438757689, 0.08051216451612307, 0.08005089058524174, 0.7836940298507463, 0.431872460217994, 0.7, 0.268127539782006, 0, 0, 0, 250, 0, 0, 0, 170, 87, 266, 18, 33, 114
63.02, 5.074335360663274, 0.08051944399656099, 0.08005089058524174, 0.7836940298507463, 0.431872460217994, 0.4, -0.03187246021799403, 0, 0, 0, 250, 0, 0, 0, -170, 81, 253, 6, 13, 115
63.071, 5.078489244283021, 0.08052019540332356, 0.08005089058524174, 0.7836940298507463, 0.431872460217994, 0.24, -0.191872460217994, 0, 0, 0, 250, 0, 0, 0, -170, 98, 222, 17, 31, 115
63.12, 5.082154435712209, 0.08051575468492091, 0.08005089058524174, 0.7836940298507463, 0.431872460217994, 0.18, -0.251872460217994, 0, 0, 0, 250, 0, 0, 0, -170, 179, 139, 81, 83, 115
63.169, 5.086063973236675, 0.08051518898885014, 0.08005089058524174, 0.7836940298507463, 0.431872460217994, 0.22, -0.211872460217994, 0, 0, 0, 250, 0, 0, 0, -170, 258, 79, 79, 60, 115
63.21400000000001, 5.089484818570584, 0.08051198814456583, 0.08005089058524174, 0.7836940298507463, 0.431872460217994, 0.34, -0.09187246021799403, 0, 0, 0, 250, 0, 0, 0, -170, 264, 79, 6, 0, 115
63.269, 5.094371740476169, 0.08051923912937092, 0.08005089058524174, 0.7836940298507463, 0.431872460217994, 0.5699999999999999, 0.138127539782006, 0, 0, 0, 250, 0, 0, 0, 170, 250, 83, 14, 4, 116
63.32100000000001, 5.098525624095915, 0.08051871613044511, 0.08005089058524174, 0.7836940298507463, 0.431872460217994, 0.73, 0.298127539782006, 0, 0, 0, 250, 0, 0, 0, 170, 229, 97, 21, 14, 116
63.37, 5.102435161620382, 0.08051814993877832, 0.08005089058524174, 0.7836940298507463, 0.431872460217994, 0.7800000000000001, 0.348127539782006, 0, 0, 0, 250, 0, 0, 0, 170, 154, 186, 75, 89, 116
63.42000000000001, 5.106589045240129, 0.08052016785304524, 0.08005089058524174, 0.7836940298507463, 0.431872460217994, 0.79, 0.3581275397820059, 0, 0, 0, 250, 0, 0, 0, 170, 62, 247, 92, 61, 116
63.46500000000001, 5.109765544478758, 0.08051312604551736, 0.08005089058524174, 0.7836940298507463, 0.431872460217994, 0.71, 0.278127539782006, 0, 0, 0, 250, 0, 0, 0, 170, 70, 235, 8, 12, 116
63.516, 5.113919428098506, 0.08051387726082414, 0.08005089058524174, 0.7836940298507463, 0.431872460217994, 0.38, -0.05187246021799403, 0, 0, 0, 250, 0, 0, 0, -170, 85, 266, 15, 31, 117
63.569, 5.11856200390881, 0.08051978171606931, 0.08005089058524174, 0.7836940298507463, 0.431872460217994, 0.26, -0.171872460217994, 0, 0, 0, 250, 0, 0, 0, -170, 92, 219, 7, 47, 117
63.615, 5.12173850314744, 0.08051149105002654, 0.08005089058524174, 0.7836940298507463, 0.431872460217994, 0.2, -0.2318724602179941, 0, 0, 0, 250, 0, 0, 0, -170, 194, 133, 102, 86, 117
63.663, 5.125892386767187, 0.0805160357942162, 0.08005089058524174, 0.7836940298507463, 0.431872460217994, 0.2, -0.2318724602179941, 0, 0, 0, 250, 0, 0, 0, -170, 249, 90, 55, 43, 117
63.71600000000001, 5.130046270386933, 0.08051425498127523, 0.08005089058524174, 0.7836940298507463, 0.431872460217994, 0.31, -0.121872460217994, 0, 0, 0, 250, 0, 0, 0, -170, 259, 83, 10, 7, 117
63.76100000000001, 5.133955807911399, 0.08051874669329841, 0.08005089058524174, 0.7836940298507463, 0.431872460217994, 0.35, -0.08187246021799403, 0, 0, 0, 250, 0, 0, 0, -170, 258, 77, 1, 6, 117
63.814, 5.138109691531146, 0.08051696636366858, 0.08005089058524174, 0.7836940298507463, 0.431872460217994, 0.29, -0.141872460217994, 0, 0, 0, 250, 0, 0, 0, -170, 245, 79, 13, 2, 117
63.859, 5.142019229055614, 0.08052144927192117, 0.08005089058524174, 0.7836940298507463, 0.431872460217994, 0.21, -0.221872460217994, 0, 0, 0, 250, 0, 0, 0, -170, 240, 81, 5, 2, 117
63.909, 5.145684420484802, 0.08051580247672161, 0.08005089058524174, 0.7836940298507463, 0.431872460217994, 0.2, -0.2318724602179941, 0, 0, 0, 250, 0, 0, 0, -170, 250, 81, 10, 0, 117
63.95900000000001, 5.149838304104548, 0.08051780522060302, 0.08005089058524174, 0.7836940298507463, 0.431872460217994, 0.21, -0.221872460217994, 0, 0, 0, 250, 0, 0, 0, -170, 256, 82, 6, 1, 117
64.011, 5.153992187724295, 0.08051728902414109, 0.08005089058524174, 0.7836940298507463, 0.431872460217994, 0.19, -0.241872460217994, 0, 0, 0, 250, 0, 0, 0, -170, 252, 77, 4, 5, 117
64.06000000000001, 5.158146071344041, 0.08052054435441837, 0.08005089058524174, 0.7836940298507463, 0.431872460217994, 0.17, -0.261872460217994, 0, 0, 0, 250, 0, 0, 0, -170, 234, 82, 18, 5, 117
64.109, 5.162055608868508, 0.08051998329202622, 0.08005089058524174, 0.7836940298507463, 0.431872460217994, 0.2, -0.2318724602179941, 0, 0, 0, 250, 0, 0, 0, -170, 250, 82, 16, 0, 117
64.15500000000001, 5.165476454202418, 0.08051557094852182, 0.08005089058524174, 0.7836940298507463, 0.431872460217994, 0.17, -0.261872460217994, 0, 0, 0, 250, 0, 0, 0, -170, 259, 76, 9, 6, 117
64.201, 5.169630337822165, 0.08052258279189052, 0.08005089058524174, 0.7836940298507463, 0.431872460217994, 0.19, -0.241872460217994, 0, 0, 0, 250, 0, 0, 0, -170, 254, 80, 5, 4, 117
64.25400000000001, 5.173539875346632, 0.08051700867411572, 0.08005089058524174, 0.7836940298507463, 0.431872460217994, 0.19, -0.241872460217994, 0, 0, 0, 250, 0, 0, 0, -170, 253, 86, 1, 6, 117
64.301, 5.177205066775819, 0.08051515632378687, 0.08005089058524174, 0.7836940298507463, 0.431872460217994, 0.19, -0.241872460217994, 0, 0, 0, 250, 0, 0, 0, -170, 230, 73, 23, 13, 117
64.34900000000001, 5.181358950395566, 0.08051964988415619, 0.08005089058524174, 0.7836940298507463, 0.431872460217994, 0.19, -0.241872460217994, 0, 0, 0, 250, 0, 0, 0, -170, 256, 82, 26, 9, 117
64.401, 5.185512834015312, 0.08051913532422342, 0.08005089058524174, 0.7836940298507463, 0.431872460217994, 0.2, -0.2318724602179941, 0, 0, 0, 250, 0, 0, 0, -170, 249, 82, 7, 0, 117
64.45, 5.18942237153978, 0.08051857830162577, 0.08005089058524174, 0.7836940298507463, 0.431872460217994, 0.18, -0.251872460217994, 0, 0, 0, 250, 0, 0, 0, -170, 258, 77, 9, 5, 117
64.5, 5.193331909064248, 0.08051677378394182, 0.08005089058524174, 0.7836940298507463, 0.431872460217994, 0.15, -0.2818724602179941, 0, 0, 0, 250, 0, 0, 0, -170, 243, 82, 15, 5, 117
64.54900000000001, 5.197241446588715, 0.08051621940833654, 0.08005089058524174, 0.7836940298507463, 0.431872460217994, 0.19, -0.241872460217994, 0, 0, 0, 250, 0, 0, 0, -170, 254, 81, 11, 1, 117
64.59600000000001, 5.201150984113182, 0.08051815877319312, 0.08005089058524174, 0.7836940298507463, 0.431872460217994, 0.19, -0.241872460217994, 0, 0, 0, 250, 0, 0, 0, -170, 258, 77, 4, 4, 117
64.645, 5.20481617554237, 0.08051382435675411, 0.08005089058524174, 0.7836940298507463, 0.431872460217994, 0.18, -0.251872460217994, 0, 0, 0, 250, 0, 0, 0, -170, 216, 80, 42, 3, 117
64.694, 5.208725713066837, 0.08051327345761333, 0.08005089058524174, 0.7836940298507463, 0.431872460217994, 0.16, -0.271872460217994, 0, 0, 0, 250, 0, 0, 0, -170, 264, 76, 48, 4, 117
64.73800000000001, 5.212635250591305, 0.08051894174350929, 0.08005089058524174, 0.7836940298507463, 0.431872460217994, 0.18, -0.251872460217994, 0, 0, 0, 250, 0, 0, 0, -170, 278, 83, 14, 7, 117
64.79000000000001, 5.21703348030633, 0.08052220219642429, 0.08005089058524174, 0.7836940298507463, 0.431872460217994, 0.21, -0.221872460217994, 0, 0, 0, 250, 0, 0, 0, -170, 244, 78, 34, 5, 117
64.83700000000001, 5.220454325640238, 0.08051659277326586, 0.08005089058524174, 0.7836940298507463, 0.431872460217994, 0.2, -0.2318724602179941, 0, 0, 0, 250, 0, 0, 0, -170, 243, 80, 1, 2, 117
64.886, 5.224608209259985, 0.08051980718891571, 0.08005089058524174, 0.7836940298507463, 0.431872460217994, 0.2, -0.2318724602179941, 0, 0, 0, 250, 0, 0, 0, -170, 251, 81, 8, 1, 117
64.93000000000001, 5.228273400689173, 0.08052169106251615, 0.08005089058524174, 0.7836940298507463, 0.431872460217994, 0.21, -0.221872460217994, 0, 0, 0, 250, 0, 0, 0, -170, 259, 86, 8, 5, 117
64.98000000000001, 5.232182938213641, 0.08051989747943431, 0.08005089058524174, 0.7836940298507463, 0.431872460217994, 0.21, -0.221872460217994, 0, 0, 0, 250, 0, 0, 0, -170, 239, 74, 20, 12, 117
65.03, 5.236336821833387, 0.08052186409093322, 0.08005089058524174, 0.7836940298507463, 0.431872460217994, 0.2, -0.2318724602179941, 0, 0, 0, 250, 0, 0, 0, -170, 249, 87, 10, 13, 117
65.07899999999999, 5.240246359357855, 0.08052131039748391, 0.08005089058524174, 0.7836940298507463, 0.431872460217994, 0.19, -0.241872460217994, 0, 0, 0, 250, 0, 0, 0, -170, 241, 74, 8, 13, 117
65.13, 5.244155896882322, 0.08051828492065594, 0.08005089058524174, 0.7836940298507463, 0.431872460217994, 0.21, -0.221872460217994, 0, 0, 0, 250, 0, 0, 0, -170, 261, 84, 20, 10, 117
65.18600000000001, 5.248798472692627, 0.0805203337019088, 0.08005089058524174, 0.7836940298507463, 0.431872460217994, 0.23, -0.201872460217994, 0, 0, 0, 250, 0, 0, 0, -170, 240, 84, 21, 0, 117
65.235, 5.252708010217094, 0.08051978248205861, 0.08005089058524174, 0.7836940298507463, 0.431872460217994, 0.25, -0.181872460217994, 0, 0, 0, 250, 0, 0, 0, -170, 263, 71, 23, 13, 117
65.28, 5.256617547741562, 0.08052416586613912, 0.08005089058524174, 0.7836940298507463, 0.431872460217994, 0.23, -0.201872460217994, 0, 0, 0, 250, 0, 0, 0, -170, 255, 86, 8, 15, 117
65.326, 5.260038393075471, 0.08051982967081209, 0.08005089058524174, 0.7836940298507463, 0.431872460217994, 0.22, -0.211872460217994, 0, 0, 0, 250, 0, 0, 0, -170, 246, 73, 9, 13, 117
65.37000000000001, 5.263459238409379, 0.08051796295562765, 0.08005089058524174, 0.7836940298507463, 0.431872460217994, 0.21, -0.221872460217994, 0, 0, 0, 250, 0, 0, 0, -170, 252, 83, 6, 10, 117
65.419, 5.267857468124405, 0.08052488524930686, 0.08005089058524174, 0.7836940298507463, 0.431872460217994, 0.22, -0.211872460217994, 0, 0, 0, 250, 0, 0, 0, -170, 239, 81, 13, 2, 117
65.466, 5.271278313458313, 0.08051932779547112, 0.08005089058524174, 0.7836940298507463, 0.431872460217994, 0.19, -0.241872460217994, 0, 0, 0, 250, 0, 0, 0, -170, 249, 76, 10, 5, 117
65.51500000000001, 5.275187850982781, 0.08051877968377902, 0.08005089058524174, 0.7836940298507463, 0.431872460217994, 0.21, -0.221872460217994, 0, 0, 0, 250, 0, 0, 0, -170, 255, 76, 6, 0, 117
65.564, 5.279097388507248, 0.08051823239136183, 0.08005089058524174, 0.7836940298507463, 0.431872460217994, 0.2, -0.2318724602179941, 0, 0, 0, 250, 0, 0, 0, -170, 249, 87, 6, 11, 117
65.609, 5.283006926031716, 0.08052259485789627, 0.08005089058524174, 0.7836940298507463, 0.431872460217994, 0.22, -0.211872460217994, 0, 0, 0, 250, 0, 0, 0, -170, 254, 75, 5, 12, 117
65.65600000000001, 5.286672117460903, 0.08052077673725028, 0.08005089058524174, 0.7836940298507463, 0.431872460217994, 0.3, -0.131872460217994, 0, 0, 0, 250, 0, 0, 0, -170, 249, 78, 5, 3, 117
65.70600000000001, 5.290826001080651, 0.08052272244666623, 0.08005089058524174, 0.7836940298507463, 0.431872460217994, 0.49, 0.05812753978200597, 0, 0, 0, 250, 0, 0, 0, 170, 251, 86, 2, 8, 118
65.75600000000001, 5.294735538605118, 0.08052094924577403, 0.08005089058524174, 0.7836940298507463, 0.431872460217994, 0.6600000000000001, 0.228127539782006, 0, 0, 0, 250, 0, 0, 0, 170, 233, 97, 18, 11, 118
65.809, 5.299378114415423, 0.08052664703027585, 0.08005089058524174, 0.7836940298507463, 0.431872460217994, 0.6600000000000001, 0.228127539782006, 0, 0, 0, 250, 0, 0, 0, 170, 139, 209, 94, 112, 118
65.86, 5.303043305844611, 0.08051994087222305, 0.08005089058524174, 0.7836940298507463, 0.431872460217994, 0.7, 0.268127539782006, 0, 0, 0, 250, 0, 0, 0, 170, 66, 248, 73, 39, 118
65.90900000000001, 5.306952843369078, 0.08051939558131783, 0.08005089058524174, 0.7836940298507463, 0.431872460217994, 0.45, 0.01812753978200597, 0, 0, 0, 250, 0, 0, 0, 170, 63, 245, 3, 3, 118
65.964, 5.311351073084103, 0.08051893567831094, 0.08005089058524174, 0.7836940298507463, 0.431872460217994, 0.21, -0.221872460217994, 0, 0, 0, 250, 0, 0, 0, -170, 97, 268, 34, 23, 119
66.011, 5.31550495670385, 0.08052453313392995, 0.08005089058524174, 0.7836940298507463, 0.431872460217994, 0.23, -0.201872460217994, 0, 0, 0, 250, 0, 0, 0, -170, 98, 230, 1, 38, 119
66.056, 5.318925802037759, 0.08052146363748577, 0.08005089058524174, 0.7836940298507463, 0.431872460217994, 0.21, -0.221872460217994, 0, 0, 0, 250, 0, 0, 0, -170, 164, 148, 66, 82, 119
66.107, 5.323079685657505, 0.08052217897737767, 0.08005089058524174, 0.7836940298507463, 0.431872460217994, 0.2, -0.2318724602179941, 0, 0, 0, 250, 0, 0, 0, -170, 244, 75, 80, 73, 119
66.158, 5.326744877086694, 0.08051550647067163, 0.08005089058524174, 0.7836940298507463, 0.431872460217994, 0.23, -0.201872460217994, 0, 0, 0, 250, 0, 0, 0, -170, 259, 83, 15, 8, 119
66.20900000000001, 5.331631798992278, 0.0805272968779513, 0.08005089058524174, 0.7836940298507463, 0.431872460217994, 0.21, -0.221872460217994, 0, 0, 0, 250, 0, 0, 0, -170, 271, 84, 12, 1, 119
66.26600000000001, 5.336030028707303, 0.08052440208715334, 0.08005089058524174, 0.7836940298507463, 0.431872460217994, 0.22, -0.211872460217994, 0, 0, 0, 250, 0, 0, 0, -170, 240, 82, 31, 2, 119
66.31100000000001, 5.339450874041213, 0.08052134448343732, 0.08005089058524174, 0.7836940298507463, 0.431872460217994, 0.22, -0.211872460217994, 0, 0, 0, 250, 0, 0, 0, -170, 230, 77, 10, 5, 119
66.36, 5.343116065470401, 0.08051711973282703, 0.08005089058524174, 0.7836940298507463, 0.431872460217994, 0.33, -0.101872460217994, 0, 0, 0, 250, 0, 0, 0, -170, 253, 72, 23, 5, 119
66.41500000000001, 5.348002987375985, 0.08052402299745516, 0.08005089058524174, 0.7836940298507463, 0.431872460217994, 0.64, 0.208127539782006, 0, 0, 0, 250, 0, 0, 0, 170, 266, 83, 13, 11, 120
66.463, 5.351912524900452, 0.08052469080391273, 0.08005089058524174, 0.7836940298507463, 0.431872460217994, 0.7199999999999999, 0.288127539782006, 0, 0, 0, 250, 0, 0, 0, 170, 239, 94, 27, 11, 120
66.511, 5.355822062424919, 0.08052535764647832, 0.08005089058524174, 0.7836940298507463, 0.431872460217994, 0.71, 0.278127539782006, 0, 0, 0, 250, 0, 0, 0, 170, 148, 199, 91, 105, 120
66.559, 5.359731599949387, 0.08052602352723728, 0.08005089058524174, 0.7836940298507463, 0.431872460217994, 0.7199999999999999, 0.288127539782006, 0, 0, 0, 250, 0, 0, 0, 170, 72, 247, 76, 48, 120
66.61100000000001, 5.363641137473854, 0.08052185280920348, 0.08005089058524174, 0.7836940298507463, 0.431872460217994, 0.67, 0.238127539782006, 0, 0, 0, 250, 0, 0, 0, 170, 80, 250, 8, 3, 120
66.669, 5.368528059379438, 0.08052510251210364, 0.08005089058524174, 0.7836940298507463, 0.431872460217994, 0.29, -0.141872460217994, 0, 0, 0, 250, 0, 0, 0, -170, 83, 260, 3, 10, 121
66.72000000000001, 5.372681942999185, 0.08052580849818922, 0.08005089058524174, 0.7836940298507463, 0.431872460217994, 0.21, -0.221872460217994, 0, 0, 0, 250, 0, 0, 0, -170, 91, 221, 8, 39, 121
66.779, 5.377324518809488, 0.08052418453120724, 0.08005089058524174, 0.7836940298507463, 0.431872460217994, 0.18, -0.251872460217994, 0, 0, 0, 250, 0, 0, 0, -170, 209, 126, 118, 95, 121
66.826, 5.380745364143398, 0.08051874067194504, 0.08005089058524174, 0.7836940298507463, 0.431872460217994, 0.18, -0.251872460217994, 0, 0, 0, 250, 0, 0, 0, -170, 241, 67, 32, 59, 121
66.871, 5.384899247763145, 0.08052667445922964, 0.08005089058524174, 0.7836940298507463, 0.431872460217994, 0.17, -0.261872460217994, 0, 0, 0, 250, 0, 0, 0, -170, 263, 85, 22, 18, 121
66.92, 5.389053131382891, 0.08052978379233251, 0.08005089058524174, 0.7836940298507463, 0.431872460217994, 0.28, -0.151872460217994, 0, 0, 0, 250, 0, 0, 0, -170, 254, 83, 9, 2, 121
66.97100000000001, 5.392962668907359, 0.08052683503169071, 0.08005089058524174, 0.7836940298507463, 0.431872460217994, 0.4600000000000001, 0.02812753978200597, 0, 0, 0, 250, 0, 0, 0, 170, 251, 88, 3, 5, 122
67.02100000000001, 5.396872206431826, 0.08052509223126819, 0.08005089058524174, 0.7836940298507463, 0.431872460217994, 0.71, 0.278127539782006, 0, 0, 0, 250, 0, 0, 0, 170, 231, 88, 20, 0, 122
67.06900000000001, 5.400781743956293, 0.08052575323854976, 0.08005089058524174, 0.7836940298507463, 0.431872460217994, 0.77, 0.338127539782006, 0, 0, 0, 250, 0, 0, 0, 170, 152, 193, 79, 105, 122
67.119, 5.404691281480761, 0.08052401378865538, 0.08005089058524174, 0.7836940298507463, 0.431872460217994, 0.7800000000000001, 0.348127539782006, 0, 0, 0, 250, 0, 0, 0, 170, 71, 242, 81, 49, 122
67.17000000000001, 5.408600819005228, 0.08052107814508304, 0.08005089058524174, 0.7836940298507463, 0.431872460217994, 0.63, 0.198127539782006, 0, 0, 0, 250, 0, 0, 0, 170, 80, 240, 9, 2, 122
67.22100000000001, 5.413243394815533, 0.08052905185604995, 0.08005089058524174, 0.7836940298507463, 0.431872460217994, 0.31, -0.121872460217994, 0, 0, 0, 250, 0, 0, 0, -170, 87, 272, 7, 32, 123
67.27, 5.416908586244721, 0.08052487864196106, 0.08005089058524174, 0.7836940298507463, 0.431872460217994, 0.19, -0.241872460217994, 0, 0, 0, 250, 0, 0, 0, -170, 86, 241, 1, 31, 123
67.319, 5.420818123769187, 0.08052434117811002, 0.08005089058524174, 0.7836940298507463, 0.431872460217994, 0.22, -0.211872460217994, 0, 0, 0, 250, 0, 0, 0, -170, 189, 158, 103, 83, 123
67.37000000000001, 5.424727661293656, 0.08052141400168704, 0.08005089058524174, 0.7836940298507463, 0.431872460217994, 0.19, -0.241872460217994, 0, 0, 0, 250, 0, 0, 0, -170, 258, 81, 69, 77, 123
67.419, 5.428637198818123, 0.08052087985312928, 0.08005089058524174, 0.7836940298507463, 0.431872460217994, 0.19, -0.241872460217994, 0, 0, 0, 250, 0, 0, 0, -170, 237, 75, 21, 6, 123
67.47100000000001, 5.433035428533148, 0.08052400925631973, 0.08005089058524174, 0.7836940298507463, 0.431872460217994, 0.22, -0.211872460217994, 0, 0, 0, 250, 0, 0, 0, -170, 268, 87, 31, 12, 123
67.52, 5.436944966057616, 0.08052347402336515, 0.08005089058524174, 0.7836940298507463, 0.431872460217994, 0.35, -0.08187246021799403, 0, 0, 0, 250, 0, 0, 0, -170, 250, 74, 18, 13, 123
67.571, 5.441098849677362, 0.0805241723472697, 0.08005089058524174, 0.7836940298507463, 0.431872460217994, 0.61, 0.178127539782006, 0, 0, 0, 250, 0, 0, 0, 170, 242, 81, 8, 7, 124
67.616, 5.44476404110655, 0.08052478764059616, 0.08005089058524174, 0.7836940298507463, 0.431872460217994, 0.67, 0.238127539782006, 0, 0, 0, 250, 0, 0, 0, 170, 236, 99, 6, 18, 124
67.66500000000001, 5.448673578631018, 0.08052425299092615, 0.08005089058524174, 0.7836940298507463, 0.431872460217994, 0.6800000000000001, 0.248127539782006, 0, 0, 0, 250, 0, 0, 0, 170, 162, 182, 74, 83, 124
67.71599999999999, 5.452583116155485, 0.08052134083754925, 0.08005089058524174, 0.7836940298507463, 0.431872460217994, 0.7199999999999999, 0.288127539782006, 0, 0, 0, 250, 0, 0, 0, 170, 78, 250, 84, 68, 124
67.761, 5.456492653679952, 0.0805255626935841, 0.08005089058524174, 0.7836940298507463, 0.431872460217994, 0.74, 0.308127539782006, 0, 0, 0, 250, 0, 0, 0, 170, 73, 249, 5, 1, 124
67.809, 5.46040219120442, 0.080526216154263, 0.08005089058524174, 0.7836940298507463, 0.431872460217994, 0.77, 0.338127539782006, 0, 0, 0, 250, 0, 0, 0, 170, 87, 250, 14, 1, 124
67.86100000000001, 5.464800420919445, 0.08052932348358329, 0.08005089058524174, 0.7836940298507463, 0.431872460217994, 0.55, 0.118127539782006, 0, 0, 0, 250, 0, 0, 0, 170, 77, 250, 10, 0, 124
67.91, 5.468709958443912, 0.08052878748997072, 0.08005089058524174, 0.7836940298507463, 0.431872460217994, 0.27, -0.161872460217994, 0, 0, 0, 250, 0, 0, 0, -170, 73, 256, 4, 6, 125
67.959, 5.47261949596838, 0.0805282522692856, 0.08005089058524174, 0.7836940298507463, 0.431872460217994, 0.2, -0.2318724602179941, 0, 0, 0, 250, 0, 0, 0, -170, 98, 226, 25, 30, 125
68.011, 5.476529033492847, 0.08052416570103141, 0.08005089058524174, 0.7836940298507463, 0.431872460217994, 0.12, -0.311872460217994, 0, 0, 0, 250, 0, 0, 0, -170, 192, 141, 94, 85, 125
68.059, 5.479949878826757, 0.0805176373268305, 0.08005089058524174, 0.7836940298507463, 0.431872460217994, 0.15, -0.2818724602179941, 0, 0, 0, 250, 0, 0, 0, -170, 241, 60, 49, 81, 125
68.109, 5.484592454637061, 0.08052669184156368, 0.08005089058524174, 0.7836940298507463, 0.431872460217994, 0.18, -0.251872460217994, 0, 0, 0, 250, 0, 0, 0, -170, 267, 95, 26, 35, 125
68.157, 5.488257646066248, 0.08052375612286705, 0.08005089058524174, 0.7836940298507463, 0.431872460217994, 0.13, -0.301872460217994, 0, 0, 0, 250, 0, 0, 0, -170, 265, 78, 2, 17, 125
68.208, 5.492655875781274, 0.08052803008124084, 0.08005089058524174, 0.7836940298507463, 0.431872460217994, 0.28, -0.151872460217994, 0, 0, 0, 250, 0, 0, 0, -170, 233, 83, 32, 5, 125
68.265, 5.49680975940102, 0.08052164007032916, 0.08005089058524174, 0.7836940298507463, 0.431872460217994, 0.62, 0.188127539782006, 0, 0, 0, 250, 0, 0, 0, 170, 235, 70, 2, 13, 126
68.31600000000001, 5.500963643020768, 0.08052233214797072, 0.08005089058524174, 0.7836940298507463, 0.431872460217994, 0.76, 0.328127539782006, 0, 0, 0, 250, 0, 0, 0, 170, 248, 100, 13, 30, 126
68.365, 5.505117526640515, 0.08052537887282256, 0.08005089058524174, 0.7836940298507463, 0.431872460217994, 0.76, 0.328127539782006, 0, 0, 0, 250, 0, 0, 0, 170, 156, 188, 92, 88, 126
68.413, 5.509027064164981, 0.08052602669324516, 0.08005089058524174, 0.7836940298507463, 0.431872460217994, 0.8100000000000001, 0.378127539782006, 0, 0, 0, 250, 0, 0, 0, 170, 70, 263, 86, 75, 126
68.46, 5.512692255594169, 0.08052428068352569, 0.08005089058524174, 0.7836940298507463, 0.431872460217994, 0.8199999999999999, 0.388127539782006, 0, 0, 0, 250, 0, 0, 0, 170, 65, 245, 5, 18, 126
68.509, 5.516601793118637, 0.0805237529830918, 0.08005089058524174, 0.7836940298507463, 0.431872460217994, 0.7199999999999999, 0.288127539782006, 0, 0, 0, 250, 0, 0, 0, 170, 85, 262, 20, 17, 126
68.56000000000001, 5.521244368928942, 0.08053156897504293, 0.08005089058524174, 0.7836940298507463, 0.431872460217994, 0.44, 0.008127539782005968, 0, 0, 0, 250, 0, 0, 0, 170, 88, 255, 3, 7, 126
68.61000000000001, 5.525153906453409, 0.080529863087792, 0.08005089058524174, 0.7836940298507463, 0.431872460217994, 0.31, -0.121872460217994, 0, 0, 0, 250, 0, 0, 0, -170, 81, 238, 7, 17, 127
68.66, 5.528819097882597, 0.08052460090129038, 0.08005089058524174, 0.7836940298507463, 0.431872460217994, 0.23, -0.201872460217994, 0, 0, 0, 250, 0, 0, 0, -170, 76, 233, 5, 5, 127
68.711, 5.533217327597623, 0.08052884294505425, 0.08005089058524174, 0.7836940298507463, 0.431872460217994, 0.24, -0.191872460217994, 0, 0, 0, 250, 0, 0, 0, -170, 189, 149, 113, 84, 127
68.76300000000001, 5.536882519026811, 0.08052124716819817, 0.08005089058524174, 0.7836940298507463, 0.431872460217994, 0.2, -0.2318724602179941, 0, 0, 0, 250, 0, 0, 0, -170, 245, 78, 56, 71, 127
68.812, 5.541036402646558, 0.08052427487424517, 0.08005089058524174, 0.7836940298507463, 0.431872460217994, 0.21, -0.221872460217994, 0, 0, 0, 250, 0, 0, 0, -170, 257, 80, 12, 2, 127
68.857, 5.545190286266305, 0.0805319762154364, 0.08005089058524174, 0.7836940298507463, 0.431872460217994, 0.26, -0.171872460217994, 0, 0, 0, 250, 0, 0, 0, -170, 260, 78, 3, 2, 127
68.90900000000001, 5.548855477695493, 0.080524394167605, 0.08005089058524174, 0.7836940298507463, 0.431872460217994, 0.34, -0.09187246021799403, 0, 0, 0, 250, 0, 0, 0, -170, 243, 81, 17, 3, 127
68.95900000000001, 5.553253707410517, 0.08052978882249622, 0.08005089058524174, 0.7836940298507463, 0.431872460217994, 0.6, 0.168127539782006, 0, 0, 0, 250, 0, 0, 0, 170, 250, 90, 7, 9, 128
69.017, 5.557896283220822, 0.08052938092384228, 0.08005089058524174, 0.7836940298507463, 0.431872460217994, 0.8100000000000001, 0.378127539782006, 0, 0, 0, 250, 0, 0, 0, 170, 221, 97, 29, 7, 128
69.065, 5.56156147465001, 0.08052648193223789, 0.08005089058524174, 0.7836940298507463, 0.431872460217994, 0.8, 0.368127539782006, 0, 0, 0, 250, 0, 0, 0, 170, 153, 190, 68, 93, 128
69.11100000000001, 5.565471012174478, 0.08052945279585709, 0.08005089058524174, 0.7836940298507463, 0.431872460217994, 0.75, 0.318127539782006, 0, 0, 0, 250, 0, 0, 0, 170, 65, 268, 88, 78, 128
69.169, 5.569624895794226, 0.0805219808844168, 0.08005089058524174, 0.7836940298507463, 0.431872460217994, 0.8299999999999999, 0.398127539782006, 0, 0, 0, 250, 0, 0, 0, 170, 68, 213, 3, 55, 128
69.232, 5.575244855985646, 0.08052988294409589, 0.08005089058524174, 0.7836940298507463, 0.431872460217994, 0.6899999999999999, 0.258127539782006, 0, 0, 0, 250, 0, 0, 0, 170, 87, 285, 19, 72, 128
69.28900000000001, 5.57988743179595, 0.08053063879975106, 0.08005089058524174, 0.7836940298507463, 0.431872460217994, 0.35, -0.08187246021799403, 0, 0, 0, 250, 0, 0, 0, -170, 78, 239, 9, 46, 129
69.344, 5.584041315415698, 0.0805266687156163, 0.08005089058524174, 0.7836940298507463, 0.431872460217994, 0.76, 0.328127539782006, 0, 0, 0, 250, 0, 0, 0, 170, 91, 214, 13, 25, 130
69.39900000000001, 5.588928237321282, 0.08053326758773586, 0.08005089058524174, 0.7836940298507463, 0.431872460217994, 0.8100000000000001, 0.378127539782006, 0, 0, 0, 250, 0, 0, 0, 170, 157, 191, 66, 23, 130
69.44900000000001, 5.592837774845749, 0.08053158108605952, 0.08005089058524174, 0.7836940298507463, 0.431872460217994, 0.8100000000000001, 0.378127539782006, 0, 0, 0, 250, 0, 0, 0, 170, 68, 258, 89, 67, 130
69.50400000000001, 5.597236004560775, 0.08053113496432974, 0.08005089058524174, 0.7836940298507463, 0.431872460217994, 0.8100000000000001, 0.378127539782006, 0, 0, 0, 250, 0, 0, 0, 170, 80, 255, 12, 3, 130
69.55, 5.601145542085241, 0.08053408399835, 0.08005089058524174, 0.7836940298507463, 0.431872460217994, 0.79, 0.3581275397820059, 0, 0, 0, 250, 0, 0, 0, 170, 85, 254, 5, 1, 130
69.604, 5.605055079609709, 0.08052777253620064, 0.08005089058524174, 0.7836940298507463, 0.431872460217994, 0.8, 0.368127539782006, 0, 0, 0, 250, 0, 0, 0, 170, 84, 251, 1, 3, 130
69.651, 5.608964617134176, 0.0805295633534935, 0.08005089058524174, 0.7836940298507463, 0.431872460217994, 0.8100000000000001, 0.378127539782006, 0, 0, 0, 250, 0, 0, 0, 170, 77, 232, 7, 19, 130
69.70000000000001, 5.613118500753924, 0.08053254663922417, 0.08005089058524174, 0.7836940298507463, 0.431872460217994, 0.8, 0.368127539782006, 0, 0, 0, 250, 0, 0, 0, 170, 88, 263, 11, 31, 130
69.74500000000001, 5.616294999992554, 0.08052613090533447, 0.08005089058524174, 0.7836940298507463, 0.431872460217994, 0.8100000000000001, 0.378127539782006, 0, 0, 0, 250, 0, 0, 0, 170, 72, 243, 16, 20, 130
69.79300000000001, 5.620448883612299, 0.08053026641084777, 0.08005089058524174, 0.7836940298507463, 0.431872460217994, 0.77, 0.338127539782006, 0, 0, 0, 250, 0, 0, 0, 170, 79, 255, 7, 12, 130
69.841, 5.624358421136767, 0.08053089762656272, 0.08005089058524174, 0.7836940298507463, 0.431872460217994, 0.84, 0.4081275397820059, 0, 0, 0, 250, 0, 0, 0, 170, 89, 257, 10, 2, 130
69.88800000000001, 5.627779266470675, 0.08052568776428965, 0.08005089058524174, 0.7836940298507463, 0.431872460217994, 0.84, 0.4081275397820059, 0, 0, 0, 250, 0, 0, 0, 170, 76, 245, 13, 12, 130
69.938, 5.631933150090423, 0.08052751222640657, 0.08005089058524174, 0.7836940298507463, 0.431872460217994, 0.8199999999999999, 0.388127539782006, 0, 0, 0, 250, 0, 0, 0, 170, 78, 252, 2, 7, 130
69.98699999999999, 5.63584268761489, 0.08052699340755982, 0.08005089058524174, 0.7836940298507463, 0.431872460217994, 0.8199999999999999, 0.388127539782006, 0, 0, 0, 250, 0, 0, 0, 170, 80, 251, 2, 1, 130
70.03100000000001, 5.639752225139357, 0.08053222465964154, 0.08005089058524174, 0.7836940298507463, 0.431872460217994, 0.8199999999999999, 0.388127539782006, 0, 0, 0, 250, 0, 0, 0, 170, 78, 266, 2, 15, 130
70.08100000000001, 5.643661762663823, 0.08053055411115457, 0.08005089058524174, 0.7836940298507463, 0.431872460217994, 0.8, 0.368127539782006, 0, 0, 0, 250, 0, 0, 0, 170, 78, 238, 0, 28, 130
70.13100000000001, 5.647571300188291, 0.08052888594470764, 0.08005089058524174, 0.7836940298507463, 0.431872460217994, 0.7800000000000001, 0.348127539782006, 0, 0, 0, 250, 0, 0, 0, 170, 82, 251, 4, 13, 130
70.17900000000001, 5.651725183808037, 0.08053299681967594, 0.08005089058524174, 0.7836940298507463, 0.431872460217994, 0.76, 0.328127539782006, 0, 0, 0, 250, 0, 0, 0, 170, 82, 266, 0, 15, 130
70.225, 5.655146029141947, 0.08052895733915197, 0.08005089058524174, 0.7836940298507463, 0.431872460217994, 0.75, 0.318127539782006, 0, 0, 0, 250, 0, 0, 0, 170, 74, 240, 8, 26, 130
70.279, 5.659788604952253, 0.08053314083797796, 0.08005089058524174, 0.7836940298507463, 0.431872460217994, 0.73, 0.298127539782006, 0, 0, 0, 250, 0, 0, 0, 170, 89, 253, 15, 13, 130
70.327, 5.66345379638144, 0.08053029130179647, 0.08005089058524174, 0.7836940298507463, 0.431872460217994, 0.65, 0.218127539782006, 0, 0, 0, 250, 0, 0, 0, 170, 76, 240, 13, 13, 130
70.38500000000001, 5.668096372191745, 0.08052989091698153, 0.08005089058524174, 0.7836940298507463, 0.431872460217994, 0.2, -0.2318724602179941, 0, 0, 0, 250, 0, 0, 0, -170, 80, 258, 4, 18, 131
70.429, 5.671517217525653, 0.08052815200451025, 0.08005089058524174, 0.7836940298507463, 0.431872460217994, 0.09, -0.3418724602179941, 0, 0, 0, 250, 0, 0, 0, -170, 89, 241, 9, 17, 131
70.47700000000001, 5.675426755050121, 0.08052877896406091, 0.08005089058524174, 0.7836940298507463, 0.431872460217994, 0.08, -0.351872460217994, 0, 0, 0, 250, 0, 0, 0, -170, 173, 154, 84, 87, 131
70.52800000000001, 5.679580638669867, 0.08052944417351783, 0.08005089058524174, 0.7836940298507463, 0.431872460217994, 0.08, -0.351872460217994, 0, 0, 0, 250, 0, 0, 0, -170, 242, 71, 69, 83, 131
70.579, 5.683245830099056, 0.08052318437635918, 0.08005089058524174, 0.7836940298507463, 0.431872460217994, 0.09, -0.3418724602179941, 0, 0, 0, 250, 0, 0, 0, -170, 273, 80, 31, 9, 131
70.62900000000001, 5.68788840590936, 0.08053191190459103, 0.08005089058524174, 0.7836940298507463, 0.431872460217994, 0.3, -0.131872460217994, 0, 0, 0, 250, 0, 0, 0, -170, 244, 86, 29, 6, 131
70.68000000000001, 5.691797943433826, 0.08052911634739425, 0.08005089058524174, 0.7836940298507463, 0.431872460217994, 0.79, 0.3581275397820059, 0, 0, 0, 250, 0, 0, 0, 170, 254, 73, 10, 13, 132
70.72900000000001, 5.695707480958294, 0.08052860186003329, 0.08005089058524174, 0.7836940298507463, 0.431872460217994, 0.79, 0.3581275397820059, 0, 0, 0, 250, 0, 0, 0, 170, 240, 99, 14, 26, 132
70.776, 5.699617018482763, 0.08053036366116711, 0.08005089058524174, 0.7836940298507463, 0.431872460217994, 0.79, 0.3581275397820059, 0, 0, 0, 250, 0, 0, 0, 170, 153, 193, 87, 94, 132
70.82599999999999, 5.70352655600723, 0.08052871199852072, 0.08005089058524174, 0.7836940298507463, 0.431872460217994, 0.8100000000000001, 0.378127539782006, 0, 0, 0, 250, 0, 0, 0, 170, 87, 242, 66, 49, 132
70.871, 5.706947401341139, 0.08052584839131857, 0.08005089058524174, 0.7836940298507463, 0.431872460217994, 0.8299999999999999, 0.398127539782006, 0, 0, 0, 250, 0, 0, 0, 170, 70, 237, 17, 5, 132
70.92000000000001, 5.710856938865605, 0.08052533754745637, 0.08005089058524174, 0.7836940298507463, 0.431872460217994, 0.84, 0.4081275397820059, 0, 0, 0, 250, 0, 0, 0, 170, 85, 268, 15, 31, 132
70.967, 5.714766476390073, 0.08052709676878088, 0.08005089058524174, 0.7836940298507463, 0.431872460217994, 0.84, 0.4081275397820059, 0, 0, 0, 250, 0, 0, 0, 170, 82, 253, 3, 15, 132
71.01500000000001, 5.71867601391454, 0.0805277196918192, 0.08005089058524174, 0.7836940298507463, 0.431872460217994, 0.8299999999999999, 0.398127539782006, 0, 0, 0, 250, 0, 0, 0, 170, 79, 247, 3, 6, 132
71.06000000000001, 5.722585551439008, 0.08053174150631872, 0.08005089058524174, 0.7836940298507463, 0.431872460217994, 0.8199999999999999, 0.388127539782006, 0, 0, 0, 250, 0, 0, 0, 170, 79, 257, 0, 10, 132
71.111, 5.726250742868197, 0.08052552689271979, 0.08005089058524174, 0.7836940298507463, 0.431872460217994, 0.8100000000000001, 0.378127539782006, 0, 0, 0, 250, 0, 0, 0, 170, 78, 247, 1, 10, 132
71.16, 5.7308933186785, 0.08053531926192383, 0.08005089058524174, 0.7836940298507463, 0.431872460217994, 0.79, 0.3581275397820059, 0, 0, 0, 250, 0, 0, 0, 170, 81, 255, 3, 8, 132
71.21, 5.734314164012408, 0.08052681033580127, 0.08005089058524174, 0.7836940298507463, 0.431872460217994, 0.8199999999999999, 0.388127539782006, 0, 0, 0, 250, 0, 0, 0, 170, 82, 243, 1, 12, 132
71.26000000000001, 5.738468047632156, 0.08052860016323542, 0.08005089058524174, 0.7836940298507463, 0.431872460217994, 0.8199999999999999, 0.388127539782006, 0, 0, 0, 250, 0, 0, 0, 170, 80, 246, 2, 3, 132
71.309, 5.742377585156623, 0.080528090215213, 0.08005089058524174, 0.7836940298507463, 0.431872460217994, 0.8, 0.368127539782006, 0, 0, 0, 250, 0, 0, 0, 170, 87, 264, 7, 18, 132
71.356, 5.746287122681091, 0.08052983803297678, 0.08005089058524174, 0.7836940298507463, 0.431872460217994, 0.8, 0.368127539782006, 0, 0, 0, 250, 0, 0, 0, 170, 73, 248, 14, 16, 132
71.40900000000001, 5.750196660205558, 0.08052481704274751, 0.08005089058524174, 0.7836940298507463, 0.431872460217994, 0.8, 0.368127539782006, 0, 0, 0, 250, 0, 0, 0, 170, 86, 247, 13, 1, 132
71.458, 5.754839236015862, 0.08053456906176862, 0.08005089058524174, 0.7836940298507463, 0.431872460217994, 0.8100000000000001, 0.378127539782006, 0, 0, 0, 250, 0, 0, 0, 170, 83, 256, 3, 9, 132
71.51000000000001, 5.75874877354033, 0.08053067785680785, 0.08005089058524174, 0.7836940298507463, 0.431872460217994, 0.8800000000000001, 0.448127539782006, 0, 0, 0, 250, 0, 0, 0, 170, 75, 238, 8, 18, 132
71.56000000000001, 5.762658311064797, 0.08052904291594183, 0.08005089058524174, 0.7836940298507463, 0.431872460217994, 0.8800000000000001, 0.448127539782006, 0, 0, 0, 250, 0, 0, 0, 170, 88, 264, 13, 26, 132
71.60800000000001, 5.766323502493986, 0.0805262471021951, 0.08005089058524174, 0.7836940298507463, 0.431872460217994, 0.8699999999999999, 0.438127539782006, 0, 0, 0, 250, 0, 0, 0, 170, 76, 244, 12, 20, 132
71.65600000000001, 5.770233040018454, 0.08052686502202821, 0.08005089058524174, 0.7836940298507463, 0.431872460217994, 0.8699999999999999, 0.438127539782006, 0, 0, 0, 250, 0, 0, 0, 170, 80, 251, 4, 7, 132
71.70000000000001, 5.77414257754292, 0.08053197458218854, 0.08005089058524174, 0.7836940298507463, 0.431872460217994, 0.8299999999999999, 0.398127539782006, 0, 0, 0, 250, 0, 0, 0, 170, 84, 254, 4, 3, 132
71.749, 5.777807768972108, 0.08052805988894772, 0.08005089058524174, 0.7836940298507463, 0.431872460217994, 0.8100000000000001, 0.378127539782006, 0, 0, 0, 250, 0, 0, 0, 170, 72, 241, 12, 13, 132
71.81000000000001, 5.78318338306825, 0.08053451306319802, 0.08005089058524174, 0.7836940298507463, 0.431872460217994, 0.8100000000000001, 0.378127539782006, 0, 0, 0, 250, 0, 0, 0, 170, 83, 263, 11, 22, 132
71.854, 5.78635988230688, 0.08052940521483675, 0.08005089058524174, 0.7836940298507463, 0.431872460217994, 0.8199999999999999, 0.388127539782006, 0, 0, 0, 250, 0, 0, 0, 170, 81, 253, 2, 10, 132
71.90600000000001, 5.790513765926628, 0.08052893730601935, 0.08005089058524174, 0.7836940298507463, 0.431872460217994, 0.8100000000000001, 0.378127539782006, 0, 0, 0, 250, 0, 0, 0, 170, 75, 242, 6, 11, 132
71.951, 5.794423303451095, 0.080532908555143, 0.08005089058524174, 0.7836940298507463, 0.431872460217994, 0.8199999999999999, 0.388127539782006, 0, 0, 0, 250, 0, 0, 0, 170, 84, 248, 9, 6, 132
72.00100000000001, 5.798332840975562, 0.08053128207907616, 0.08005089058524174, 0.7836940298507463, 0.431872460217994, 0.8199999999999999, 0.388127539782006, 0, 0, 0, 250, 0, 0, 0, 170, 77, 248, 7, 0, 132
72.05100000000001, 5.802486724595308, 0.08053304915400631, 0.08005089058524174, 0.7836940298507463, 0.431872460217994, 0.8100000000000001, 0.378127539782006, 0, 0, 0, 250, 0, 0, 0, 170, 79, 242, 2, 6, 132
72.1, 5.806396262119776, 0.08053254177697331, 0.08005089058524174, 0.7836940298507463, 0.431872460217994, 0.8100000000000001, 0.378127539782006, 0, 0, 0, 250, 0, 0, 0, 170, 77, 264, 2, 22, 132
72.151, 5.810550145739522, 0.08053318936313458, 0.08005089058524174, 0.7836940298507463, 0.431872460217994, 0.8199999999999999, 0.388127539782006, 0, 0, 0, 250, 0, 0, 0, 170, 82, 241, 5, 23, 132
72.20000000000001, 5.814215337168711, 0.08052929829873561, 0.08005089058524174, 0.7836940298507463, 0.431872460217994, 0.8199999999999999, 0.388127539782006, 0, 0, 0, 250, 0, 0, 0, 170, 75, 250, 7, 9, 132
72.25100000000001, 5.818369220788457, 0.0805299472780786, 0.08005089058524174, 0.7836940298507463, 0.431872460217994, 0.8199999999999999, 0.388127539782006, 0, 0, 0, 250, 0, 0, 0, 170, 84, 243, 9, 7, 132
72.303, 5.822523104408203, 0.08052948154859692, 0.08005089058524174, 0.7836940298507463, 0.431872460217994, 0.76, 0.328127539782006, 0, 0, 0, 250, 0, 0, 0, 170, 77, 249, 7, 6, 132
72.34999999999999, 5.826432641932671, 0.08053120444965682, 0.08005089058524174, 0.7836940298507463, 0.431872460217994, 0.6899999999999999, 0.258127539782006, 0, 0, 0, 250, 0, 0, 0, 170, 81, 265, 4, 16, 132
72.401, 5.830586525552417, 0.08053185074173584, 0.08005089058524174, 0.7836940298507463, 0.431872460217994, 0.71, 0.278127539782006, 0, 0, 0, 250, 0, 0, 0, 170, 76, 230, 5, 35, 132
72.45000000000001, 5.834251716981605, 0.08052797400940793, 0.08005089058524174, 0.7836940298507463, 0.431872460217994, 0.7, 0.268127539782006, 0, 0, 0, 250, 0, 0, 0, 170, 79, 243, 3, 13, 132
72.49500000000001, 5.838161254506072, 0.0805319160563635, 0.08005089058524174, 0.7836940298507463, 0.431872460217994, 0.7199999999999999, 0.288127539782006, 0, 0, 0, 250, 0, 0, 0, 170, 81, 261, 2, 18, 132
72.541, 5.842070792030539, 0.08053474300093105, 0.08005089058524174, 0.7836940298507463, 0.431872460217994, 0.6899999999999999, 0.258127539782006, 0, 0, 0, 250, 0, 0, 0, 170, 81, 251, 0, 10, 132
72.59, 5.846224675650285, 0.08053760401777497, 0.08005089058524174, 0.7836940298507463, 0.431872460217994, 0.7, 0.268127539782006, 0, 0, 0, 250, 0, 0, 0, 170, 80, 260, 1, 9, 132
72.64100000000001, 5.850134213174753, 0.08053487993247275, 0.08005089058524174, 0.7836940298507463, 0.431872460217994, 0.7199999999999999, 0.288127539782006, 0, 0, 0, 250, 0, 0, 0, 170, 76, 243, 4, 17, 132
72.69, 5.854288096794499, 0.08053773692109644, 0.08005089058524174, 0.7836940298507463, 0.431872460217994, 0.74, 0.308127539782006, 0, 0, 0, 250, 0, 0, 0, 170, 88, 243, 12, 0, 132
72.74100000000001, 5.857953288223688, 0.08053165736274849, 0.08005089058524174, 0.7836940298507463, 0.431872460217994, 0.32, -0.111872460217994, 0, 0, 0, 250, 0, 0, 0, -170, 76, 259, 12, 16, 133
72.79000000000001, 5.862107171843435, 0.0805345125957334, 0.08005089058524174, 0.7836940298507463, 0.431872460217994, 0.06, -0.371872460217994, 0, 0, 0, 250, 0, 0, 0, -170, 98, 238, 22, 21, 133
72.83100000000001, 5.865283671082063, 0.0805327905848068, 0.08005089058524174, 0.7836940298507463, 0.431872460217994, 0.06, -0.371872460217994, 0, 0, 0, 250, 0, 0, 0, -170, 164, 160, 66, 78, 133
72.88, 5.86943755470181, 0.08053564152993701, 0.08005089058524174, 0.7836940298507463, 0.431872460217994, 0.11, -0.321872460217994, 0, 0, 0, 250, 0, 0, 0, -170, 261, 81, 97, 79, 133
72.93000000000001, 5.873102746130999, 0.08053068347910324, 0.08005089058524174, 0.7836940298507463, 0.431872460217994, 0.11, -0.321872460217994, 0, 0, 0, 250, 0, 0, 0, -170, 242, 64, 19, 17, 133
72.98000000000001, 5.877256629750745, 0.080532428470139, 0.08005089058524174, 0.7836940298507463, 0.431872460217994, 0.12, -0.311872460217994, 0, 0, 0, 250, 0, 0, 0, -170, 246, 95, 4, 31, 133
73.026, 5.880921821179934, 0.0805318903018094, 0.08005089058524174, 0.7836940298507463, 0.431872460217994, 0.1, -0.3318724602179941, 0, 0, 0, 250, 0, 0, 0, -170, 261, 79, 15, 16, 133
73.06999999999999, 5.884342666513843, 0.0805302130356349, 0.08005089058524174, 0.7836940298507463, 0.431872460217994, 0.11, -0.321872460217994, 0, 0, 0, 250, 0, 0, 0, -170, 249, 69, 12, 10, 133
73.12000000000001, 5.888252204038309, 0.08052861329374055, 0.08005089058524174, 0.7836940298507463, 0.431872460217994, 0.11, -0.321872460217994, 0, 0, 0, 250, 0, 0, 0, -170, 244, 86, 5, 17, 133
73.169, 5.892406087658056, 0.08053145577578013, 0.08005089058524174, 0.7836940298507463, 0.431872460217994, 0.09, -0.3418724602179941, 0, 0, 0, 250, 0, 0, 0, -170, 254, 77, 10, 9, 133
73.22, 5.896559971277802, 0.08053209466372307, 0.08005089058524174, 0.7836940298507463, 0.431872460217994, 0.07000000000000001, -0.361872460217994, 0, 0, 0, 250, 0, 0, 0, -170, 252, 77, 2, 0, 133
73.27100000000001, 5.900958200992828, 0.0805360674890861, 0.08005089058524174, 0.7836940298507463, 0.431872460217994, 0.07000000000000001, -0.361872460217994, 0, 0, 0, 250, 0, 0, 0, -170, 238, 77, 14, 0, 133
73.32, 5.904379046326737, 0.08052890134106296, 0.08005089058524174, 0.7836940298507463, 0.431872460217994, 0.06, -0.371872460217994, 0, 0, 0, 250, 0, 0, 0, -170, 258, 82, 20, 5, 133
73.37000000000001, 5.908777276041762, 0.08053396859808862, 0.08005089058524174, 0.7836940298507463, 0.431872460217994, 0.06, -0.371872460217994, 0, 0, 0, 250, 0, 0, 0, -170, 248, 82, 10, 0, 133
73.419, 5.91244246747095, 0.08053014161825891, 0.08005089058524174, 0.7836940298507463, 0.431872460217994, 0.07000000000000001, -0.361872460217994, 0, 0, 0, 250, 0, 0, 0, -170, 243, 77, 5, 5, 133
73.47, 5.916596351090697, 0.08053077924446301, 0.08005089058524174, 0.7836940298507463, 0.431872460217994, 0.07000000000000001, -0.361872460217994, 0, 0, 0, 250, 0, 0, 0, -170, 257, 75, 14, 2, 133
73.524, 5.920994580805724, 0.08053145341392909, 0.08005089058524174, 0.7836940298507463, 0.431872460217994, 0.26, -0.171872460217994, 0, 0, 0, 250, 0, 0, 0, -170, 257, 84, 0, 9, 133
73.56999999999999, 5.924659772234911, 0.08053091983464606, 0.08005089058524174, 0.7836940298507463, 0.431872460217994, 0.5300000000000001, 0.09812753978200597, 0, 0, 0, 250, 0, 0, 0, 170, 243, 80, 14, 4, 134
73.62900000000001, 5.929302348045216, 0.08052944285601075, 0.08005089058524174, 0.7836940298507463, 0.431872460217994, 0.64, 0.208127539782006, 0, 0, 0, 250, 0, 0, 0, 170, 219, 96, 24, 16, 134
73.676, 5.933700577760241, 0.08053776776372551, 0.08005089058524174, 0.7836940298507463, 0.431872460217994, 0.67, 0.238127539782006, 0, 0, 0, 250, 0, 0, 0, 170, 146, 212, 73, 116, 134
73.723, 5.937610115284708, 0.08053945329523632, 0.08005089058524174, 0.7836940298507463, 0.431872460217994, 0.76, 0.328127539782006, 0, 0, 0, 250, 0, 0, 0, 170, 70, 261, 76, 49, 134
73.77, 5.940786614523338, 0.08053119987153773, 0.08005089058524174, 0.7836940298507463, 0.431872460217994, 0.63, 0.198127539782006, 0, 0, 0, 250, 0, 0, 0, 170, 62, 223, 8, 38, 134
73.82899999999999, 5.945917882524203, 0.08053634591453497, 0.08005089058524174, 0.7836940298507463, 0.431872460217994, 0.11, -0.321872460217994, 0, 0, 0, 250, 0, 0, 0, -170, 97, 274, 35, 51, 135
73.87900000000001, 5.94958307395339, 0.08053145107477617, 0.08005089058524174, 0.7836940298507463, 0.431872460217994, 0.08, -0.351872460217994, 0, 0, 0, 250, 0, 0, 0, -170, 91, 233, 6, 41, 135
73.92600000000001, 5.953492611477857, 0.08053313599380269, 0.08005089058524174, 0.7836940298507463, 0.431872460217994, 0.07000000000000001, -0.361872460217994, 0, 0, 0, 250, 0, 0, 0, -170, 174, 146, 83, 87, 135
73.97100000000001, 5.957157802907046, 0.08053369297301707, 0.08005089058524174, 0.7836940298507463, 0.431872460217994, 0.09, -0.3418724602179941, 0, 0, 0, 250, 0, 0, 0, -170, 254, 74, 80, 72, 135
74.026, 5.961067340431513, 0.08052667090524292, 0.08005089058524174, 0.7836940298507463, 0.431872460217994, 0.09, -0.3418724602179941, 0, 0, 0, 250, 0, 0, 0, -170, 254, 76, 0, 2, 135
74.071, 5.965221224051259, 0.08053382867858216, 0.08005089058524174, 0.7836940298507463, 0.431872460217994, 0.08, -0.351872460217994, 0, 0, 0, 250, 0, 0, 0, -170, 252, 96, 2, 20, 135
74.12000000000001, 5.969130761575727, 0.08053333461381175, 0.08005089058524174, 0.7836940298507463, 0.431872460217994, 0.08, -0.351872460217994, 0, 0, 0, 250, 0, 0, 0, -170, 252, 71, 0, 25, 135
74.169, 5.973040299100193, 0.08053284120185243, 0.08005089058524174, 0.7836940298507463, 0.431872460217994, 0.09, -0.3418724602179941, 0, 0, 0, 250, 0, 0, 0, -170, 241, 80, 11, 9, 135
74.22400000000001, 5.977438528815219, 0.08053242251583342, 0.08005089058524174, 0.7836940298507463, 0.431872460217994, 0.16, -0.271872460217994, 0, 0, 0, 250, 0, 0, 0, -170, 255, 87, 14, 7, 135
74.276, 5.981592412434966, 0.08053196742467238, 0.08005089058524174, 0.7836940298507463, 0.431872460217994, 0.45, 0.01812753978200597, 0, 0, 0, 250, 0, 0, 0, 170, 246, 76, 9, 11, 136
74.329, 5.985990642149992, 0.08053371688237419, 0.08005089058524174, 0.7836940298507463, 0.431872460217994, 0.7, 0.268127539782006, 0, 0, 0, 250, 0, 0, 0, 170, 242, 91, 4, 15, 136
74.37900000000001, 5.990388871865017, 0.08053871216156466, 0.08005089058524174, 0.7836940298507463, 0.431872460217994, 0.79, 0.3581275397820059, 0, 0, 0, 250, 0, 0, 0, 170, 131, 201, 111, 110, 136
74.43000000000001, 5.994054063294206, 0.0805327698951257, 0.08005089058524174, 0.7836940298507463, 0.431872460217994, 0.79, 0.3581275397820059, 0, 0, 0, 250, 0, 0, 0, 170, 68, 261, 63, 60, 136
74.481, 5.997963600818673, 0.08053011641651796, 0.08005089058524174, 0.7836940298507463, 0.431872460217994, 0.6600000000000001, 0.228127539782006, 0, 0, 0, 250, 0, 0, 0, 170, 82, 225, 14, 36, 136
74.535, 6.002606176628978, 0.08053406019492828, 0.08005089058524174, 0.7836940298507463, 0.431872460217994, 0.24, -0.191872460217994, 0, 0, 0, 250, 0, 0, 0, -170, 87, 275, 5, 50, 137
74.58100000000001, 6.006515714153444, 0.08053680849215544, 0.08005089058524174, 0.7836940298507463, 0.431872460217994, 0.1, -0.3318724602179941, 0, 0, 0, 250, 0, 0, 0, -170, 92, 236, 5, 39, 137
74.63, 6.010669597773191, 0.08053958994738297, 0.08005089058524174, 0.7836940298507463, 0.431872460217994, 0.08, -0.351872460217994, 0, 0, 0, 250, 0, 0, 0, -170, 189, 147, 97, 89, 137
74.681, 6.014579135297659, 0.08053693891749788, 0.08005089058524174, 0.7836940298507463, 0.431872460217994, 0.08, -0.351872460217994, 0, 0, 0, 250, 0, 0, 0, -170, 251, 77, 62, 70, 137
74.73000000000001, 6.017999980631568, 0.08052990740842457, 0.08005089058524174, 0.7836940298507463, 0.431872460217994, 0.07000000000000001, -0.361872460217994, 0, 0, 0, 250, 0, 0, 0, -170, 242, 74, 9, 3, 137
74.77800000000001, 6.022153864251314, 0.08053376480049366, 0.08005089058524174, 0.7836940298507463, 0.431872460217994, 0.11, -0.321872460217994, 0, 0, 0, 250, 0, 0, 0, -170, 254, 94, 12, 20, 137
74.831, 6.026552093966339, 0.08053550124903236, 0.08005089058524174, 0.7836940298507463, 0.431872460217994, 0.25, -0.181872460217994, 0, 0, 0, 250, 0, 0, 0, -170, 259, 79, 5, 15, 137
74.884, 6.030705977586087, 0.08053397224488659, 0.08005089058524174, 0.7836940298507463, 0.431872460217994, 0.5300000000000001, 0.09812753978200597, 0, 0, 0, 250, 0, 0, 0, 170, 237, 75, 22, 4, 138
74.931, 6.034126822919996, 0.08052911108780073, 0.08005089058524174, 0.7836940298507463, 0.431872460217994, 0.74, 0.308127539782006, 0, 0, 0, 250, 0, 0, 0, 170, 230, 99, 7, 24, 138
74.975, 6.037792014349183, 0.08053073710369034, 0.08005089058524174, 0.7836940298507463, 0.431872460217994, 0.8, 0.368127539782006, 0, 0, 0, 250, 0, 0, 0, 170, 169, 174, 61, 75, 138
75.026, 6.042434590159488, 0.08053787473888368, 0.08005089058524174, 0.7836940298507463, 0.431872460217994, 0.79, 0.3581275397820059, 0, 0, 0, 250, 0, 0, 0, 170, 82, 250, 87, 76, 138
75.076, 6.046099781588676, 0.08053305692349987, 0.08005089058524174, 0.7836940298507463, 0.431872460217994, 0.77, 0.338127539782006, 0, 0, 0, 250, 0, 0, 0, 170, 78, 239, 4, 11, 138
75.12900000000001, 6.050498011303702, 0.08053478698377059, 0.08005089058524174, 0.7836940298507463, 0.431872460217994, 0.44, 0.008127539782005968, 0, 0, 0, 250, 0, 0, 0, 170, 92, 257, 14, 18, 138
75.17900000000001, 6.054651894923448, 0.08053647820433163, 0.08005089058524174, 0.7836940298507463, 0.431872460217994, 0.12, -0.311872460217994, 0, 0, 0, 250, 0, 0, 0, -170, 74, 257, 18, 0, 139
75.23000000000001, 6.058561432447916, 0.08053384863017301, 0.08005089058524174, 0.7836940298507463, 0.431872460217994, 0.08, -0.351872460217994, 0, 0, 0, 250, 0, 0, 0, -170, 93, 224, 19, 33, 139
75.279, 6.062470969972384, 0.08053336215906672, 0.08005089058524174, 0.7836940298507463, 0.431872460217994, 0.08, -0.351872460217994, 0, 0, 0, 250, 0, 0, 0, -170, 200, 151, 107, 73, 139
75.326, 6.06638050749685, 0.08053501456996058, 0.08005089058524174, 0.7836940298507463, 0.431872460217994, 0.09, -0.3418724602179941, 0, 0, 0, 250, 0, 0, 0, -170, 234, 82, 34, 69, 139
75.37600000000001, 6.070290045021318, 0.0805334595232079, 0.08005089058524174, 0.7836940298507463, 0.431872460217994, 0.08, -0.351872460217994, 0, 0, 0, 250, 0, 0, 0, -170, 253, 76, 19, 6, 139
75.42000000000001, 6.073955236450506, 0.08053507340825385, 0.08005089058524174, 0.7836940298507463, 0.431872460217994, 0.08, -0.351872460217994, 0, 0, 0, 250, 0, 0, 0, -170, 259, 84, 6, 8, 139
75.469, 6.078109120070253, 0.08053782506817704, 0.08005089058524174, 0.7836940298507463, 0.431872460217994, 0.12, -0.311872460217994, 0, 0, 0, 250, 0, 0, 0, -170, 258, 82, 1, 2, 139
75.52, 6.082263003689999, 0.0805384401971663, 0.08005089058524174, 0.7836940298507463, 0.431872460217994, 0.26, -0.171872460217994, 0, 0, 0, 250, 0, 0, 0, -170, 236, 81, 22, 1, 139
75.57500000000001, 6.086416887309746, 0.08053479176063176, 0.08005089058524174, 0.7836940298507463, 0.431872460217994, 0.5899999999999999, 0.158127539782006, 0, 0, 0, 250, 0, 0, 0, 170, 247, 81, 11, 0, 140
75.63, 6.090815117024771, 0.08053437943970344, 0.08005089058524174, 0.7836940298507463, 0.431872460217994, 0.7800000000000001, 0.348127539782006, 0, 0, 0, 250, 0, 0, 0, 170, 219, 98, 28, 17, 140
75.678, 6.094724654549239, 0.08053495936136311, 0.08005089058524174, 0.7836940298507463, 0.431872460217994, 0.7800000000000001, 0.348127539782006, 0, 0, 0, 250, 0, 0, 0, 170, 165, 205, 54, 107, 140
75.726, 6.098634192073705, 0.08053553854783964, 0.08005089058524174, 0.7836940298507463, 0.431872460217994, 0.79, 0.3581275397820059, 0, 0, 0, 250, 0, 0, 0, 170, 74, 247, 91, 42, 140
75.77, 6.102055037407615, 0.08053391893107582, 0.08005089058524174, 0.7836940298507463, 0.431872460217994, 0.85, 0.418127539782006, 0, 0, 0, 250, 0, 0, 0, 170, 73, 230, 1, 17, 140
75.824, 6.106208921027362, 0.08053134787174722, 0.08005089058524174, 0.7836940298507463, 0.431872460217994, 0.8199999999999999, 0.388127539782006, 0, 0, 0, 250, 0, 0, 0, 170, 89, 262, 16, 32, 140
75.868, 6.110118458551828, 0.08053617412547885, 0.08005089058524174, 0.7836940298507463, 0.431872460217994, 0.6899999999999999, 0.258127539782006, 0, 0, 0, 250, 0, 0, 0, 170, 82, 258, 7, 4, 140
75.92000000000001, 6.114516688266853, 0.08053894478749807, 0.08005089058524174, 0.7836940298507463, 0.431872460217994, 0.48, 0.04812753978200597, 0, 0, 0, 250, 0, 0, 0, 170, 82, 249, 0, 9, 140
75.97, 6.118181879696042, 0.08053418296295963, 0.08005089058524174, 0.7836940298507463, 0.431872460217994, 0.28, -0.151872460217994, 0, 0, 0, 250, 0, 0, 0, -170, 74, 240, 8, 9, 141
76.026, 6.122824455506348, 0.08053592791290278, 0.08005089058524174, 0.7836940298507463, 0.431872460217994, 0.13, -0.301872460217994, 0, 0, 0, 250, 0, 0, 0, -170, 96, 222, 22, 18, 141
76.06999999999999, 6.126245300840257, 0.08053431445826549, 0.08005089058524174, 0.7836940298507463, 0.431872460217994, 0.1, -0.3318724602179941, 0, 0, 0, 250, 0, 0, 0, -170, 191, 149, 95, 73, 141
76.121, 6.130154838364724, 0.08053171711307948, 0.08005089058524174, 0.7836940298507463, 0.431872460217994, 0.17, -0.261872460217994, 0, 0, 0, 250, 0, 0, 0, -170, 248, 77, 57, 72, 141
76.17000000000001, 6.13430872198447, 0.08053444560830341, 0.08005089058524174, 0.7836940298507463, 0.431872460217994, 0.52, 0.08812753978200597, 0, 0, 0, 250, 0, 0, 0, 170, 254, 77, 6, 0, 142
76.22, 6.138462605604216, 0.08053611395439802, 0.08005089058524174, 0.7836940298507463, 0.431872460217994, 0.74, 0.308127539782006, 0, 0, 0, 250, 0, 0, 0, 170, 241, 108, 13, 31, 142
76.27, 6.142616489223962, 0.08053778011307148, 0.08005089058524174, 0.7836940298507463, 0.431872460217994, 0.74, 0.308127539782006, 0, 0, 0, 250, 0, 0, 0, 170, 149, 194, 92, 86, 142
76.31900000000001, 6.14652602674843, 0.08053729774693629, 0.08005089058524174, 0.7836940298507463, 0.431872460217994, 0.79, 0.3581275397820059, 0, 0, 0, 250, 0, 0, 0, 170, 80, 265, 69, 71, 142
76.36900000000001, 6.150435564272898, 0.08053576142509261, 0.08005089058524174, 0.7836940298507463, 0.431872460217994, 0.8100000000000001, 0.378127539782006, 0, 0, 0, 250, 0, 0, 0, 170, 73, 236, 7, 29, 142
76.428, 6.155078140083203, 0.08053433479985351, 0.08005089058524174, 0.7836940298507463, 0.431872460217994, 0.76, 0.328127539782006, 0, 0, 0, 250, 0, 0, 0, 170, 86, 260, 13, 24, 142
76.477, 6.159232023702949, 0.08053705066494434, 0.08005089058524174, 0.7836940298507463, 0.431872460217994, 0.76, 0.328127539782006, 0, 0, 0, 250, 0, 0, 0, 170, 81, 254, 5, 6, 142
76.526, 6.163141561227416, 0.08053657007066116, 0.08005089058524174, 0.7836940298507463, 0.431872460217994, 0.7800000000000001, 0.348127539782006, 0, 0, 0, 250, 0, 0, 0, 170, 72, 247, 9, 7, 142
76.577, 6.166806752656605, 0.08053079583499752, 0.08005089058524174, 0.7836940298507463, 0.431872460217994, 0.8, 0.368127539782006, 0, 0, 0, 250, 0, 0, 0, 170, 83, 234, 11, 13, 142
76.62600000000001, 6.17120498237163, 0.0805366974965629, 0.08005089058524174, 0.7836940298507463, 0.431872460217994, 0.8299999999999999, 0.398127539782006, 0, 0, 0, 250, 0, 0, 0, 170, 84, 261, 1, 27, 142
76.672, 6.174870173800818, 0.0805361823586292, 0.08005089058524174, 0.7836940298507463, 0.431872460217994, 0.84, 0.4081275397820059, 0, 0, 0, 250, 0, 0, 0, 170, 76, 252, 8, 9, 142
76.721, 6.178779711325284, 0.0805357035404294, 0.08005089058524174, 0.7836940298507463, 0.431872460217994, 0.8299999999999999, 0.398127539782006, 0, 0, 0, 250, 0, 0, 0, 170, 85, 259, 9, 7, 142
76.771, 6.182689248849752, 0.08053417630159505, 0.08005089058524174, 0.7836940298507463, 0.431872460217994, 0.79, 0.3581275397820059, 0, 0, 0, 250, 0, 0, 0, 170, 78, 250, 7, 9, 142
76.831, 6.187820516850617, 0.08053807078979339, 0.08005089058524174, 0.7836940298507463, 0.431872460217994, 0.8199999999999999, 0.388127539782006, 0, 0, 0, 250, 0, 0, 0, 170, 85, 241, 7, 9, 142
76.88200000000001, 6.191974400470363, 0.08053867485848915, 0.08005089058524174, 0.7836940298507463, 0.431872460217994, 0.84, 0.4081275397820059, 0, 0, 0, 250, 0, 0, 0, 170, 84, 257, 1, 16, 142
76.931, 6.195883937994831, 0.08053819575976952, 0.08005089058524174, 0.7836940298507463, 0.431872460217994, 0.8199999999999999, 0.388127539782006, 0, 0, 0, 250, 0, 0, 0, 170, 78, 252, 6, 5, 142
76.97900000000001, 6.199793475519297, 0.08053876350068588, 0.08005089058524174, 0.7836940298507463, 0.431872460217994, 0.8100000000000001, 0.378127539782006, 0, 0, 0, 250, 0, 0, 0, 170, 86, 245, 8, 7, 142
77.026, 6.203458666948485, 0.08053720389152346, 0.08005089058524174, 0.7836940298507463, 0.431872460217994, 0.8, 0.368127539782006, 0, 0, 0, 250, 0, 0, 0, 170, 78, 242, 8, 3, 142
77.07, 6.207123858377673, 0.08053878108703351, 0.08005089058524174, 0.7836940298507463, 0.431872460217994, 0.8, 0.368127539782006, 0, 0, 0, 250, 0, 0, 0, 170, 72, 267, 6, 25, 142
77.12000000000001, 6.211033395902141, 0.08053725876429125, 0.08005089058524174, 0.7836940298507463, 0.431872460217994, 0.8100000000000001, 0.378127539782006, 0, 0, 0, 250, 0, 0, 0, 170, 85, 243, 13, 24, 142
77.169, 6.215187279521887, 0.08053994841868997, 0.08005089058524174, 0.7836940298507463, 0.431872460217994, 0.79, 0.3581275397820059, 0, 0, 0, 250, 0, 0, 0, 170, 78, 255, 7, 12, 142
77.219, 6.218852470951076, 0.0805352629657348, 0.08005089058524174, 0.7836940298507463, 0.431872460217994, 0.84, 0.4081275397820059, 0, 0, 0, 250, 0, 0, 0, 170, 80, 245, 2, 10, 142
77.271, 6.2232507006661, 0.08053798579889094, 0.08005089058524174, 0.7836940298507463, 0.431872460217994, 0.8199999999999999, 0.388127539782006, 0, 0, 0, 250, 0, 0, 0, 170, 79, 253, 1, 8, 142
77.31999999999999, 6.227160238190569, 0.08053750954721377, 0.08005089058524174, 0.7836940298507463, 0.431872460217994, 0.85, 0.418127539782006, 0, 0, 0, 250, 0, 0, 0, 170, 80, 258, 1, 5, 142
77.36499999999999, 6.230825429619755, 0.08053803954785439, 0.08005089058524174, 0.7836940298507463, 0.431872460217994, 0.86, 0.428127539782006, 0, 0, 0, 250, 0, 0, 0, 170, 87, 256, 7, 2, 142
77.41500000000001, 6.234979313239504, 0.08053967981966679, 0.08005089058524174, 0.7836940298507463, 0.431872460217994, 0.8, 0.368127539782006, 0, 0, 0, 250, 0, 0, 0, 170, 77, 245, 10, 11, 142
77.463, 6.23888885076397, 0.08054024309365722, 0.08005089058524174, 0.7836940298507463, 0.431872460217994, 0.8, 0.368127539782006, 0, 0, 0, 250, 0, 0, 0, 170, 85, 246, 8, 1, 142
77.51600000000001, 6.242798388288438, 0.08053561056154134, 0.08005089058524174, 0.7836940298507463, 0.431872460217994, 0.8, 0.368127539782006, 0, 0, 0, 250, 0, 0, 0, 170, 69, 249, 16, 3, 142
77.565, 6.246952271908184, 0.08053828752540687, 0.08005089058524174, 0.7836940298507463, 0.431872460217994, 0.7800000000000001, 0.348127539782006, 0, 0, 0, 250, 0, 0, 0, 170, 88, 265, 19, 16, 142
77.61, 6.250373117242093, 0.08053566701767934, 0.08005089058524174, 0.7836940298507463, 0.431872460217994, 0.77, 0.338127539782006, 0, 0, 0, 250, 0, 0, 0, 170, 80, 237, 8, 28, 142
77.655, 6.25428265476656, 0.0805393426664936, 0.08005089058524174, 0.7836940298507463, 0.431872460217994, 0.77, 0.338127539782006, 0, 0, 0, 250, 0, 0, 0, 170, 80, 254, 0, 17, 142
77.70300000000001, 6.258192192291028, 0.08053990440898071, 0.08005089058524174, 0.7836940298507463, 0.431872460217994, 0.75, 0.318127539782006, 0, 0, 0, 250, 0, 0, 0, 170, 79, 242, 1, 12, 142
77.749, 6.262101729815494, 0.08054253726498725, 0.08005089058524174, 0.7836940298507463, 0.431872460217994, 0.73, 0.298127539782006, 0, 0, 0, 250, 0, 0, 0, 170, 81, 255, 2, 13, 142
77.79900000000001, 6.265766921244682, 0.0805378850787887, 0.08005089058524174, 0.7836940298507463, 0.431872460217994, 0.75, 0.318127539782006, 0, 0, 0, 250, 0, 0, 0, 170, 78, 252, 3, 3, 142
77.851, 6.270165150959708, 0.0805405858750653, 0.08005089058524174, 0.7836940298507463, 0.431872460217994, 0.8100000000000001, 0.378127539782006, 0, 0, 0, 250, 0, 0, 0, 170, 82, 243, 4, 9, 142
77.899, 6.274074688484176, 0.08054114543812085, 0.08005089058524174, 0.7836940298507463, 0.431872460217994, 0.8100000000000001, 0.378127539782006, 0, 0, 0, 250, 0, 0, 0, 170, 79, 251, 3, 8, 142
77.946, 6.277495533818085, 0.08053646798832636, 0.08005089058524174, 0.7836940298507463, 0.431872460217994, 0.76, 0.328127539782006, 0, 0, 0, 250, 0, 0, 0, 170, 80, 253, 1, 2, 142
77.98999999999999, 6.281160725247272, 0.08053802699381039, 0.08005089058524174, 0.7836940298507463, 0.431872460217994, 0.73, 0.298127539782006, 0, 0, 0, 250, 0, 0, 0, 170, 75, 253, 5, 0, 142
78.03900000000001, 6.28531460886702, 0.08054068618084573, 0.08005089058524174, 0.7836940298507463, 0.431872460217994, 0.71, 0.278127539782006, 0, 0, 0, 250, 0, 0, 0, 170, 78, 256, 3, 3, 142
78.086, 6.288735454200928, 0.0805360173936548, 0.08005089058524174, 0.7836940298507463, 0.431872460217994, 0.71, 0.278127539782006, 0, 0, 0, 250, 0, 0, 0, 170, 82, 240, 4, 16, 142
78.13, 6.292400645630116, 0.08053757385933849, 0.08005089058524174, 0.7836940298507463, 0.431872460217994, 0.73, 0.298127539782006, 0, 0, 0, 250, 0, 0, 0, 170, 79, 256, 3, 16, 142
78.17900000000001, 6.296310183154584, 0.08053710309871684, 0.08005089058524174, 0.7836940298507463, 0.431872460217994, 0.71, 0.278127539782006, 0, 0, 0, 250, 0, 0, 0, 170, 79, 258, 0, 2, 142
78.226, 6.300219720679051, 0.0805386920036695, 0.08005089058524174, 0.7836940298507463, 0.431872460217994, 0.76, 0.328127539782006, 0, 0, 0, 250, 0, 0, 0, 170, 81, 252, 2, 6, 142
78.273, 6.304129258203519, 0.08054027900046655, 0.08005089058524174, 0.7836940298507463, 0.431872460217994, 0.7, 0.268127539782006, 0, 0, 0, 250, 0, 0, 0, 170, 86, 255, 5, 3, 142
78.32599999999999, 6.308283141823265, 0.08053881395479488, 0.08005089058524174, 0.7836940298507463, 0.431872460217994, 0.61, 0.178127539782006, 0, 0, 0, 250, 0, 0, 0, 170, 76, 252, 10, 3, 142
78.37800000000001, 6.31243702544301, 0.08053837844092744, 0.08005089058524174, 0.7836940298507463, 0.431872460217994, 0.44, 0.008127539782005968, 0, 0, 0, 250, 0, 0, 0, 170, 79, 241, 3, 11, 142
78.432, 6.316835255158037, 0.08053900519122346, 0.08005089058524174, 0.7836940298507463, 0.431872460217994, 0.58, 0.148127539782006, 0, 0, 0, 250, 0, 0, 0, 170, 79, 255, 0, 14, 142
78.47799999999999, 6.320744792682504, 0.08054161411710931, 0.08005089058524174, 0.7836940298507463, 0.431872460217994, 0.52, 0.08812753978200597, 0, 0, 0, 250, 0, 0, 0, 170, 81, 242, 2, 13, 142
