Tempo (s), Distância (m), Vel. Média (m/s), Preto (%), Branco (%), Limite (%), Refletância (%), Erro (%), Ganho Proporcional ((°/s)/%), Ganho Integral ((°/s)/%), Ganho Derivativo ((°/s)/%), Vel. Base (°/s), Correção P (°/s), Correção I (°/s), Correção D (°/s), Correção (°/s), Vel. Angular Esq. (°/s), Vel. Angular Dir. (°/s), Suavidade Esq. (°/s), Suavidade Dir. (°/s), Oscilação
0.008, 0.0, 0.0, 0.08005089058524174, 0.7836940298507463, 0.431872460217994, 0.29, -0.141872460217994, 0, 0, 0, 260, 0, 0, 0, -200, 0, 0, 0, 0, 1
0.06, 0.0002443460952792061, 0.004072434921320102, 0.08005089058524174, 0.7836940298507463, 0.431872460217994, 0.6899999999999999, 0.258127539782006, 0, 0, 0, 260, 0, 0, 0, 200, 3, 0, 3, 0, 2
0.112, 0.002199114857512855, 0.01963495408493621, 0.08005089058524174, 0.7836940298507463, 0.431872460217994, 0.6899999999999999, 0.258127539782006, 0, 0, 0, 260, 0, 0, 0, 200, 92, 94, 89, 94, 2
0.159, 0.004642575810304916, 0.02919859000191771, 0.08005089058524174, 0.7836940298507463, 0.431872460217994, 0.6600000000000001, 0.228127539782006, 0, 0, 0, 260, 0, 0, 0, 200, 84, 157, 8, 63, 2
0.209, 0.007819075048934597, 0.03741184233939998, 0.08005089058524174, 0.7836940298507463, 0.431872460217994, 0.55, 0.118127539782006, 0, 0, 0, 260, 0, 0, 0, 200, 44, 227, 40, 70, 2
0.262, 0.01221730476396031, 0.04663093421358896, 0.08005089058524174, 0.7836940298507463, 0.431872460217994, 0.19, -0.241872460217994, 0, 0, 0, 260, 0, 0, 0, -200, 77, 292, 33, 65, 3
0.319, 0.01710422666954443, 0.05361826542176937, 0.08005089058524174, 0.7836940298507463, 0.431872460217994, 0.09, -0.3418724602179941, 0, 0, 0, 260, 0, 0, 0, -200, 73, 236, 4, 56, 3
0.367, 0.02101376419401173, 0.05725821306270226, 0.08005089058524174, 0.7836940298507463, 0.431872460217994, 0.08, -0.351872460217994, 0, 0, 0, 260, 0, 0, 0, -200, 189, 139, 116, 97, 3
0.414, 0.02443460952792061, 0.0590207959611609, 0.08005089058524174, 0.7836940298507463, 0.431872460217994, 0.07000000000000001, -0.361872460217994, 0, 0, 0, 260, 0, 0, 0, -200, 252, 70, 63, 69, 3
0.4640000000000001, 0.0280998009571087, 0.06055991585583772, 0.08005089058524174, 0.7836940298507463, 0.431872460217994, 0.08, -0.351872460217994, 0, 0, 0, 260, 0, 0, 0, -200, 246, 47, 6, 23, 3
0.512, 0.0317649923862968, 0.06204100075448594, 0.08005089058524174, 0.7836940298507463, 0.431872460217994, 0.08, -0.351872460217994, 0, 0, 0, 260, 0, 0, 0, -200, 279, 65, 33, 18, 3
0.564, 0.03640756819660171, 0.06455242588049948, 0.08005089058524174, 0.7836940298507463, 0.431872460217994, 0.18, -0.251872460217994, 0, 0, 0, 260, 0, 0, 0, -200, 270, 59, 9, 6, 3
0.622, 0.04080579791162743, 0.0656041767067965, 0.08005089058524174, 0.7836940298507463, 0.431872460217994, 0.55, 0.118127539782006, 0, 0, 0, 260, 0, 0, 0, 200, 249, 62, 21, 3, 4
0.6790000000000001, 0.04520402762665313, 0.066574414766794, 0.08005089058524174, 0.7836940298507463, 0.431872460217994, 0.8100000000000001, 0.378127539782006, 0, 0, 0, 260, 0, 0, 0, 200, 233, 82, 16, 20, 4
0.723, 0.04886921905584122, 0.06759228085178592, 0.08005089058524174, 0.7836940298507463, 0.431872460217994, 0.8199999999999999, 0.388127539782006, 0, 0, 0, 260, 0, 0, 0, 200, 157, 180, 76, 98, 4
0.774, 0.05277875658030853, 0.06818960798489472, 0.08005089058524174, 0.7836940298507463, 0.431872460217994, 0.8199999999999999, 0.388127539782006, 0, 0, 0, 260, 0, 0, 0, 200, 77, 247, 80, 67, 4
0.823, 0.0561996019142174, 0.06828627207073803, 0.08005089058524174, 0.7836940298507463, 0.431872460217994, 0.8100000000000001, 0.378127539782006, 0, 0, 0, 260, 0, 0, 0, 200, 39, 237, 38, 10, 4
0.8720000000000001, 0.06035348553396391, 0.06921271276830723, 0.08005089058524174, 0.7836940298507463, 0.431872460217994, 0.77, 0.338127539782006, 0, 0, 0, 260, 0, 0, 0, 200, 75, 277, 36, 40, 4
0.927, 0.06426302305843122, 0.06932364946972083, 0.08005089058524174, 0.7836940298507463, 0.431872460217994, 0.45, 0.01812753978200597, 0, 0, 0, 260, 0, 0, 0, 200, 60, 268, 15, 9, 4
0.9789999999999999, 0.06866125277345692, 0.07013406820577827, 0.08005089058524174, 0.7836940298507463, 0.431872460217994, 0.13, -0.301872460217994, 0, 0, 0, 260, 0, 0, 0, -200, 65, 252, 5, 16, 5
1.023, 0.07183775201208659, 0.07022263148786569, 0.08005089058524174, 0.7836940298507463, 0.431872460217994, 0.08, -0.351872460217994, 0, 0, 0, 260, 0, 0, 0, -200, 77, 242, 12, 10, 5
1.079, 0.0759916356318331, 0.07042783654479435, 0.08005089058524174, 0.7836940298507463, 0.431872460217994, 0.08, -0.351872460217994, 0, 0, 0, 260, 0, 0, 0, -200, 162, 162, 85, 80, 5
1.129, 0.0799011731563004, 0.07077163255651055, 0.08005089058524174, 0.7836940298507463, 0.431872460217994, 0.08, -0.351872460217994, 0, 0, 0, 260, 0, 0, 0, -200, 251, 74, 89, 88, 5
1.174, 0.08332201849020928, 0.07097275850954794, 0.08005089058524174, 0.7836940298507463, 0.431872460217994, 0.08, -0.351872460217994, 0, 0, 0, 260, 0, 0, 0, -200, 252, 44, 1, 30, 5
1.222, 0.087720248205235, 0.07178416383407118, 0.08005089058524174, 0.7836940298507463, 0.431872460217994, 0.08, -0.351872460217994, 0, 0, 0, 260, 0, 0, 0, -200, 273, 74, 21, 30, 5
1.273, 0.0916297857297023, 0.0719794074860191, 0.08005089058524174, 0.7836940298507463, 0.431872460217994, 0.12, -0.311872460217994, 0, 0, 0, 260, 0, 0, 0, -200, 266, 56, 7, 18, 5
1.323, 0.09553932325416959, 0.07221415211955373, 0.08005089058524174, 0.7836940298507463, 0.431872460217994, 0.37, -0.06187246021799403, 0, 0, 0, 260, 0, 0, 0, -200, 252, 56, 14, 0, 5
1.383, 0.1001818990644745, 0.07243810489116016, 0.08005089058524174, 0.7836940298507463, 0.431872460217994, 0.76, 0.328127539782006, 0, 0, 0, 260, 0, 0, 0, 200, 256, 68, 4, 12, 6
1.428, 0.1033583983031042, 0.07237983074447073, 0.08005089058524174, 0.7836940298507463, 0.431872460217994, 0.8199999999999999, 0.388127539782006, 0, 0, 0, 260, 0, 0, 0, 200, 239, 53, 17, 15, 6
1.479, 0.1077566280181299, 0.07285776066134543, 0.08005089058524174, 0.7836940298507463, 0.431872460217994, 0.86, 0.428127539782006, 0, 0, 0, 260, 0, 0, 0, 200, 177, 179, 62, 126, 6
1.532, 0.1116661655425972, 0.07288914199908434, 0.08005089058524174, 0.7836940298507463, 0.431872460217994, 0.8800000000000001, 0.448127539782006, 0, 0, 0, 260, 0, 0, 0, 200, 75, 249, 102, 70, 6
1.579, 0.1153313569717853, 0.07304075805686212, 0.08005089058524174, 0.7836940298507463, 0.431872460217994, 0.8800000000000001, 0.448127539782006, 0, 0, 0, 260, 0, 0, 0, 200, 36, 246, 39, 3, 6
1.629, 0.1194852405915318, 0.0733488278646604, 0.08005089058524174, 0.7836940298507463, 0.431872460217994, 0.8699999999999999, 0.438127539782006, 0, 0, 0, 260, 0, 0, 0, 200, 86, 266, 50, 20, 6
1.679, 0.1231504320207199, 0.073347487802692, 0.08005089058524174, 0.7836940298507463, 0.431872460217994, 0.8199999999999999, 0.388127539782006, 0, 0, 0, 260, 0, 0, 0, 200, 60, 269, 26, 3, 6
1.734, 0.1277930078310248, 0.07369838975260945, 0.08005089058524174, 0.7836940298507463, 0.431872460217994, 0.54, 0.108127539782006, 0, 0, 0, 260, 0, 0, 0, 200, 63, 262, 3, 7, 6
1.802, 0.1329242758318882, 0.07376485895221317, 0.08005089058524174, 0.7836940298507463, 0.431872460217994, 0.11, -0.321872460217994, 0, 0, 0, 260, 0, 0, 0, -200, 58, 254, 5, 8, 7
1.854, 0.1370781594516346, 0.07393643983367564, 0.08005089058524174, 0.7836940298507463, 0.431872460217994, 0.08, -0.351872460217994, 0, 0, 0, 260, 0, 0, 0, -200, 82, 240, 24, 14, 7
1.904, 0.1409876969761019, 0.07404816017652413, 0.08005089058524174, 0.7836940298507463, 0.431872460217994, 0.08, -0.351872460217994, 0, 0, 0, 260, 0, 0, 0, -200, 183, 151, 101, 89, 7
1.954, 0.14465288840529, 0.0740291138205169, 0.08005089058524174, 0.7836940298507463, 0.431872460217994, 0.08, -0.351872460217994, 0, 0, 0, 260, 0, 0, 0, -200, 231, 81, 48, 70, 7
2.002, 0.1483180798344781, 0.07408495496227678, 0.08005089058524174, 0.7836940298507463, 0.431872460217994, 0.08, -0.351872460217994, 0, 0, 0, 260, 0, 0, 0, -200, 272, 44, 41, 37, 7
2.051, 0.1524719634542246, 0.07434030397573117, 0.08005089058524174, 0.7836940298507463, 0.431872460217994, 0.08, -0.351872460217994, 0, 0, 0, 260, 0, 0, 0, -200, 282, 72, 10, 28, 7
2.104, 0.1563815009786919, 0.07432580844994863, 0.08005089058524174, 0.7836940298507463, 0.431872460217994, 0.09, -0.3418724602179941, 0, 0, 0, 260, 0, 0, 0, -200, 256, 58, 26, 14, 7
2.162, 0.1607797306937176, 0.07436620291106273, 0.08005089058524174, 0.7836940298507463, 0.431872460217994, 0.3, -0.131872460217994, 0, 0, 0, 260, 0, 0, 0, -200, 251, 58, 5, 0, 7
2.219, 0.1654223065040225, 0.07454813271925307, 0.08005089058524174, 0.7836940298507463, 0.431872460217994, 0.7199999999999999, 0.288127539782006, 0, 0, 0, 260, 0, 0, 0, 200, 265, 60, 14, 2, 8
2.264, 0.1690874979332107, 0.07468529060654181, 0.08005089058524174, 0.7836940298507463, 0.431872460217994, 0.8100000000000001, 0.378127539782006, 0, 0, 0, 260, 0, 0, 0, 200, 241, 80, 24, 20, 8
2.319, 0.1734857276482364, 0.07481057682114547, 0.08005089058524174, 0.7836940298507463, 0.431872460217994, 0.8100000000000001, 0.378127539782006, 0, 0, 0, 260, 0, 0, 0, 200, 161, 192, 80, 112, 8
2.364, 0.1773952651727036, 0.07504029829640595, 0.08005089058524174, 0.7836940298507463, 0.431872460217994, 0.8100000000000001, 0.378127539782006, 0, 0, 0, 260, 0, 0, 0, 200, 78, 235, 83, 43, 8
2.414, 0.1808161105066125, 0.07490311122891985, 0.08005089058524174, 0.7836940298507463, 0.431872460217994, 0.8199999999999999, 0.388127539782006, 0, 0, 0, 260, 0, 0, 0, 200, 42, 256, 36, 21, 8
2.462, 0.1842369558405214, 0.07483223226666182, 0.08005089058524174, 0.7836940298507463, 0.431872460217994, 0.8, 0.368127539782006, 0, 0, 0, 260, 0, 0, 0, 200, 62, 254, 20, 2, 8
2.514, 0.1888795316508263, 0.0751310786200582, 0.08005089058524174, 0.7836940298507463, 0.431872460217994, 0.7800000000000001, 0.348127539782006, 0, 0, 0, 260, 0, 0, 0, 200, 64, 273, 2, 19, 8
2.562, 0.1923003769847352, 0.07505869515407307, 0.08005089058524174, 0.7836940298507463, 0.431872460217994, 0.65, 0.218127539782006, 0, 0, 0, 260, 0, 0, 0, 200, 55, 256, 9, 17, 8
2.614, 0.1966986066997609, 0.07524812804122454, 0.08005089058524174, 0.7836940298507463, 0.431872460217994, 0.29, -0.141872460217994, 0, 0, 0, 260, 0, 0, 0, -200, 70, 253, 15, 3, 9
2.664, 0.2006081442242282, 0.07530335744152711, 0.08005089058524174, 0.7836940298507463, 0.431872460217994, 0.08, -0.351872460217994, 0, 0, 0, 260, 0, 0, 0, -200, 66, 234, 4, 19, 9
2.713, 0.2045176817486955, 0.07538432795749928, 0.08005089058524174, 0.7836940298507463, 0.431872460217994, 0.08, -0.351872460217994, 0, 0, 0, 260, 0, 0, 0, -200, 168, 173, 102, 61, 9
2.763, 0.2081828731778836, 0.0753466786745869, 0.08005089058524174, 0.7836940298507463, 0.431872460217994, 0.08, -0.351872460217994, 0, 0, 0, 260, 0, 0, 0, -200, 237, 93, 69, 80, 9
2.813, 0.2118480646070717, 0.07531036779490641, 0.08005089058524174, 0.7836940298507463, 0.431872460217994, 0.08, -0.351872460217994, 0, 0, 0, 260, 0, 0, 0, -200, 261, 44, 24, 49, 9
2.863, 0.2160019482268182, 0.07544601754342237, 0.08005089058524174, 0.7836940298507463, 0.431872460217994, 0.08, -0.351872460217994, 0, 0, 0, 260, 0, 0, 0, -200, 268, 73, 7, 29, 9
2.912, 0.2201558318465647, 0.0756029642330236, 0.08005089058524174, 0.7836940298507463, 0.431872460217994, 0.1, -0.3318724602179941, 0, 0, 0, 260, 0, 0, 0, -200, 268, 56, 0, 17, 9
2.972, 0.2243097154663112, 0.07547433225649771, 0.08005089058524174, 0.7836940298507463, 0.431872460217994, 0.43, -0.001872460217994032, 0, 0, 0, 260, 0, 0, 0, -200, 251, 58, 17, 2, 9
3.024, 0.2284635990860577, 0.0755501319729027, 0.08005089058524174, 0.7836940298507463, 0.431872460217994, 0.74, 0.308127539782006, 0, 0, 0, 260, 0, 0, 0, 200, 255, 58, 4, 0, 10
3.072, 0.232373136610525, 0.07564229707373861, 0.08005089058524174, 0.7836940298507463, 0.431872460217994, 0.75, 0.318127539782006, 0, 0, 0, 260, 0, 0, 0, 200, 248, 78, 7, 20, 10
3.133, 0.2370157124208299, 0.07565136049180657, 0.08005089058524174, 0.7836940298507463, 0.431872460217994, 0.74, 0.308127539782006, 0, 0, 0, 260, 0, 0, 0, 200, 154, 188, 94, 110, 10
3.178, 0.240680903850018, 0.07573344992133984, 0.08005089058524174, 0.7836940298507463, 0.431872460217994, 0.74, 0.308127539782006, 0, 0, 0, 260, 0, 0, 0, 200, 64, 254, 90, 66, 10
3.225, 0.2441017491839269, 0.07569046486323315, 0.08005089058524174, 0.7836940298507463, 0.431872460217994, 0.77, 0.338127539782006, 0, 0, 0, 260, 0, 0, 0, 200, 39, 247, 25, 7, 10
3.278, 0.2480112867083943, 0.07565933090555042, 0.08005089058524174, 0.7836940298507463, 0.431872460217994, 0.7800000000000001, 0.348127539782006, 0, 0, 0, 260, 0, 0, 0, 200, 72, 253, 33, 6, 10
3.328, 0.2519208242328615, 0.07569736305073964, 0.08005089058524174, 0.7836940298507463, 0.431872460217994, 0.79, 0.3581275397820059, 0, 0, 0, 260, 0, 0, 0, 200, 66, 272, 6, 19, 10
3.379, 0.256074707852608, 0.07578416923723231, 0.08005089058524174, 0.7836940298507463, 0.431872460217994, 0.7199999999999999, 0.288127539782006, 0, 0, 0, 260, 0, 0, 0, 200, 56, 259, 10, 13, 10
3.434, 0.260717283662913, 0.07592233071138992, 0.08005089058524174, 0.7836940298507463, 0.431872460217994, 0.35, -0.08187246021799403, 0, 0, 0, 260, 0, 0, 0, -200, 63, 259, 7, 0, 11
3.489, 0.2646268211873802, 0.07584603645382066, 0.08005089058524174, 0.7836940298507463, 0.431872460217994, 0.09, -0.3418724602179941, 0, 0, 0, 260, 0, 0, 0, -200, 68, 238, 5, 21, 11
3.543, 0.2692693969976852, 0.07600039429796363, 0.08005089058524174, 0.7836940298507463, 0.431872460217994, 0.08, -0.351872460217994, 0, 0, 0, 260, 0, 0, 0, -200, 193, 142, 125, 96, 11
3.592, 0.2724458962363149, 0.07584796665821683, 0.08005089058524174, 0.7836940298507463, 0.431872460217994, 0.08, -0.351872460217994, 0, 0, 0, 260, 0, 0, 0, -200, 237, 75, 44, 67, 11
3.641, 0.2761110876655029, 0.07583386093532076, 0.08005089058524174, 0.7836940298507463, 0.431872460217994, 0.08, -0.351872460217994, 0, 0, 0, 260, 0, 0, 0, -200, 257, 41, 20, 34, 11
3.693, 0.2807536634758079, 0.07602319617541507, 0.08005089058524174, 0.7836940298507463, 0.431872460217994, 0.1, -0.3318724602179941, 0, 0, 0, 260, 0, 0, 0, -200, 275, 74, 18, 33, 11
3.748, 0.2849075470955544, 0.07601588769892059, 0.08005089058524174, 0.7836940298507463, 0.431872460217994, 0.28, -0.151872460217994, 0, 0, 0, 260, 0, 0, 0, -200, 265, 52, 10, 22, 11
3.803, 0.28930577681058, 0.07607304149633975, 0.08005089058524174, 0.7836940298507463, 0.431872460217994, 0.65, 0.218127539782006, 0, 0, 0, 260, 0, 0, 0, 200, 241, 69, 24, 17, 12
3.853, 0.2927266221444889, 0.07597368859187359, 0.08005089058524174, 0.7836940298507463, 0.431872460217994, 0.8, 0.368127539782006, 0, 0, 0, 260, 0, 0, 0, 200, 230, 73, 11, 4, 12
3.912, 0.2981022362406315, 0.07620200312899578, 0.08005089058524174, 0.7836940298507463, 0.431872460217994, 0.8199999999999999, 0.388127539782006, 0, 0, 0, 260, 0, 0, 0, 200, 161, 190, 69, 117, 12
3.967, 0.302256119860378, 0.07619261907244214, 0.08005089058524174, 0.7836940298507463, 0.431872460217994, 0.8100000000000001, 0.378127539782006, 0, 0, 0, 260, 0, 0, 0, 200, 80, 260, 81, 70, 12
4.014, 0.3056769651942869, 0.07615270682468532, 0.08005089058524174, 0.7836940298507463, 0.431872460217994, 0.8199999999999999, 0.388127539782006, 0, 0, 0, 260, 0, 0, 0, 200, 36, 241, 44, 19, 12
4.064, 0.3098308488140333, 0.07623790571211451, 0.08005089058524174, 0.7836940298507463, 0.431872460217994, 0.7800000000000001, 0.348127539782006, 0, 0, 0, 260, 0, 0, 0, 200, 73, 268, 37, 27, 12
4.114, 0.3139847324337799, 0.07632103364943604, 0.08005089058524174, 0.7836940298507463, 0.431872460217994, 0.4600000000000001, 0.02812753978200597, 0, 0, 0, 260, 0, 0, 0, 200, 64, 269, 9, 1, 12
4.164, 0.3178942699582472, 0.07634348462013623, 0.08005089058524174, 0.7836940298507463, 0.431872460217994, 0.12, -0.311872460217994, 0, 0, 0, 260, 0, 0, 0, -200, 57, 262, 7, 7, 13
4.214, 0.3215594613874353, 0.07630741845928696, 0.08005089058524174, 0.7836940298507463, 0.431872460217994, 0.09, -0.3418724602179941, 0, 0, 0, 260, 0, 0, 0, -200, 69, 238, 12, 24, 13
4.26, 0.3252246528166234, 0.07634381521516981, 0.08005089058524174, 0.7836940298507463, 0.431872460217994, 0.08, -0.351872460217994, 0, 0, 0, 260, 0, 0, 0, -200, 160, 155, 91, 83, 13
4.31, 0.3288898442458115, 0.07630854854891217, 0.08005089058524174, 0.7836940298507463, 0.431872460217994, 0.08, -0.351872460217994, 0, 0, 0, 260, 0, 0, 0, -200, 225, 88, 65, 67, 13
4.358, 0.3325550356749996, 0.07630909492312977, 0.08005089058524174, 0.7836940298507463, 0.431872460217994, 0.08, -0.351872460217994, 0, 0, 0, 260, 0, 0, 0, -200, 270, 48, 45, 40, 13
4.402, 0.3362202271041876, 0.07637897026446788, 0.08005089058524174, 0.7836940298507463, 0.431872460217994, 0.09, -0.3418724602179941, 0, 0, 0, 260, 0, 0, 0, -200, 269, 58, 1, 10, 13
4.454, 0.3406184568192133, 0.07647473211028589, 0.08005089058524174, 0.7836940298507463, 0.431872460217994, 0.08, -0.351872460217994, 0, 0, 0, 260, 0, 0, 0, -200, 264, 67, 5, 9, 13
4.503, 0.3442836482484015, 0.07645650638427747, 0.08005089058524174, 0.7836940298507463, 0.431872460217994, 0.17, -0.261872460217994, 0, 0, 0, 260, 0, 0, 0, -200, 258, 60, 6, 7, 13
4.56, 0.3486818779634271, 0.07646532411478666, 0.08005089058524174, 0.7836940298507463, 0.431872460217994, 0.49, 0.05812753978200597, 0, 0, 0, 260, 0, 0, 0, 200, 254, 58, 4, 2, 14
4.612, 0.3530801076784529, 0.07655683167355875, 0.08005089058524174, 0.7836940298507463, 0.431872460217994, 0.76, 0.328127539782006, 0, 0, 0, 260, 0, 0, 0, 200, 247, 92, 7, 34, 14
4.667, 0.3569896452029202, 0.07649231737795591, 0.08005089058524174, 0.7836940298507463, 0.431872460217994, 0.8, 0.368127539782006, 0, 0, 0, 260, 0, 0, 0, 200, 155, 197, 92, 105, 14
4.713, 0.3606548366321082, 0.07652341112499644, 0.08005089058524174, 0.7836940298507463, 0.431872460217994, 0.8, 0.368127539782006, 0, 0, 0, 260, 0, 0, 0, 200, 68, 237, 87, 40, 14
4.762, 0.3643200280612963, 0.07650567577935664, 0.08005089058524174, 0.7836940298507463, 0.431872460217994, 0.74, 0.308127539782006, 0, 0, 0, 260, 0, 0, 0, 200, 47, 253, 21, 16, 14
4.824, 0.3692069499668804, 0.07653543738948599, 0.08005089058524174, 0.7836940298507463, 0.431872460217994, 0.11, -0.321872460217994, 0, 0, 0, 260, 0, 0, 0, -200, 64, 272, 17, 19, 15
4.874, 0.373360833586627, 0.07660255100259068, 0.08005089058524174, 0.7836940298507463, 0.431872460217994, 0.09, -0.3418724602179941, 0, 0, 0, 260, 0, 0, 0, -200, 76, 240, 12, 32, 15
4.922, 0.3767816789205359, 0.07655052395784963, 0.08005089058524174, 0.7836940298507463, 0.431872460217994, 0.1, -0.3318724602179941, 0, 0, 0, 260, 0, 0, 0, -200, 175, 149, 99, 91, 15
4.973, 0.3809355625402824, 0.07660075659366226, 0.08005089058524174, 0.7836940298507463, 0.431872460217994, 0.19, -0.241872460217994, 0, 0, 0, 260, 0, 0, 0, -200, 245, 87, 70, 62, 15
5.023, 0.3846007539694704, 0.07656793827781614, 0.08005089058524174, 0.7836940298507463, 0.431872460217994, 0.15, -0.2818724602179941, 0, 0, 0, 260, 0, 0, 0, -200, 247, 57, 2, 30, 15
5.072, 0.388754637589217, 0.07664720772658063, 0.08005089058524174, 0.7836940298507463, 0.431872460217994, 0.11, -0.321872460217994, 0, 0, 0, 260, 0, 0, 0, -200, 277, 55, 30, 2, 15
5.118, 0.3921754829231258, 0.07662670631557753, 0.08005089058524174, 0.7836940298507463, 0.431872460217994, 0.1, -0.3318724602179941, 0, 0, 0, 260, 0, 0, 0, -200, 267, 70, 10, 15, 15
5.164, 0.3955963282570347, 0.07660657015047148, 0.08005089058524174, 0.7836940298507463, 0.431872460217994, 0.09, -0.3418724602179941, 0, 0, 0, 260, 0, 0, 0, -200, 256, 56, 11, 14, 15
5.213, 0.399505865781502, 0.07663645996192252, 0.08005089058524174, 0.7836940298507463, 0.431872460217994, 0.08, -0.351872460217994, 0, 0, 0, 260, 0, 0, 0, -200, 256, 64, 0, 8, 15
5.263, 0.4034154033059693, 0.07665122616491913, 0.08005089058524174, 0.7836940298507463, 0.431872460217994, 0.08, -0.351872460217994, 0, 0, 0, 260, 0, 0, 0, -200, 253, 56, 3, 8, 15
5.313, 0.4075692869257159, 0.07671170467263615, 0.08005089058524174, 0.7836940298507463, 0.431872460217994, 0.08, -0.351872460217994, 0, 0, 0, 260, 0, 0, 0, -200, 278, 59, 25, 3, 15
5.363, 0.4114788244501831, 0.07672549402390139, 0.08005089058524174, 0.7836940298507463, 0.431872460217994, 0.11, -0.321872460217994, 0, 0, 0, 260, 0, 0, 0, -200, 252, 66, 26, 7, 15
5.414, 0.4153883619746504, 0.07672485444674003, 0.08005089058524174, 0.7836940298507463, 0.431872460217994, 0.24, -0.191872460217994, 0, 0, 0, 260, 0, 0, 0, -200, 260, 55, 8, 11, 15
5.463, 0.4190535534038386, 0.07670758802925839, 0.08005089058524174, 0.7836940298507463, 0.431872460217994, 0.5600000000000001, 0.128127539782006, 0, 0, 0, 260, 0, 0, 0, 200, 259, 63, 1, 8, 16
5.518, 0.4234517831188642, 0.07674008392875393, 0.08005089058524174, 0.7836940298507463, 0.431872460217994, 0.75, 0.318127539782006, 0, 0, 0, 260, 0, 0, 0, 200, 241, 79, 18, 16, 16
5.564, 0.4273613206433315, 0.07680828911634283, 0.08005089058524174, 0.7836940298507463, 0.431872460217994, 0.77, 0.338127539782006, 0, 0, 0, 260, 0, 0, 0, 200, 151, 186, 90, 107, 16
5.614, 0.4312708581677988, 0.07682060173990003, 0.08005089058524174, 0.7836940298507463, 0.431872460217994, 0.77, 0.338127539782006, 0, 0, 0, 260, 0, 0, 0, 200, 61, 257, 90, 71, 16
5.673, 0.4354247417875453, 0.07675387657104624, 0.08005089058524174, 0.7836940298507463, 0.431872460217994, 0.31, -0.121872460217994, 0, 0, 0, 260, 0, 0, 0, -200, 42, 244, 19, 13, 17
5.723, 0.4393342793120126, 0.07676643007373975, 0.08005089058524174, 0.7836940298507463, 0.431872460217994, 0.08, -0.351872460217994, 0, 0, 0, 260, 0, 0, 0, -200, 96, 261, 54, 17, 17
5.772, 0.4434881629317592, 0.07683440106232833, 0.08005089058524174, 0.7836940298507463, 0.431872460217994, 0.09, -0.3418724602179941, 0, 0, 0, 260, 0, 0, 0, -200, 161, 162, 65, 99, 17
5.823, 0.446909008265668, 0.0767489280895875, 0.08005089058524174, 0.7836940298507463, 0.431872460217994, 0.15, -0.2818724602179941, 0, 0, 0, 260, 0, 0, 0, -200, 227, 81, 66, 81, 17
5.877, 0.4510628918854145, 0.07675053460701285, 0.08005089058524174, 0.7836940298507463, 0.431872460217994, 0.14, -0.291872460217994, 0, 0, 0, 260, 0, 0, 0, -200, 254, 58, 27, 23, 17
5.923, 0.4547280833146027, 0.07677327086182721, 0.08005089058524174, 0.7836940298507463, 0.431872460217994, 0.11, -0.321872460217994, 0, 0, 0, 260, 0, 0, 0, -200, 279, 69, 25, 11, 17
5.973, 0.4588819669343492, 0.07682604502500403, 0.08005089058524174, 0.7836940298507463, 0.431872460217994, 0.09, -0.3418724602179941, 0, 0, 0, 260, 0, 0, 0, -200, 269, 56, 10, 13, 17
6.02, 0.4625471583635372, 0.07683507614012246, 0.08005089058524174, 0.7836940298507463, 0.431872460217994, 0.09, -0.3418724602179941, 0, 0, 0, 260, 0, 0, 0, -200, 257, 68, 12, 12, 17
6.067, 0.4664566958880044, 0.07688424194626743, 0.08005089058524174, 0.7836940298507463, 0.431872460217994, 0.09, -0.3418724602179941, 0, 0, 0, 260, 0, 0, 0, -200, 258, 52, 1, 16, 17
6.123, 0.470610579507751, 0.07685947729997567, 0.08005089058524174, 0.7836940298507463, 0.431872460217994, 0.07000000000000001, -0.361872460217994, 0, 0, 0, 260, 0, 0, 0, -200, 259, 65, 1, 13, 17
6.172, 0.4747644631274975, 0.07692230446006116, 0.08005089058524174, 0.7836940298507463, 0.431872460217994, 0.08, -0.351872460217994, 0, 0, 0, 260, 0, 0, 0, -200, 261, 66, 2, 1, 17
6.223, 0.4786740006519647, 0.07692013508789407, 0.08005089058524174, 0.7836940298507463, 0.431872460217994, 0.08, -0.351872460217994, 0, 0, 0, 260, 0, 0, 0, -200, 261, 55, 0, 11, 17
6.272, 0.4823391920811529, 0.07690357016600014, 0.08005089058524174, 0.7836940298507463, 0.431872460217994, 0.08, -0.351872460217994, 0, 0, 0, 260, 0, 0, 0, -200, 257, 57, 4, 2, 17
6.323, 0.4864930757008994, 0.07694023022313766, 0.08005089058524174, 0.7836940298507463, 0.431872460217994, 0.07000000000000001, -0.361872460217994, 0, 0, 0, 260, 0, 0, 0, -200, 268, 63, 11, 6, 17
6.372, 0.4901582671300875, 0.07692377073604638, 0.08005089058524174, 0.7836940298507463, 0.431872460217994, 0.16, -0.271872460217994, 0, 0, 0, 260, 0, 0, 0, -200, 264, 58, 4, 5, 17
6.422, 0.494312150749834, 0.07697168339299814, 0.08005089058524174, 0.7836940298507463, 0.431872460217994, 0.23, -0.201872460217994, 0, 0, 0, 260, 0, 0, 0, -200, 263, 62, 1, 4, 17
6.472, 0.4979773421790221, 0.07694334706103556, 0.08005089058524174, 0.7836940298507463, 0.431872460217994, 0.36, -0.07187246021799404, 0, 0, 0, 260, 0, 0, 0, -200, 256, 58, 7, 4, 17
6.524, 0.5021312257987685, 0.07696677280790444, 0.08005089058524174, 0.7836940298507463, 0.431872460217994, 0.58, 0.148127539782006, 0, 0, 0, 260, 0, 0, 0, 200, 264, 58, 8, 0, 18
6.579, 0.5062851094185151, 0.07695472099384634, 0.08005089058524174, 0.7836940298507463, 0.431872460217994, 0.75, 0.318127539782006, 0, 0, 0, 260, 0, 0, 0, 200, 247, 73, 17, 15, 18
6.629, 0.5104389930382617, 0.07700090406369914, 0.08005089058524174, 0.7836940298507463, 0.431872460217994, 0.79, 0.3581275397820059, 0, 0, 0, 260, 0, 0, 0, 200, 151, 177, 96, 104, 18
6.679, 0.5143485305627289, 0.07700981143325781, 0.08005089058524174, 0.7836940298507463, 0.431872460217994, 0.74, 0.308127539782006, 0, 0, 0, 260, 0, 0, 0, 200, 79, 265, 72, 88, 18
6.742, 0.5187467602777546, 0.07694256307887192, 0.08005089058524174, 0.7836940298507463, 0.431872460217994, 0.18, -0.251872460217994, 0, 0, 0, 260, 0, 0, 0, -200, 34, 244, 45, 21, 19
6.803, 0.5241223743738972, 0.07704283027692154, 0.08005089058524174, 0.7836940298507463, 0.431872460217994, 0.09, -0.3418724602179941, 0, 0, 0, 260, 0, 0, 0, -200, 104, 253, 70, 9, 19
6.86, 0.528520604088923, 0.07704381983803542, 0.08005089058524174, 0.7836940298507463, 0.431872460217994, 0.5600000000000001, 0.128127539782006, 0, 0, 0, 260, 0, 0, 0, 200, 197, 132, 93, 121, 20
6.907, 0.5319414494228317, 0.07701483269477802, 0.08005089058524174, 0.7836940298507463, 0.431872460217994, 0.74, 0.308127539782006, 0, 0, 0, 260, 0, 0, 0, 200, 219, 68, 22, 64, 20
6.954, 0.5360953330425781, 0.07709164984794049, 0.08005089058524174, 0.7836940298507463, 0.431872460217994, 0.74, 0.308127539782006, 0, 0, 0, 260, 0, 0, 0, 200, 163, 191, 56, 123, 20
7.003, 0.5402492166623248, 0.0771453972100992, 0.08005089058524174, 0.7836940298507463, 0.431872460217994, 0.85, 0.418127539782006, 0, 0, 0, 260, 0, 0, 0, 200, 81, 253, 82, 62, 20
7.052, 0.5436700619962336, 0.07709445008454816, 0.08005089058524174, 0.7836940298507463, 0.431872460217994, 0.89, 0.458127539782006, 0, 0, 0, 260, 0, 0, 0, 200, 44, 255, 37, 2, 20
7.103, 0.5478239456159802, 0.07712571386962975, 0.08005089058524174, 0.7836940298507463, 0.431872460217994, 0.84, 0.4081275397820059, 0, 0, 0, 260, 0, 0, 0, 200, 58, 273, 14, 18, 20
7.158, 0.5519778292357266, 0.07711341565181986, 0.08005089058524174, 0.7836940298507463, 0.431872460217994, 0.8100000000000001, 0.378127539782006, 0, 0, 0, 260, 0, 0, 0, 200, 67, 259, 9, 14, 20
7.204, 0.5553986745696355, 0.0770958737603603, 0.08005089058524174, 0.7836940298507463, 0.431872460217994, 0.8199999999999999, 0.388127539782006, 0, 0, 0, 260, 0, 0, 0, 200, 54, 249, 13, 10, 20
7.254, 0.5593082120941029, 0.07710342047065106, 0.08005089058524174, 0.7836940298507463, 0.431872460217994, 0.84, 0.4081275397820059, 0, 0, 0, 260, 0, 0, 0, 200, 62, 263, 8, 14, 20
7.303, 0.5632177496185701, 0.07712142265076956, 0.08005089058524174, 0.7836940298507463, 0.431872460217994, 0.8199999999999999, 0.388127539782006, 0, 0, 0, 260, 0, 0, 0, 200, 62, 262, 0, 1, 20
7.357, 0.5671272871430374, 0.07708675916039654, 0.08005089058524174, 0.7836940298507463, 0.431872460217994, 0.8, 0.368127539782006, 0, 0, 0, 260, 0, 0, 0, 200, 61, 248, 1, 14, 20
7.402, 0.5707924785722255, 0.07711327729967921, 0.08005089058524174, 0.7836940298507463, 0.431872460217994, 0.79, 0.3581275397820059, 0, 0, 0, 260, 0, 0, 0, 200, 58, 271, 3, 23, 20
7.453, 0.5749463621919721, 0.07714294407513378, 0.08005089058524174, 0.7836940298507463, 0.431872460217994, 0.7800000000000001, 0.348127539782006, 0, 0, 0, 260, 0, 0, 0, 200, 60, 262, 2, 9, 20
7.502, 0.5791002458117185, 0.0771927813665314, 0.08005089058524174, 0.7836940298507463, 0.431872460217994, 0.79, 0.3581275397820059, 0, 0, 0, 260, 0, 0, 0, 200, 59, 252, 1, 10, 20
7.559, 0.5830097833361858, 0.07712789831144145, 0.08005089058524174, 0.7836940298507463, 0.431872460217994, 0.7800000000000001, 0.348127539782006, 0, 0, 0, 260, 0, 0, 0, 200, 60, 253, 1, 1, 20
7.612, 0.5876523591464907, 0.07720078286212439, 0.08005089058524174, 0.7836940298507463, 0.431872460217994, 0.76, 0.328127539782006, 0, 0, 0, 260, 0, 0, 0, 200, 64, 271, 4, 18, 20
7.663, 0.5910732044803995, 0.07713339481670358, 0.08005089058524174, 0.7836940298507463, 0.431872460217994, 0.74, 0.308127539782006, 0, 0, 0, 260, 0, 0, 0, 200, 57, 258, 7, 13, 20
7.718, 0.5954714341954253, 0.07715359344330465, 0.08005089058524174, 0.7836940298507463, 0.431872460217994, 0.18, -0.251872460217994, 0, 0, 0, 260, 0, 0, 0, -200, 62, 259, 5, 1, 21
7.764, 0.5993809717198926, 0.07720002211745138, 0.08005089058524174, 0.7836940298507463, 0.431872460217994, 0.19, -0.241872460217994, 0, 0, 0, 260, 0, 0, 0, -200, 71, 251, 9, 8, 21
7.814, 0.6030461631490807, 0.07717509126555933, 0.08005089058524174, 0.7836940298507463, 0.431872460217994, 0.19, -0.241872460217994, 0, 0, 0, 260, 0, 0, 0, -200, 172, 147, 101, 104, 21
7.864, 0.6072000467688272, 0.07721262039278066, 0.08005089058524174, 0.7836940298507463, 0.431872460217994, 0.2, -0.2318724602179941, 0, 0, 0, 260, 0, 0, 0, -200, 244, 80, 72, 67, 21
7.914, 0.6106208921027361, 0.07715704979817238, 0.08005089058524174, 0.7836940298507463, 0.431872460217994, 0.19, -0.241872460217994, 0, 0, 0, 260, 0, 0, 0, -200, 246, 42, 2, 38, 21
7.967, 0.6147747757224826, 0.07716515322235253, 0.08005089058524174, 0.7836940298507463, 0.431872460217994, 0.18, -0.251872460217994, 0, 0, 0, 260, 0, 0, 0, -200, 268, 68, 22, 26, 21
8.023, 0.6196616976280667, 0.07723565968192281, 0.08005089058524174, 0.7836940298507463, 0.431872460217994, 0.18, -0.251872460217994, 0, 0, 0, 260, 0, 0, 0, -200, 268, 64, 0, 4, 21
8.073, 0.6233268890572549, 0.07721130794713922, 0.08005089058524174, 0.7836940298507463, 0.431872460217994, 0.17, -0.261872460217994, 0, 0, 0, 260, 0, 0, 0, -200, 250, 55, 18, 9, 21
8.122, 0.6272364265817222, 0.07722684395244056, 0.08005089058524174, 0.7836940298507463, 0.431872460217994, 0.19, -0.241872460217994, 0, 0, 0, 260, 0, 0, 0, -200, 266, 68, 16, 13, 21
8.173, 0.6311459641061895, 0.07722329182750391, 0.08005089058524174, 0.7836940298507463, 0.431872460217994, 0.2, -0.2318724602179941, 0, 0, 0, 260, 0, 0, 0, -200, 257, 57, 9, 11, 21
8.221, 0.6348111555353776, 0.07721824054681639, 0.08005089058524174, 0.7836940298507463, 0.431872460217994, 0.19, -0.241872460217994, 0, 0, 0, 260, 0, 0, 0, -200, 268, 63, 11, 6, 21
8.269, 0.6384763469645657, 0.07721324790961006, 0.08005089058524174, 0.7836940298507463, 0.431872460217994, 0.19, -0.241872460217994, 0, 0, 0, 260, 0, 0, 0, -200, 236, 56, 32, 7, 21
8.315, 0.6418971922984746, 0.07719749757047199, 0.08005089058524174, 0.7836940298507463, 0.431872460217994, 0.19, -0.241872460217994, 0, 0, 0, 260, 0, 0, 0, -200, 265, 62, 29, 6, 21
8.366, 0.646051075918221, 0.07722341332993317, 0.08005089058524174, 0.7836940298507463, 0.431872460217994, 0.21, -0.221872460217994, 0, 0, 0, 260, 0, 0, 0, -200, 287, 59, 22, 3, 21
8.412000000000001, 0.6499606134426883, 0.07726588367126586, 0.08005089058524174, 0.7836940298507463, 0.431872460217994, 0.21, -0.221872460217994, 0, 0, 0, 260, 0, 0, 0, -200, 258, 54, 29, 5, 21
8.459, 0.6533814587765972, 0.0772409810588246, 0.08005089058524174, 0.7836940298507463, 0.431872460217994, 0.21, -0.221872460217994, 0, 0, 0, 260, 0, 0, 0, -200, 253, 64, 5, 10, 21
8.504, 0.6570466502057853, 0.07726324673163043, 0.08005089058524174, 0.7836940298507463, 0.431872460217994, 0.2, -0.2318724602179941, 0, 0, 0, 260, 0, 0, 0, -200, 252, 61, 1, 3, 21
8.551, 0.6604674955396943, 0.07723862653955026, 0.08005089058524174, 0.7836940298507463, 0.431872460217994, 0.22, -0.211872460217994, 0, 0, 0, 260, 0, 0, 0, -200, 260, 56, 8, 5, 21
8.602, 0.6648657252547199, 0.07729199317074167, 0.08005089058524174, 0.7836940298507463, 0.431872460217994, 0.25, -0.181872460217994, 0, 0, 0, 260, 0, 0, 0, -200, 265, 61, 5, 5, 21
8.651, 0.6682865705886289, 0.07724963248047957, 0.08005089058524174, 0.7836940298507463, 0.431872460217994, 0.25, -0.181872460217994, 0, 0, 0, 260, 0, 0, 0, -200, 265, 58, 0, 3, 21
8.702999999999999, 0.6724404542083753, 0.07726536300222628, 0.08005089058524174, 0.7836940298507463, 0.431872460217994, 0.21, -0.221872460217994, 0, 0, 0, 260, 0, 0, 0, -200, 244, 60, 21, 2, 21
8.757, 0.6768386839234011, 0.07729115952077208, 0.08005089058524174, 0.7836940298507463, 0.431872460217994, 0.22, -0.211872460217994, 0, 0, 0, 260, 0, 0, 0, -200, 270, 63, 26, 3, 21
8.808999999999999, 0.6807482214478683, 0.07727871738538634, 0.08005089058524174, 0.7836940298507463, 0.431872460217994, 0.19, -0.241872460217994, 0, 0, 0, 260, 0, 0, 0, -200, 266, 65, 4, 2, 21
8.858000000000001, 0.6844134128770564, 0.07726500484048955, 0.08005089058524174, 0.7836940298507463, 0.431872460217994, 0.2, -0.2318724602179941, 0, 0, 0, 260, 0, 0, 0, -200, 251, 51, 15, 14, 21
8.906000000000001, 0.6883229504015237, 0.07728755337991508, 0.08005089058524174, 0.7836940298507463, 0.431872460217994, 0.19, -0.241872460217994, 0, 0, 0, 260, 0, 0, 0, -200, 261, 75, 10, 24, 21
8.958, 0.692232487925991, 0.07727533912993872, 0.08005089058524174, 0.7836940298507463, 0.431872460217994, 0.14, -0.291872460217994, 0, 0, 0, 260, 0, 0, 0, -200, 255, 55, 6, 20, 21
9.003, 0.6961420254504582, 0.07732333949244232, 0.08005089058524174, 0.7836940298507463, 0.431872460217994, 0.16, -0.271872460217994, 0, 0, 0, 260, 0, 0, 0, -200, 271, 73, 16, 18, 21
9.053000000000001, 0.6998072168796464, 0.07730113960893035, 0.08005089058524174, 0.7836940298507463, 0.431872460217994, 0.19, -0.241872460217994, 0, 0, 0, 260, 0, 0, 0, -200, 263, 67, 8, 6, 21
9.103, 0.7037167544041136, 0.07730602596991252, 0.08005089058524174, 0.7836940298507463, 0.431872460217994, 0.13, -0.301872460217994, 0, 0, 0, 260, 0, 0, 0, -200, 244, 53, 19, 14, 21
9.154, 0.7081149841191394, 0.07735579900798989, 0.08005089058524174, 0.7836940298507463, 0.431872460217994, 0.14, -0.291872460217994, 0, 0, 0, 260, 0, 0, 0, -200, 268, 68, 24, 15, 21
9.204000000000001, 0.7117801755483275, 0.07733378700003558, 0.08005089058524174, 0.7836940298507463, 0.431872460217994, 0.19, -0.241872460217994, 0, 0, 0, 260, 0, 0, 0, -200, 258, 58, 10, 10, 21
9.253, 0.7156897130727948, 0.07734677543205391, 0.08005089058524174, 0.7836940298507463, 0.431872460217994, 0.18, -0.251872460217994, 0, 0, 0, 260, 0, 0, 0, -200, 277, 55, 19, 3, 21
9.304, 0.7198435966925413, 0.0773692601776162, 0.08005089058524174, 0.7836940298507463, 0.431872460217994, 0.28, -0.151872460217994, 0, 0, 0, 260, 0, 0, 0, -200, 252, 65, 25, 10, 21
9.359, 0.7237531342170086, 0.07733231480040693, 0.08005089058524174, 0.7836940298507463, 0.431872460217994, 0.54, 0.108127539782006, 0, 0, 0, 260, 0, 0, 0, 200, 267, 57, 15, 8, 22
9.411, 0.7279070178367552, 0.07734640504056478, 0.08005089058524174, 0.7836940298507463, 0.431872460217994, 0.75, 0.318127539782006, 0, 0, 0, 260, 0, 0, 0, 200, 236, 88, 31, 31, 22
9.462, 0.7323052475517806, 0.07739434026123238, 0.08005089058524174, 0.7836940298507463, 0.431872460217994, 0.73, 0.298127539782006, 0, 0, 0, 260, 0, 0, 0, 200, 151, 197, 85, 109, 22
9.513999999999999, 0.7364591311715273, 0.07740793895012899, 0.08005089058524174, 0.7836940298507463, 0.431872460217994, 0.76, 0.328127539782006, 0, 0, 0, 260, 0, 0, 0, 200, 61, 259, 90, 62, 22
9.571, 0.7401243226007155, 0.07732988429638653, 0.08005089058524174, 0.7836940298507463, 0.431872460217994, 0.63, 0.198127539782006, 0, 0, 0, 260, 0, 0, 0, 200, 35, 248, 26, 11, 22
9.622999999999999, 0.7445225523157411, 0.07736906913807972, 0.08005089058524174, 0.7836940298507463, 0.431872460217994, 0.2, -0.2318724602179941, 0, 0, 0, 260, 0, 0, 0, -200, 76, 278, 41, 30, 23
9.673, 0.7489207820307668, 0.07742383769572696, 0.08005089058524174, 0.7836940298507463, 0.431872460217994, 0.19, -0.241872460217994, 0, 0, 0, 260, 0, 0, 0, -200, 79, 250, 3, 28, 23
9.722, 0.7523416273646757, 0.07738547905417359, 0.08005089058524174, 0.7836940298507463, 0.431872460217994, 0.2, -0.2318724602179941, 0, 0, 0, 260, 0, 0, 0, -200, 161, 133, 82, 117, 23
9.772, 0.7560068187938638, 0.07736459463711254, 0.08005089058524174, 0.7836940298507463, 0.431872460217994, 0.18, -0.251872460217994, 0, 0, 0, 260, 0, 0, 0, -200, 242, 70, 81, 63, 23
9.821999999999999, 0.7599163563183311, 0.07736880027675942, 0.08005089058524174, 0.7836940298507463, 0.431872460217994, 0.23, -0.201872460217994, 0, 0, 0, 260, 0, 0, 0, -200, 278, 60, 36, 10, 23
9.869999999999999, 0.7638258938427983, 0.07738864172672728, 0.08005089058524174, 0.7836940298507463, 0.431872460217994, 0.21, -0.221872460217994, 0, 0, 0, 260, 0, 0, 0, -200, 276, 59, 2, 1, 23
9.923, 0.768224123557824, 0.07741853507586658, 0.08005089058524174, 0.7836940298507463, 0.431872460217994, 0.21, -0.221872460217994, 0, 0, 0, 260, 0, 0, 0, -200, 250, 61, 26, 2, 23
9.968, 0.7714006227964537, 0.07738770292901823, 0.08005089058524174, 0.7836940298507463, 0.431872460217994, 0.26, -0.171872460217994, 0, 0, 0, 260, 0, 0, 0, -200, 254, 53, 4, 8, 23
10.019, 0.7753101603209211, 0.07738398645782224, 0.08005089058524174, 0.7836940298507463, 0.431872460217994, 0.4600000000000001, 0.02812753978200597, 0, 0, 0, 260, 0, 0, 0, 200, 269, 65, 15, 12, 24
10.069, 0.7794640439406676, 0.07741225980143684, 0.08005089058524174, 0.7836940298507463, 0.431872460217994, 0.74, 0.308127539782006, 0, 0, 0, 260, 0, 0, 0, 200, 236, 78, 33, 13, 24
10.117, 0.7831292353698557, 0.07740725861123412, 0.08005089058524174, 0.7836940298507463, 0.431872460217994, 0.8299999999999999, 0.398127539782006, 0, 0, 0, 260, 0, 0, 0, 200, 167, 175, 69, 97, 24
10.17, 0.7872831189896021, 0.07741230275217327, 0.08005089058524174, 0.7836940298507463, 0.431872460217994, 0.8299999999999999, 0.398127539782006, 0, 0, 0, 260, 0, 0, 0, 200, 88, 258, 79, 83, 24
10.219, 0.7907039643235111, 0.07737586498909003, 0.08005089058524174, 0.7836940298507463, 0.431872460217994, 0.73, 0.298127539782006, 0, 0, 0, 260, 0, 0, 0, 200, 40, 249, 48, 9, 24
10.272, 0.7953465401338159, 0.07742859619682787, 0.08005089058524174, 0.7836940298507463, 0.431872460217994, 0.36, -0.07187246021799404, 0, 0, 0, 260, 0, 0, 0, -200, 71, 272, 31, 23, 25
10.321, 0.7992560776582832, 0.07743979049106513, 0.08005089058524174, 0.7836940298507463, 0.431872460217994, 0.2, -0.2318724602179941, 0, 0, 0, 260, 0, 0, 0, -200, 67, 240, 4, 32, 25
10.378, 0.8038986534685883, 0.07746180896787322, 0.08005089058524174, 0.7836940298507463, 0.431872460217994, 0.2, -0.2318724602179941, 0, 0, 0, 260, 0, 0, 0, -200, 194, 150, 127, 90, 25
10.433, 0.8080525370883347, 0.07745159945253855, 0.08005089058524174, 0.7836940298507463, 0.431872460217994, 0.67, 0.238127539782006, 0, 0, 0, 260, 0, 0, 0, 200, 249, 66, 55, 84, 26
10.482, 0.8112290363269643, 0.07739258121798935, 0.08005089058524174, 0.7836940298507463, 0.431872460217994, 0.7199999999999999, 0.288127539782006, 0, 0, 0, 260, 0, 0, 0, 200, 242, 47, 7, 19, 26
10.533, 0.8161159582325485, 0.07748181507951663, 0.08005089058524174, 0.7836940298507463, 0.431872460217994, 0.77, 0.338127539782006, 0, 0, 0, 260, 0, 0, 0, 200, 158, 195, 84, 148, 26
10.582, 0.8197811496617366, 0.07746939611243021, 0.08005089058524174, 0.7836940298507463, 0.431872460217994, 0.8100000000000001, 0.378127539782006, 0, 0, 0, 260, 0, 0, 0, 200, 69, 239, 89, 44, 26
10.629, 0.8227133028050872, 0.07740270042384862, 0.08005089058524174, 0.7836940298507463, 0.431872460217994, 0.8100000000000001, 0.378127539782006, 0, 0, 0, 260, 0, 0, 0, 200, 50, 251, 19, 12, 26
10.683, 0.827355878615392, 0.07744602439533763, 0.08005089058524174, 0.7836940298507463, 0.431872460217994, 0.74, 0.308127539782006, 0, 0, 0, 260, 0, 0, 0, 200, 87, 279, 37, 28, 26
10.73, 0.8315097622351384, 0.07749392005919277, 0.08005089058524174, 0.7836940298507463, 0.431872460217994, 0.7800000000000001, 0.348127539782006, 0, 0, 0, 260, 0, 0, 0, 200, 63, 263, 24, 16, 26
10.784, 0.8351749536643265, 0.07744574867065341, 0.08005089058524174, 0.7836940298507463, 0.431872460217994, 0.79, 0.3581275397820059, 0, 0, 0, 260, 0, 0, 0, 200, 48, 241, 15, 22, 26
10.834, 0.8393288372840729, 0.07747174056526427, 0.08005089058524174, 0.7836940298507463, 0.431872460217994, 0.8, 0.368127539782006, 0, 0, 0, 260, 0, 0, 0, 200, 68, 269, 20, 28, 26
10.889, 0.8434827209038197, 0.07746190843087698, 0.08005089058524174, 0.7836940298507463, 0.431872460217994, 0.79, 0.3581275397820059, 0, 0, 0, 260, 0, 0, 0, 200, 62, 252, 6, 17, 26
10.933, 0.8469035662377284, 0.07746305371240542, 0.08005089058524174, 0.7836940298507463, 0.431872460217994, 0.8, 0.368127539782006, 0, 0, 0, 260, 0, 0, 0, 200, 49, 256, 13, 4, 26
10.987, 0.8508131037621958, 0.07743816362630342, 0.08005089058524174, 0.7836940298507463, 0.431872460217994, 0.8100000000000001, 0.378127539782006, 0, 0, 0, 260, 0, 0, 0, 200, 56, 258, 7, 2, 26
11.039, 0.8552113334772214, 0.07747181207330568, 0.08005089058524174, 0.7836940298507463, 0.431872460217994, 0.8299999999999999, 0.398127539782006, 0, 0, 0, 260, 0, 0, 0, 200, 67, 266, 11, 8, 26
11.087, 0.8591208710016888, 0.07748902958435002, 0.08005089058524174, 0.7836940298507463, 0.431872460217994, 0.8100000000000001, 0.378127539782006, 0, 0, 0, 260, 0, 0, 0, 200, 64, 256, 3, 10, 26
11.134, 0.8627860624308768, 0.07749111392409529, 0.08005089058524174, 0.7836940298507463, 0.431872460217994, 0.8100000000000001, 0.378127539782006, 0, 0, 0, 260, 0, 0, 0, 200, 52, 270, 12, 14, 26
11.198, 0.867672984336461, 0.07748463871552608, 0.08005089058524174, 0.7836940298507463, 0.431872460217994, 0.8100000000000001, 0.378127539782006, 0, 0, 0, 260, 0, 0, 0, 200, 66, 259, 14, 11, 26
11.25, 0.8715825218609282, 0.07747400194319363, 0.08005089058524174, 0.7836940298507463, 0.431872460217994, 0.79, 0.3581275397820059, 0, 0, 0, 260, 0, 0, 0, 200, 67, 255, 1, 4, 26
11.304, 0.875980751575954, 0.07749298934677585, 0.08005089058524174, 0.7836940298507463, 0.431872460217994, 0.7800000000000001, 0.348127539782006, 0, 0, 0, 260, 0, 0, 0, 200, 52, 252, 15, 3, 26
11.358, 0.8801346351957006, 0.07749028307762815, 0.08005089058524174, 0.7836940298507463, 0.431872460217994, 0.75, 0.318127539782006, 0, 0, 0, 260, 0, 0, 0, 200, 67, 274, 15, 22, 26
11.404, 0.8837998266248887, 0.07749910791168789, 0.08005089058524174, 0.7836940298507463, 0.431872460217994, 0.76, 0.328127539782006, 0, 0, 0, 260, 0, 0, 0, 200, 58, 265, 9, 9, 26
11.454, 0.8877093641493559, 0.07750212713020393, 0.08005089058524174, 0.7836940298507463, 0.431872460217994, 0.76, 0.328127539782006, 0, 0, 0, 260, 0, 0, 0, 200, 60, 251, 2, 14, 26
11.507, 0.8916189016738231, 0.07748491367635555, 0.08005089058524174, 0.7836940298507463, 0.431872460217994, 0.76, 0.328127539782006, 0, 0, 0, 260, 0, 0, 0, 200, 63, 259, 3, 8, 26
11.557, 0.8957727852935696, 0.07750911008856708, 0.08005089058524174, 0.7836940298507463, 0.431872460217994, 0.76, 0.328127539782006, 0, 0, 0, 260, 0, 0, 0, 200, 58, 270, 5, 11, 26
11.604, 0.8999266689133162, 0.07755314278811756, 0.08005089058524174, 0.7836940298507463, 0.431872460217994, 0.8, 0.368127539782006, 0, 0, 0, 260, 0, 0, 0, 200, 62, 264, 4, 6, 26
11.653, 0.9035918603425042, 0.07754156529155619, 0.08005089058524174, 0.7836940298507463, 0.431872460217994, 0.8, 0.368127539782006, 0, 0, 0, 260, 0, 0, 0, 200, 60, 255, 2, 9, 26
11.703, 0.9075013978669714, 0.07754433887609771, 0.08005089058524174, 0.7836940298507463, 0.431872460217994, 0.84, 0.4081275397820059, 0, 0, 0, 260, 0, 0, 0, 200, 64, 256, 4, 1, 26
11.754, 0.9114109353914388, 0.07754049135540573, 0.08005089058524174, 0.7836940298507463, 0.431872460217994, 0.8100000000000001, 0.378127539782006, 0, 0, 0, 260, 0, 0, 0, 200, 58, 266, 6, 10, 26
11.812, 0.9158091651064646, 0.07753209999208133, 0.08005089058524174, 0.7836940298507463, 0.431872460217994, 0.79, 0.3581275397820059, 0, 0, 0, 260, 0, 0, 0, 200, 58, 252, 0, 14, 26
11.863, 0.9194743565356527, 0.07750774311183113, 0.08005089058524174, 0.7836940298507463, 0.431872460217994, 0.79, 0.3581275397820059, 0, 0, 0, 260, 0, 0, 0, 200, 61, 267, 3, 15, 26
11.91, 0.9233838940601199, 0.07753013384215953, 0.08005089058524174, 0.7836940298507463, 0.431872460217994, 0.7800000000000001, 0.348127539782006, 0, 0, 0, 260, 0, 0, 0, 200, 65, 259, 4, 8, 26
11.968, 0.9275377776798665, 0.07750148543448082, 0.08005089058524174, 0.7836940298507463, 0.431872460217994, 0.77, 0.338127539782006, 0, 0, 0, 260, 0, 0, 0, 200, 54, 250, 11, 9, 26
12.021, 0.9321803534901713, 0.07754599064055996, 0.08005089058524174, 0.7836940298507463, 0.431872460217994, 0.7800000000000001, 0.348127539782006, 0, 0, 0, 260, 0, 0, 0, 200, 59, 269, 5, 19, 26
12.072, 0.9360898910146387, 0.07754223749292899, 0.08005089058524174, 0.7836940298507463, 0.431872460217994, 0.71, 0.278127539782006, 0, 0, 0, 260, 0, 0, 0, 200, 62, 245, 3, 24, 26
12.124, 0.9402437746343852, 0.07755227438422841, 0.08005089058524174, 0.7836940298507463, 0.431872460217994, 0.7199999999999999, 0.288127539782006, 0, 0, 0, 260, 0, 0, 0, 200, 58, 263, 4, 18, 26
12.171, 0.943664619968294, 0.07753386081409039, 0.08005089058524174, 0.7836940298507463, 0.431872460217994, 0.7800000000000001, 0.348127539782006, 0, 0, 0, 260, 0, 0, 0, 200, 65, 262, 7, 1, 26
12.221, 0.9478185035880406, 0.07755654231143447, 0.08005089058524174, 0.7836940298507463, 0.431872460217994, 0.8, 0.368127539782006, 0, 0, 0, 260, 0, 0, 0, 200, 60, 260, 5, 2, 26
12.274, 0.9517280411125078, 0.07754016955454683, 0.08005089058524174, 0.7836940298507463, 0.431872460217994, 0.8199999999999999, 0.388127539782006, 0, 0, 0, 260, 0, 0, 0, 200, 60, 249, 0, 11, 26
12.323, 0.9556375786369752, 0.07754910156917756, 0.08005089058524174, 0.7836940298507463, 0.431872460217994, 0.8199999999999999, 0.388127539782006, 0, 0, 0, 260, 0, 0, 0, 200, 55, 274, 5, 25, 26
12.379, 0.9597914622567217, 0.07753384459622924, 0.08005089058524174, 0.7836940298507463, 0.431872460217994, 0.8299999999999999, 0.398127539782006, 0, 0, 0, 260, 0, 0, 0, 200, 60, 251, 5, 23, 26
12.424, 0.9634566536859097, 0.07754802428251044, 0.08005089058524174, 0.7836940298507463, 0.431872460217994, 0.84, 0.4081275397820059, 0, 0, 0, 260, 0, 0, 0, 200, 64, 268, 4, 17, 26
12.474, 0.9673661912103771, 0.07755060054596576, 0.08005089058524174, 0.7836940298507463, 0.431872460217994, 0.8100000000000001, 0.378127539782006, 0, 0, 0, 260, 0, 0, 0, 200, 59, 259, 5, 9, 26
12.523, 0.9715200748301235, 0.07757886088238629, 0.08005089058524174, 0.7836940298507463, 0.431872460217994, 0.79, 0.3581275397820059, 0, 0, 0, 260, 0, 0, 0, 200, 64, 266, 5, 7, 26
12.573, 0.975429612354591, 0.0775812942300637, 0.08005089058524174, 0.7836940298507463, 0.431872460217994, 0.8100000000000001, 0.378127539782006, 0, 0, 0, 260, 0, 0, 0, 200, 56, 259, 8, 7, 26
12.622, 0.9788504576884998, 0.07755113751295356, 0.08005089058524174, 0.7836940298507463, 0.431872460217994, 0.84, 0.4081275397820059, 0, 0, 0, 260, 0, 0, 0, 200, 59, 257, 3, 2, 26
12.67, 0.9830043413082464, 0.07758518873782529, 0.08005089058524174, 0.7836940298507463, 0.431872460217994, 0.84, 0.4081275397820059, 0, 0, 0, 260, 0, 0, 0, 200, 59, 248, 0, 9, 26
12.719, 0.9866695327374343, 0.07757445811285749, 0.08005089058524174, 0.7836940298507463, 0.431872460217994, 0.8, 0.368127539782006, 0, 0, 0, 260, 0, 0, 0, 200, 55, 263, 4, 15, 26
12.779, 0.9910677624524601, 0.07755440663999218, 0.08005089058524174, 0.7836940298507463, 0.431872460217994, 0.73, 0.298127539782006, 0, 0, 0, 260, 0, 0, 0, 200, 62, 266, 7, 3, 26
12.823, 0.9947329538816481, 0.07757412102329004, 0.08005089058524174, 0.7836940298507463, 0.431872460217994, 0.74, 0.308127539782006, 0, 0, 0, 260, 0, 0, 0, 200, 62, 262, 0, 4, 26
12.871, 0.9983981453108361, 0.0775695863033825, 0.08005089058524174, 0.7836940298507463, 0.431872460217994, 0.7800000000000001, 0.348127539782006, 0, 0, 0, 260, 0, 0, 0, 200, 59, 255, 3, 7, 26
12.92, 1.002307682835303, 0.07757799402750027, 0.08005089058524174, 0.7836940298507463, 0.431872460217994, 0.8100000000000001, 0.378127539782006, 0, 0, 0, 260, 0, 0, 0, 200, 64, 261, 5, 6, 26
12.968, 1.006217220359771, 0.07759232112583057, 0.08005089058524174, 0.7836940298507463, 0.431872460217994, 0.8, 0.368127539782006, 0, 0, 0, 260, 0, 0, 0, 200, 57, 266, 7, 5, 26
13.017, 1.009882411788959, 0.07758180931005293, 0.08005089058524174, 0.7836940298507463, 0.431872460217994, 0.71, 0.278127539782006, 0, 0, 0, 260, 0, 0, 0, 200, 59, 257, 2, 9, 26
13.069, 1.013791949313426, 0.07757226637948015, 0.08005089058524174, 0.7836940298507463, 0.431872460217994, 0.71, 0.278127539782006, 0, 0, 0, 260, 0, 0, 0, 200, 56, 276, 3, 19, 26
13.118, 1.017701486837894, 0.07758053718843525, 0.08005089058524174, 0.7836940298507463, 0.431872460217994, 0.7199999999999999, 0.288127539782006, 0, 0, 0, 260, 0, 0, 0, 200, 63, 246, 7, 30, 26
13.182, 1.022588408743478, 0.07757460239292047, 0.08005089058524174, 0.7836940298507463, 0.431872460217994, 0.77, 0.338127539782006, 0, 0, 0, 260, 0, 0, 0, 200, 55, 263, 8, 17, 26
13.233, 1.026742292363224, 0.07758953316430318, 0.08005089058524174, 0.7836940298507463, 0.431872460217994, 0.7800000000000001, 0.348127539782006, 0, 0, 0, 260, 0, 0, 0, 200, 65, 274, 10, 11, 26
13.282, 1.030651829887691, 0.07759763814844839, 0.08005089058524174, 0.7836940298507463, 0.431872460217994, 0.76, 0.328127539782006, 0, 0, 0, 260, 0, 0, 0, 200, 66, 257, 1, 17, 26
13.332, 1.034561367412159, 0.07759986254216612, 0.08005089058524174, 0.7836940298507463, 0.431872460217994, 0.73, 0.298127539782006, 0, 0, 0, 260, 0, 0, 0, 200, 54, 248, 12, 9, 26
13.382, 1.038226558841347, 0.07758381100294027, 0.08005089058524174, 0.7836940298507463, 0.431872460217994, 0.71, 0.278127539782006, 0, 0, 0, 260, 0, 0, 0, 200, 61, 254, 7, 6, 26
13.437, 1.042624788556373, 0.0775935691416516, 0.08005089058524174, 0.7836940298507463, 0.431872460217994, 0.5899999999999999, 0.158127539782006, 0, 0, 0, 260, 0, 0, 0, 200, 62, 271, 1, 17, 26
13.494, 1.047267364366677, 0.07760985359172057, 0.08005089058524174, 0.7836940298507463, 0.431872460217994, 0.13, -0.301872460217994, 0, 0, 0, 260, 0, 0, 0, -200, 59, 264, 3, 7, 27
13.544, 1.051421247986424, 0.0776300389830496, 0.08005089058524174, 0.7836940298507463, 0.431872460217994, 0.17, -0.261872460217994, 0, 0, 0, 260, 0, 0, 0, -200, 81, 250, 22, 14, 27
13.593, 1.054842093320333, 0.07760186076071014, 0.08005089058524174, 0.7836940298507463, 0.431872460217994, 0.17, -0.261872460217994, 0, 0, 0, 260, 0, 0, 0, -200, 163, 139, 82, 111, 27
13.643, 1.0587516308448, 0.07760401897271862, 0.08005089058524174, 0.7836940298507463, 0.431872460217994, 0.16, -0.271872460217994, 0, 0, 0, 260, 0, 0, 0, -200, 226, 90, 63, 49, 27
13.693, 1.062661168369267, 0.0776061614233015, 0.08005089058524174, 0.7836940298507463, 0.431872460217994, 0.19, -0.241872460217994, 0, 0, 0, 260, 0, 0, 0, -200, 265, 52, 39, 38, 27
13.743, 1.066815051989014, 0.0776260679610721, 0.08005089058524174, 0.7836940298507463, 0.431872460217994, 0.18, -0.251872460217994, 0, 0, 0, 260, 0, 0, 0, -200, 271, 73, 6, 21, 27
13.791, 1.070480243418202, 0.07762165495019956, 0.08005089058524174, 0.7836940298507463, 0.431872460217994, 0.19, -0.241872460217994, 0, 0, 0, 260, 0, 0, 0, -200, 266, 60, 5, 13, 27
13.842, 1.07414543484739, 0.07760045042966262, 0.08005089058524174, 0.7836940298507463, 0.431872460217994, 0.19, -0.241872460217994, 0, 0, 0, 260, 0, 0, 0, -200, 255, 58, 11, 2, 27
13.899, 1.078788010657695, 0.07761623215034861, 0.08005089058524174, 0.7836940298507463, 0.431872460217994, 0.22, -0.211872460217994, 0, 0, 0, 260, 0, 0, 0, -200, 263, 60, 8, 2, 27
13.95, 1.082941894277442, 0.07763024331737933, 0.08005089058524174, 0.7836940298507463, 0.431872460217994, 0.2, -0.2318724602179941, 0, 0, 0, 260, 0, 0, 0, -200, 258, 56, 5, 4, 27
14.018, 1.087828816183026, 0.07760228393372991, 0.08005089058524174, 0.7836940298507463, 0.431872460217994, 0.21, -0.221872460217994, 0, 0, 0, 260, 0, 0, 0, -200, 259, 65, 1, 9, 27
14.065, 1.091982699802772, 0.07763830073251135, 0.08005089058524174, 0.7836940298507463, 0.431872460217994, 0.23, -0.201872460217994, 0, 0, 0, 260, 0, 0, 0, -200, 265, 49, 6, 16, 27
14.117, 1.09564789123196, 0.07761194950994974, 0.08005089058524174, 0.7836940298507463, 0.431872460217994, 0.23, -0.201872460217994, 0, 0, 0, 260, 0, 0, 0, -200, 262, 68, 3, 19, 27
14.165, 1.099801774851707, 0.0776422008366895, 0.08005089058524174, 0.7836940298507463, 0.431872460217994, 0.21, -0.221872460217994, 0, 0, 0, 260, 0, 0, 0, -200, 269, 55, 7, 13, 27
14.214, 1.103711312376174, 0.07764959282230013, 0.08005089058524174, 0.7836940298507463, 0.431872460217994, 0.21, -0.221872460217994, 0, 0, 0, 260, 0, 0, 0, -200, 260, 64, 9, 9, 27
14.262, 1.107376503805362, 0.07764524637535843, 0.08005089058524174, 0.7836940298507463, 0.431872460217994, 0.21, -0.221872460217994, 0, 0, 0, 260, 0, 0, 0, -200, 258, 60, 2, 4, 27
14.308, 1.110553003043992, 0.0776176267154034, 0.08005089058524174, 0.7836940298507463, 0.431872460217994, 0.23, -0.201872460217994, 0, 0, 0, 260, 0, 0, 0, -200, 254, 54, 4, 6, 27
14.364, 1.115439924949576, 0.07765524400929936, 0.08005089058524174, 0.7836940298507463, 0.431872460217994, 0.31, -0.121872460217994, 0, 0, 0, 260, 0, 0, 0, -200, 264, 57, 10, 3, 27
14.414, 1.119105116378764, 0.07764014960307785, 0.08005089058524174, 0.7836940298507463, 0.431872460217994, 0.55, 0.118127539782006, 0, 0, 0, 260, 0, 0, 0, 200, 256, 65, 8, 8, 28
14.471, 1.123747692189069, 0.07765515114291127, 0.08005089058524174, 0.7836940298507463, 0.431872460217994, 0.75, 0.318127539782006, 0, 0, 0, 260, 0, 0, 0, 200, 238, 79, 18, 14, 28
14.52, 1.127657229713536, 0.07766234364418294, 0.08005089058524174, 0.7836940298507463, 0.431872460217994, 0.79, 0.3581275397820059, 0, 0, 0, 260, 0, 0, 0, 200, 143, 196, 95, 117, 28
14.568, 1.131078075047445, 0.07764127368529962, 0.08005089058524174, 0.7836940298507463, 0.431872460217994, 0.8, 0.368127539782006, 0, 0, 0, 260, 0, 0, 0, 200, 66, 240, 77, 44, 28
14.624, 1.135476304762471, 0.07764471449415145, 0.08005089058524174, 0.7836940298507463, 0.431872460217994, 0.41, -0.02187246021799403, 0, 0, 0, 260, 0, 0, 0, -200, 36, 261, 30, 21, 29
14.673, 1.139385842286938, 0.07765186684978792, 0.08005089058524174, 0.7836940298507463, 0.431872460217994, 0.2, -0.2318724602179941, 0, 0, 0, 260, 0, 0, 0, -200, 85, 266, 49, 5, 29
14.727, 1.143784072001964, 0.07766578882338316, 0.08005089058524174, 0.7836940298507463, 0.431872460217994, 0.2, -0.2318724602179941, 0, 0, 0, 260, 0, 0, 0, -200, 156, 145, 71, 121, 29
14.781, 1.147693609526431, 0.07764654688630208, 0.08005089058524174, 0.7836940298507463, 0.431872460217994, 0.2, -0.2318724602179941, 0, 0, 0, 260, 0, 0, 0, -200, 252, 66, 96, 79, 29
14.827, 1.151358800955619, 0.07765284959571183, 0.08005089058524174, 0.7836940298507463, 0.431872460217994, 0.19, -0.241872460217994, 0, 0, 0, 260, 0, 0, 0, -200, 269, 53, 17, 13, 29
14.874, 1.155268338480087, 0.07767031991932813, 0.08005089058524174, 0.7836940298507463, 0.431872460217994, 0.19, -0.241872460217994, 0, 0, 0, 260, 0, 0, 0, -200, 273, 60, 4, 7, 29
14.922, 1.158933529909275, 0.07766609904230497, 0.08005089058524174, 0.7836940298507463, 0.431872460217994, 0.22, -0.211872460217994, 0, 0, 0, 260, 0, 0, 0, -200, 244, 63, 29, 3, 29
14.973, 1.162354375243184, 0.07763002572919144, 0.08005089058524174, 0.7836940298507463, 0.431872460217994, 0.39, -0.04187246021799403, 0, 0, 0, 260, 0, 0, 0, -200, 250, 46, 6, 17, 29
15.029, 1.166996951053489, 0.0776496740337673, 0.08005089058524174, 0.7836940298507463, 0.431872460217994, 0.62, 0.188127539782006, 0, 0, 0, 260, 0, 0, 0, 200, 288, 83, 38, 37, 30
15.075, 1.171150834673235, 0.07768828090701392, 0.08005089058524174, 0.7836940298507463, 0.431872460217994, 0.8, 0.368127539782006, 0, 0, 0, 260, 0, 0, 0, 200, 243, 69, 45, 14, 30
15.127, 1.175304718292981, 0.07769582324935424, 0.08005089058524174, 0.7836940298507463, 0.431872460217994, 0.8100000000000001, 0.378127539782006, 0, 0, 0, 260, 0, 0, 0, 200, 158, 181, 85, 112, 30
15.179, 1.17896990972217, 0.07767111863246391, 0.08005089058524174, 0.7836940298507463, 0.431872460217994, 0.8100000000000001, 0.378127539782006, 0, 0, 0, 260, 0, 0, 0, 200, 60, 238, 98, 57, 30
15.234, 1.183368139437195, 0.07767941049213569, 0.08005089058524174, 0.7836940298507463, 0.431872460217994, 0.36, -0.07187246021799404, 0, 0, 0, 260, 0, 0, 0, -200, 51, 274, 9, 36, 31
15.289, 1.187522023056942, 0.07767166087101458, 0.08005089058524174, 0.7836940298507463, 0.431872460217994, 0.17, -0.261872460217994, 0, 0, 0, 260, 0, 0, 0, -200, 85, 245, 34, 29, 31
15.333, 1.19118721448613, 0.0776878115493465, 0.08005089058524174, 0.7836940298507463, 0.431872460217994, 0.18, -0.251872460217994, 0, 0, 0, 260, 0, 0, 0, -200, 174, 158, 89, 87, 31
15.383, 1.194852405915318, 0.07767356210851707, 0.08005089058524174, 0.7836940298507463, 0.431872460217994, 0.17, -0.261872460217994, 0, 0, 0, 260, 0, 0, 0, -200, 222, 60, 48, 98, 31
15.434, 1.198517597344506, 0.07765437328913478, 0.08005089058524174, 0.7836940298507463, 0.431872460217994, 0.2, -0.2318724602179941, 0, 0, 0, 260, 0, 0, 0, -200, 283, 42, 61, 18, 31
15.483, 1.202915827059532, 0.0776926840444056, 0.08005089058524174, 0.7836940298507463, 0.431872460217994, 0.2, -0.2318724602179941, 0, 0, 0, 260, 0, 0, 0, -200, 275, 76, 8, 34, 31
15.532, 1.206825364583999, 0.07769928950450677, 0.08005089058524174, 0.7836940298507463, 0.431872460217994, 0.33, -0.101872460217994, 0, 0, 0, 260, 0, 0, 0, -200, 269, 58, 6, 18, 31
15.589, 1.211223594299025, 0.07769732467117998, 0.08005089058524174, 0.7836940298507463, 0.431872460217994, 0.63, 0.198127539782006, 0, 0, 0, 260, 0, 0, 0, 200, 254, 55, 15, 3, 32
15.638, 1.214888785728213, 0.07768824566621134, 0.08005089058524174, 0.7836940298507463, 0.431872460217994, 0.8100000000000001, 0.378127539782006, 0, 0, 0, 260, 0, 0, 0, 200, 244, 88, 10, 33, 32
15.692, 1.219287015443238, 0.07770118630150641, 0.08005089058524174, 0.7836940298507463, 0.431872460217994, 0.8100000000000001, 0.378127539782006, 0, 0, 0, 260, 0, 0, 0, 200, 142, 180, 102, 92, 32
15.742, 1.222707860777148, 0.07767169741946052, 0.08005089058524174, 0.7836940298507463, 0.431872460217994, 0.8100000000000001, 0.378127539782006, 0, 0, 0, 260, 0, 0, 0, 200, 60, 237, 82, 57, 32
15.792, 1.226861744396894, 0.07768881360162703, 0.08005089058524174, 0.7836940298507463, 0.431872460217994, 0.7800000000000001, 0.348127539782006, 0, 0, 0, 260, 0, 0, 0, 200, 69, 277, 9, 40, 32
15.85, 1.231504320207199, 0.07769743345155828, 0.08005089058524174, 0.7836940298507463, 0.431872460217994, 0.36, -0.07187246021799404, 0, 0, 0, 260, 0, 0, 0, -200, 65, 257, 4, 20, 33
15.894, 1.235169511636387, 0.07771294272281281, 0.08005089058524174, 0.7836940298507463, 0.431872460217994, 0.2, -0.2318724602179941, 0, 0, 0, 260, 0, 0, 0, -200, 56, 250, 9, 7, 33
15.942, 1.238834703065575, 0.07770886357204711, 0.08005089058524174, 0.7836940298507463, 0.431872460217994, 0.19, -0.241872460217994, 0, 0, 0, 260, 0, 0, 0, -200, 166, 162, 110, 88, 33
15.993, 1.242499894494763, 0.07769023288280891, 0.08005089058524174, 0.7836940298507463, 0.431872460217994, 0.2, -0.2318724602179941, 0, 0, 0, 260, 0, 0, 0, -200, 248, 73, 82, 89, 33
16.043, 1.246165085923951, 0.07767656210957746, 0.08005089058524174, 0.7836940298507463, 0.431872460217994, 0.17, -0.261872460217994, 0, 0, 0, 260, 0, 0, 0, -200, 256, 45, 8, 28, 33
16.092, 1.250563315638977, 0.07771335543369233, 0.08005089058524174, 0.7836940298507463, 0.431872460217994, 0.18, -0.251872460217994, 0, 0, 0, 260, 0, 0, 0, -200, 274, 69, 18, 24, 33
16.141, 1.253984160972886, 0.0776893724659492, 0.08005089058524174, 0.7836940298507463, 0.431872460217994, 0.35, -0.08187246021799403, 0, 0, 0, 260, 0, 0, 0, -200, 264, 55, 10, 14, 33
16.19, 1.257649352402074, 0.07768062707857158, 0.08005089058524174, 0.7836940298507463, 0.431872460217994, 0.35, -0.08187246021799403, 0, 0, 0, 260, 0, 0, 0, -200, 231, 64, 33, 9, 33
16.238, 1.261558889926541, 0.07769176560700464, 0.08005089058524174, 0.7836940298507463, 0.431872460217994, 0.36, -0.07187246021799404, 0, 0, 0, 260, 0, 0, 0, -200, 247, 63, 16, 1, 33
16.29, 1.265468427451008, 0.07768375859122213, 0.08005089058524174, 0.7836940298507463, 0.431872460217994, 0.6800000000000001, 0.248127539782006, 0, 0, 0, 260, 0, 0, 0, 200, 283, 63, 36, 0, 34
16.335, 1.269622311070755, 0.07772404720359688, 0.08005089058524174, 0.7836940298507463, 0.431872460217994, 0.8100000000000001, 0.378127539782006, 0, 0, 0, 260, 0, 0, 0, 200, 268, 75, 15, 12, 34
16.392, 1.27426488688106, 0.07773699895565276, 0.08005089058524174, 0.7836940298507463, 0.431872460217994, 0.7800000000000001, 0.348127539782006, 0, 0, 0, 260, 0, 0, 0, 200, 131, 193, 137, 118, 34
16.447, 1.277685732214969, 0.07768503266340177, 0.08005089058524174, 0.7836940298507463, 0.431872460217994, 0.79, 0.3581275397820059, 0, 0, 0, 260, 0, 0, 0, 200, 63, 251, 68, 58, 34
16.493, 1.281106577548878, 0.07767577624136772, 0.08005089058524174, 0.7836940298507463, 0.431872460217994, 0.8299999999999999, 0.398127539782006, 0, 0, 0, 260, 0, 0, 0, 200, 39, 251, 24, 0, 34
16.542, 1.285504807263903, 0.07771157098681559, 0.08005089058524174, 0.7836940298507463, 0.431872460217994, 0.8299999999999999, 0.398127539782006, 0, 0, 0, 260, 0, 0, 0, 200, 78, 282, 39, 31, 34
16.592, 1.289169998693091, 0.07769828825295875, 0.08005089058524174, 0.7836940298507463, 0.431872460217994, 0.74, 0.308127539782006, 0, 0, 0, 260, 0, 0, 0, 200, 60, 242, 18, 40, 34
16.639, 1.29283519012228, 0.0776990918998906, 0.08005089058524174, 0.7836940298507463, 0.431872460217994, 0.6899999999999999, 0.258127539782006, 0, 0, 0, 260, 0, 0, 0, 200, 61, 247, 1, 5, 34
16.692, 1.297233419837305, 0.07771587705711152, 0.08005089058524174, 0.7836940298507463, 0.431872460217994, 0.45, 0.01812753978200597, 0, 0, 0, 260, 0, 0, 0, 200, 60, 266, 1, 19, 34
16.747, 1.301142957361773, 0.07769409191865844, 0.08005089058524174, 0.7836940298507463, 0.431872460217994, 0.24, -0.191872460217994, 0, 0, 0, 260, 0, 0, 0, -200, 52, 245, 8, 21, 35
16.809, 1.306029879267357, 0.07769824970357288, 0.08005089058524174, 0.7836940298507463, 0.431872460217994, 0.15, -0.2818724602179941, 0, 0, 0, 260, 0, 0, 0, -200, 88, 237, 36, 8, 35
16.862, 1.309939416791824, 0.07768588641868249, 0.08005089058524174, 0.7836940298507463, 0.431872460217994, 0.4600000000000001, 0.02812753978200597, 0, 0, 0, 260, 0, 0, 0, 200, 193, 146, 105, 91, 36
16.912, 1.31433764650685, 0.07771627521918458, 0.08005089058524174, 0.7836940298507463, 0.431872460217994, 0.8199999999999999, 0.388127539782006, 0, 0, 0, 260, 0, 0, 0, 200, 244, 93, 51, 53, 36
16.963, 1.318491530126596, 0.07772749691249167, 0.08005089058524174, 0.7836940298507463, 0.431872460217994, 0.84, 0.4081275397820059, 0, 0, 0, 260, 0, 0, 0, 200, 138, 201, 106, 108, 36
17.011, 1.321912375460505, 0.07770926902948123, 0.08005089058524174, 0.7836940298507463, 0.431872460217994, 0.79, 0.3581275397820059, 0, 0, 0, 260, 0, 0, 0, 200, 66, 244, 72, 43, 36
17.058, 1.325333220794414, 0.07769569825269164, 0.08005089058524174, 0.7836940298507463, 0.431872460217994, 0.71, 0.278127539782006, 0, 0, 0, 260, 0, 0, 0, 200, 44, 281, 22, 37, 36
17.109, 1.32973145050944, 0.0777211672517061, 0.08005089058524174, 0.7836940298507463, 0.431872460217994, 0.73, 0.298127539782006, 0, 0, 0, 260, 0, 0, 0, 200, 84, 251, 40, 30, 36
17.154, 1.333152295843349, 0.07771670140161762, 0.08005089058524174, 0.7836940298507463, 0.431872460217994, 0.8100000000000001, 0.378127539782006, 0, 0, 0, 260, 0, 0, 0, 200, 61, 249, 23, 2, 36
17.204, 1.337061833367816, 0.07771807913088908, 0.08005089058524174, 0.7836940298507463, 0.431872460217994, 0.8100000000000001, 0.378127539782006, 0, 0, 0, 260, 0, 0, 0, 200, 47, 261, 14, 12, 36
17.257, 1.341215716987562, 0.07772009717723605, 0.08005089058524174, 0.7836940298507463, 0.431872460217994, 0.8, 0.368127539782006, 0, 0, 0, 260, 0, 0, 0, 200, 74, 263, 27, 2, 36
17.302, 1.344636562321471, 0.07771567231080057, 0.08005089058524174, 0.7836940298507463, 0.431872460217994, 0.8, 0.368127539782006, 0, 0, 0, 260, 0, 0, 0, 200, 65, 243, 9, 20, 36
17.357, 1.348790445941218, 0.07770873111374189, 0.08005089058524174, 0.7836940298507463, 0.431872460217994, 0.71, 0.278127539782006, 0, 0, 0, 260, 0, 0, 0, 200, 53, 283, 12, 40, 36
17.402, 1.352699983465685, 0.07773244359646507, 0.08005089058524174, 0.7836940298507463, 0.431872460217994, 0.79, 0.3581275397820059, 0, 0, 0, 260, 0, 0, 0, 200, 68, 265, 15, 18, 36
17.449, 1.356120828799594, 0.07771911449364399, 0.08005089058524174, 0.7836940298507463, 0.431872460217994, 0.8, 0.368127539782006, 0, 0, 0, 260, 0, 0, 0, 200, 55, 246, 13, 19, 36
17.495, 1.360030366324061, 0.07773823185619099, 0.08005089058524174, 0.7836940298507463, 0.431872460217994, 0.8100000000000001, 0.378127539782006, 0, 0, 0, 260, 0, 0, 0, 200, 65, 276, 10, 30, 36
17.542, 1.363695557753249, 0.0777388871139693, 0.08005089058524174, 0.7836940298507463, 0.431872460217994, 0.8100000000000001, 0.378127539782006, 0, 0, 0, 260, 0, 0, 0, 200, 71, 258, 6, 18, 36
17.598, 1.367849441372996, 0.07772755093607204, 0.08005089058524174, 0.7836940298507463, 0.431872460217994, 0.8100000000000001, 0.378127539782006, 0, 0, 0, 260, 0, 0, 0, 200, 48, 250, 23, 8, 36
17.644, 1.371758978897463, 0.07774648486156559, 0.08005089058524174, 0.7836940298507463, 0.431872460217994, 0.8100000000000001, 0.378127539782006, 0, 0, 0, 260, 0, 0, 0, 200, 64, 277, 16, 27, 36
17.698, 1.37566851642193, 0.07773016817843431, 0.08005089058524174, 0.7836940298507463, 0.431872460217994, 0.8100000000000001, 0.378127539782006, 0, 0, 0, 260, 0, 0, 0, 200, 58, 257, 6, 20, 36
17.743, 1.379089361755839, 0.07772582774930052, 0.08005089058524174, 0.7836940298507463, 0.431872460217994, 0.7800000000000001, 0.348127539782006, 0, 0, 0, 260, 0, 0, 0, 200, 54, 248, 4, 9, 36
17.803, 1.383731937566144, 0.07772464964141685, 0.08005089058524174, 0.7836940298507463, 0.431872460217994, 0.22, -0.211872460217994, 0, 0, 0, 260, 0, 0, 0, -200, 64, 263, 10, 15, 37
17.851, 1.387641475090612, 0.07773466332925951, 0.08005089058524174, 0.7836940298507463, 0.431872460217994, 0.08, -0.351872460217994, 0, 0, 0, 260, 0, 0, 0, -200, 79, 240, 15, 23, 37
17.903, 1.392039704805637, 0.07775454978526712, 0.08005089058524174, 0.7836940298507463, 0.431872460217994, 0.1, -0.3318724602179941, 0, 0, 0, 260, 0, 0, 0, -200, 180, 158, 101, 82, 37
17.961, 1.396437934520663, 0.07774833998778816, 0.08005089058524174, 0.7836940298507463, 0.431872460217994, 0.65, 0.218127539782006, 0, 0, 0, 260, 0, 0, 0, 200, 266, 69, 86, 89, 38
18.01, 1.40034747204513, 0.07775388517740867, 0.08005089058524174, 0.7836940298507463, 0.431872460217994, 0.77, 0.338127539782006, 0, 0, 0, 260, 0, 0, 0, 200, 227, 80, 39, 11, 38
18.057, 1.40352397128376, 0.07772741713926788, 0.08005089058524174, 0.7836940298507463, 0.431872460217994, 0.79, 0.3581275397820059, 0, 0, 0, 260, 0, 0, 0, 200, 160, 151, 67, 71, 38
18.109, 1.407677854903506, 0.07773360510815099, 0.08005089058524174, 0.7836940298507463, 0.431872460217994, 0.8199999999999999, 0.388127539782006, 0, 0, 0, 260, 0, 0, 0, 200, 98, 243, 62, 92, 38
18.162, 1.412076084618532, 0.07774893098879705, 0.08005089058524174, 0.7836940298507463, 0.431872460217994, 0.8199999999999999, 0.388127539782006, 0, 0, 0, 260, 0, 0, 0, 200, 45, 283, 53, 40, 38
18.203, 1.415496929952441, 0.07776173872177338, 0.08005089058524174, 0.7836940298507463, 0.431872460217994, 0.8199999999999999, 0.388127539782006, 0, 0, 0, 260, 0, 0, 0, 200, 74, 247, 29, 36, 38
18.257, 1.419406467476909, 0.07774587651185345, 0.08005089058524174, 0.7836940298507463, 0.431872460217994, 0.8100000000000001, 0.378127539782006, 0, 0, 0, 260, 0, 0, 0, 200, 58, 263, 16, 16, 38
18.303, 1.423316005001376, 0.07776408266411932, 0.08005089058524174, 0.7836940298507463, 0.431872460217994, 0.8, 0.368127539782006, 0, 0, 0, 260, 0, 0, 0, 200, 64, 259, 6, 4, 38
18.357, 1.427225542525843, 0.07774829996872273, 0.08005089058524174, 0.7836940298507463, 0.431872460217994, 0.8, 0.368127539782006, 0, 0, 0, 260, 0, 0, 0, 200, 56, 264, 8, 5, 38
18.403, 1.43113508005031, 0.07776640113298433, 0.08005089058524174, 0.7836940298507463, 0.431872460217994, 0.8100000000000001, 0.378127539782006, 0, 0, 0, 260, 0, 0, 0, 200, 65, 264, 9, 0, 38
18.453, 1.434800271479499, 0.07775430940657336, 0.08005089058524174, 0.7836940298507463, 0.431872460217994, 0.8199999999999999, 0.388127539782006, 0, 0, 0, 260, 0, 0, 0, 200, 54, 256, 11, 8, 38
18.503, 1.438954155099245, 0.07776869454138492, 0.08005089058524174, 0.7836940298507463, 0.431872460217994, 0.8199999999999999, 0.388127539782006, 0, 0, 0, 260, 0, 0, 0, 200, 62, 264, 8, 8, 38
18.552, 1.442619346528433, 0.0777608530901484, 0.08005089058524174, 0.7836940298507463, 0.431872460217994, 0.8199999999999999, 0.388127539782006, 0, 0, 0, 260, 0, 0, 0, 200, 66, 255, 4, 9, 38
18.602, 1.4465288840529, 0.07776200860406947, 0.08005089058524174, 0.7836940298507463, 0.431872460217994, 0.8199999999999999, 0.388127539782006, 0, 0, 0, 260, 0, 0, 0, 200, 59, 256, 7, 1, 38
18.649, 1.450194075482089, 0.07776256504274162, 0.08005089058524174, 0.7836940298507463, 0.431872460217994, 0.74, 0.308127539782006, 0, 0, 0, 260, 0, 0, 0, 200, 58, 268, 1, 12, 38
18.702, 1.454347959101835, 0.07776430109623757, 0.08005089058524174, 0.7836940298507463, 0.431872460217994, 0.77, 0.338127539782006, 0, 0, 0, 260, 0, 0, 0, 200, 64, 258, 6, 10, 38
18.751, 1.458257496626302, 0.07776958544217921, 0.08005089058524174, 0.7836940298507463, 0.431872460217994, 0.74, 0.308127539782006, 0, 0, 0, 260, 0, 0, 0, 200, 53, 245, 11, 13, 38
18.819, 1.463388764627166, 0.07776123941905339, 0.08005089058524174, 0.7836940298507463, 0.431872460217994, 0.24, -0.191872460217994, 0, 0, 0, 260, 0, 0, 0, -200, 65, 282, 12, 37, 39
18.863, 1.467298302151633, 0.07778711245038609, 0.08005089058524174, 0.7836940298507463, 0.431872460217994, 0.21, -0.221872460217994, 0, 0, 0, 260, 0, 0, 0, -200, 59, 260, 6, 22, 39
18.912, 1.470963493580821, 0.07777937254551716, 0.08005089058524174, 0.7836940298507463, 0.431872460217994, 0.2, -0.2318724602179941, 0, 0, 0, 260, 0, 0, 0, -200, 173, 141, 114, 119, 39
18.962, 1.474628685010009, 0.07776757119554947, 0.08005089058524174, 0.7836940298507463, 0.431872460217994, 0.21, -0.221872460217994, 0, 0, 0, 260, 0, 0, 0, -200, 238, 75, 65, 66, 39
19.01, 1.478049530343918, 0.07775115888184735, 0.08005089058524174, 0.7836940298507463, 0.431872460217994, 0.22, -0.211872460217994, 0, 0, 0, 260, 0, 0, 0, -200, 269, 59, 31, 16, 39
19.057, 1.482203413963665, 0.07777737387645823, 0.08005089058524174, 0.7836940298507463, 0.431872460217994, 0.23, -0.201872460217994, 0, 0, 0, 260, 0, 0, 0, -200, 274, 59, 5, 0, 39
19.108, 1.485868605392852, 0.07776159751898957, 0.08005089058524174, 0.7836940298507463, 0.431872460217994, 0.19, -0.241872460217994, 0, 0, 0, 260, 0, 0, 0, -200, 243, 64, 31, 5, 39
19.159, 1.490022489012599, 0.07777141233950619, 0.08005089058524174, 0.7836940298507463, 0.431872460217994, 0.22, -0.211872460217994, 0, 0, 0, 260, 0, 0, 0, -200, 266, 58, 23, 6, 39
19.209, 1.493687680441787, 0.0777597834578472, 0.08005089058524174, 0.7836940298507463, 0.431872460217994, 0.2, -0.2318724602179941, 0, 0, 0, 260, 0, 0, 0, -200, 262, 57, 4, 1, 39
19.259, 1.498085910156813, 0.0777862770734105, 0.08005089058524174, 0.7836940298507463, 0.431872460217994, 0.17, -0.261872460217994, 0, 0, 0, 260, 0, 0, 0, -200, 265, 66, 3, 9, 39
19.311, 1.50199544768128, 0.07777926817261043, 0.08005089058524174, 0.7836940298507463, 0.431872460217994, 0.18, -0.251872460217994, 0, 0, 0, 260, 0, 0, 0, -200, 259, 58, 6, 8, 39
19.36, 1.505904985205747, 0.07778434840938777, 0.08005089058524174, 0.7836940298507463, 0.431872460217994, 0.2, -0.2318724602179941, 0, 0, 0, 260, 0, 0, 0, -200, 260, 59, 1, 1, 39
19.407, 1.509570176634935, 0.07778482901195112, 0.08005089058524174, 0.7836940298507463, 0.431872460217994, 0.2, -0.2318724602179941, 0, 0, 0, 260, 0, 0, 0, -200, 263, 64, 3, 5, 39
19.459, 1.513235368064124, 0.07776532031780276, 0.08005089058524174, 0.7836940298507463, 0.431872460217994, 0.2, -0.2318724602179941, 0, 0, 0, 260, 0, 0, 0, -200, 253, 59, 10, 5, 39
19.503, 1.517144905588591, 0.07779033510683437, 0.08005089058524174, 0.7836940298507463, 0.431872460217994, 0.21, -0.221872460217994, 0, 0, 0, 260, 0, 0, 0, -200, 276, 59, 23, 0, 39
19.553, 1.521543135303616, 0.07781635223769328, 0.08005089058524174, 0.7836940298507463, 0.431872460217994, 0.17, -0.261872460217994, 0, 0, 0, 260, 0, 0, 0, -200, 261, 65, 15, 6, 39
19.604, 1.524963980637525, 0.0777884095407838, 0.08005089058524174, 0.7836940298507463, 0.431872460217994, 0.18, -0.251872460217994, 0, 0, 0, 260, 0, 0, 0, -200, 254, 71, 7, 6, 39
19.659, 1.529117864257272, 0.07778207763656707, 0.08005089058524174, 0.7836940298507463, 0.431872460217994, 0.18, -0.251872460217994, 0, 0, 0, 260, 0, 0, 0, -200, 253, 47, 1, 24, 39
19.704, 1.532538709591181, 0.07777805062886626, 0.08005089058524174, 0.7836940298507463, 0.431872460217994, 0.19, -0.241872460217994, 0, 0, 0, 260, 0, 0, 0, -200, 262, 69, 9, 22, 39
19.753, 1.536448247115648, 0.07778303281099824, 0.08005089058524174, 0.7836940298507463, 0.431872460217994, 0.17, -0.261872460217994, 0, 0, 0, 260, 0, 0, 0, -200, 260, 59, 2, 10, 39
19.803, 1.540357784640116, 0.07778406224512022, 0.08005089058524174, 0.7836940298507463, 0.431872460217994, 0.18, -0.251872460217994, 0, 0, 0, 260, 0, 0, 0, -200, 262, 57, 2, 2, 39
19.854, 1.544511668259862, 0.07779347578623261, 0.08005089058524174, 0.7836940298507463, 0.431872460217994, 0.17, -0.261872460217994, 0, 0, 0, 260, 0, 0, 0, -200, 256, 61, 6, 4, 39
19.904, 1.548421205784329, 0.07779447376328021, 0.08005089058524174, 0.7836940298507463, 0.431872460217994, 0.17, -0.261872460217994, 0, 0, 0, 260, 0, 0, 0, -200, 254, 62, 2, 1, 39
19.957, 1.552330743308797, 0.07778377227583287, 0.08005089058524174, 0.7836940298507463, 0.431872460217994, 0.17, -0.261872460217994, 0, 0, 0, 260, 0, 0, 0, -200, 262, 55, 8, 7, 39
20.007, 1.556240280833264, 0.0777847893653853, 0.08005089058524174, 0.7836940298507463, 0.431872460217994, 0.17, -0.261872460217994, 0, 0, 0, 260, 0, 0, 0, -200, 260, 63, 2, 8, 39
20.057, 1.56039416445301, 0.07779798396834074, 0.08005089058524174, 0.7836940298507463, 0.431872460217994, 0.17, -0.261872460217994, 0, 0, 0, 260, 0, 0, 0, -200, 262, 55, 2, 8, 39
20.109, 1.564059355882199, 0.07777907185251371, 0.08005089058524174, 0.7836940298507463, 0.431872460217994, 0.14, -0.291872460217994, 0, 0, 0, 260, 0, 0, 0, -200, 254, 64, 8, 9, 39
20.159, 1.568457585597224, 0.07780433481805765, 0.08005089058524174, 0.7836940298507463, 0.431872460217994, 0.18, -0.251872460217994, 0, 0, 0, 260, 0, 0, 0, -200, 274, 62, 20, 2, 39
20.204, 1.571634084835854, 0.07778826394950772, 0.08005089058524174, 0.7836940298507463, 0.431872460217994, 0.15, -0.2818724602179941, 0, 0, 0, 260, 0, 0, 0, -200, 252, 58, 22, 4, 39
20.253, 1.575543622360321, 0.07779309842296555, 0.08005089058524174, 0.7836940298507463, 0.431872460217994, 0.16, -0.271872460217994, 0, 0, 0, 260, 0, 0, 0, -200, 259, 60, 7, 2, 39
20.307, 1.579697505980068, 0.07779078672280827, 0.08005089058524174, 0.7836940298507463, 0.431872460217994, 0.15, -0.2818724602179941, 0, 0, 0, 260, 0, 0, 0, -200, 267, 54, 8, 6, 39
20.354, 1.584095735695093, 0.0778272445561115, 0.08005089058524174, 0.7836940298507463, 0.431872460217994, 0.15, -0.2818724602179941, 0, 0, 0, 260, 0, 0, 0, -200, 258, 62, 9, 8, 39
20.412, 1.588005273219561, 0.07779763243286109, 0.08005089058524174, 0.7836940298507463, 0.431872460217994, 0.14, -0.291872460217994, 0, 0, 0, 260, 0, 0, 0, -200, 263, 57, 5, 5, 39
20.463, 1.592403502934586, 0.0778186728697936, 0.08005089058524174, 0.7836940298507463, 0.431872460217994, 0.16, -0.271872460217994, 0, 0, 0, 260, 0, 0, 0, -200, 257, 65, 6, 8, 39
20.512, 1.596068694363774, 0.07781146130868635, 0.08005089058524174, 0.7836940298507463, 0.431872460217994, 0.18, -0.251872460217994, 0, 0, 0, 260, 0, 0, 0, -200, 256, 67, 1, 2, 39
20.562, 1.599978231888242, 0.07781238361483522, 0.08005089058524174, 0.7836940298507463, 0.431872460217994, 0.17, -0.261872460217994, 0, 0, 0, 260, 0, 0, 0, -200, 259, 55, 3, 12, 39
20.613, 1.603887769412709, 0.07780952648390381, 0.08005089058524174, 0.7836940298507463, 0.431872460217994, 0.15, -0.2818724602179941, 0, 0, 0, 260, 0, 0, 0, -200, 269, 65, 10, 10, 39
20.661, 1.607552960841897, 0.07780615463152301, 0.08005089058524174, 0.7836940298507463, 0.431872460217994, 0.16, -0.271872460217994, 0, 0, 0, 260, 0, 0, 0, -200, 266, 56, 3, 9, 39
20.708, 1.611218152271085, 0.07780655554718395, 0.08005089058524174, 0.7836940298507463, 0.431872460217994, 0.16, -0.271872460217994, 0, 0, 0, 260, 0, 0, 0, -200, 250, 61, 16, 5, 39
20.757, 1.615372035890831, 0.07782300119915362, 0.08005089058524174, 0.7836940298507463, 0.431872460217994, 0.17, -0.261872460217994, 0, 0, 0, 260, 0, 0, 0, -200, 265, 60, 15, 1, 39
20.813, 1.619525919510578, 0.07781318980976208, 0.08005089058524174, 0.7836940298507463, 0.431872460217994, 0.19, -0.241872460217994, 0, 0, 0, 260, 0, 0, 0, -200, 258, 59, 7, 1, 39
20.862, 1.623191110939767, 0.07780611211483878, 0.08005089058524174, 0.7836940298507463, 0.431872460217994, 0.2, -0.2318724602179941, 0, 0, 0, 260, 0, 0, 0, -200, 255, 62, 3, 3, 39
20.912, 1.627344994559513, 0.07781871626623531, 0.08005089058524174, 0.7836940298507463, 0.431872460217994, 0.23, -0.201872460217994, 0, 0, 0, 260, 0, 0, 0, -200, 261, 59, 6, 3, 39
20.961, 1.63125453208398, 0.077823316258002, 0.08005089058524174, 0.7836940298507463, 0.431872460217994, 0.25, -0.181872460217994, 0, 0, 0, 260, 0, 0, 0, -200, 268, 61, 7, 2, 39
21.009, 1.634675377417889, 0.07780833820828638, 0.08005089058524174, 0.7836940298507463, 0.431872460217994, 0.27, -0.161872460217994, 0, 0, 0, 260, 0, 0, 0, -200, 265, 58, 3, 3, 39
21.057, 1.638340568847077, 0.07780503247599739, 0.08005089058524174, 0.7836940298507463, 0.431872460217994, 0.23, -0.201872460217994, 0, 0, 0, 260, 0, 0, 0, -200, 257, 59, 8, 1, 39
21.109, 1.642250106371544, 0.07779857436977329, 0.08005089058524174, 0.7836940298507463, 0.431872460217994, 0.19, -0.241872460217994, 0, 0, 0, 260, 0, 0, 0, -200, 251, 67, 6, 8, 39
21.154, 1.646159643896012, 0.07781788994497551, 0.08005089058524174, 0.7836940298507463, 0.431872460217994, 0.14, -0.291872460217994, 0, 0, 0, 260, 0, 0, 0, -200, 265, 50, 14, 17, 39
21.211, 1.650557873611037, 0.07781612717981412, 0.08005089058524174, 0.7836940298507463, 0.431872460217994, 0.17, -0.261872460217994, 0, 0, 0, 260, 0, 0, 0, -200, 260, 68, 5, 18, 39
21.259, 1.654467411135505, 0.07782432904348768, 0.08005089058524174, 0.7836940298507463, 0.431872460217994, 0.14, -0.291872460217994, 0, 0, 0, 260, 0, 0, 0, -200, 261, 58, 1, 10, 39
21.309, 1.657888256469414, 0.07780225521936335, 0.08005089058524174, 0.7836940298507463, 0.431872460217994, 0.13, -0.301872460217994, 0, 0, 0, 260, 0, 0, 0, -200, 255, 58, 6, 0, 39
21.355, 1.661553447898602, 0.07780629585102327, 0.08005089058524174, 0.7836940298507463, 0.431872460217994, 0.17, -0.261872460217994, 0, 0, 0, 260, 0, 0, 0, -200, 257, 60, 2, 2, 39
21.404, 1.665462985423069, 0.07781082907041064, 0.08005089058524174, 0.7836940298507463, 0.431872460217994, 0.21, -0.221872460217994, 0, 0, 0, 260, 0, 0, 0, -200, 260, 60, 3, 0, 39
21.453, 1.669372522947536, 0.07781534158148213, 0.08005089058524174, 0.7836940298507463, 0.431872460217994, 0.24, -0.191872460217994, 0, 0, 0, 260, 0, 0, 0, -200, 266, 59, 6, 1, 39
21.502, 1.673526406567283, 0.07783119740337098, 0.08005089058524174, 0.7836940298507463, 0.431872460217994, 0.26, -0.171872460217994, 0, 0, 0, 260, 0, 0, 0, -200, 257, 60, 9, 1, 39
21.554, 1.67743594409175, 0.07782480950597337, 0.08005089058524174, 0.7836940298507463, 0.431872460217994, 0.22, -0.211872460217994, 0, 0, 0, 260, 0, 0, 0, -200, 259, 63, 2, 3, 39
21.608, 1.681345481616217, 0.07781124961200561, 0.08005089058524174, 0.7836940298507463, 0.431872460217994, 0.24, -0.191872460217994, 0, 0, 0, 260, 0, 0, 0, -200, 267, 52, 8, 11, 39
21.66, 1.685743711331243, 0.077827502831544, 0.08005089058524174, 0.7836940298507463, 0.431872460217994, 0.21, -0.221872460217994, 0, 0, 0, 260, 0, 0, 0, -200, 260, 68, 7, 16, 39
21.712, 1.68989759495099, 0.07783242423318855, 0.08005089058524174, 0.7836940298507463, 0.431872460217994, 0.33, -0.101872460217994, 0, 0, 0, 260, 0, 0, 0, -200, 263, 49, 3, 19, 39
21.764, 1.693807132475457, 0.07782609504114395, 0.08005089058524174, 0.7836940298507463, 0.431872460217994, 0.64, 0.208127539782006, 0, 0, 0, 260, 0, 0, 0, 200, 252, 70, 11, 21, 40
21.824, 1.698449708285762, 0.07782485833420829, 0.08005089058524174, 0.7836940298507463, 0.431872460217994, 0.79, 0.3581275397820059, 0, 0, 0, 260, 0, 0, 0, 200, 230, 87, 22, 17, 40
21.873, 1.702847938000787, 0.07785159502586694, 0.08005089058524174, 0.7836940298507463, 0.431872460217994, 0.8, 0.368127539782006, 0, 0, 0, 260, 0, 0, 0, 200, 146, 194, 84, 107, 40
21.922, 1.706268783334696, 0.07783362755837498, 0.08005089058524174, 0.7836940298507463, 0.431872460217994, 0.8, 0.368127539782006, 0, 0, 0, 260, 0, 0, 0, 200, 74, 255, 72, 61, 40
21.973, 1.709933974763885, 0.07781977767095456, 0.08005089058524174, 0.7836940298507463, 0.431872460217994, 0.71, 0.278127539782006, 0, 0, 0, 260, 0, 0, 0, 200, 45, 251, 29, 4, 40
22.034, 1.715065242764748, 0.07783721715370556, 0.08005089058524174, 0.7836940298507463, 0.431872460217994, 0.21, -0.221872460217994, 0, 0, 0, 260, 0, 0, 0, -200, 69, 288, 24, 37, 41
22.091, 1.719707818575053, 0.07784653562876525, 0.08005089058524174, 0.7836940298507463, 0.431872460217994, 0.19, -0.241872460217994, 0, 0, 0, 260, 0, 0, 0, -200, 85, 223, 16, 65, 41
22.144, 1.72361735609952, 0.0778367664423555, 0.08005089058524174, 0.7836940298507463, 0.431872460217994, 0.21, -0.221872460217994, 0, 0, 0, 260, 0, 0, 0, -200, 197, 139, 112, 84, 41
22.193, 1.727038201433429, 0.07781905111672279, 0.08005089058524174, 0.7836940298507463, 0.431872460217994, 0.19, -0.241872460217994, 0, 0, 0, 260, 0, 0, 0, -200, 248, 72, 51, 67, 41
22.24, 1.730947738957896, 0.07783038394594857, 0.08005089058524174, 0.7836940298507463, 0.431872460217994, 0.22, -0.211872460217994, 0, 0, 0, 260, 0, 0, 0, -200, 267, 41, 19, 31, 41
22.293, 1.735101622577643, 0.0778316791180031, 0.08005089058524174, 0.7836940298507463, 0.431872460217994, 0.2, -0.2318724602179941, 0, 0, 0, 260, 0, 0, 0, -200, 266, 74, 1, 33, 41
22.341, 1.73901116010211, 0.07783945034251421, 0.08005089058524174, 0.7836940298507463, 0.431872460217994, 0.18, -0.251872460217994, 0, 0, 0, 260, 0, 0, 0, -200, 264, 57, 2, 17, 41
22.396, 1.743165043721857, 0.07783376691024544, 0.08005089058524174, 0.7836940298507463, 0.431872460217994, 0.18, -0.251872460217994, 0, 0, 0, 260, 0, 0, 0, -200, 250, 60, 14, 3, 41
22.444, 1.747074581246324, 0.07784149800598485, 0.08005089058524174, 0.7836940298507463, 0.431872460217994, 0.18, -0.251872460217994, 0, 0, 0, 260, 0, 0, 0, -200, 261, 59, 11, 1, 41
22.492, 1.750739772675512, 0.07783833241488138, 0.08005089058524174, 0.7836940298507463, 0.431872460217994, 0.22, -0.211872460217994, 0, 0, 0, 260, 0, 0, 0, -200, 264, 63, 3, 4, 41
22.547, 1.754893656295258, 0.07783268977226498, 0.08005089058524174, 0.7836940298507463, 0.431872460217994, 0.2, -0.2318724602179941, 0, 0, 0, 260, 0, 0, 0, -200, 264, 56, 0, 7, 41
22.599, 1.759047539915005, 0.07783740607615403, 0.08005089058524174, 0.7836940298507463, 0.431872460217994, 0.61, 0.178127539782006, 0, 0, 0, 260, 0, 0, 0, 200, 258, 63, 6, 7, 42
22.653, 1.762957077439473, 0.07782444168275603, 0.08005089058524174, 0.7836940298507463, 0.431872460217994, 0.73, 0.298127539782006, 0, 0, 0, 260, 0, 0, 0, 200, 231, 81, 27, 18, 42
22.702, 1.767599653249777, 0.07786096613733491, 0.08005089058524174, 0.7836940298507463, 0.431872460217994, 0.74, 0.308127539782006, 0, 0, 0, 260, 0, 0, 0, 200, 155, 195, 76, 114, 42
22.749, 1.770776152488407, 0.07783973592194853, 0.08005089058524174, 0.7836940298507463, 0.431872460217994, 0.7800000000000001, 0.348127539782006, 0, 0, 0, 260, 0, 0, 0, 200, 83, 240, 72, 45, 42
22.798, 1.774441343917595, 0.07783320220710566, 0.08005089058524174, 0.7836940298507463, 0.431872460217994, 0.7800000000000001, 0.348127539782006, 0, 0, 0, 260, 0, 0, 0, 200, 39, 259, 44, 19, 42
22.854, 1.779328265823179, 0.07785631687333416, 0.08005089058524174, 0.7836940298507463, 0.431872460217994, 0.29, -0.141872460217994, 0, 0, 0, 260, 0, 0, 0, -200, 78, 279, 39, 20, 43
22.903, 1.782993457252367, 0.07784977763840402, 0.08005089058524174, 0.7836940298507463, 0.431872460217994, 0.19, -0.241872460217994, 0, 0, 0, 260, 0, 0, 0, -200, 63, 252, 15, 27, 43
22.954, 1.786658648681555, 0.07783648377980113, 0.08005089058524174, 0.7836940298507463, 0.431872460217994, 0.17, -0.261872460217994, 0, 0, 0, 260, 0, 0, 0, -200, 164, 149, 101, 103, 43
22.999, 1.790079494015464, 0.07783292725837924, 0.08005089058524174, 0.7836940298507463, 0.431872460217994, 0.16, -0.271872460217994, 0, 0, 0, 260, 0, 0, 0, -200, 227, 80, 63, 69, 43
23.053, 1.794233377635211, 0.07783079762439642, 0.08005089058524174, 0.7836940298507463, 0.431872460217994, 0.19, -0.241872460217994, 0, 0, 0, 260, 0, 0, 0, -200, 268, 47, 41, 33, 43
23.102, 1.798631607350236, 0.07785609935720874, 0.08005089058524174, 0.7836940298507463, 0.431872460217994, 0.21, -0.221872460217994, 0, 0, 0, 260, 0, 0, 0, -200, 278, 75, 10, 28, 43
23.153, 1.802541144874704, 0.07785345937350251, 0.08005089058524174, 0.7836940298507463, 0.431872460217994, 0.21, -0.221872460217994, 0, 0, 0, 260, 0, 0, 0, -200, 253, 55, 25, 20, 43
23.217, 1.807183720685009, 0.07783881296829945, 0.08005089058524174, 0.7836940298507463, 0.431872460217994, 0.2, -0.2318724602179941, 0, 0, 0, 260, 0, 0, 0, -200, 244, 61, 9, 6, 43
23.264, 1.811093258209476, 0.07784960704132891, 0.08005089058524174, 0.7836940298507463, 0.431872460217994, 0.34, -0.09187246021799403, 0, 0, 0, 260, 0, 0, 0, -200, 270, 57, 26, 4, 43
23.322, 1.815735834019781, 0.07785506534687336, 0.08005089058524174, 0.7836940298507463, 0.431872460217994, 0.64, 0.208127539782006, 0, 0, 0, 260, 0, 0, 0, 200, 265, 63, 5, 6, 44
23.372, 1.819645371544248, 0.07785578348212596, 0.08005089058524174, 0.7836940298507463, 0.431872460217994, 0.8100000000000001, 0.378127539782006, 0, 0, 0, 260, 0, 0, 0, 200, 243, 81, 22, 18, 44
23.428, 1.824043601259274, 0.07785741852737211, 0.08005089058524174, 0.7836940298507463, 0.431872460217994, 0.84, 0.4081275397820059, 0, 0, 0, 260, 0, 0, 0, 200, 148, 192, 95, 111, 44
23.473, 1.827708792688462, 0.07786430335655697, 0.08005089058524174, 0.7836940298507463, 0.431872460217994, 0.84, 0.4081275397820059, 0, 0, 0, 260, 0, 0, 0, 200, 79, 252, 69, 60, 44
23.522, 1.83137398411765, 0.07785791956966457, 0.08005089058524174, 0.7836940298507463, 0.431872460217994, 0.8, 0.368127539782006, 0, 0, 0, 260, 0, 0, 0, 200, 42, 256, 37, 4, 44
23.578, 1.835527867737397, 0.07784917583074885, 0.08005089058524174, 0.7836940298507463, 0.431872460217994, 0.23, -0.201872460217994, 0, 0, 0, 260, 0, 0, 0, -200, 70, 267, 28, 11, 45
23.632, 1.840170443547701, 0.07786774050218776, 0.08005089058524174, 0.7836940298507463, 0.431872460217994, 0.21, -0.221872460217994, 0, 0, 0, 260, 0, 0, 0, -200, 82, 240, 12, 27, 45
23.687, 1.844079981072169, 0.07785198552253004, 0.08005089058524174, 0.7836940298507463, 0.431872460217994, 0.16, -0.271872460217994, 0, 0, 0, 260, 0, 0, 0, -200, 188, 132, 106, 108, 45
23.734, 1.847500826406078, 0.07784194937246472, 0.08005089058524174, 0.7836940298507463, 0.431872460217994, 0.2, -0.2318724602179941, 0, 0, 0, 260, 0, 0, 0, -200, 228, 59, 40, 73, 45
23.784, 1.851410363930545, 0.07784268264087389, 0.08005089058524174, 0.7836940298507463, 0.431872460217994, 0.17, -0.261872460217994, 0, 0, 0, 260, 0, 0, 0, -200, 285, 57, 57, 2, 45
23.833, 1.85580859364557, 0.07786718388979862, 0.08005089058524174, 0.7836940298507463, 0.431872460217994, 0.16, -0.271872460217994, 0, 0, 0, 260, 0, 0, 0, -200, 283, 67, 2, 10, 45
23.889, 1.859718131170038, 0.07784830387082078, 0.08005089058524174, 0.7836940298507463, 0.431872460217994, 0.15, -0.2818724602179941, 0, 0, 0, 260, 0, 0, 0, -200, 239, 56, 44, 11, 45
23.938, 1.863627668694505, 0.07785227122961422, 0.08005089058524174, 0.7836940298507463, 0.431872460217994, 0.17, -0.261872460217994, 0, 0, 0, 260, 0, 0, 0, -200, 259, 62, 20, 6, 45
23.992, 1.867781552314252, 0.07785018140689612, 0.08005089058524174, 0.7836940298507463, 0.431872460217994, 0.21, -0.221872460217994, 0, 0, 0, 260, 0, 0, 0, -200, 264, 60, 5, 2, 45
24.04, 1.871691089838719, 0.07785736646583691, 0.08005089058524174, 0.7836940298507463, 0.431872460217994, 0.21, -0.221872460217994, 0, 0, 0, 260, 0, 0, 0, -200, 268, 66, 4, 6, 45
24.094, 1.876089319553745, 0.07786541543760873, 0.08005089058524174, 0.7836940298507463, 0.431872460217994, 0.37, -0.06187246021799403, 0, 0, 0, 260, 0, 0, 0, -200, 247, 57, 21, 9, 45
24.163, 1.881464933649887, 0.0778655354736534, 0.08005089058524174, 0.7836940298507463, 0.431872460217994, 0.74, 0.308127539782006, 0, 0, 0, 260, 0, 0, 0, 200, 248, 62, 1, 5, 46
24.212, 1.885130125079075, 0.07785933112006754, 0.08005089058524174, 0.7836940298507463, 0.431872460217994, 0.8800000000000001, 0.448127539782006, 0, 0, 0, 260, 0, 0, 0, 200, 260, 61, 12, 1, 46
24.259, 1.888550970412984, 0.07784949793532232, 0.08005089058524174, 0.7836940298507463, 0.431872460217994, 0.8699999999999999, 0.438127539782006, 0, 0, 0, 260, 0, 0, 0, 200, 171, 158, 89, 97, 46
24.303, 1.892460507937452, 0.07786941973984494, 0.08005089058524174, 0.7836940298507463, 0.431872460217994, 0.86, 0.428127539782006, 0, 0, 0, 260, 0, 0, 0, 200, 83, 248, 88, 90, 46
24.353, 1.89612569936664, 0.07786004596421959, 0.08005089058524174, 0.7836940298507463, 0.431872460217994, 0.8699999999999999, 0.438127539782006, 0, 0, 0, 260, 0, 0, 0, 200, 44, 251, 39, 3, 46
24.41, 1.900523929081665, 0.07785841577557005, 0.08005089058524174, 0.7836940298507463, 0.431872460217994, 0.51, 0.07812753978200597, 0, 0, 0, 260, 0, 0, 0, 200, 65, 265, 21, 14, 46
24.459, 1.904677812701412, 0.07787226839614913, 0.08005089058524174, 0.7836940298507463, 0.431872460217994, 0.2, -0.2318724602179941, 0, 0, 0, 260, 0, 0, 0, -200, 61, 274, 4, 9, 47
24.503, 1.907854311940041, 0.07786207043790726, 0.08005089058524174, 0.7836940298507463, 0.431872460217994, 0.21, -0.221872460217994, 0, 0, 0, 260, 0, 0, 0, -200, 54, 238, 7, 36, 47
24.552, 1.912008195559788, 0.07787586329259481, 0.08005089058524174, 0.7836940298507463, 0.431872460217994, 0.19, -0.241872460217994, 0, 0, 0, 260, 0, 0, 0, -200, 168, 167, 114, 71, 47
24.602, 1.915673386988976, 0.07786657129456858, 0.08005089058524174, 0.7836940298507463, 0.431872460217994, 0.2, -0.2318724602179941, 0, 0, 0, 260, 0, 0, 0, -200, 233, 74, 65, 93, 47
24.652, 1.919094232322885, 0.07784740517292247, 0.08005089058524174, 0.7836940298507463, 0.431872460217994, 0.2, -0.2318724602179941, 0, 0, 0, 260, 0, 0, 0, -200, 261, 43, 28, 31, 47
24.702, 1.92373680813319, 0.07787777540819325, 0.08005089058524174, 0.7836940298507463, 0.431872460217994, 0.2, -0.2318724602179941, 0, 0, 0, 260, 0, 0, 0, -200, 277, 75, 16, 32, 47
24.752, 1.927157653467099, 0.07785866408642126, 0.08005089058524174, 0.7836940298507463, 0.431872460217994, 0.2, -0.2318724602179941, 0, 0, 0, 260, 0, 0, 0, -200, 261, 55, 16, 20, 47
24.804, 1.931555883182124, 0.07787275774802954, 0.08005089058524174, 0.7836940298507463, 0.431872460217994, 0.2, -0.2318724602179941, 0, 0, 0, 260, 0, 0, 0, -200, 251, 66, 10, 11, 47
24.85300000000001, 1.935221074611313, 0.07786669917560506, 0.08005089058524174, 0.7836940298507463, 0.431872460217994, 0.21, -0.221872460217994, 0, 0, 0, 260, 0, 0, 0, -200, 266, 58, 15, 8, 47
24.902, 1.939374958231059, 0.07788028906236683, 0.08005089058524174, 0.7836940298507463, 0.431872460217994, 0.21, -0.221872460217994, 0, 0, 0, 260, 0, 0, 0, -200, 261, 65, 5, 7, 47
24.954, 1.943284495755526, 0.07787466922158877, 0.08005089058524174, 0.7836940298507463, 0.431872460217994, 0.22, -0.211872460217994, 0, 0, 0, 260, 0, 0, 0, -200, 254, 60, 7, 5, 47
25.009, 1.947194033279994, 0.07785973182774176, 0.08005089058524174, 0.7836940298507463, 0.431872460217994, 0.25, -0.181872460217994, 0, 0, 0, 260, 0, 0, 0, -200, 251, 59, 3, 1, 47
25.059, 1.95134791689974, 0.0778701431381835, 0.08005089058524174, 0.7836940298507463, 0.431872460217994, 0.37, -0.06187246021799403, 0, 0, 0, 260, 0, 0, 0, -200, 267, 65, 16, 6, 47
25.113, 1.955501800519487, 0.07786810817184274, 0.08005089058524174, 0.7836940298507463, 0.431872460217994, 0.7199999999999999, 0.288127539782006, 0, 0, 0, 260, 0, 0, 0, 200, 265, 56, 2, 9, 48
25.163, 1.959655684139233, 0.07787845980762363, 0.08005089058524174, 0.7836940298507463, 0.431872460217994, 0.79, 0.3581275397820059, 0, 0, 0, 260, 0, 0, 0, 200, 245, 86, 20, 30, 48
25.221, 1.964298259949538, 0.0778834407814733, 0.08005089058524174, 0.7836940298507463, 0.431872460217994, 0.79, 0.3581275397820059, 0, 0, 0, 260, 0, 0, 0, 200, 134, 194, 111, 108, 48
25.273, 1.968207797474006, 0.077877885390496, 0.08005089058524174, 0.7836940298507463, 0.431872460217994, 0.79, 0.3581275397820059, 0, 0, 0, 260, 0, 0, 0, 200, 70, 265, 64, 71, 48
25.322, 1.971628642807914, 0.07786227955169079, 0.08005089058524174, 0.7836940298507463, 0.431872460217994, 0.71, 0.278127539782006, 0, 0, 0, 260, 0, 0, 0, 200, 42, 247, 28, 18, 48
25.381, 1.976759910808777, 0.07788345261450602, 0.08005089058524174, 0.7836940298507463, 0.431872460217994, 0.19, -0.241872460217994, 0, 0, 0, 260, 0, 0, 0, -200, 76, 271, 34, 24, 49
25.431, 1.980669448333245, 0.07788405679419784, 0.08005089058524174, 0.7836940298507463, 0.431872460217994, 0.19, -0.241872460217994, 0, 0, 0, 260, 0, 0, 0, -200, 71, 247, 5, 24, 49
25.483, 1.984578985857712, 0.07787854592699885, 0.08005089058524174, 0.7836940298507463, 0.431872460217994, 0.19, -0.241872460217994, 0, 0, 0, 260, 0, 0, 0, -200, 163, 148, 92, 99, 49
25.533, 1.9882441772869, 0.07786958748626876, 0.08005089058524174, 0.7836940298507463, 0.431872460217994, 0.16, -0.271872460217994, 0, 0, 0, 260, 0, 0, 0, -200, 241, 68, 78, 80, 49
25.583, 1.992153714811367, 0.07787021517458341, 0.08005089058524174, 0.7836940298507463, 0.431872460217994, 0.19, -0.241872460217994, 0, 0, 0, 260, 0, 0, 0, -200, 284, 41, 43, 27, 49
25.634, 1.996551944526393, 0.07788686683804297, 0.08005089058524174, 0.7836940298507463, 0.431872460217994, 0.19, -0.241872460217994, 0, 0, 0, 260, 0, 0, 0, -200, 263, 77, 21, 36, 49
25.682, 1.999972789860302, 0.07787449536096496, 0.08005089058524174, 0.7836940298507463, 0.431872460217994, 0.19, -0.241872460217994, 0, 0, 0, 260, 0, 0, 0, -200, 252, 63, 11, 14, 49
25.73, 2.00363798128949, 0.07787166658723244, 0.08005089058524174, 0.7836940298507463, 0.431872460217994, 0.18, -0.251872460217994, 0, 0, 0, 260, 0, 0, 0, -200, 258, 50, 6, 13, 49
25.781, 2.007547518813958, 0.07786926491656482, 0.08005089058524174, 0.7836940298507463, 0.431872460217994, 0.2, -0.2318724602179941, 0, 0, 0, 260, 0, 0, 0, -200, 259, 70, 1, 20, 49
25.829, 2.011457056338425, 0.07787591685076562, 0.08005089058524174, 0.7836940298507463, 0.431872460217994, 0.21, -0.221872460217994, 0, 0, 0, 260, 0, 0, 0, -200, 268, 58, 9, 12, 49
25.873, 2.015122247767613, 0.07788514079417204, 0.08005089058524174, 0.7836940298507463, 0.431872460217994, 0.17, -0.261872460217994, 0, 0, 0, 260, 0, 0, 0, -200, 256, 55, 12, 3, 49
25.923, 2.01903178529208, 0.07788573025082284, 0.08005089058524174, 0.7836940298507463, 0.431872460217994, 0.15, -0.2818724602179941, 0, 0, 0, 260, 0, 0, 0, -200, 263, 66, 7, 11, 49
25.979, 2.023430015007106, 0.07788714019042711, 0.08005089058524174, 0.7836940298507463, 0.431872460217994, 0.39, -0.04187246021799403, 0, 0, 0, 260, 0, 0, 0, -200, 258, 55, 5, 11, 49
26.029, 2.027583898626852, 0.07789711086199441, 0.08005089058524174, 0.7836940298507463, 0.431872460217994, 0.5300000000000001, 0.09812753978200597, 0, 0, 0, 260, 0, 0, 0, 200, 262, 62, 4, 7, 50
26.08, 2.03124909005604, 0.07788531787024694, 0.08005089058524174, 0.7836940298507463, 0.431872460217994, 0.64, 0.208127539782006, 0, 0, 0, 260, 0, 0, 0, 200, 244, 78, 18, 16, 50
26.129, 2.035158627580508, 0.07788888314059123, 0.08005089058524174, 0.7836940298507463, 0.431872460217994, 0.7, 0.268127539782006, 0, 0, 0, 260, 0, 0, 0, 200, 162, 179, 82, 101, 50
26.182, 2.039312511200254, 0.07788986751204088, 0.08005089058524174, 0.7836940298507463, 0.431872460217994, 0.6800000000000001, 0.248127539782006, 0, 0, 0, 260, 0, 0, 0, 200, 78, 245, 84, 66, 50
26.232, 2.042977702629443, 0.07788112620575794, 0.08005089058524174, 0.7836940298507463, 0.431872460217994, 0.6, 0.168127539782006, 0, 0, 0, 260, 0, 0, 0, 200, 38, 256, 40, 11, 50
26.289, 2.047375932344468, 0.07787956682812082, 0.08005089058524174, 0.7836940298507463, 0.431872460217994, 0.18, -0.251872460217994, 0, 0, 0, 260, 0, 0, 0, -200, 73, 265, 35, 9, 51
26.339, 2.051774162059494, 0.07789871149472242, 0.08005089058524174, 0.7836940298507463, 0.431872460217994, 0.19, -0.241872460217994, 0, 0, 0, 260, 0, 0, 0, -200, 75, 251, 2, 14, 51
26.389, 2.055195007393403, 0.07788074604545086, 0.08005089058524174, 0.7836940298507463, 0.431872460217994, 0.17, -0.261872460217994, 0, 0, 0, 260, 0, 0, 0, -200, 164, 144, 89, 107, 51
26.434, 2.05910454491787, 0.07789606358923622, 0.08005089058524174, 0.7836940298507463, 0.431872460217994, 0.17, -0.261872460217994, 0, 0, 0, 260, 0, 0, 0, -200, 234, 66, 70, 78, 51
26.48400000000001, 2.062769736347058, 0.07788739376027253, 0.08005089058524174, 0.7836940298507463, 0.431872460217994, 0.17, -0.261872460217994, 0, 0, 0, 260, 0, 0, 0, -200, 273, 52, 39, 14, 51
26.533, 2.066679273871525, 0.07789090091099858, 0.08005089058524174, 0.7836940298507463, 0.431872460217994, 0.19, -0.241872460217994, 0, 0, 0, 260, 0, 0, 0, -200, 270, 68, 3, 16, 51
26.583, 2.070833157491272, 0.07790065671637032, 0.08005089058524174, 0.7836940298507463, 0.431872460217994, 0.21, -0.221872460217994, 0, 0, 0, 260, 0, 0, 0, -200, 270, 57, 0, 11, 51
26.632, 2.074254002825181, 0.0778857766155445, 0.08005089058524174, 0.7836940298507463, 0.431872460217994, 0.19, -0.241872460217994, 0, 0, 0, 260, 0, 0, 0, -200, 235, 53, 35, 4, 51
26.685, 2.078163540349648, 0.07787759191866773, 0.08005089058524174, 0.7836940298507463, 0.431872460217994, 0.21, -0.221872460217994, 0, 0, 0, 260, 0, 0, 0, -200, 269, 63, 34, 10, 51
26.733, 2.082317423969394, 0.0778931442026482, 0.08005089058524174, 0.7836940298507463, 0.431872460217994, 0.4699999999999999, 0.03812753978200597, 0, 0, 0, 260, 0, 0, 0, 200, 259, 62, 10, 1, 52
26.791, 2.0869599997797, 0.07789780149228097, 0.08005089058524174, 0.7836940298507463, 0.431872460217994, 0.7199999999999999, 0.288127539782006, 0, 0, 0, 260, 0, 0, 0, 200, 236, 81, 23, 19, 52
26.852, 2.091846921685284, 0.07790283486091477, 0.08005089058524174, 0.7836940298507463, 0.431872460217994, 0.77, 0.338127539782006, 0, 0, 0, 260, 0, 0, 0, 200, 128, 221, 108, 140, 52
26.901, 2.095267767019192, 0.07788809958808939, 0.08005089058524174, 0.7836940298507463, 0.431872460217994, 0.77, 0.338127539782006, 0, 0, 0, 260, 0, 0, 0, 200, 52, 244, 76, 23, 52
26.962, 2.100154688924777, 0.0778931343715146, 0.08005089058524174, 0.7836940298507463, 0.431872460217994, 0.32, -0.111872460217994, 0, 0, 0, 260, 0, 0, 0, -200, 55, 274, 3, 30, 53
27.014, 2.104308572544523, 0.07789696352056426, 0.08005089058524174, 0.7836940298507463, 0.431872460217994, 0.14, -0.291872460217994, 0, 0, 0, 260, 0, 0, 0, -200, 83, 258, 28, 16, 53
27.067, 2.10821811006899, 0.07788887243022834, 0.08005089058524174, 0.7836940298507463, 0.431872460217994, 0.2, -0.2318724602179941, 0, 0, 0, 260, 0, 0, 0, -200, 162, 141, 79, 117, 53
27.127, 2.113105031974575, 0.07789674611916447, 0.08005089058524174, 0.7836940298507463, 0.431872460217994, 0.19, -0.241872460217994, 0, 0, 0, 260, 0, 0, 0, -200, 256, 60, 94, 81, 53
27.194, 2.118480646070717, 0.07790250224574233, 0.08005089058524174, 0.7836940298507463, 0.431872460217994, 0.23, -0.201872460217994, 0, 0, 0, 260, 0, 0, 0, -200, 281, 61, 25, 1, 53
27.248, 2.122390183595184, 0.07789159511139109, 0.08005089058524174, 0.7836940298507463, 0.431872460217994, 0.22, -0.211872460217994, 0, 0, 0, 260, 0, 0, 0, -200, 254, 65, 27, 4, 53
27.302, 2.127032759405489, 0.07790758037526516, 0.08005089058524174, 0.7836940298507463, 0.431872460217994, 0.19, -0.241872460217994, 0, 0, 0, 260, 0, 0, 0, -200, 246, 56, 8, 9, 53
27.357, 2.130942296929957, 0.07789385886354339, 0.08005089058524174, 0.7836940298507463, 0.431872460217994, 0.27, -0.161872460217994, 0, 0, 0, 260, 0, 0, 0, -200, 261, 60, 15, 4, 53
27.41400000000001, 2.135584872740262, 0.07790125019115277, 0.08005089058524174, 0.7836940298507463, 0.431872460217994, 0.5300000000000001, 0.09812753978200597, 0, 0, 0, 260, 0, 0, 0, 200, 262, 66, 1, 6, 54
27.473, 2.139983102455287, 0.07789404515179585, 0.08005089058524174, 0.7836940298507463, 0.431872460217994, 0.79, 0.3581275397820059, 0, 0, 0, 260, 0, 0, 0, 200, 240, 71, 22, 5, 54
27.53, 2.144625678265592, 0.07790140494971276, 0.08005089058524174, 0.7836940298507463, 0.431872460217994, 0.8100000000000001, 0.378127539782006, 0, 0, 0, 260, 0, 0, 0, 200, 134, 196, 106, 125, 54
27.591, 2.149268254075897, 0.07789743953013291, 0.08005089058524174, 0.7836940298507463, 0.431872460217994, 0.8100000000000001, 0.378127539782006, 0, 0, 0, 260, 0, 0, 0, 200, 52, 255, 82, 59, 54
27.653, 2.153910829886202, 0.07789067478704669, 0.08005089058524174, 0.7836940298507463, 0.431872460217994, 0.52, 0.08812753978200597, 0, 0, 0, 260, 0, 0, 0, 200, 74, 253, 22, 2, 54
27.712, 2.159042097887065, 0.07791000641913486, 0.08005089058524174, 0.7836940298507463, 0.431872460217994, 0.21, -0.221872460217994, 0, 0, 0, 260, 0, 0, 0, -200, 67, 278, 7, 25, 55
27.769, 2.163440327602091, 0.07790847087047036, 0.08005089058524174, 0.7836940298507463, 0.431872460217994, 0.21, -0.221872460217994, 0, 0, 0, 260, 0, 0, 0, -200, 78, 225, 11, 53, 55
27.824, 2.167349865126559, 0.07789497790132829, 0.08005089058524174, 0.7836940298507463, 0.431872460217994, 0.21, -0.221872460217994, 0, 0, 0, 260, 0, 0, 0, -200, 200, 129, 122, 96, 55
27.881, 2.172236787032142, 0.07791100703102982, 0.08005089058524174, 0.7836940298507463, 0.431872460217994, 0.2, -0.2318724602179941, 0, 0, 0, 260, 0, 0, 0, -200, 239, 62, 39, 67, 55
27.94, 2.176390670651889, 0.07789515642991729, 0.08005089058524174, 0.7836940298507463, 0.431872460217994, 0.21, -0.221872460217994, 0, 0, 0, 260, 0, 0, 0, -200, 276, 53, 37, 9, 55
27.994, 2.181033246462194, 0.07791073967500871, 0.08005089058524174, 0.7836940298507463, 0.431872460217994, 0.24, -0.191872460217994, 0, 0, 0, 260, 0, 0, 0, -200, 261, 68, 15, 15, 55
28.053, 2.185675822272499, 0.07791237380217798, 0.08005089058524174, 0.7836940298507463, 0.431872460217994, 0.24, -0.191872460217994, 0, 0, 0, 260, 0, 0, 0, -200, 255, 55, 6, 13, 55
28.114, 2.190318398082804, 0.07790845835109922, 0.08005089058524174, 0.7836940298507463, 0.431872460217994, 0.34, -0.09187246021799403, 0, 0, 0, 260, 0, 0, 0, -200, 271, 63, 16, 8, 55
28.184, 2.195694012178946, 0.07790569160441905, 0.08005089058524174, 0.7836940298507463, 0.431872460217994, 0.77, 0.338127539782006, 0, 0, 0, 260, 0, 0, 0, 200, 258, 59, 13, 4, 56
28.239, 2.199847895798693, 0.07790105512938464, 0.08005089058524174, 0.7836940298507463, 0.431872460217994, 0.79, 0.3581275397820059, 0, 0, 0, 260, 0, 0, 0, 200, 233, 91, 25, 32, 56
28.292, 2.204490471608998, 0.07791921644312872, 0.08005089058524174, 0.7836940298507463, 0.431872460217994, 0.8100000000000001, 0.378127539782006, 0, 0, 0, 260, 0, 0, 0, 200, 138, 195, 95, 104, 56
28.341, 2.208155663038186, 0.07791382319036679, 0.08005089058524174, 0.7836940298507463, 0.431872460217994, 0.8100000000000001, 0.378127539782006, 0, 0, 0, 260, 0, 0, 0, 200, 72, 248, 66, 53, 56
28.38800000000001, 2.211332162276815, 0.07789672263903112, 0.08005089058524174, 0.7836940298507463, 0.431872460217994, 0.8199999999999999, 0.388127539782006, 0, 0, 0, 260, 0, 0, 0, 200, 44, 254, 28, 6, 56
28.444, 2.216219084182399, 0.07791516960281253, 0.08005089058524174, 0.7836940298507463, 0.431872460217994, 0.76, 0.328127539782006, 0, 0, 0, 260, 0, 0, 0, 200, 66, 274, 22, 20, 56
28.503, 2.221106006087984, 0.07792534140574618, 0.08005089058524174, 0.7836940298507463, 0.431872460217994, 0.31, -0.121872460217994, 0, 0, 0, 260, 0, 0, 0, -200, 66, 260, 0, 14, 57
28.558, 2.224771197517172, 0.07790360660820688, 0.08005089058524174, 0.7836940298507463, 0.431872460217994, 0.23, -0.201872460217994, 0, 0, 0, 260, 0, 0, 0, -200, 74, 235, 8, 25, 57
28.606, 2.228680735041639, 0.07790955516470809, 0.08005089058524174, 0.7836940298507463, 0.431872460217994, 0.24, -0.191872460217994, 0, 0, 0, 260, 0, 0, 0, -200, 187, 155, 113, 80, 57
28.659, 2.232345926470827, 0.0778933642650067, 0.08005089058524174, 0.7836940298507463, 0.431872460217994, 0.22, -0.211872460217994, 0, 0, 0, 260, 0, 0, 0, -200, 230, 71, 43, 84, 57
28.704, 2.236255463995295, 0.07790745066873239, 0.08005089058524174, 0.7836940298507463, 0.431872460217994, 0.23, -0.201872460217994, 0, 0, 0, 260, 0, 0, 0, -200, 284, 52, 54, 19, 57
28.753, 2.240165001519761, 0.07791065285430255, 0.08005089058524174, 0.7836940298507463, 0.431872460217994, 0.25, -0.181872460217994, 0, 0, 0, 260, 0, 0, 0, -200, 257, 64, 27, 12, 57
28.802, 2.244074539044229, 0.07791384414430349, 0.08005089058524174, 0.7836940298507463, 0.431872460217994, 0.29, -0.141872460217994, 0, 0, 0, 260, 0, 0, 0, -200, 263, 57, 6, 7, 57
28.852, 2.247739730473417, 0.07790585506978433, 0.08005089058524174, 0.7836940298507463, 0.431872460217994, 0.43, -0.001872460217994032, 0, 0, 0, 260, 0, 0, 0, -200, 250, 61, 13, 4, 57
28.903, 2.251893614093164, 0.0779121064973589, 0.08005089058524174, 0.7836940298507463, 0.431872460217994, 0.77, 0.338127539782006, 0, 0, 0, 260, 0, 0, 0, 200, 269, 65, 19, 4, 58
28.953, 2.255558805522352, 0.07790414829283154, 0.08005089058524174, 0.7836940298507463, 0.431872460217994, 0.8100000000000001, 0.378127539782006, 0, 0, 0, 260, 0, 0, 0, 200, 250, 65, 19, 0, 58
28.999, 2.25922399695154, 0.07790696220392219, 0.08005089058524174, 0.7836940298507463, 0.431872460217994, 0.8199999999999999, 0.388127539782006, 0, 0, 0, 260, 0, 0, 0, 200, 169, 170, 81, 105, 58
29.047, 2.262889188380728, 0.07790440280857673, 0.08005089058524174, 0.7836940298507463, 0.431872460217994, 0.8100000000000001, 0.378127539782006, 0, 0, 0, 260, 0, 0, 0, 200, 74, 246, 95, 76, 58
29.102, 2.267287418095754, 0.07790830245672991, 0.08005089058524174, 0.7836940298507463, 0.431872460217994, 0.84, 0.4081275397820059, 0, 0, 0, 260, 0, 0, 0, 200, 51, 258, 23, 12, 58
29.152, 2.2714413017155, 0.07791716869221666, 0.08005089058524174, 0.7836940298507463, 0.431872460217994, 0.8100000000000001, 0.378127539782006, 0, 0, 0, 260, 0, 0, 0, 200, 61, 268, 10, 10, 58
29.207, 2.275595185335247, 0.07791266427004645, 0.08005089058524174, 0.7836940298507463, 0.431872460217994, 0.6899999999999999, 0.258127539782006, 0, 0, 0, 260, 0, 0, 0, 200, 63, 258, 2, 10, 58
29.262, 2.279993415050272, 0.07791652706753716, 0.08005089058524174, 0.7836940298507463, 0.431872460217994, 0.35, -0.08187246021799403, 0, 0, 0, 260, 0, 0, 0, -200, 66, 254, 3, 4, 59
29.313, 2.284147298670019, 0.07792267248899869, 0.08005089058524174, 0.7836940298507463, 0.431872460217994, 0.23, -0.201872460217994, 0, 0, 0, 260, 0, 0, 0, -200, 75, 242, 9, 12, 59
29.362, 2.287812490099207, 0.07791746100739756, 0.08005089058524174, 0.7836940298507463, 0.431872460217994, 0.22, -0.211872460217994, 0, 0, 0, 260, 0, 0, 0, -200, 169, 147, 94, 95, 59
29.409, 2.291477681528395, 0.07791756542311522, 0.08005089058524174, 0.7836940298507463, 0.431872460217994, 0.21, -0.221872460217994, 0, 0, 0, 260, 0, 0, 0, -200, 258, 73, 89, 74, 59
29.454, 2.294898526862304, 0.07791466445516074, 0.08005089058524174, 0.7836940298507463, 0.431872460217994, 0.15, -0.2818724602179941, 0, 0, 0, 260, 0, 0, 0, -200, 243, 50, 15, 23, 59
29.502, 2.298808064386771, 0.07792041435790019, 0.08005089058524174, 0.7836940298507463, 0.431872460217994, 0.22, -0.211872460217994, 0, 0, 0, 260, 0, 0, 0, -200, 276, 71, 33, 21, 59
29.55, 2.302717601911239, 0.07792614558075257, 0.08005089058524174, 0.7836940298507463, 0.431872460217994, 0.31, -0.121872460217994, 0, 0, 0, 260, 0, 0, 0, -200, 265, 61, 11, 10, 59
29.598, 2.306382793340427, 0.07792360272114422, 0.08005089058524174, 0.7836940298507463, 0.431872460217994, 0.52, 0.08812753978200597, 0, 0, 0, 260, 0, 0, 0, 200, 250, 60, 15, 1, 60
29.654, 2.310536676960173, 0.07791652650435601, 0.08005089058524174, 0.7836940298507463, 0.431872460217994, 0.64, 0.208127539782006, 0, 0, 0, 260, 0, 0, 0, 200, 240, 88, 10, 28, 60
29.704, 2.31469056057992, 0.07792521413210071, 0.08005089058524174, 0.7836940298507463, 0.431872460217994, 0.6600000000000001, 0.228127539782006, 0, 0, 0, 260, 0, 0, 0, 200, 152, 177, 88, 89, 60
29.753, 2.318355752009108, 0.07792006695153791, 0.08005089058524174, 0.7836940298507463, 0.431872460217994, 0.77, 0.338127539782006, 0, 0, 0, 260, 0, 0, 0, 200, 78, 260, 74, 83, 60
29.807, 2.322265289533575, 0.07791006439875114, 0.08005089058524174, 0.7836940298507463, 0.431872460217994, 0.84, 0.4081275397820059, 0, 0, 0, 260, 0, 0, 0, 200, 47, 246, 31, 14, 60
29.85300000000001, 2.326419173153321, 0.07792915864915826, 0.08005089058524174, 0.7836940298507463, 0.431872460217994, 0.6800000000000001, 0.248127539782006, 0, 0, 0, 260, 0, 0, 0, 200, 73, 266, 26, 20, 60
29.902, 2.330328710677789, 0.0779322022165002, 0.08005089058524174, 0.7836940298507463, 0.431872460217994, 0.6899999999999999, 0.258127539782006, 0, 0, 0, 260, 0, 0, 0, 200, 58, 269, 15, 3, 60
29.957, 2.334238248202256, 0.07791962640458845, 0.08005089058524174, 0.7836940298507463, 0.431872460217994, 0.67, 0.238127539782006, 0, 0, 0, 260, 0, 0, 0, 200, 61, 259, 3, 10, 60
30.005, 2.338147785726724, 0.07792527197889431, 0.08005089058524174, 0.7836940298507463, 0.431872460217994, 0.6600000000000001, 0.228127539782006, 0, 0, 0, 260, 0, 0, 0, 200, 58, 243, 3, 16, 60
30.053, 2.341568631060632, 0.0779146385073248, 0.08005089058524174, 0.7836940298507463, 0.431872460217994, 0.6899999999999999, 0.258127539782006, 0, 0, 0, 260, 0, 0, 0, 200, 64, 264, 6, 21, 60
30.102, 2.345966860775658, 0.07793392003108291, 0.08005089058524174, 0.7836940298507463, 0.431872460217994, 0.7, 0.268127539782006, 0, 0, 0, 260, 0, 0, 0, 200, 52, 260, 12, 4, 60
30.152, 2.349387706109567, 0.07791813830291744, 0.08005089058524174, 0.7836940298507463, 0.431872460217994, 0.8100000000000001, 0.378127539782006, 0, 0, 0, 260, 0, 0, 0, 200, 60, 268, 8, 8, 60
30.202, 2.353297243634034, 0.07791858961770858, 0.08005089058524174, 0.7836940298507463, 0.431872460217994, 0.84, 0.4081275397820059, 0, 0, 0, 260, 0, 0, 0, 200, 66, 257, 6, 11, 60
30.247, 2.356962435063223, 0.07792384154009397, 0.08005089058524174, 0.7836940298507463, 0.431872460217994, 0.84, 0.4081275397820059, 0, 0, 0, 260, 0, 0, 0, 200, 54, 262, 12, 5, 60
30.304, 2.361360664778248, 0.07792240842061272, 0.08005089058524174, 0.7836940298507463, 0.431872460217994, 0.8299999999999999, 0.398127539782006, 0, 0, 0, 260, 0, 0, 0, 200, 59, 254, 5, 8, 60
30.353, 2.365270202302716, 0.07792541766226453, 0.08005089058524174, 0.7836940298507463, 0.431872460217994, 0.8199999999999999, 0.388127539782006, 0, 0, 0, 260, 0, 0, 0, 200, 73, 260, 14, 6, 60
30.399, 2.368691047636624, 0.0779200318311992, 0.08005089058524174, 0.7836940298507463, 0.431872460217994, 0.7800000000000001, 0.348127539782006, 0, 0, 0, 260, 0, 0, 0, 200, 55, 265, 18, 5, 60
30.464, 2.374066661732766, 0.07793023443187916, 0.08005089058524174, 0.7836940298507463, 0.431872460217994, 0.34, -0.09187246021799403, 0, 0, 0, 260, 0, 0, 0, -200, 70, 257, 15, 8, 61
30.521, 2.378709237543072, 0.07793680539769574, 0.08005089058524174, 0.7836940298507463, 0.431872460217994, 0.21, -0.221872460217994, 0, 0, 0, 260, 0, 0, 0, -200, 89, 235, 19, 22, 61
30.574, 2.382618775067539, 0.07792957333248967, 0.08005089058524174, 0.7836940298507463, 0.431872460217994, 0.19, -0.241872460217994, 0, 0, 0, 260, 0, 0, 0, -200, 191, 132, 102, 103, 61
30.623, 2.386283966496727, 0.07792456540824632, 0.08005089058524174, 0.7836940298507463, 0.431872460217994, 0.17, -0.261872460217994, 0, 0, 0, 260, 0, 0, 0, -200, 231, 66, 40, 66, 61
30.673, 2.390193504021194, 0.07792499931604977, 0.08005089058524174, 0.7836940298507463, 0.431872460217994, 0.19, -0.241872460217994, 0, 0, 0, 260, 0, 0, 0, -200, 274, 42, 43, 24, 61
30.72, 2.394347387640941, 0.07794099569143688, 0.08005089058524174, 0.7836940298507463, 0.431872460217994, 0.2, -0.2318724602179941, 0, 0, 0, 260, 0, 0, 0, -200, 279, 81, 5, 39, 61
30.767, 2.397768232974849, 0.07793311772271751, 0.08005089058524174, 0.7836940298507463, 0.431872460217994, 0.2, -0.2318724602179941, 0, 0, 0, 260, 0, 0, 0, -200, 265, 53, 14, 28, 61
30.818, 2.401189078308758, 0.07791514953302481, 0.08005089058524174, 0.7836940298507463, 0.431872460217994, 0.31, -0.121872460217994, 0, 0, 0, 260, 0, 0, 0, -200, 241, 47, 24, 6, 61
30.864, 2.405342961928505, 0.07793361074159232, 0.08005089058524174, 0.7836940298507463, 0.431872460217994, 0.64, 0.208127539782006, 0, 0, 0, 260, 0, 0, 0, 200, 261, 70, 20, 23, 62
30.913, 2.409252499452973, 0.07793654771303247, 0.08005089058524174, 0.7836940298507463, 0.431872460217994, 0.7800000000000001, 0.348127539782006, 0, 0, 0, 260, 0, 0, 0, 200, 248, 71, 13, 1, 62
30.962, 2.41316203697744, 0.07793947538845809, 0.08005089058524174, 0.7836940298507463, 0.431872460217994, 0.8, 0.368127539782006, 0, 0, 0, 260, 0, 0, 0, 200, 172, 187, 76, 116, 62
31.009, 2.416827228406628, 0.0779395410495865, 0.08005089058524174, 0.7836940298507463, 0.431872460217994, 0.8, 0.368127539782006, 0, 0, 0, 260, 0, 0, 0, 200, 78, 242, 94, 55, 62
31.058, 2.420248073740537, 0.07792672012816462, 0.08005089058524174, 0.7836940298507463, 0.431872460217994, 0.8, 0.368127539782006, 0, 0, 0, 260, 0, 0, 0, 200, 39, 252, 39, 10, 62
31.115, 2.424646303455563, 0.07792531908904267, 0.08005089058524174, 0.7836940298507463, 0.431872460217994, 0.7199999999999999, 0.288127539782006, 0, 0, 0, 260, 0, 0, 0, 200, 73, 265, 34, 13, 62
31.173, 2.429533225361146, 0.07793710022651481, 0.08005089058524174, 0.7836940298507463, 0.431872460217994, 0.09, -0.3418724602179941, 0, 0, 0, 260, 0, 0, 0, -200, 57, 260, 16, 5, 63
31.224, 2.433442762885614, 0.0779350103409433, 0.08005089058524174, 0.7836940298507463, 0.431872460217994, 0.22, -0.211872460217994, 0, 0, 0, 260, 0, 0, 0, -200, 79, 243, 22, 17, 63
31.274, 2.437352300410081, 0.07793541921116843, 0.08005089058524174, 0.7836940298507463, 0.431872460217994, 0.2, -0.2318724602179941, 0, 0, 0, 260, 0, 0, 0, -200, 182, 153, 103, 90, 63
31.323, 2.441017491839269, 0.07793051405801709, 0.08005089058524174, 0.7836940298507463, 0.431872460217994, 0.19, -0.241872460217994, 0, 0, 0, 260, 0, 0, 0, -200, 229, 73, 47, 80, 63
31.373, 2.444682683268457, 0.07792314038403905, 0.08005089058524174, 0.7836940298507463, 0.431872460217994, 0.23, -0.201872460217994, 0, 0, 0, 260, 0, 0, 0, -200, 275, 55, 46, 18, 63
31.423, 2.448592220792925, 0.07792356620287448, 0.08005089058524174, 0.7836940298507463, 0.431872460217994, 0.26, -0.171872460217994, 0, 0, 0, 260, 0, 0, 0, -200, 266, 65, 9, 10, 63
31.474, 2.45299045050795, 0.0779370417013392, 0.08005089058524174, 0.7836940298507463, 0.431872460217994, 0.25, -0.181872460217994, 0, 0, 0, 260, 0, 0, 0, -200, 259, 56, 7, 9, 63
31.524, 2.456411295841859, 0.07792194188053099, 0.08005089058524174, 0.7836940298507463, 0.431872460217994, 0.22, -0.211872460217994, 0, 0, 0, 260, 0, 0, 0, -200, 254, 67, 5, 11, 63
31.571, 2.460565179461605, 0.07793751162337605, 0.08005089058524174, 0.7836940298507463, 0.431872460217994, 0.19, -0.241872460217994, 0, 0, 0, 260, 0, 0, 0, -200, 259, 53, 5, 14, 63
31.617, 2.464230370890794, 0.07794004399186494, 0.08005089058524174, 0.7836940298507463, 0.431872460217994, 0.22, -0.211872460217994, 0, 0, 0, 260, 0, 0, 0, -200, 271, 65, 12, 12, 63
31.669, 2.467895562319982, 0.07792780202469235, 0.08005089058524174, 0.7836940298507463, 0.431872460217994, 0.29, -0.141872460217994, 0, 0, 0, 260, 0, 0, 0, -200, 227, 57, 44, 8, 63
31.722, 2.471805099844449, 0.07792084672607179, 0.08005089058524174, 0.7836940298507463, 0.431872460217994, 0.35, -0.08187246021799403, 0, 0, 0, 260, 0, 0, 0, -200, 266, 65, 39, 8, 63
31.773, 2.476447675654754, 0.0779418901474445, 0.08005089058524174, 0.7836940298507463, 0.431872460217994, 0.41, -0.02187246021799403, 0, 0, 0, 260, 0, 0, 0, -200, 276, 60, 10, 5, 63
31.842, 2.482067635846176, 0.07794948922323269, 0.08005089058524174, 0.7836940298507463, 0.431872460217994, 0.63, 0.198127539782006, 0, 0, 0, 260, 0, 0, 0, 200, 256, 49, 20, 11, 64
31.893, 2.485977173370643, 0.07794742336470835, 0.08005089058524174, 0.7836940298507463, 0.431872460217994, 0.65, 0.218127539782006, 0, 0, 0, 260, 0, 0, 0, 200, 236, 95, 20, 46, 64
31.942, 2.489398018704552, 0.07793494517264267, 0.08005089058524174, 0.7836940298507463, 0.431872460217994, 0.62, 0.188127539782006, 0, 0, 0, 260, 0, 0, 0, 200, 159, 163, 77, 68, 64
31.992, 2.493796248419578, 0.07795062041821637, 0.08005089058524174, 0.7836940298507463, 0.431872460217994, 0.61, 0.178127539782006, 0, 0, 0, 260, 0, 0, 0, 200, 75, 265, 84, 102, 64
32.057, 2.498438824229883, 0.07793738728608051, 0.08005089058524174, 0.7836940298507463, 0.431872460217994, 0.67, 0.238127539782006, 0, 0, 0, 260, 0, 0, 0, 200, 46, 240, 29, 25, 64
32.108, 2.502592707849629, 0.07794296461472622, 0.08005089058524174, 0.7836940298507463, 0.431872460217994, 0.6600000000000001, 0.228127539782006, 0, 0, 0, 260, 0, 0, 0, 200, 73, 272, 27, 32, 64
32.158, 2.506257899278817, 0.07793575157904153, 0.08005089058524174, 0.7836940298507463, 0.431872460217994, 0.6600000000000001, 0.228127539782006, 0, 0, 0, 260, 0, 0, 0, 200, 56, 253, 17, 19, 64
32.205, 2.510167436803285, 0.07794340744615074, 0.08005089058524174, 0.7836940298507463, 0.431872460217994, 0.61, 0.178127539782006, 0, 0, 0, 260, 0, 0, 0, 200, 64, 258, 8, 5, 64
32.259, 2.514076974327752, 0.07793412611450298, 0.08005089058524174, 0.7836940298507463, 0.431872460217994, 0.32, -0.111872460217994, 0, 0, 0, 260, 0, 0, 0, -200, 59, 252, 5, 6, 65
32.304, 2.51774216575694, 0.07793902197117819, 0.08005089058524174, 0.7836940298507463, 0.431872460217994, 0.23, -0.201872460217994, 0, 0, 0, 260, 0, 0, 0, -200, 82, 233, 23, 19, 65
32.354, 2.521896049376686, 0.07794696326193628, 0.08005089058524174, 0.7836940298507463, 0.431872460217994, 0.2, -0.2318724602179941, 0, 0, 0, 260, 0, 0, 0, -200, 166, 163, 84, 70, 65
32.402, 2.525561240805875, 0.07794460961687165, 0.08005089058524174, 0.7836940298507463, 0.431872460217994, 0.18, -0.251872460217994, 0, 0, 0, 260, 0, 0, 0, -200, 242, 93, 76, 70, 65
32.46, 2.529959470520901, 0.07794083396552375, 0.08005089058524174, 0.7836940298507463, 0.431872460217994, 0.2, -0.2318724602179941, 0, 0, 0, 260, 0, 0, 0, -200, 259, 42, 17, 51, 65
32.504, 2.53313596975953, 0.07793305346294393, 0.08005089058524174, 0.7836940298507463, 0.431872460217994, 0.18, -0.251872460217994, 0, 0, 0, 260, 0, 0, 0, -200, 244, 65, 15, 23, 65
32.552, 2.537289853379276, 0.07794574383691559, 0.08005089058524174, 0.7836940298507463, 0.431872460217994, 0.19, -0.241872460217994, 0, 0, 0, 260, 0, 0, 0, -200, 267, 68, 23, 3, 65
32.602, 2.541199390903744, 0.07794611959093746, 0.08005089058524174, 0.7836940298507463, 0.431872460217994, 0.22, -0.211872460217994, 0, 0, 0, 260, 0, 0, 0, -200, 268, 54, 1, 14, 65
32.65400000000001, 2.54559762061877, 0.07795668587673087, 0.08005089058524174, 0.7836940298507463, 0.431872460217994, 0.41, -0.02187246021799403, 0, 0, 0, 260, 0, 0, 0, -200, 277, 69, 9, 15, 65
32.712, 2.549507158143236, 0.07793797866664333, 0.08005089058524174, 0.7836940298507463, 0.431872460217994, 0.76, 0.328127539782006, 0, 0, 0, 260, 0, 0, 0, 200, 249, 61, 28, 8, 66
32.762, 2.553661041762983, 0.07794582265316475, 0.08005089058524174, 0.7836940298507463, 0.431872460217994, 0.8100000000000001, 0.378127539782006, 0, 0, 0, 260, 0, 0, 0, 200, 233, 86, 16, 25, 66
32.814, 2.558059271478009, 0.07795633788864537, 0.08005089058524174, 0.7836940298507463, 0.431872460217994, 0.8, 0.368127539782006, 0, 0, 0, 260, 0, 0, 0, 200, 156, 187, 77, 101, 66
32.872, 2.562213155097755, 0.077945155606527, 0.08005089058524174, 0.7836940298507463, 0.431872460217994, 0.8100000000000001, 0.378127539782006, 0, 0, 0, 260, 0, 0, 0, 200, 67, 261, 89, 74, 66
32.922, 2.565878346526943, 0.07793810663164278, 0.08005089058524174, 0.7836940298507463, 0.431872460217994, 0.8100000000000001, 0.378127539782006, 0, 0, 0, 260, 0, 0, 0, 200, 35, 235, 32, 26, 66
32.96800000000001, 2.569299191860852, 0.07793312278151094, 0.08005089058524174, 0.7836940298507463, 0.431872460217994, 0.8100000000000001, 0.378127539782006, 0, 0, 0, 260, 0, 0, 0, 200, 81, 270, 46, 35, 66
33.02300000000001, 2.574186113766437, 0.07795131011011831, 0.08005089058524174, 0.7836940298507463, 0.431872460217994, 0.44, 0.008127539782005968, 0, 0, 0, 260, 0, 0, 0, 200, 53, 260, 28, 10, 66
33.074, 2.578339997386183, 0.07795670307148161, 0.08005089058524174, 0.7836940298507463, 0.431872460217994, 0.23, -0.201872460217994, 0, 0, 0, 260, 0, 0, 0, -200, 63, 263, 10, 3, 67
33.127, 2.58249388100593, 0.07795737256636369, 0.08005089058524174, 0.7836940298507463, 0.431872460217994, 0.18, -0.251872460217994, 0, 0, 0, 260, 0, 0, 0, -200, 81, 243, 18, 20, 67
33.179, 2.585914726339839, 0.07793829610114344, 0.08005089058524174, 0.7836940298507463, 0.431872460217994, 0.17, -0.261872460217994, 0, 0, 0, 260, 0, 0, 0, -200, 164, 149, 83, 94, 67
33.226, 2.589579917769027, 0.07793835904920925, 0.08005089058524174, 0.7836940298507463, 0.431872460217994, 0.19, -0.241872460217994, 0, 0, 0, 260, 0, 0, 0, -200, 239, 85, 75, 64, 67
33.27300000000001, 2.593245109198215, 0.07793842181943964, 0.08005089058524174, 0.7836940298507463, 0.431872460217994, 0.2, -0.2318724602179941, 0, 0, 0, 260, 0, 0, 0, -200, 267, 48, 28, 37, 67
33.324, 2.59764333891324, 0.0779511264828124, 0.08005089058524174, 0.7836940298507463, 0.431872460217994, 0.2, -0.2318724602179941, 0, 0, 0, 260, 0, 0, 0, -200, 284, 67, 17, 19, 67
33.378, 2.601797222532987, 0.07794946439370205, 0.08005089058524174, 0.7836940298507463, 0.431872460217994, 0.2, -0.2318724602179941, 0, 0, 0, 260, 0, 0, 0, -200, 256, 63, 28, 4, 67
33.429, 2.605462413962175, 0.07794018409052544, 0.08005089058524174, 0.7836940298507463, 0.431872460217994, 0.21, -0.221872460217994, 0, 0, 0, 260, 0, 0, 0, -200, 246, 60, 10, 3, 67
33.482, 2.61010498977248, 0.07795546830453616, 0.08005089058524174, 0.7836940298507463, 0.431872460217994, 0.34, -0.09187246021799403, 0, 0, 0, 260, 0, 0, 0, -200, 270, 60, 24, 0, 67
33.539, 2.614014527296947, 0.07793954880279516, 0.08005089058524174, 0.7836940298507463, 0.431872460217994, 0.6800000000000001, 0.248127539782006, 0, 0, 0, 260, 0, 0, 0, 200, 235, 63, 35, 3, 68
33.589, 2.617679718726135, 0.07793264815046996, 0.08005089058524174, 0.7836940298507463, 0.431872460217994, 0.71, 0.278127539782006, 0, 0, 0, 260, 0, 0, 0, 200, 245, 60, 10, 3, 68
33.652, 2.623055332822278, 0.0779464915256828, 0.08005089058524174, 0.7836940298507463, 0.431872460217994, 0.74, 0.308127539782006, 0, 0, 0, 260, 0, 0, 0, 200, 139, 199, 106, 139, 68
33.703, 2.626964870346745, 0.07794454114905928, 0.08005089058524174, 0.7836940298507463, 0.431872460217994, 0.7199999999999999, 0.288127539782006, 0, 0, 0, 260, 0, 0, 0, 200, 61, 259, 78, 60, 68
33.758, 2.63160744615705, 0.07795507572003823, 0.08005089058524174, 0.7836940298507463, 0.431872460217994, 0.54, 0.108127539782006, 0, 0, 0, 260, 0, 0, 0, 200, 71, 280, 10, 21, 68
33.812, 2.636005675872076, 0.07796065526653483, 0.08005089058524174, 0.7836940298507463, 0.431872460217994, 0.28, -0.151872460217994, 0, 0, 0, 260, 0, 0, 0, -200, 71, 253, 0, 27, 69
33.863, 2.639670867301263, 0.07795147704873353, 0.08005089058524174, 0.7836940298507463, 0.431872460217994, 0.22, -0.211872460217994, 0, 0, 0, 260, 0, 0, 0, -200, 71, 243, 0, 10, 69
33.912, 2.643580404825731, 0.07795412847445538, 0.08005089058524174, 0.7836940298507463, 0.431872460217994, 0.19, -0.241872460217994, 0, 0, 0, 260, 0, 0, 0, -200, 160, 156, 89, 87, 69
33.961, 2.647489942350199, 0.07795677224905623, 0.08005089058524174, 0.7836940298507463, 0.431872460217994, 0.18, -0.251872460217994, 0, 0, 0, 260, 0, 0, 0, -200, 256, 75, 96, 81, 69
34.003, 2.650666441588828, 0.07795389940854713, 0.08005089058524174, 0.7836940298507463, 0.431872460217994, 0.21, -0.221872460217994, 0, 0, 0, 260, 0, 0, 0, -200, 255, 50, 1, 25, 69
34.06000000000001, 2.655064671303854, 0.0779525740253627, 0.08005089058524174, 0.7836940298507463, 0.431872460217994, 0.22, -0.211872460217994, 0, 0, 0, 260, 0, 0, 0, -200, 246, 68, 9, 18, 69
34.111, 2.658974208828321, 0.07795063788303835, 0.08005089058524174, 0.7836940298507463, 0.431872460217994, 0.27, -0.161872460217994, 0, 0, 0, 260, 0, 0, 0, -200, 280, 65, 34, 3, 69
34.163, 2.663128092448067, 0.07795357821175153, 0.08005089058524174, 0.7836940298507463, 0.431872460217994, 0.44, 0.008127539782005968, 0, 0, 0, 260, 0, 0, 0, 200, 264, 50, 16, 15, 70
34.21200000000001, 2.667281976067814, 0.07796334549479171, 0.08005089058524174, 0.7836940298507463, 0.431872460217994, 0.75, 0.318127539782006, 0, 0, 0, 260, 0, 0, 0, 200, 237, 90, 27, 40, 70
34.26, 2.670702821401723, 0.07795396443087341, 0.08005089058524174, 0.7836940298507463, 0.431872460217994, 0.76, 0.328127539782006, 0, 0, 0, 260, 0, 0, 0, 200, 164, 163, 73, 73, 70
34.305, 2.674368012830911, 0.07795854869059644, 0.08005089058524174, 0.7836940298507463, 0.431872460217994, 0.73, 0.298127539782006, 0, 0, 0, 260, 0, 0, 0, 200, 67, 245, 97, 82, 70
34.353, 2.678033204260099, 0.07795631252758417, 0.08005089058524174, 0.7836940298507463, 0.431872460217994, 0.75, 0.318127539782006, 0, 0, 0, 260, 0, 0, 0, 200, 43, 257, 24, 12, 70
34.404, 2.682187087879846, 0.07796148959074078, 0.08005089058524174, 0.7836940298507463, 0.431872460217994, 0.7199999999999999, 0.288127539782006, 0, 0, 0, 260, 0, 0, 0, 200, 71, 262, 28, 5, 70
34.46200000000001, 2.686585317594871, 0.07795790486898239, 0.08005089058524174, 0.7836940298507463, 0.431872460217994, 0.32, -0.111872460217994, 0, 0, 0, 260, 0, 0, 0, -200, 54, 264, 17, 2, 71
34.513, 2.690494855119339, 0.07795598340101813, 0.08005089058524174, 0.7836940298507463, 0.431872460217994, 0.2, -0.2318724602179941, 0, 0, 0, 260, 0, 0, 0, -200, 83, 239, 29, 25, 71
34.562, 2.694404392643806, 0.07795857857310938, 0.08005089058524174, 0.7836940298507463, 0.431872460217994, 0.2, -0.2318724602179941, 0, 0, 0, 260, 0, 0, 0, -200, 180, 145, 97, 94, 71
34.60900000000001, 2.697825237977715, 0.07795155127214642, 0.08005089058524174, 0.7836940298507463, 0.431872460217994, 0.19, -0.241872460217994, 0, 0, 0, 260, 0, 0, 0, -200, 228, 93, 48, 52, 71
34.658, 2.701246083311624, 0.07794004510680431, 0.08005089058524174, 0.7836940298507463, 0.431872460217994, 0.2, -0.2318724602179941, 0, 0, 0, 260, 0, 0, 0, -200, 261, 51, 33, 42, 71
34.703, 2.70539996693137, 0.07795867697119472, 0.08005089058524174, 0.7836940298507463, 0.431872460217994, 0.34, -0.09187246021799403, 0, 0, 0, 260, 0, 0, 0, -200, 273, 73, 12, 22, 71
34.759, 2.709798196646396, 0.07795961324107127, 0.08005089058524174, 0.7836940298507463, 0.431872460217994, 0.67, 0.238127539782006, 0, 0, 0, 260, 0, 0, 0, 200, 267, 60, 6, 13, 72
34.803, 2.713219041980305, 0.07795934379163593, 0.08005089058524174, 0.7836940298507463, 0.431872460217994, 0.73, 0.298127539782006, 0, 0, 0, 260, 0, 0, 0, 200, 249, 64, 18, 4, 72
34.858, 2.717372925600051, 0.07795550305812299, 0.08005089058524174, 0.7836940298507463, 0.431872460217994, 0.6, 0.168127539782006, 0, 0, 0, 260, 0, 0, 0, 200, 157, 183, 92, 119, 72
34.90400000000001, 2.721282463124518, 0.07796477375442695, 0.08005089058524174, 0.7836940298507463, 0.431872460217994, 0.51, 0.07812753978200597, 0, 0, 0, 260, 0, 0, 0, 200, 82, 251, 75, 68, 72
34.953, 2.724947654553707, 0.07796033686818604, 0.08005089058524174, 0.7836940298507463, 0.431872460217994, 0.64, 0.208127539782006, 0, 0, 0, 260, 0, 0, 0, 200, 43, 246, 39, 5, 72
35.004, 2.729101538173453, 0.07796541932846113, 0.08005089058524174, 0.7836940298507463, 0.431872460217994, 0.73, 0.298127539782006, 0, 0, 0, 260, 0, 0, 0, 200, 77, 270, 34, 24, 72
35.053, 2.733011075697921, 0.07796796495871739, 0.08005089058524174, 0.7836940298507463, 0.431872460217994, 0.58, 0.148127539782006, 0, 0, 0, 260, 0, 0, 0, 200, 57, 267, 20, 3, 72
35.109, 2.736920613222388, 0.07795495779493542, 0.08005089058524174, 0.7836940298507463, 0.431872460217994, 0.23, -0.201872460217994, 0, 0, 0, 260, 0, 0, 0, -200, 62, 265, 5, 2, 73
35.159, 2.741074496842134, 0.07796224286362339, 0.08005089058524174, 0.7836940298507463, 0.431872460217994, 0.17, -0.261872460217994, 0, 0, 0, 260, 0, 0, 0, -200, 73, 238, 11, 27, 73
35.20900000000001, 2.744739688271322, 0.07795562748931586, 0.08005089058524174, 0.7836940298507463, 0.431872460217994, 0.17, -0.261872460217994, 0, 0, 0, 260, 0, 0, 0, -200, 167, 148, 94, 90, 73
35.262, 2.749137917986348, 0.07796318751024751, 0.08005089058524174, 0.7836940298507463, 0.431872460217994, 0.18, -0.251872460217994, 0, 0, 0, 260, 0, 0, 0, -200, 248, 69, 81, 79, 73
35.312, 2.753047455510815, 0.07796350972787764, 0.08005089058524174, 0.7836940298507463, 0.431872460217994, 0.16, -0.271872460217994, 0, 0, 0, 260, 0, 0, 0, -200, 271, 51, 23, 18, 73
35.362, 2.756712646940004, 0.07795692118488784, 0.08005089058524174, 0.7836940298507463, 0.431872460217994, 0.21, -0.221872460217994, 0, 0, 0, 260, 0, 0, 0, -200, 269, 64, 2, 13, 73
35.414, 2.76086653055975, 0.07795974842039167, 0.08005089058524174, 0.7836940298507463, 0.431872460217994, 0.35, -0.08187246021799403, 0, 0, 0, 260, 0, 0, 0, -200, 245, 65, 24, 1, 73
35.464, 2.764531721988938, 0.07795318413007381, 0.08005089058524174, 0.7836940298507463, 0.431872460217994, 0.64, 0.208127539782006, 0, 0, 0, 260, 0, 0, 0, 200, 258, 57, 13, 8, 74
35.518, 2.769174297799243, 0.07796537805617555, 0.08005089058524174, 0.7836940298507463, 0.431872460217994, 0.76, 0.328127539782006, 0, 0, 0, 260, 0, 0, 0, 200, 241, 90, 17, 33, 74
35.563, 2.772839489228431, 0.07796978571066646, 0.08005089058524174, 0.7836940298507463, 0.431872460217994, 0.79, 0.3581275397820059, 0, 0, 0, 260, 0, 0, 0, 200, 168, 170, 73, 80, 74
35.612, 2.776504680657619, 0.0779654240328434, 0.08005089058524174, 0.7836940298507463, 0.431872460217994, 0.7800000000000001, 0.348127539782006, 0, 0, 0, 260, 0, 0, 0, 200, 77, 249, 91, 79, 74
35.663, 2.780414218182087, 0.07796355377231547, 0.08005089058524174, 0.7836940298507463, 0.431872460217994, 0.79, 0.3581275397820059, 0, 0, 0, 260, 0, 0, 0, 200, 34, 262, 43, 13, 74
35.711, 2.784323755706554, 0.07796823823770138, 0.08005089058524174, 0.7836940298507463, 0.431872460217994, 0.77, 0.338127539782006, 0, 0, 0, 260, 0, 0, 0, 200, 87, 255, 53, 7, 74
35.762, 2.788477639326301, 0.07797320170366033, 0.08005089058524174, 0.7836940298507463, 0.431872460217994, 0.5600000000000001, 0.128127539782006, 0, 0, 0, 260, 0, 0, 0, 200, 61, 276, 26, 21, 74
35.812, 2.792387176850768, 0.07797350544093509, 0.08005089058524174, 0.7836940298507463, 0.431872460217994, 0.33, -0.101872460217994, 0, 0, 0, 260, 0, 0, 0, -200, 49, 250, 12, 26, 75
35.864, 2.796296714375235, 0.07796946002607726, 0.08005089058524174, 0.7836940298507463, 0.431872460217994, 0.21, -0.221872460217994, 0, 0, 0, 260, 0, 0, 0, -200, 91, 231, 42, 19, 75
35.914, 2.800450597994982, 0.07797657175460771, 0.08005089058524174, 0.7836940298507463, 0.431872460217994, 0.22, -0.211872460217994, 0, 0, 0, 260, 0, 0, 0, -200, 178, 161, 87, 70, 75
35.964, 2.803871443328891, 0.07796328115139836, 0.08005089058524174, 0.7836940298507463, 0.431872460217994, 0.17, -0.261872460217994, 0, 0, 0, 260, 0, 0, 0, -200, 246, 71, 68, 90, 75
36.01, 2.807780980853357, 0.07797225717448924, 0.08005089058524174, 0.7836940298507463, 0.431872460217994, 0.17, -0.261872460217994, 0, 0, 0, 260, 0, 0, 0, -200, 266, 40, 20, 31, 75
36.067, 2.812179210568384, 0.07797097653168779, 0.08005089058524174, 0.7836940298507463, 0.431872460217994, 0.27, -0.161872460217994, 0, 0, 0, 260, 0, 0, 0, -200, 270, 72, 4, 32, 75
36.119, 2.815844401997572, 0.07796019828892195, 0.08005089058524174, 0.7836940298507463, 0.431872460217994, 0.5300000000000001, 0.09812753978200597, 0, 0, 0, 260, 0, 0, 0, 200, 253, 55, 17, 17, 76
36.173, 2.820242631712597, 0.0779654060131202, 0.08005089058524174, 0.7836940298507463, 0.431872460217994, 0.8, 0.368127539782006, 0, 0, 0, 260, 0, 0, 0, 200, 235, 80, 18, 25, 76
36.223, 2.824396515332344, 0.07797246267101963, 0.08005089058524174, 0.7836940298507463, 0.431872460217994, 0.8100000000000001, 0.378127539782006, 0, 0, 0, 260, 0, 0, 0, 200, 150, 188, 85, 108, 76
36.272, 2.828061706761532, 0.07796817674133028, 0.08005089058524174, 0.7836940298507463, 0.431872460217994, 0.8199999999999999, 0.388127539782006, 0, 0, 0, 260, 0, 0, 0, 200, 76, 251, 74, 63, 76
36.324, 2.831971244285999, 0.0779641901851668, 0.08005089058524174, 0.7836940298507463, 0.431872460217994, 0.8199999999999999, 0.388127539782006, 0, 0, 0, 260, 0, 0, 0, 200, 45, 250, 31, 1, 76
36.374, 2.836369474001025, 0.07797793682303363, 0.08005089058524174, 0.7836940298507463, 0.431872460217994, 0.62, 0.188127539782006, 0, 0, 0, 260, 0, 0, 0, 200, 74, 285, 29, 35, 76
36.429, 2.840523357620771, 0.07797423364958607, 0.08005089058524174, 0.7836940298507463, 0.431872460217994, 0.3, -0.131872460217994, 0, 0, 0, 260, 0, 0, 0, -200, 57, 261, 17, 24, 77
36.49, 2.844921587335797, 0.07796441730161132, 0.08005089058524174, 0.7836940298507463, 0.431872460217994, 0.2, -0.2318724602179941, 0, 0, 0, 260, 0, 0, 0, -200, 91, 225, 34, 36, 77
36.537, 2.848831124860265, 0.0779711285781609, 0.08005089058524174, 0.7836940298507463, 0.431872460217994, 0.23, -0.201872460217994, 0, 0, 0, 260, 0, 0, 0, -200, 190, 138, 99, 87, 77
36.584, 2.852496316289452, 0.07797114356793823, 0.08005089058524174, 0.7836940298507463, 0.431872460217994, 0.22, -0.211872460217994, 0, 0, 0, 260, 0, 0, 0, -200, 250, 66, 60, 72, 77
36.633, 2.85640585381392, 0.07797357174716567, 0.08005089058524174, 0.7836940298507463, 0.431872460217994, 0.21, -0.221872460217994, 0, 0, 0, 260, 0, 0, 0, -200, 261, 55, 11, 11, 77
36.684, 2.860315391338387, 0.0779717422129099, 0.08005089058524174, 0.7836940298507463, 0.431872460217994, 0.21, -0.221872460217994, 0, 0, 0, 260, 0, 0, 0, -200, 274, 72, 13, 17, 77
36.733, 2.864224928862854, 0.07797416298322636, 0.08005089058524174, 0.7836940298507463, 0.431872460217994, 0.24, -0.191872460217994, 0, 0, 0, 260, 0, 0, 0, -200, 257, 57, 17, 15, 77
36.78900000000001, 2.868134466387322, 0.07796174036770016, 0.08005089058524174, 0.7836940298507463, 0.431872460217994, 0.61, 0.178127539782006, 0, 0, 0, 260, 0, 0, 0, 200, 245, 62, 12, 5, 78
36.844, 2.873021388292905, 0.07797799881372559, 0.08005089058524174, 0.7836940298507463, 0.431872460217994, 0.6800000000000001, 0.248127539782006, 0, 0, 0, 260, 0, 0, 0, 200, 244, 91, 1, 29, 78
36.894, 2.877175271912653, 0.07798491006430997, 0.08005089058524174, 0.7836940298507463, 0.431872460217994, 0.76, 0.328127539782006, 0, 0, 0, 260, 0, 0, 0, 200, 156, 197, 88, 106, 78
36.943, 2.880840463341841, 0.07798068547063965, 0.08005089058524174, 0.7836940298507463, 0.431872460217994, 0.75, 0.318127539782006, 0, 0, 0, 260, 0, 0, 0, 200, 58, 254, 98, 57, 78
37.007, 2.884994346961587, 0.07795807136383893, 0.08005089058524174, 0.7836940298507463, 0.431872460217994, 0.14, -0.291872460217994, 0, 0, 0, 260, 0, 0, 0, -200, 31, 255, 27, 1, 79
37.052, 2.888903884486054, 0.07796890544332436, 0.08005089058524174, 0.7836940298507463, 0.431872460217994, 0.17, -0.261872460217994, 0, 0, 0, 260, 0, 0, 0, -200, 99, 259, 68, 4, 79
37.102, 2.89330211420108, 0.07798237599593229, 0.08005089058524174, 0.7836940298507463, 0.431872460217994, 0.19, -0.241872460217994, 0, 0, 0, 260, 0, 0, 0, -200, 157, 157, 58, 102, 79
37.153, 2.896967305630268, 0.07797398071838796, 0.08005089058524174, 0.7836940298507463, 0.431872460217994, 0.18, -0.251872460217994, 0, 0, 0, 260, 0, 0, 0, -200, 239, 70, 82, 87, 79
37.201, 2.900388150964177, 0.0779653275708765, 0.08005089058524174, 0.7836940298507463, 0.431872460217994, 0.21, -0.221872460217994, 0, 0, 0, 260, 0, 0, 0, -200, 271, 46, 32, 24, 79
37.253, 2.904542034583923, 0.07796800350532638, 0.08005089058524174, 0.7836940298507463, 0.431872460217994, 0.2, -0.2318724602179941, 0, 0, 0, 260, 0, 0, 0, -200, 269, 69, 2, 23, 79
37.303, 2.90869591820367, 0.07797485237658285, 0.08005089058524174, 0.7836940298507463, 0.431872460217994, 0.2, -0.2318724602179941, 0, 0, 0, 260, 0, 0, 0, -200, 260, 54, 9, 15, 79
37.352, 2.912361109632858, 0.07797068723583365, 0.08005089058524174, 0.7836940298507463, 0.431872460217994, 0.21, -0.221872460217994, 0, 0, 0, 260, 0, 0, 0, -200, 252, 58, 8, 4, 79
37.401, 2.916270647157325, 0.07797306615217039, 0.08005089058524174, 0.7836940298507463, 0.431872460217994, 0.18, -0.251872460217994, 0, 0, 0, 260, 0, 0, 0, -200, 271, 72, 19, 14, 79
37.453, 2.920180184681793, 0.07796919298004946, 0.08005089058524174, 0.7836940298507463, 0.431872460217994, 0.17, -0.261872460217994, 0, 0, 0, 260, 0, 0, 0, -200, 255, 50, 16, 22, 79
37.501, 2.923845376110981, 0.07796713090613531, 0.08005089058524174, 0.7836940298507463, 0.431872460217994, 0.18, -0.251872460217994, 0, 0, 0, 260, 0, 0, 0, -200, 261, 65, 6, 15, 79
37.549, 2.927754913635448, 0.07797158149712237, 0.08005089058524174, 0.7836940298507463, 0.431872460217994, 0.17, -0.261872460217994, 0, 0, 0, 260, 0, 0, 0, -200, 251, 64, 10, 1, 79
37.599, 2.931664451159915, 0.07797187295300181, 0.08005089058524174, 0.7836940298507463, 0.431872460217994, 0.16, -0.271872460217994, 0, 0, 0, 260, 0, 0, 0, -200, 268, 64, 17, 0, 79
37.644, 2.935329642589103, 0.07797602918364422, 0.08005089058524174, 0.7836940298507463, 0.431872460217994, 0.18, -0.251872460217994, 0, 0, 0, 260, 0, 0, 0, -200, 278, 72, 10, 8, 79
37.692, 2.938750487923012, 0.0779674861488648, 0.08005089058524174, 0.7836940298507463, 0.431872460217994, 0.18, -0.251872460217994, 0, 0, 0, 260, 0, 0, 0, -200, 235, 43, 43, 29, 79
37.742, 2.942660025447479, 0.07796778192590428, 0.08005089058524174, 0.7836940298507463, 0.431872460217994, 0.16, -0.271872460217994, 0, 0, 0, 260, 0, 0, 0, -200, 263, 80, 28, 37, 79
37.793, 2.947058255162505, 0.07797894465013377, 0.08005089058524174, 0.7836940298507463, 0.431872460217994, 0.17, -0.261872460217994, 0, 0, 0, 260, 0, 0, 0, -200, 266, 57, 3, 23, 79
37.839, 2.950479100496414, 0.07797455272328586, 0.08005089058524174, 0.7836940298507463, 0.431872460217994, 0.2, -0.2318724602179941, 0, 0, 0, 260, 0, 0, 0, -200, 269, 54, 3, 3, 79
37.887, 2.954632984116161, 0.07798540354517804, 0.08005089058524174, 0.7836940298507463, 0.431872460217994, 0.22, -0.211872460217994, 0, 0, 0, 260, 0, 0, 0, -200, 253, 69, 16, 15, 79
37.933, 2.958298175545348, 0.07798745618710222, 0.08005089058524174, 0.7836940298507463, 0.431872460217994, 0.19, -0.241872460217994, 0, 0, 0, 260, 0, 0, 0, -200, 252, 56, 1, 13, 79
37.982, 2.961719020879258, 0.07797691066503232, 0.08005089058524174, 0.7836940298507463, 0.431872460217994, 0.22, -0.211872460217994, 0, 0, 0, 260, 0, 0, 0, -200, 260, 59, 8, 3, 79
38.033, 2.966117250594283, 0.07798799070791899, 0.08005089058524174, 0.7836940298507463, 0.431872460217994, 0.22, -0.211872460217994, 0, 0, 0, 260, 0, 0, 0, -200, 271, 64, 11, 5, 79
38.087, 2.969782442023472, 0.07797365090512436, 0.08005089058524174, 0.7836940298507463, 0.431872460217994, 0.24, -0.191872460217994, 0, 0, 0, 260, 0, 0, 0, -200, 254, 56, 17, 8, 79
38.143, 2.974425017833776, 0.07798088817958147, 0.08005089058524174, 0.7836940298507463, 0.431872460217994, 0.22, -0.211872460217994, 0, 0, 0, 260, 0, 0, 0, -200, 260, 57, 6, 1, 79
38.193, 2.978334555358244, 0.0779811629188135, 0.08005089058524174, 0.7836940298507463, 0.431872460217994, 0.21, -0.221872460217994, 0, 0, 0, 260, 0, 0, 0, -200, 261, 55, 1, 2, 79
38.242, 2.982244092882711, 0.07798347609650936, 0.08005089058524174, 0.7836940298507463, 0.431872460217994, 0.21, -0.221872460217994, 0, 0, 0, 260, 0, 0, 0, -200, 251, 63, 10, 8, 79
38.291, 2.985909284311899, 0.07797940206084717, 0.08005089058524174, 0.7836940298507463, 0.431872460217994, 0.2, -0.2318724602179941, 0, 0, 0, 260, 0, 0, 0, -200, 267, 60, 16, 3, 79
38.341, 2.989818821836366, 0.07797967767758708, 0.08005089058524174, 0.7836940298507463, 0.431872460217994, 0.21, -0.221872460217994, 0, 0, 0, 260, 0, 0, 0, -200, 253, 61, 14, 1, 79
38.392, 2.993972705456112, 0.07798428593082186, 0.08005089058524174, 0.7836940298507463, 0.431872460217994, 0.2, -0.2318724602179941, 0, 0, 0, 260, 0, 0, 0, -200, 267, 62, 14, 1, 79
38.442, 2.99788224298058, 0.07798455447116643, 0.08005089058524174, 0.7836940298507463, 0.431872460217994, 0.19, -0.241872460217994, 0, 0, 0, 260, 0, 0, 0, -200, 258, 56, 9, 6, 79
38.493, 3.002036126600327, 0.07798914417167606, 0.08005089058524174, 0.7836940298507463, 0.431872460217994, 0.17, -0.261872460217994, 0, 0, 0, 260, 0, 0, 0, -200, 263, 61, 5, 5, 79
38.54200000000001, 3.005701318029515, 0.07798508946161369, 0.08005089058524174, 0.7836940298507463, 0.431872460217994, 0.2, -0.2318724602179941, 0, 0, 0, 260, 0, 0, 0, -200, 254, 60, 9, 1, 79
38.58700000000001, 3.008877817268144, 0.07797646402332765, 0.08005089058524174, 0.7836940298507463, 0.431872460217994, 0.17, -0.261872460217994, 0, 0, 0, 260, 0, 0, 0, -200, 257, 58, 3, 2, 79
38.634, 3.012787354792612, 0.07798279636570409, 0.08005089058524174, 0.7836940298507463, 0.431872460217994, 0.2, -0.2318724602179941, 0, 0, 0, 260, 0, 0, 0, -200, 248, 62, 9, 4, 79
38.687, 3.016696892317079, 0.07797701792119004, 0.08005089058524174, 0.7836940298507463, 0.431872460217994, 0.21, -0.221872460217994, 0, 0, 0, 260, 0, 0, 0, -200, 277, 55, 29, 7, 79
38.733, 3.020606429841546, 0.07798534659958037, 0.08005089058524174, 0.7836940298507463, 0.431872460217994, 0.2, -0.2318724602179941, 0, 0, 0, 260, 0, 0, 0, -200, 255, 60, 22, 5, 79
38.783, 3.024515967366013, 0.07798561141134036, 0.08005089058524174, 0.7836940298507463, 0.431872460217994, 0.23, -0.201872460217994, 0, 0, 0, 260, 0, 0, 0, -200, 262, 67, 7, 7, 79
38.836, 3.02866985098576, 0.07798614303702132, 0.08005089058524174, 0.7836940298507463, 0.431872460217994, 0.35, -0.08187246021799403, 0, 0, 0, 260, 0, 0, 0, -200, 260, 56, 2, 11, 79
38.894, 3.033312426796065, 0.0779892123925558, 0.08005089058524174, 0.7836940298507463, 0.431872460217994, 0.67, 0.238127539782006, 0, 0, 0, 260, 0, 0, 0, 200, 259, 58, 1, 2, 80
38.943, 3.037221964320532, 0.07799147380326456, 0.08005089058524174, 0.7836940298507463, 0.431872460217994, 0.8, 0.368127539782006, 0, 0, 0, 260, 0, 0, 0, 200, 246, 73, 13, 15, 80
38.993, 3.04088715574972, 0.07798546292282513, 0.08005089058524174, 0.7836940298507463, 0.431872460217994, 0.8299999999999999, 0.398127539782006, 0, 0, 0, 260, 0, 0, 0, 200, 166, 171, 80, 98, 80
39.05, 3.045529731560025, 0.07799051809372664, 0.08005089058524174, 0.7836940298507463, 0.431872460217994, 0.8199999999999999, 0.388127539782006, 0, 0, 0, 260, 0, 0, 0, 200, 65, 250, 101, 79, 80
39.098, 3.048950576893934, 0.07798226448651937, 0.08005089058524174, 0.7836940298507463, 0.431872460217994, 0.7800000000000001, 0.348127539782006, 0, 0, 0, 260, 0, 0, 0, 200, 42, 259, 23, 9, 80
39.155, 3.053837498799518, 0.07799355123993151, 0.08005089058524174, 0.7836940298507463, 0.431872460217994, 0.34, -0.09187246021799403, 0, 0, 0, 260, 0, 0, 0, -200, 79, 277, 37, 18, 81
39.20300000000001, 3.057502690228706, 0.07799154886689045, 0.08005089058524174, 0.7836940298507463, 0.431872460217994, 0.18, -0.251872460217994, 0, 0, 0, 260, 0, 0, 0, -200, 70, 231, 9, 46, 81
39.252, 3.061167881657894, 0.07798756449755157, 0.08005089058524174, 0.7836940298507463, 0.431872460217994, 0.18, -0.251872460217994, 0, 0, 0, 260, 0, 0, 0, -200, 135, 154, 65, 77, 81
39.303, 3.064833073087083, 0.07797962173592556, 0.08005089058524174, 0.7836940298507463, 0.431872460217994, 0.19, -0.241872460217994, 0, 0, 0, 260, 0, 0, 0, -200, 241, 76, 106, 78, 81
39.354, 3.068986956706829, 0.07798411741390529, 0.08005089058524174, 0.7836940298507463, 0.431872460217994, 0.2, -0.2318724602179941, 0, 0, 0, 260, 0, 0, 0, -200, 275, 47, 34, 29, 81
39.402, 3.073140840326575, 0.07799453937177238, 0.08005089058524174, 0.7836940298507463, 0.431872460217994, 0.22, -0.211872460217994, 0, 0, 0, 260, 0, 0, 0, -200, 274, 69, 1, 22, 81
39.452, 3.076561685660485, 0.07798240103570122, 0.08005089058524174, 0.7836940298507463, 0.431872460217994, 0.31, -0.121872460217994, 0, 0, 0, 260, 0, 0, 0, -200, 259, 56, 15, 13, 81
39.50200000000001, 3.08095991537551, 0.07799503608362892, 0.08005089058524174, 0.7836940298507463, 0.431872460217994, 0.49, 0.05812753978200597, 0, 0, 0, 260, 0, 0, 0, 200, 250, 57, 9, 1, 82
39.55400000000001, 3.084869452899977, 0.07799133976083271, 0.08005089058524174, 0.7836940298507463, 0.431872460217994, 0.8, 0.368127539782006, 0, 0, 0, 260, 0, 0, 0, 200, 233, 81, 17, 24, 82
39.602, 3.088534644329166, 0.07798936024264346, 0.08005089058524174, 0.7836940298507463, 0.431872460217994, 0.8299999999999999, 0.398127539782006, 0, 0, 0, 260, 0, 0, 0, 200, 176, 170, 57, 89, 82
39.652, 3.092444181853633, 0.07798961418979201, 0.08005089058524174, 0.7836940298507463, 0.431872460217994, 0.8299999999999999, 0.398127539782006, 0, 0, 0, 260, 0, 0, 0, 200, 73, 246, 103, 76, 82
39.70000000000001, 3.095865027187542, 0.07798148683092045, 0.08005089058524174, 0.7836940298507463, 0.431872460217994, 0.8100000000000001, 0.378127539782006, 0, 0, 0, 260, 0, 0, 0, 200, 43, 265, 30, 19, 82
39.753, 3.100263256902568, 0.07798815830006712, 0.08005089058524174, 0.7836940298507463, 0.431872460217994, 0.4600000000000001, 0.02812753978200597, 0, 0, 0, 260, 0, 0, 0, 200, 68, 268, 25, 3, 82
39.809, 3.104661486617593, 0.07798893432685055, 0.08005089058524174, 0.7836940298507463, 0.431872460217994, 0.23, -0.201872460217994, 0, 0, 0, 260, 0, 0, 0, -200, 59, 257, 9, 11, 83
39.85300000000001, 3.107837985856223, 0.07798253546423664, 0.08005089058524174, 0.7836940298507463, 0.431872460217994, 0.17, -0.261872460217994, 0, 0, 0, 260, 0, 0, 0, -200, 57, 246, 2, 11, 83
39.907, 3.112236215571248, 0.07798722568900816, 0.08005089058524174, 0.7836940298507463, 0.431872460217994, 0.18, -0.251872460217994, 0, 0, 0, 260, 0, 0, 0, -200, 173, 159, 116, 87, 83
39.952, 3.116145753095716, 0.0779972405160121, 0.08005089058524174, 0.7836940298507463, 0.431872460217994, 0.19, -0.241872460217994, 0, 0, 0, 260, 0, 0, 0, -200, 249, 70, 76, 89, 83
40.002, 3.119566598429625, 0.07798526569745574, 0.08005089058524174, 0.7836940298507463, 0.431872460217994, 0.16, -0.271872460217994, 0, 0, 0, 260, 0, 0, 0, -200, 257, 42, 8, 28, 83
40.049, 3.123231789858813, 0.07798526279954087, 0.08005089058524174, 0.7836940298507463, 0.431872460217994, 0.2, -0.2318724602179941, 0, 0, 0, 260, 0, 0, 0, -200, 267, 73, 10, 31, 83
40.099, 3.127385673478559, 0.07799161259578939, 0.08005089058524174, 0.7836940298507463, 0.431872460217994, 0.22, -0.211872460217994, 0, 0, 0, 260, 0, 0, 0, -200, 271, 63, 4, 10, 83
40.144, 3.130806518812468, 0.07798940112625719, 0.08005089058524174, 0.7836940298507463, 0.431872460217994, 0.2, -0.2318724602179941, 0, 0, 0, 260, 0, 0, 0, -200, 249, 54, 22, 9, 83
40.194, 3.134716056336936, 0.07798965159817226, 0.08005089058524174, 0.7836940298507463, 0.431872460217994, 0.38, -0.05187246021799403, 0, 0, 0, 260, 0, 0, 0, -200, 256, 65, 7, 11, 83
40.25300000000001, 3.13935863214724, 0.0779906747856617, 0.08005089058524174, 0.7836940298507463, 0.431872460217994, 0.8100000000000001, 0.378127539782006, 0, 0, 0, 260, 0, 0, 0, 200, 272, 65, 16, 0, 84
40.303, 3.143268169671708, 0.07799092300006718, 0.08005089058524174, 0.7836940298507463, 0.431872460217994, 0.8, 0.368127539782006, 0, 0, 0, 260, 0, 0, 0, 200, 245, 77, 27, 12, 84
40.353, 3.147422053291455, 0.07799722581447364, 0.08005089058524174, 0.7836940298507463, 0.431872460217994, 0.7800000000000001, 0.348127539782006, 0, 0, 0, 260, 0, 0, 0, 200, 153, 182, 92, 105, 84
40.40400000000001, 3.151087244720642, 0.0779894872963232, 0.08005089058524174, 0.7836940298507463, 0.431872460217994, 0.8100000000000001, 0.378127539782006, 0, 0, 0, 260, 0, 0, 0, 200, 79, 253, 74, 71, 84
40.452, 3.15475243614983, 0.07798755157099353, 0.08005089058524174, 0.7836940298507463, 0.431872460217994, 0.86, 0.428127539782006, 0, 0, 0, 260, 0, 0, 0, 200, 45, 238, 34, 15, 84
40.503, 3.158661973674297, 0.07798587693934516, 0.08005089058524174, 0.7836940298507463, 0.431872460217994, 0.8699999999999999, 0.438127539782006, 0, 0, 0, 260, 0, 0, 0, 200, 77, 274, 32, 36, 84
40.55700000000001, 3.163060203389324, 0.07799048754565979, 0.08005089058524174, 0.7836940298507463, 0.431872460217994, 0.67, 0.238127539782006, 0, 0, 0, 260, 0, 0, 0, 200, 52, 278, 25, 4, 84
40.61, 3.16721408700907, 0.07799098958406968, 0.08005089058524174, 0.7836940298507463, 0.431872460217994, 0.3, -0.131872460217994, 0, 0, 0, 260, 0, 0, 0, -200, 63, 246, 11, 32, 85
40.658, 3.171123624533537, 0.0779950716841344, 0.08005089058524174, 0.7836940298507463, 0.431872460217994, 0.19, -0.241872460217994, 0, 0, 0, 260, 0, 0, 0, -200, 76, 250, 13, 4, 85
40.714, 3.175277508153284, 0.07798981942705908, 0.08005089058524174, 0.7836940298507463, 0.431872460217994, 0.18, -0.251872460217994, 0, 0, 0, 260, 0, 0, 0, -200, 178, 147, 102, 103, 85
40.763, 3.179187045677751, 0.07799197913985112, 0.08005089058524174, 0.7836940298507463, 0.431872460217994, 0.18, -0.251872460217994, 0, 0, 0, 260, 0, 0, 0, -200, 245, 76, 67, 71, 85
40.81300000000001, 3.182852237106939, 0.07798623568732852, 0.08005089058524174, 0.7836940298507463, 0.431872460217994, 0.17, -0.261872460217994, 0, 0, 0, 260, 0, 0, 0, -200, 269, 44, 24, 32, 85
40.863, 3.187250466821965, 0.07799844521503475, 0.08005089058524174, 0.7836940298507463, 0.431872460217994, 0.19, -0.241872460217994, 0, 0, 0, 260, 0, 0, 0, -200, 276, 78, 7, 34, 85
40.91299999999999, 3.191160004346432, 0.07799868023235725, 0.08005089058524174, 0.7836940298507463, 0.431872460217994, 0.24, -0.191872460217994, 0, 0, 0, 260, 0, 0, 0, -200, 243, 60, 33, 18, 85
40.972, 3.195558234061458, 0.07799370872941173, 0.08005089058524174, 0.7836940298507463, 0.431872460217994, 0.54, 0.108127539782006, 0, 0, 0, 260, 0, 0, 0, 200, 266, 53, 23, 7, 86
41.02300000000001, 3.199712117681204, 0.07799800398998622, 0.08005089058524174, 0.7836940298507463, 0.431872460217994, 0.8199999999999999, 0.388127539782006, 0, 0, 0, 260, 0, 0, 0, 200, 237, 86, 29, 33, 86
41.073, 3.203621655205672, 0.07799823862892098, 0.08005089058524174, 0.7836940298507463, 0.431872460217994, 0.8199999999999999, 0.388127539782006, 0, 0, 0, 260, 0, 0, 0, 200, 172, 174, 65, 88, 86
41.123, 3.207775538825418, 0.07800441453263183, 0.08005089058524174, 0.7836940298507463, 0.431872460217994, 0.8299999999999999, 0.398127539782006, 0, 0, 0, 260, 0, 0, 0, 200, 68, 249, 104, 75, 86
41.172, 3.210952038064048, 0.07798873112950665, 0.08005089058524174, 0.7836940298507463, 0.431872460217994, 0.8199999999999999, 0.388127539782006, 0, 0, 0, 260, 0, 0, 0, 200, 42, 253, 26, 4, 86
41.221, 3.214861575588515, 0.07799086813974711, 0.08005089058524174, 0.7836940298507463, 0.431872460217994, 0.77, 0.338127539782006, 0, 0, 0, 260, 0, 0, 0, 200, 84, 273, 42, 20, 86
41.282, 3.220237189684657, 0.07800584249030225, 0.08005089058524174, 0.7836940298507463, 0.431872460217994, 0.36, -0.07187246021799404, 0, 0, 0, 260, 0, 0, 0, -200, 58, 261, 26, 12, 87
41.332, 3.223413688923287, 0.07798833080720234, 0.08005089058524174, 0.7836940298507463, 0.431872460217994, 0.11, -0.321872460217994, 0, 0, 0, 260, 0, 0, 0, -200, 49, 237, 9, 24, 87
41.38100000000001, 3.227567572543034, 0.07799636481822658, 0.08005089058524174, 0.7836940298507463, 0.431872460217994, 0.07000000000000001, -0.361872460217994, 0, 0, 0, 260, 0, 0, 0, -200, 177, 157, 128, 80, 87
41.433, 3.231477110067501, 0.07799283445725633, 0.08005089058524174, 0.7836940298507463, 0.431872460217994, 0.12, -0.311872460217994, 0, 0, 0, 260, 0, 0, 0, -200, 240, 75, 63, 82, 87
41.479, 3.23514230149669, 0.0779947033799438, 0.08005089058524174, 0.7836940298507463, 0.431872460217994, 0.18, -0.251872460217994, 0, 0, 0, 260, 0, 0, 0, -200, 270, 42, 30, 33, 87
41.528, 3.239051839021156, 0.07799681754529852, 0.08005089058524174, 0.7836940298507463, 0.431872460217994, 0.29, -0.141872460217994, 0, 0, 0, 260, 0, 0, 0, -200, 270, 71, 0, 29, 87
41.582, 3.243450068736182, 0.07800130029186143, 0.08005089058524174, 0.7836940298507463, 0.431872460217994, 0.55, 0.118127539782006, 0, 0, 0, 260, 0, 0, 0, 200, 255, 55, 15, 16, 88
41.634, 3.247603952355929, 0.07800364971792115, 0.08005089058524174, 0.7836940298507463, 0.431872460217994, 0.8100000000000001, 0.378127539782006, 0, 0, 0, 260, 0, 0, 0, 200, 240, 97, 15, 42, 88
41.692, 3.252002182070954, 0.07800062798788626, 0.08005089058524174, 0.7836940298507463, 0.431872460217994, 0.8199999999999999, 0.388127539782006, 0, 0, 0, 260, 0, 0, 0, 200, 143, 188, 97, 91, 88
41.74300000000001, 3.255911719595421, 0.07799898712587551, 0.08005089058524174, 0.7836940298507463, 0.431872460217994, 0.8299999999999999, 0.398127539782006, 0, 0, 0, 260, 0, 0, 0, 200, 62, 254, 81, 66, 88
41.793, 3.25957691102461, 0.07799336996685114, 0.08005089058524174, 0.7836940298507463, 0.431872460217994, 0.8199999999999999, 0.388127539782006, 0, 0, 0, 260, 0, 0, 0, 200, 43, 261, 19, 7, 88
41.854, 3.264952525120752, 0.07800813602333712, 0.08005089058524174, 0.7836940298507463, 0.431872460217994, 0.64, 0.208127539782006, 0, 0, 0, 260, 0, 0, 0, 200, 77, 266, 34, 5, 88
41.904, 3.26886206264522, 0.07800835391955946, 0.08005089058524174, 0.7836940298507463, 0.431872460217994, 0.36, -0.07187246021799404, 0, 0, 0, 260, 0, 0, 0, -200, 48, 263, 29, 3, 89
41.957, 3.272527254074407, 0.07799716981849054, 0.08005089058524174, 0.7836940298507463, 0.431872460217994, 0.19, -0.241872460217994, 0, 0, 0, 260, 0, 0, 0, -200, 81, 227, 33, 36, 89
42.00200000000001, 3.276192445503596, 0.07800086770876615, 0.08005089058524174, 0.7836940298507463, 0.431872460217994, 0.19, -0.241872460217994, 0, 0, 0, 260, 0, 0, 0, -200, 168, 160, 87, 67, 89
42.053, 3.280101983028064, 0.07799923865189316, 0.08005089058524174, 0.7836940298507463, 0.431872460217994, 0.2, -0.2318724602179941, 0, 0, 0, 260, 0, 0, 0, -200, 239, 83, 71, 77, 89
42.099, 3.283522828361972, 0.0779952689698561, 0.08005089058524174, 0.7836940298507463, 0.431872460217994, 0.2, -0.2318724602179941, 0, 0, 0, 260, 0, 0, 0, -200, 262, 43, 23, 40, 89
42.152, 3.287921058076998, 0.07800154341613679, 0.08005089058524174, 0.7836940298507463, 0.431872460217994, 0.29, -0.141872460217994, 0, 0, 0, 260, 0, 0, 0, -200, 272, 71, 10, 28, 89
42.213, 3.292807979982582, 0.07800459526644829, 0.08005089058524174, 0.7836940298507463, 0.431872460217994, 0.58, 0.148127539782006, 0, 0, 0, 260, 0, 0, 0, 200, 264, 61, 8, 10, 90
42.272, 3.297206209697607, 0.07799976839746421, 0.08005089058524174, 0.7836940298507463, 0.431872460217994, 0.7800000000000001, 0.348127539782006, 0, 0, 0, 260, 0, 0, 0, 200, 233, 98, 31, 37, 90
42.321, 3.301360093317354, 0.07800761072085617, 0.08005089058524174, 0.7836940298507463, 0.431872460217994, 0.7800000000000001, 0.348127539782006, 0, 0, 0, 260, 0, 0, 0, 200, 138, 198, 95, 100, 90
42.369, 3.305025284746542, 0.07800574204598981, 0.08005089058524174, 0.7836940298507463, 0.431872460217994, 0.8, 0.368127539782006, 0, 0, 0, 260, 0, 0, 0, 200, 86, 244, 52, 46, 90
42.41400000000001, 3.308446130080451, 0.07800363394351986, 0.08005089058524174, 0.7836940298507463, 0.431872460217994, 0.8, 0.368127539782006, 0, 0, 0, 260, 0, 0, 0, 200, 44, 244, 42, 0, 90
42.48, 3.313577398081314, 0.07800323441811003, 0.08005089058524174, 0.7836940298507463, 0.431872460217994, 0.5, 0.06812753978200598, 0, 0, 0, 260, 0, 0, 0, 200, 76, 282, 32, 38, 90
42.528, 3.317486935605781, 0.07800712320367244, 0.08005089058524174, 0.7836940298507463, 0.431872460217994, 0.23, -0.201872460217994, 0, 0, 0, 260, 0, 0, 0, -200, 60, 259, 16, 23, 91
42.577, 3.320907780939691, 0.07799769314276936, 0.08005089058524174, 0.7836940298507463, 0.431872460217994, 0.19, -0.241872460217994, 0, 0, 0, 260, 0, 0, 0, -200, 74, 225, 14, 34, 91
42.624, 3.325061664559437, 0.07800914190501683, 0.08005089058524174, 0.7836940298507463, 0.431872460217994, 0.15, -0.2818724602179941, 0, 0, 0, 260, 0, 0, 0, -200, 174, 164, 100, 61, 91
42.67300000000001, 3.328726855988625, 0.07800545675224674, 0.08005089058524174, 0.7836940298507463, 0.431872460217994, 0.22, -0.211872460217994, 0, 0, 0, 260, 0, 0, 0, -200, 233, 86, 59, 78, 91
42.732, 3.332880739608371, 0.07799496254816932, 0.08005089058524174, 0.7836940298507463, 0.431872460217994, 0.77, 0.338127539782006, 0, 0, 0, 260, 0, 0, 0, 200, 278, 42, 45, 44, 92
42.781, 3.337034623228118, 0.07800272605194171, 0.08005089058524174, 0.7836940298507463, 0.431872460217994, 0.7800000000000001, 0.348127539782006, 0, 0, 0, 260, 0, 0, 0, 200, 247, 87, 31, 45, 92
42.83700000000001, 3.341432852943144, 0.07800342817991792, 0.08005089058524174, 0.7836940298507463, 0.431872460217994, 0.7, 0.268127539782006, 0, 0, 0, 260, 0, 0, 0, 200, 142, 188, 105, 101, 92
42.887, 3.345342390467612, 0.07800364657046684, 0.08005089058524174, 0.7836940298507463, 0.431872460217994, 0.7800000000000001, 0.348127539782006, 0, 0, 0, 260, 0, 0, 0, 200, 78, 251, 64, 63, 92
42.939, 3.349007581896799, 0.07799454067157595, 0.08005089058524174, 0.7836940298507463, 0.431872460217994, 0.86, 0.428127539782006, 0, 0, 0, 260, 0, 0, 0, 200, 47, 256, 31, 5, 92
42.987, 3.353161465516546, 0.0780040818274489, 0.08005089058524174, 0.7836940298507463, 0.431872460217994, 0.64, 0.208127539782006, 0, 0, 0, 260, 0, 0, 0, 200, 72, 265, 25, 9, 92
43.033, 3.356826656945734, 0.07800587123709092, 0.08005089058524174, 0.7836940298507463, 0.431872460217994, 0.74, 0.308127539782006, 0, 0, 0, 260, 0, 0, 0, 200, 59, 269, 13, 4, 92
43.082, 3.360736194470201, 0.0780078964409777, 0.08005089058524174, 0.7836940298507463, 0.431872460217994, 0.7199999999999999, 0.288127539782006, 0, 0, 0, 260, 0, 0, 0, 200, 57, 258, 2, 11, 92
43.132, 3.36415703980411, 0.07799677825753757, 0.08005089058524174, 0.7836940298507463, 0.431872460217994, 0.71, 0.278127539782006, 0, 0, 0, 260, 0, 0, 0, 200, 66, 246, 9, 12, 92
43.17900000000001, 3.368066577328578, 0.0780024219488311, 0.08005089058524174, 0.7836940298507463, 0.431872460217994, 0.7199999999999999, 0.288127539782006, 0, 0, 0, 260, 0, 0, 0, 200, 71, 263, 5, 17, 92
43.228, 3.371976114853044, 0.07800444422256511, 0.08005089058524174, 0.7836940298507463, 0.431872460217994, 0.73, 0.298127539782006, 0, 0, 0, 260, 0, 0, 0, 200, 48, 261, 23, 2, 92
43.273, 3.375641306282232, 0.07800802593493016, 0.08005089058524174, 0.7836940298507463, 0.431872460217994, 0.73, 0.298127539782006, 0, 0, 0, 260, 0, 0, 0, 200, 67, 260, 19, 1, 92
43.324, 3.37979518990198, 0.07801207621415335, 0.08005089058524174, 0.7836940298507463, 0.431872460217994, 0.74, 0.308127539782006, 0, 0, 0, 260, 0, 0, 0, 200, 59, 263, 8, 3, 92
43.37700000000001, 3.383704727426447, 0.07800688677009583, 0.08005089058524174, 0.7836940298507463, 0.431872460217994, 0.77, 0.338127539782006, 0, 0, 0, 260, 0, 0, 0, 200, 63, 258, 4, 5, 92
43.42300000000001, 3.387369918855635, 0.0780086571369006, 0.08005089058524174, 0.7836940298507463, 0.431872460217994, 0.7800000000000001, 0.348127539782006, 0, 0, 0, 260, 0, 0, 0, 200, 61, 260, 2, 2, 92
43.472, 3.391279456380102, 0.07801066103193094, 0.08005089058524174, 0.7836940298507463, 0.431872460217994, 0.8100000000000001, 0.378127539782006, 0, 0, 0, 260, 0, 0, 0, 200, 60, 261, 1, 1, 92
43.522, 3.39494464780929, 0.0780052536144775, 0.08005089058524174, 0.7836940298507463, 0.431872460217994, 0.8199999999999999, 0.388127539782006, 0, 0, 0, 260, 0, 0, 0, 200, 58, 251, 2, 10, 92
43.57200000000001, 3.398854185333757, 0.0780054664769521, 0.08005089058524174, 0.7836940298507463, 0.431872460217994, 0.8100000000000001, 0.378127539782006, 0, 0, 0, 260, 0, 0, 0, 200, 65, 261, 7, 10, 92
43.62200000000001, 3.403008068953504, 0.07801128029328099, 0.08005089058524174, 0.7836940298507463, 0.431872460217994, 0.8100000000000001, 0.378127539782006, 0, 0, 0, 260, 0, 0, 0, 200, 57, 271, 8, 10, 92
43.672, 3.406917606477971, 0.0780114857684093, 0.08005089058524174, 0.7836940298507463, 0.431872460217994, 0.8, 0.368127539782006, 0, 0, 0, 260, 0, 0, 0, 200, 62, 253, 5, 18, 92
43.719, 3.41033845181188, 0.07800586591211784, 0.08005089058524174, 0.7836940298507463, 0.431872460217994, 0.79, 0.3581275397820059, 0, 0, 0, 260, 0, 0, 0, 200, 58, 254, 4, 1, 92
43.769, 3.414247989336348, 0.07800607711705425, 0.08005089058524174, 0.7836940298507463, 0.431872460217994, 0.7, 0.268127539782006, 0, 0, 0, 260, 0, 0, 0, 200, 59, 257, 1, 3, 92
43.822, 3.418401872956094, 0.07800652350317407, 0.08005089058524174, 0.7836940298507463, 0.431872460217994, 0.3, -0.131872460217994, 0, 0, 0, 260, 0, 0, 0, -200, 67, 269, 8, 12, 93
43.872, 3.422311410480561, 0.07800673346281367, 0.08005089058524174, 0.7836940298507463, 0.431872460217994, 0.08, -0.351872460217994, 0, 0, 0, 260, 0, 0, 0, -200, 67, 230, 0, 39, 93
43.921, 3.425976601909749, 0.07800315570933607, 0.08005089058524174, 0.7836940298507463, 0.431872460217994, 0.08, -0.351872460217994, 0, 0, 0, 260, 0, 0, 0, -200, 169, 159, 102, 71, 93
43.973, 3.430130485529496, 0.07800537797124363, 0.08005089058524174, 0.7836940298507463, 0.431872460217994, 0.08, -0.351872460217994, 0, 0, 0, 260, 0, 0, 0, -200, 233, 68, 64, 91, 93
44.02, 3.433795676958684, 0.07800535386094238, 0.08005089058524174, 0.7836940298507463, 0.431872460217994, 0.08, -0.351872460217994, 0, 0, 0, 260, 0, 0, 0, -200, 273, 45, 40, 23, 93
44.069, 3.437705214483151, 0.07800733428221996, 0.08005089058524174, 0.7836940298507463, 0.431872460217994, 0.2, -0.2318724602179941, 0, 0, 0, 260, 0, 0, 0, -200, 266, 76, 7, 31, 93
44.129, 3.442103444198176, 0.07800093916014812, 0.08005089058524174, 0.7836940298507463, 0.431872460217994, 0.7800000000000001, 0.348127539782006, 0, 0, 0, 260, 0, 0, 0, 200, 254, 53, 12, 23, 94
44.174, 3.445768635627365, 0.0780044513883136, 0.08005089058524174, 0.7836940298507463, 0.431872460217994, 0.79, 0.3581275397820059, 0, 0, 0, 260, 0, 0, 0, 200, 252, 72, 2, 19, 94
44.229, 3.45041121143767, 0.07801241745094101, 0.08005089058524174, 0.7836940298507463, 0.431872460217994, 0.79, 0.3581275397820059, 0, 0, 0, 260, 0, 0, 0, 200, 148, 183, 104, 111, 94
44.279, 3.454320748962137, 0.07801261882522499, 0.08005089058524174, 0.7836940298507463, 0.431872460217994, 0.79, 0.3581275397820059, 0, 0, 0, 260, 0, 0, 0, 200, 81, 236, 67, 53, 94
44.324, 3.457252902105488, 0.07799956912971499, 0.08005089058524174, 0.7836940298507463, 0.431872460217994, 0.8, 0.368127539782006, 0, 0, 0, 260, 0, 0, 0, 200, 45, 248, 36, 12, 94
44.371, 3.461406785725234, 0.07801056513770783, 0.08005089058524174, 0.7836940298507463, 0.431872460217994, 0.7800000000000001, 0.348127539782006, 0, 0, 0, 260, 0, 0, 0, 200, 59, 275, 14, 27, 94
44.418, 3.465071977154422, 0.07801053575474858, 0.08005089058524174, 0.7836940298507463, 0.431872460217994, 0.7800000000000001, 0.348127539782006, 0, 0, 0, 260, 0, 0, 0, 200, 67, 266, 8, 9, 94
44.469, 3.469225860774169, 0.0780144788678443, 0.08005089058524174, 0.7836940298507463, 0.431872460217994, 0.79, 0.3581275397820059, 0, 0, 0, 260, 0, 0, 0, 200, 57, 264, 10, 2, 94
44.519, 3.472891052203356, 0.07800918826126725, 0.08005089058524174, 0.7836940298507463, 0.431872460217994, 0.8, 0.368127539782006, 0, 0, 0, 260, 0, 0, 0, 200, 61, 251, 4, 13, 94
44.564, 3.476800589727824, 0.07801814446027789, 0.08005089058524174, 0.7836940298507463, 0.431872460217994, 0.8, 0.368127539782006, 0, 0, 0, 260, 0, 0, 0, 200, 60, 267, 1, 16, 94
44.61200000000001, 3.480465781157012, 0.07801635840484651, 0.08005089058524174, 0.7836940298507463, 0.431872460217994, 0.8, 0.368127539782006, 0, 0, 0, 260, 0, 0, 0, 200, 59, 258, 1, 9, 94
44.662, 3.4841309725862, 0.07801108263369755, 0.08005089058524174, 0.7836940298507463, 0.431872460217994, 0.8, 0.368127539782006, 0, 0, 0, 260, 0, 0, 0, 200, 57, 247, 2, 11, 94
44.717, 3.488284856205947, 0.0780080250510085, 0.08005089058524174, 0.7836940298507463, 0.431872460217994, 0.8199999999999999, 0.388127539782006, 0, 0, 0, 260, 0, 0, 0, 200, 63, 265, 6, 18, 94
44.763, 3.491950047635135, 0.07800974125137134, 0.08005089058524174, 0.7836940298507463, 0.431872460217994, 0.84, 0.4081275397820059, 0, 0, 0, 260, 0, 0, 0, 200, 55, 263, 8, 2, 94
44.819, 3.49634827735016, 0.07801040356434013, 0.08005089058524174, 0.7836940298507463, 0.431872460217994, 0.84, 0.4081275397820059, 0, 0, 0, 260, 0, 0, 0, 200, 60, 260, 5, 3, 94
44.86800000000001, 3.500257814874627, 0.07801234320394551, 0.08005089058524174, 0.7836940298507463, 0.431872460217994, 0.84, 0.4081275397820059, 0, 0, 0, 260, 0, 0, 0, 200, 64, 262, 4, 2, 94
44.91400000000001, 3.504167352399095, 0.07801948952217783, 0.08005089058524174, 0.7836940298507463, 0.431872460217994, 0.84, 0.4081275397820059, 0, 0, 0, 260, 0, 0, 0, 200, 57, 253, 7, 9, 94
44.96300000000001, 3.507588197733004, 0.07801054639888362, 0.08005089058524174, 0.7836940298507463, 0.431872460217994, 0.84, 0.4081275397820059, 0, 0, 0, 260, 0, 0, 0, 200, 63, 261, 6, 8, 94
45.00900000000001, 3.511253389162192, 0.07801225064236467, 0.08005089058524174, 0.7836940298507463, 0.431872460217994, 0.8699999999999999, 0.438127539782006, 0, 0, 0, 260, 0, 0, 0, 200, 60, 260, 3, 1, 94
45.059, 3.514918580591381, 0.07800702591250095, 0.08005089058524174, 0.7836940298507463, 0.431872460217994, 0.8800000000000001, 0.448127539782006, 0, 0, 0, 260, 0, 0, 0, 200, 54, 259, 6, 1, 94
45.106, 3.519072464211126, 0.07801783497120397, 0.08005089058524174, 0.7836940298507463, 0.431872460217994, 0.84, 0.4081275397820059, 0, 0, 0, 260, 0, 0, 0, 200, 64, 257, 10, 2, 94
45.16, 3.522982001735594, 0.07801111607031873, 0.08005089058524174, 0.7836940298507463, 0.431872460217994, 0.8800000000000001, 0.448127539782006, 0, 0, 0, 260, 0, 0, 0, 200, 59, 257, 5, 0, 94
45.204, 3.526647193164782, 0.07801626389622117, 0.08005089058524174, 0.7836940298507463, 0.431872460217994, 0.84, 0.4081275397820059, 0, 0, 0, 260, 0, 0, 0, 200, 61, 271, 2, 14, 94
45.25200000000001, 3.530068038498691, 0.07800910542072595, 0.08005089058524174, 0.7836940298507463, 0.431872460217994, 0.8299999999999999, 0.398127539782006, 0, 0, 0, 260, 0, 0, 0, 200, 62, 250, 1, 21, 94
45.307, 3.534466268213717, 0.0780114831750881, 0.08005089058524174, 0.7836940298507463, 0.431872460217994, 0.8100000000000001, 0.378127539782006, 0, 0, 0, 260, 0, 0, 0, 200, 55, 262, 7, 12, 94
45.358, 3.538375805738184, 0.07800996088315587, 0.08005089058524174, 0.7836940298507463, 0.431872460217994, 0.7800000000000001, 0.348127539782006, 0, 0, 0, 260, 0, 0, 0, 200, 63, 248, 8, 14, 94
45.403, 3.542040997167372, 0.07801336909823959, 0.08005089058524174, 0.7836940298507463, 0.431872460217994, 0.76, 0.328127539782006, 0, 0, 0, 260, 0, 0, 0, 200, 66, 271, 3, 23, 94
45.454, 3.546194880787119, 0.07801722358399963, 0.08005089058524174, 0.7836940298507463, 0.431872460217994, 0.74, 0.308127539782006, 0, 0, 0, 260, 0, 0, 0, 200, 57, 255, 9, 16, 94
45.503, 3.550104418311586, 0.07801912881154179, 0.08005089058524174, 0.7836940298507463, 0.431872460217994, 0.74, 0.308127539782006, 0, 0, 0, 260, 0, 0, 0, 200, 60, 268, 3, 13, 94
45.553, 3.554013955836053, 0.07801931718736533, 0.08005089058524174, 0.7836940298507463, 0.431872460217994, 0.6899999999999999, 0.258127539782006, 0, 0, 0, 260, 0, 0, 0, 200, 62, 254, 2, 14, 94
45.617, 3.558900877741638, 0.07801698660020689, 0.08005089058524174, 0.7836940298507463, 0.431872460217994, 0.15, -0.2818724602179941, 0, 0, 0, 260, 0, 0, 0, -200, 49, 255, 13, 1, 95
45.672, 3.563054761361383, 0.07801398584168383, 0.08005089058524174, 0.7836940298507463, 0.431872460217994, 0.08, -0.351872460217994, 0, 0, 0, 260, 0, 0, 0, -200, 90, 246, 41, 9, 95
45.71800000000001, 3.566719952790572, 0.07801566019490292, 0.08005089058524174, 0.7836940298507463, 0.431872460217994, 0.08, -0.351872460217994, 0, 0, 0, 260, 0, 0, 0, -200, 176, 154, 86, 92, 95
45.769, 3.570629490315039, 0.07801414691854834, 0.08005089058524174, 0.7836940298507463, 0.431872460217994, 0.09, -0.3418724602179941, 0, 0, 0, 260, 0, 0, 0, -200, 258, 69, 82, 85, 95
45.814, 3.573805989553669, 0.07800685357213231, 0.08005089058524174, 0.7836940298507463, 0.431872460217994, 0.08, -0.351872460217994, 0, 0, 0, 260, 0, 0, 0, -200, 240, 61, 18, 8, 95
45.873, 3.578692911459253, 0.07801305585985771, 0.08005089058524174, 0.7836940298507463, 0.431872460217994, 0.08, -0.351872460217994, 0, 0, 0, 260, 0, 0, 0, -200, 277, 63, 37, 2, 95
45.924, 3.582846795079, 0.07801687124551432, 0.08005089058524174, 0.7836940298507463, 0.431872460217994, 0.08, -0.351872460217994, 0, 0, 0, 260, 0, 0, 0, -200, 264, 60, 13, 3, 95
45.979, 3.587000678698746, 0.07801389066092663, 0.08005089058524174, 0.7836940298507463, 0.431872460217994, 0.07000000000000001, -0.361872460217994, 0, 0, 0, 260, 0, 0, 0, -200, 269, 55, 5, 5, 95
46.024, 3.590665870127934, 0.07801724904675678, 0.08005089058524174, 0.7836940298507463, 0.431872460217994, 0.12, -0.311872460217994, 0, 0, 0, 260, 0, 0, 0, -200, 245, 62, 24, 7, 95
46.082, 3.595308445938239, 0.07801980048474977, 0.08005089058524174, 0.7836940298507463, 0.431872460217994, 0.55, 0.118127539782006, 0, 0, 0, 260, 0, 0, 0, 200, 266, 56, 21, 6, 96
46.139, 3.599462329557985, 0.07801344479849987, 0.08005089058524174, 0.7836940298507463, 0.431872460217994, 0.7800000000000001, 0.348127539782006, 0, 0, 0, 260, 0, 0, 0, 200, 219, 100, 47, 44, 96
46.19, 3.603616213177733, 0.07801723778258784, 0.08005089058524174, 0.7836940298507463, 0.431872460217994, 0.73, 0.298127539782006, 0, 0, 0, 260, 0, 0, 0, 200, 139, 194, 80, 94, 96
46.249, 3.608503135083316, 0.07802337639912898, 0.08005089058524174, 0.7836940298507463, 0.431872460217994, 0.12, -0.311872460217994, 0, 0, 0, 260, 0, 0, 0, -200, 93, 266, 46, 72, 97
46.298, 3.612168326512504, 0.07801996471796847, 0.08005089058524174, 0.7836940298507463, 0.431872460217994, 0.03, -0.401872460217994, 0, 0, 0, 260, 0, 0, 0, -200, 38, 255, 55, 11, 97
46.34300000000001, 3.615589171846413, 0.07801802153176127, 0.08005089058524174, 0.7836940298507463, 0.431872460217994, 0.01, -0.421872460217994, 0, 0, 0, 260, 0, 0, 0, -200, 166, 144, 128, 111, 97
46.39200000000001, 3.619987401561439, 0.07803042338251077, 0.08005089058524174, 0.7836940298507463, 0.431872460217994, 0.0, -0.431872460217994, 0, 0, 0, 260, 0, 0, 0, -200, 279, 70, 113, 74, 97
46.43800000000001, 3.623163900800068, 0.07802153195228194, 0.08005089058524174, 0.7836940298507463, 0.431872460217994, 0.0, -0.431872460217994, 0, 0, 0, 260, 0, 0, 0, -200, 267, 54, 12, 16, 97
46.482, 3.626340400038698, 0.07801601480226105, 0.08005089058524174, 0.7836940298507463, 0.431872460217994, 0.0, -0.431872460217994, 0, 0, 0, 260, 0, 0, 0, -200, 248, 61, 19, 7, 97
46.528, 3.630005591467886, 0.07801765800094323, 0.08005089058524174, 0.7836940298507463, 0.431872460217994, 0.0, -0.431872460217994, 0, 0, 0, 260, 0, 0, 0, -200, 263, 53, 15, 8, 97
46.574, 3.633915128992353, 0.0780245443593497, 0.08005089058524174, 0.7836940298507463, 0.431872460217994, 0.0, -0.431872460217994, 0, 0, 0, 260, 0, 0, 0, -200, 257, 67, 6, 14, 97
46.622, 3.637335974326263, 0.07801758771237319, 0.08005089058524174, 0.7836940298507463, 0.431872460217994, 0.0, -0.431872460217994, 0, 0, 0, 260, 0, 0, 0, -200, 263, 56, 6, 11, 97
46.66700000000001, 3.64100116575545, 0.07802089625978637, 0.08005089058524174, 0.7836940298507463, 0.431872460217994, 0.0, -0.431872460217994, 0, 0, 0, 260, 0, 0, 0, -200, 255, 61, 8, 5, 97
46.714, 3.644910703279918, 0.07802608860898057, 0.08005089058524174, 0.7836940298507463, 0.431872460217994, 0.0, -0.431872460217994, 0, 0, 0, 260, 0, 0, 0, -200, 274, 59, 19, 2, 97
46.76200000000001, 3.648820240804385, 0.07802960183063994, 0.08005089058524174, 0.7836940298507463, 0.431872460217994, 0.0, -0.431872460217994, 0, 0, 0, 260, 0, 0, 0, -200, 255, 63, 19, 4, 97
46.811, 3.652241086138294, 0.07802100117789181, 0.08005089058524174, 0.7836940298507463, 0.431872460217994, 0.0, -0.431872460217994, 0, 0, 0, 260, 0, 0, 0, -200, 260, 56, 5, 7, 97
46.863, 3.656394969758041, 0.07802306659321941, 0.08005089058524174, 0.7836940298507463, 0.431872460217994, 0.0, -0.431872460217994, 0, 0, 0, 260, 0, 0, 0, -200, 260, 64, 0, 8, 97
46.912, 3.660304507282508, 0.07802490849425538, 0.08005089058524174, 0.7836940298507463, 0.431872460217994, 0.0, -0.431872460217994, 0, 0, 0, 260, 0, 0, 0, -200, 261, 58, 1, 6, 97
46.958, 3.663725352616417, 0.0780213244306916, 0.08005089058524174, 0.7836940298507463, 0.431872460217994, 0.0, -0.431872460217994, 0, 0, 0, 260, 0, 0, 0, -200, 256, 58, 5, 0, 97
47.004, 3.667390544045605, 0.07802294579281774, 0.08005089058524174, 0.7836940298507463, 0.431872460217994, 0.0, -0.431872460217994, 0, 0, 0, 260, 0, 0, 0, -200, 259, 74, 3, 16, 97
47.05, 3.671300081570072, 0.0780297573128602, 0.08005089058524174, 0.7836940298507463, 0.431872460217994, 0.0, -0.431872460217994, 0, 0, 0, 260, 0, 0, 0, -200, 271, 51, 12, 23, 97
47.09300000000001, 3.674476580808702, 0.07802596098801739, 0.08005089058524174, 0.7836940298507463, 0.431872460217994, 0.0, -0.431872460217994, 0, 0, 0, 260, 0, 0, 0, -200, 248, 53, 23, 2, 97
47.138, 3.677653080047331, 0.07801886121700817, 0.08005089058524174, 0.7836940298507463, 0.431872460217994, 0.0, -0.431872460217994, 0, 0, 0, 260, 0, 0, 0, -200, 259, 73, 11, 20, 97
47.183, 3.681806963667078, 0.07803248974560918, 0.08005089058524174, 0.7836940298507463, 0.431872460217994, 0.0, -0.431872460217994, 0, 0, 0, 260, 0, 0, 0, -200, 272, 54, 13, 19, 97
47.232, 3.685472155096266, 0.07802913607503951, 0.08005089058524174, 0.7836940298507463, 0.431872460217994, 0.0, -0.431872460217994, 0, 0, 0, 260, 0, 0, 0, -200, 252, 61, 20, 7, 97
47.281, 3.688893000430175, 0.07802062140035479, 0.08005089058524174, 0.7836940298507463, 0.431872460217994, 0.0, -0.431872460217994, 0, 0, 0, 260, 0, 0, 0, -200, 261, 69, 9, 8, 97
47.332, 3.693046884049922, 0.07802431513669234, 0.08005089058524174, 0.7836940298507463, 0.431872460217994, 0.01, -0.421872460217994, 0, 0, 0, 260, 0, 0, 0, -200, 255, 49, 6, 20, 97
47.382, 3.697200767669668, 0.07802964770735022, 0.08005089058524174, 0.7836940298507463, 0.431872460217994, 0.02, -0.411872460217994, 0, 0, 0, 260, 0, 0, 0, -200, 267, 70, 12, 21, 97
47.43200000000001, 3.701110305194136, 0.07802981753234389, 0.08005089058524174, 0.7836940298507463, 0.431872460217994, 0.05, -0.381872460217994, 0, 0, 0, 260, 0, 0, 0, -200, 259, 53, 8, 17, 97
47.484, 3.705264188813882, 0.07803184628114483, 0.08005089058524174, 0.7836940298507463, 0.431872460217994, 0.2, -0.2318724602179941, 0, 0, 0, 260, 0, 0, 0, -200, 259, 76, 0, 23, 97
