Tempo (s), Distância (m), Refletância (%), Erro (%), Correção (deg/s), Velocidade Esq. (deg/s), Velocidade Dir. (deg/s), Velocidade Média (m/s), Oscilação, Suavidade (deg/s)
0.016, 0.0, 0.67, 0.2491385351546599, 59.79324843711836, 0, 0, 0.0, 0, 0
0.054, 0.0, 0.74, 0.3191385351546599, 76.59324843711836, 0, 0, 0.0, 0, 0
0.09399999999999999, 0.0009773843811168245, 0.74, 0.3191385351546599, 76.59324843711836, 74, 49, 1.039770618209388e-05, 0, 123
0.132, 0.003909537524467298, 0.75, 0.3291385351546599, 78.99324843711837, 154, 163, 2.961770851869165e-05, 0, 179
0.169, 0.006597344572538566, 0.75, 0.3291385351546599, 78.99324843711837, 95, 190, 3.903754184934063e-05, 0, 71
0.207, 0.009285151620609833, 0.73, 0.3091385351546599, 74.19324843711838, 68, 260, 4.485580493048229e-05, 0, 120
0.244, 0.01270599695451872, 0.58, 0.1591385351546599, 38.19324843711837, 109, 284, 5.207375801032262e-05, 0, 62
0.284, 0.01685988057426522, 0.29, -0.1308614648453401, -31.40675156288163, 130, 249, 5.936577666994797e-05, 1, 62
0.326, 0.02028072590817411, 0.11, -0.3108614648453401, -74.60675156288163, 160, 190, 6.221081566924573e-05, 1, 90
0.364, 0.02370157124208299, 0.08, -0.3408614648453401, -81.80675156288164, 204, 137, 6.511420670901922e-05, 1, 92
0.401, 0.02638937829015426, 0.09, -0.3308614648453401, -79.40675156288163, 252, 90, 6.580892341684354e-05, 1, 100
0.44, 0.03005456971934235, 0.14, -0.2808614648453402, -67.40675156288162, 257, 94, 6.830584027123264e-05, 1, 4
0.476, 0.03323106895797204, 0.32, -0.1008614648453401, -24.20675156288163, 267, 111, 6.981317007977319e-05, 1, 26
0.518, 0.03714060648243933, 0.5, 0.07913853515465988, 18.99324843711837, 248, 123, 7.170001251436164e-05, 2, 24
0.553, 0.04031710572106901, 0.5899999999999999, 0.1691385351546599, 40.59324843711837, 192, 160, 7.290615862761125e-05, 2, 93
0.591, 0.0434936049596987, 0.63, 0.2091385351546599, 50.19324843711837, 140, 212, 7.359324020253585e-05, 2, 102
0.631, 0.04667010419832837, 0.6600000000000001, 0.2391385351546599, 57.39324843711837, 123, 234, 7.396213026676447e-05, 2, 49
0.67, 0.05057964172279567, 0.58, 0.1591385351546599, 38.19324843711837, 128, 225, 7.549200257133681e-05, 2, 14
0.718, 0.05448917924726296, 0.39, -0.03086146484534012, -7.406751562881629, 136, 223, 7.589022179284536e-05, 3, 10
0.756, 0.05791002458117185, 0.24, -0.1808614648453401, -43.40675156288163, 155, 214, 7.660056161530667e-05, 3, 26
0.795, 0.06133086991508073, 0.15, -0.2708614648453401, -65.00675156288164, 202, 156, 7.714574832085627e-05, 3, 94
0.8359999999999999, 0.06499606134426884, 0.14, -0.2808614648453402, -67.40675156288162, 232, 122, 7.774648486156559e-05, 3, 75
0.873, 0.06817256058289852, 0.22, -0.2008614648453401, -48.20675156288163, 247, 110, 7.808998921294217e-05, 3, 26
0.915, 0.07183775201208659, 0.38, -0.04086146484534012, -9.80675156288163, 240, 127, 7.851120438479411e-05, 3, 17
0.95, 0.07501425125071628, 0.5600000000000001, 0.1391385351546599, 33.39324843711837, 224, 148, 7.896236973759608e-05, 4, 36
0.99, 0.07843509658462517, 0.65, 0.2291385351546599, 54.99324843711837, 168, 179, 7.922737028750017e-05, 4, 75
1.029, 0.08161159582325485, 0.6899999999999999, 0.2691385351546598, 64.59324843711837, 141, 226, 7.931156056681715e-05, 4, 82
1.068, 0.08527678725244295, 0.61, 0.1891385351546599, 45.39324843711837, 112, 242, 7.984717907532111e-05, 4, 52
1.108, 0.08869763258635183, 0.43, 0.009138535154659877, 2.19324843711837, 109, 236, 8.005201496963162e-05, 4, 12
1.144, 0.09187413182498151, 0.22, -0.2008614648453401, -48.20675156288163, 163, 210, 8.030955579106775e-05, 5, 65
1.183, 0.0952949771588904, 0.16, -0.2608614648453401, -62.60675156288163, 200, 169, 8.055365778435366e-05, 5, 86
1.225, 0.09896016858807849, 0.15, -0.2708614648453401, -65.00675156288164, 234, 120, 8.078381109230898e-05, 5, 91
1.264, 0.1021366678267082, 0.22, -0.2008614648453401, -48.20675156288163, 237, 107, 8.080432581226912e-05, 5, 15
1.306, 0.1060462053511755, 0.38, -0.04086146484534012, -9.80675156288163, 238, 139, 8.119923840059377e-05, 5, 33
1.346, 0.1097113967803635, 0.5300000000000001, 0.1091385351546599, 26.19324843711837, 229, 144, 8.150921008942314e-05, 6, 12
1.386, 0.1131322421142724, 0.64, 0.2191385351546598, 52.59324843711838, 171, 188, 8.162499431044187e-05, 6, 89
1.424, 0.1163087413529021, 0.6800000000000001, 0.2591385351546599, 62.19324843711838, 135, 218, 8.16774869051279e-05, 6, 70
1.464, 0.1199739327820902, 0.61, 0.1891385351546599, 45.39324843711837, 119, 239, 8.194940763803976e-05, 6, 46
1.504, 0.1231504320207199, 0.42, -0.000861464845340123, -0.2067515628816295, 126, 233, 8.188193618398929e-05, 7, 7
1.544, 0.126815623449908, 0.19, -0.2308614648453401, -55.40675156288163, 149, 218, 8.213447114631345e-05, 7, 39
1.58, 0.1302364687838169, 0.12, -0.3008614648453401, -72.20675156288163, 197, 168, 8.242814479988409e-05, 7, 89
1.623, 0.133901660213005, 0.12, -0.3008614648453401, -72.20675156288163, 236, 93, 8.250256328589337e-05, 7, 116
1.666, 0.1375668516421931, 0.18, -0.2408614648453401, -57.80675156288163, 256, 94, 8.257314024141239e-05, 7, 32
1.713, 0.1419650813572188, 0.44, 0.01913853515465988, 4.59324843711837, 250, 130, 8.287512046539332e-05, 8, 41
1.754, 0.1453859266911277, 0.67, 0.2491385351546599, 59.79324843711836, 226, 135, 8.288821362093937e-05, 8, 28
1.79, 0.1488067720250365, 0.79, 0.3691385351546599, 88.59324843711837, 172, 197, 8.313227487432208e-05, 8, 111
1.826, 0.151738925168387, 0.8100000000000001, 0.3891385351546599, 93.39324843711838, 97, 250, 8.309908278663036e-05, 8, 112
1.864, 0.1546710783117375, 0.76, 0.3391385351546599, 81.39324843711838, 72, 263, 8.297804630458019e-05, 8, 60
1.904, 0.1583362697409256, 0.54, 0.1191385351546599, 28.59324843711837, 99, 272, 8.31598055362004e-05, 8, 33
1.948, 0.1624901533606721, 0.18, -0.2408614648453401, -57.80675156288163, 122, 254, 8.341383642744972e-05, 9, 33
1.984, 0.1656666525993018, 0.09, -0.3308614648453401, -79.40675156288163, 168, 199, 8.35013369956158e-05, 9, 85
2.019, 0.1688431518379314, 0.07000000000000001, -0.3508614648453401, -84.20675156288162, 218, 138, 8.362711829516167e-05, 9, 115
2.056, 0.1720196510765611, 0.09, -0.3308614648453401, -79.40675156288163, 252, 83, 8.366714546525346e-05, 9, 100
2.091, 0.1747074581246324, 0.12, -0.3008614648453401, -72.20675156288163, 252, 81, 8.355210814186149e-05, 9, 12
2.13, 0.1781283034585413, 0.21, -0.2108614648453401, -50.60675156288163, 256, 105, 8.362831148288324e-05, 9, 29
2.169, 0.1815491487924502, 0.43, 0.009138535154659877, 2.19324843711837, 251, 124, 8.370177445479491e-05, 10, 21
2.21, 0.1854586863169175, 0.62, 0.1991385351546599, 47.79324843711837, 225, 143, 8.391795760946492e-05, 10, 46
2.247, 0.1886351855555471, 0.7, 0.2791385351546599, 66.99324843711837, 165, 197, 8.394979330464936e-05, 10, 113
2.283, 0.1918116847941768, 0.71, 0.2891385351546599, 69.39324843711837, 125, 258, 8.401738273945544e-05, 10, 94
2.323, 0.1952325301280857, 0.71, 0.2891385351546599, 69.39324843711837, 92, 242, 8.404327599142732e-05, 10, 40
2.364, 0.1986533754619946, 0.63, 0.2091385351546599, 50.19324843711837, 110, 230, 8.403273073688434e-05, 10, 29
2.404, 0.2023185668911827, 0.41, -0.01086146484534012, -2.606751562881629, 135, 249, 8.41591376419229e-05, 11, 52
2.445, 0.2059837583203708, 0.21, -0.2108614648453401, -50.60675156288163, 140, 225, 8.424693591835206e-05, 11, 30
2.484, 0.2094046036542796, 0.11, -0.3108614648453401, -74.60675156288163, 199, 162, 8.430137023119148e-05, 11, 114
2.524, 0.2130697950834677, 0.11, -0.3108614648453401, -74.60675156288163, 239, 99, 8.441750993798244e-05, 11, 112
2.562, 0.2160019482268182, 0.2, -0.2208614648453401, -53.00675156288163, 238, 94, 8.43098939214747e-05, 11, 8
2.604, 0.2196671396560063, 0.42, -0.000861464845340123, -0.2067515628816295, 255, 121, 8.435758051305925e-05, 11, 42
2.644, 0.2235766771804736, 0.63, 0.2091385351546599, 50.19324843711837, 226, 151, 8.456001406220636e-05, 12, 55
2.684, 0.2269975225143825, 0.6899999999999999, 0.2691385351546598, 64.59324843711837, 160, 191, 8.457433774753447e-05, 12, 99
2.723, 0.2304183678482914, 0.6899999999999999, 0.2691385351546598, 64.59324843711837, 128, 243, 8.46193051223986e-05, 12, 91
2.765, 0.2338392131822003, 0.6800000000000001, 0.2591385351546599, 62.19324843711838, 105, 235, 8.457114400802904e-05, 12, 29
2.804, 0.2372600585161092, 0.52, 0.09913853515465988, 23.79324843711837, 113, 245, 8.461485681744264e-05, 12, 3
2.848, 0.2414139421358557, 0.29, -0.1308614648453401, -31.40675156288163, 148, 236, 8.476613136792684e-05, 13, 38
2.886, 0.2448347874697645, 0.14, -0.2808614648453402, -67.40675156288162, 170, 192, 8.48353386936121e-05, 13, 68
2.926, 0.2484999788989527, 0.12, -0.3008614648453401, -72.20675156288163, 216, 143, 8.492822245350398e-05, 13, 98
2.963, 0.2511877859470239, 0.13, -0.2908614648453401, -69.80675156288163, 245, 83, 8.477481807189468e-05, 13, 87
3.0, 0.2546086312809328, 0.26, -0.1608614648453401, -38.60675156288163, 243, 99, 8.48695437603109e-05, 13, 8
3.04, 0.2580294766148417, 0.4699999999999999, 0.04913853515465988, 11.79324843711837, 250, 138, 8.487811730751369e-05, 14, 51
3.078, 0.2616946680440297, 0.5899999999999999, 0.1691385351546599, 40.59324843711837, 222, 157, 8.502100976089336e-05, 14, 44
3.12, 0.2651155133779386, 0.67, 0.2491385351546599, 59.79324843711836, 144, 199, 8.497292095446753e-05, 14, 110
3.156, 0.2682920126165683, 0.65, 0.2291385351546599, 54.99324843711837, 118, 226, 8.501014341462875e-05, 14, 67
3.194, 0.2717128579504773, 0.5699999999999999, 0.1491385351546599, 35.79324843711837, 124, 236, 8.50697739356535e-05, 14, 14
3.235, 0.2751337032843861, 0.4699999999999999, 0.04913853515465988, 11.79324843711837, 140, 219, 8.504905820228318e-05, 14, 33
3.274, 0.278554548618295, 0.35, -0.07086146484534011, -17.00675156288163, 155, 206, 8.508080287669364e-05, 15, 30
3.316, 0.2822197400474831, 0.21, -0.2108614648453401, -50.60675156288163, 187, 182, 8.510848614218427e-05, 15, 48
3.355, 0.285640585381392, 0.21, -0.2108614648453401, -50.60675156288163, 209, 142, 8.51387735861079e-05, 15, 69
3.39, 0.2885727385247424, 0.22, -0.2008614648453401, -48.20675156288163, 233, 122, 8.512470162971752e-05, 15, 43
3.436, 0.2927266221444889, 0.37, -0.05086146484534013, -12.20675156288163, 226, 137, 8.519401110142285e-05, 15, 16
3.473, 0.2963918135736771, 0.58, 0.1591385351546599, 38.19324843711837, 230, 141, 8.534172576264815e-05, 16, 7
3.515, 0.3000570050028651, 0.71, 0.2891385351546599, 69.39324843711837, 173, 188, 8.536472404064442e-05, 16, 98
3.554, 0.3034778503367741, 0.7800000000000001, 0.3591385351546599, 86.19324843711837, 127, 232, 8.539050375260947e-05, 16, 90
3.594, 0.3066543495754037, 0.6800000000000001, 0.2591385351546599, 62.19324843711838, 86, 262, 8.532397038825923e-05, 16, 80
3.637, 0.310563887099871, 0.33, -0.09086146484534012, -21.80675156288163, 91, 265, 8.539012568047044e-05, 17, 11
3.684, 0.3149621168148967, 0.1, -0.3208614648453401, -77.00675156288163, 147, 228, 8.54946028270621e-05, 17, 77
3.724, 0.3181386160535264, 0.08, -0.3408614648453401, -81.80675156288164, 200, 145, 8.542927391340665e-05, 17, 141
3.764, 0.3215594613874353, 0.07000000000000001, -0.3508614648453401, -84.20675156288162, 250, 92, 8.543025010293178e-05, 17, 113
3.8, 0.324735960626065, 0.07000000000000001, -0.3508614648453401, -84.20675156288162, 264, 84, 8.545683174370129e-05, 17, 24
3.839, 0.3281568059599738, 0.12, -0.3008614648453401, -72.20675156288163, 281, 95, 8.547976190673975e-05, 17, 29
3.877, 0.331821997389162, 0.21, -0.2108614648453401, -50.60675156288163, 273, 99, 8.558730910218259e-05, 17, 2
3.918, 0.3352428427230708, 0.35, -0.07086146484534011, -17.00675156288163, 238, 129, 8.556478885223859e-05, 17, 57
3.954, 0.3386636880569797, 0.45, 0.02913853515465987, 6.99324843711837, 215, 145, 8.565090744991899e-05, 18, 46
3.99, 0.3418401872956094, 0.5300000000000001, 0.1091385351546599, 26.19324843711837, 176, 170, 8.567423240491463e-05, 18, 62
4.03, 0.3452610326295182, 0.5899999999999999, 0.1691385351546599, 40.59324843711837, 147, 200, 8.567271281129486e-05, 18, 64
4.07, 0.3486818779634271, 0.4600000000000001, 0.03913853515465988, 9.39324843711837, 151, 200, 8.567122308683714e-05, 18, 5
4.112, 0.3521027232973361, 0.2, -0.2208614648453401, -53.00675156288163, 149, 217, 8.562809418709534e-05, 19, 23
4.156, 0.3562566069170825, 0.08, -0.3408614648453401, -81.80675156288164, 190, 178, 8.57210315007417e-05, 19, 80
4.196, 0.3596774522509914, 0.09, -0.3308614648453401, -79.40675156288163, 252, 119, 8.571912589394456e-05, 19, 118
4.234, 0.3626096053943419, 0.07000000000000001, -0.3508614648453401, -84.20675156288162, 254, 81, 8.564232531751108e-05, 19, 58
4.274, 0.36627479682353, 0.08, -0.3408614648453401, -81.80675156288164, 245, 103, 8.569836144677819e-05, 19, 39
4.312, 0.3694512960621597, 0.08, -0.3408614648453401, -81.80675156288164, 270, 98, 8.5679799643358e-05, 19, 32
4.348, 0.3728721413960685, 0.07000000000000001, -0.3508614648453401, -84.20675156288162, 268, 95, 8.575716223460638e-05, 19, 13
4.384, 0.3760486406346982, 0.08, -0.3408614648453401, -81.80675156288164, 264, 99, 8.577751839295123e-05, 19, 11
4.424, 0.3799581781591655, 0.1, -0.3208614648453401, -77.00675156288163, 272, 98, 8.588566414086019e-05, 19, 9
4.459, 0.3826459852072368, 0.12, -0.3008614648453401, -72.20675156288163, 257, 100, 8.581430482333188e-05, 19, 14
4.497, 0.3860668305411457, 0.17, -0.2508614648453401, -60.20675156288164, 244, 106, 8.584986225064393e-05, 19, 21
4.534, 0.3892433297797754, 0.29, -0.1308614648453401, -31.40675156288163, 246, 114, 8.584987423462183e-05, 19, 8
4.576, 0.3929085212089634, 0.4699999999999999, 0.04913853515465988, 11.79324843711837, 229, 124, 8.586287613832244e-05, 20, 22
4.614, 0.3960850204475932, 0.5899999999999999, 0.1691385351546599, 40.59324843711837, 194, 167, 8.58441743492833e-05, 20, 78
4.65, 0.3992615196862228, 0.4699999999999999, 0.04913853515465988, 11.79324843711837, 158, 195, 8.586269240563931e-05, 20, 62
4.694, 0.4031710572106901, 0.21, -0.2108614648453401, -50.60675156288163, 143, 211, 8.589072373470177e-05, 21, 39
4.737, 0.4068362486398782, 0.09, -0.3308614648453401, -79.40675156288163, 196, 184, 8.588478966431882e-05, 21, 64
4.776, 0.4107457861643454, 0.08, -0.3408614648453401, -81.80675156288164, 254, 118, 8.600204902938559e-05, 21, 134
4.814, 0.4139222854029752, 0.07000000000000001, -0.3508614648453401, -84.20675156288162, 262, 82, 8.598302563418679e-05, 21, 47
4.856, 0.4170987846416049, 0.08, -0.3408614648453401, -81.80675156288164, 262, 99, 8.589348942372423e-05, 21, 13
4.898, 0.4212526682613513, 0.07000000000000001, -0.3508614648453401, -84.20675156288162, 264, 103, 8.60050363947226e-05, 21, 9
4.938, 0.4246735135952601, 0.07000000000000001, -0.3508614648453401, -84.20675156288162, 267, 91, 8.600111656445124e-05, 21, 11
4.973, 0.42785001283389, 0.08, -0.3408614648453401, -81.80675156288164, 269, 96, 8.603458934926403e-05, 21, 3
5.015, 0.431515204263078, 0.08, -0.3408614648453401, -81.80675156288164, 262, 93, 8.604490613421298e-05, 21, 6
5.06, 0.4351803956922661, 0.08, -0.3408614648453401, -81.80675156288164, 255, 102, 8.600403076922253e-05, 21, 17
5.097, 0.438601241026175, 0.08, -0.3408614648453401, -81.80675156288164, 263, 104, 8.605086149228466e-05, 21, 9
5.133, 0.4420220863600839, 0.08, -0.3408614648453401, -81.80675156288164, 258, 89, 8.611379044614921e-05, 21, 18
5.17, 0.4449542395034344, 0.08, -0.3408614648453401, -81.80675156288164, 265, 103, 8.60646498072407e-05, 21, 14
5.21, 0.4486194309326224, 0.08, -0.3408614648453401, -81.80675156288164, 260, 94, 8.610737637862236e-05, 21, 8
5.249, 0.4520402762665314, 0.08, -0.3408614648453401, -81.80675156288164, 266, 101, 8.61193134438048e-05, 21, 11
5.286, 0.455216775505161, 0.08, -0.3408614648453401, -81.80675156288164, 251, 101, 8.611743766650795e-05, 21, 12
5.323, 0.4581489286485115, 0.08, -0.3408614648453401, -81.80675156288164, 252, 93, 8.60696841346067e-05, 21, 6
5.361, 0.4618141200776996, 0.07000000000000001, -0.3508614648453401, -84.20675156288162, 282, 94, 8.614327925344146e-05, 21, 33
5.397, 0.4649906193163293, 0.08, -0.3408614648453401, -81.80675156288164, 264, 105, 8.615723908029077e-05, 21, 23
5.434, 0.4681671185549589, 0.08, -0.3408614648453401, -81.80675156288164, 252, 94, 8.6155156156599e-05, 21, 26
5.476, 0.4720766560794262, 0.07000000000000001, -0.3508614648453401, -84.20675156288162, 262, 96, 8.620830096410266e-05, 21, 14
5.514, 0.4750088092227768, 0.07000000000000001, -0.3508614648453401, -84.20675156288162, 254, 90, 8.614595742161347e-05, 21, 14
5.554, 0.4784296545566856, 0.08, -0.3408614648453401, -81.80675156288164, 262, 97, 8.614145742828333e-05, 21, 15
5.596, 0.4823391920811529, 0.08, -0.3408614648453401, -81.80675156288164, 261, 95, 8.619356541836186e-05, 21, 3
5.633, 0.4855156913197826, 0.08, -0.3408614648453401, -81.80675156288164, 262, 99, 8.619131747200118e-05, 21, 5
5.673, 0.4889365366536914, 0.08, -0.3408614648453401, -81.80675156288164, 270, 99, 8.618659204189873e-05, 21, 13
5.714, 0.4926017280828795, 0.08, -0.3408614648453401, -81.80675156288164, 259, 101, 8.620961289514867e-05, 21, 15
5.75, 0.4957782273215092, 0.08, -0.3408614648453401, -81.80675156288164, 250, 91, 8.622230040374072e-05, 21, 20
5.786, 0.498954726560139, 0.08, -0.3408614648453401, -81.80675156288164, 259, 101, 8.623483003113359e-05, 21, 18
5.824, 0.5023755718940478, 0.09, -0.3308614648453401, -79.40675156288163, 266, 106, 8.625954187741206e-05, 21, 8
5.865, 0.5057964172279567, 0.1, -0.3208614648453401, -77.00675156288163, 266, 97, 8.623979833383745e-05, 21, 13
5.903, 0.5092172625618655, 0.09, -0.3308614648453401, -79.40675156288163, 258, 99, 8.626414747786981e-05, 21, 9
5.942, 0.5126381078957744, 0.13, -0.2908614648453401, -69.80675156288163, 262, 98, 8.627366339545176e-05, 21, 5
5.977, 0.515814607134404, 0.19, -0.2308614648453401, -55.40675156288163, 261, 93, 8.629991753963596e-05, 21, 8
6.013, 0.5187467602777546, 0.27, -0.1508614648453401, -36.20675156288163, 243, 116, 8.627087315445776e-05, 21, 30
6.05, 0.5221676056116634, 0.26, -0.1608614648453401, -38.60675156288163, 213, 142, 8.63086951424237e-05, 21, 60
6.09, 0.5255884509455724, 0.25, -0.1708614648453401, -41.00675156288163, 212, 137, 8.630352232275408e-05, 21, 11
6.128, 0.5292536423747604, 0.26, -0.1608614648453401, -38.60675156288163, 226, 147, 8.63664560011032e-05, 21, 24
6.163, 0.532185795518111, 0.28, -0.1408614648453401, -33.80675156288163, 212, 141, 8.635174355315771e-05, 21, 12
6.2, 0.5353622947567407, 0.31, -0.1108614648453401, -26.60675156288163, 215, 136, 8.634875721882914e-05, 21, 11
6.24, 0.5390274861859288, 0.32, -0.1008614648453401, -24.20675156288163, 208, 153, 8.63826099656937e-05, 21, 22
6.285, 0.5426926776151168, 0.32, -0.1008614648453401, -24.20675156288163, 200, 162, 8.634728363009019e-05, 21, 21
6.327, 0.5463578690443049, 0.3, -0.1208614648453401, -29.00675156288163, 214, 148, 8.635338533970366e-05, 21, 29
6.362, 0.5497787143782138, 0.28, -0.1408614648453401, -33.80675156288163, 216, 154, 8.641601923580851e-05, 21, 10
6.404, 0.553443905807402, 0.29, -0.1308614648453401, -31.40675156288163, 207, 148, 8.642159678441629e-05, 21, 18
6.436, 0.5558873667601939, 0.26, -0.1608614648453401, -38.60675156288163, 220, 142, 8.637156102551181e-05, 21, 19
6.477, 0.5597969042846612, 0.25, -0.1708614648453401, -41.00675156288163, 218, 144, 8.642842431444514e-05, 21, 3
6.516, 0.5632177496185701, 0.24, -0.1808614648453401, -43.40675156288163, 212, 141, 8.643611872599296e-05, 21, 7
6.554, 0.5663942488571998, 0.22, -0.2008614648453401, -48.20675156288163, 214, 138, 8.641962905968871e-05, 21, 3
6.594, 0.5698150941911088, 0.24, -0.1808614648453401, -43.40675156288163, 224, 133, 8.64141786762373e-05, 21, 14
6.63, 0.5729915934297384, 0.3, -0.1208614648453401, -29.00675156288163, 232, 128, 8.642407140720037e-05, 21, 16
6.668, 0.5764124387636473, 0.43, 0.009138535154659877, 2.19324843711837, 218, 149, 8.644457689916726e-05, 22, 31
6.706, 0.5798332840975561, 0.44, 0.01913853515465988, 4.59324843711837, 195, 171, 8.646484999963558e-05, 22, 49
6.748, 0.5834984755267443, 0.45, 0.02913853515465987, 6.99324843711837, 177, 183, 8.646983928967758e-05, 22, 31
6.787, 0.5869193208606531, 0.35, -0.07086146484534011, -17.00675156288163, 167, 174, 8.647698848690926e-05, 23, 19
6.823, 0.5900958200992829, 0.24, -0.1808614648453401, -43.40675156288163, 183, 182, 8.648626998377294e-05, 23, 21
6.866, 0.5935166654331915, 0.18, -0.2408614648453401, -57.80675156288163, 212, 152, 8.644285835030463e-05, 23, 50
6.908, 0.597426202957659, 0.15, -0.2708614648453401, -65.00675156288164, 232, 118, 8.648323725501722e-05, 23, 65
6.946, 0.600847048291568, 0.2, -0.2208614648453401, -53.00675156288163, 249, 115, 8.650259837195048e-05, 23, 21
6.983, 0.6040235475301976, 0.32, -0.1008614648453401, -24.20675156288163, 238, 123, 8.649914757700094e-05, 23, 15
7.021, 0.6076887389593857, 0.49, 0.06913853515465989, 16.59324843711837, 236, 136, 8.655301794037682e-05, 24, 17
7.058, 0.6108652381980154, 0.52, 0.09913853515465988, 23.79324843711837, 193, 169, 8.654933950099396e-05, 24, 75
7.094, 0.614041737436645, 0.5699999999999999, 0.1491385351546599, 35.79324843711837, 149, 209, 8.655789927215183e-05, 24, 77
7.135, 0.6174625827705539, 0.5300000000000001, 0.1091385351546599, 26.19324843711837, 133, 208, 8.653995553897042e-05, 24, 26
7.171, 0.6203947359139043, 0.39, -0.03086146484534012, -7.406751562881629, 146, 190, 8.6514396306499e-05, 25, 33
7.214, 0.6243042734383717, 0.23, -0.1908614648453401, -45.80675156288163, 185, 199, 8.654065337376929e-05, 25, 49
7.254, 0.6282138109628389, 0.13, -0.2908614648453401, -69.80675156288163, 201, 171, 8.660240018787412e-05, 25, 37
7.293, 0.6313903102014686, 0.12, -0.3008614648453401, -72.20675156288163, 240, 98, 8.657484028540637e-05, 25, 105
7.33, 0.6343224633448191, 0.17, -0.2508614648453401, -60.20675156288164, 255, 96, 8.653785311661924e-05, 25, 42
7.37, 0.6379876547740073, 0.39, -0.03086146484534012, -7.406751562881629, 241, 111, 8.656548911451932e-05, 25, 31
7.41, 0.6414085001079161, 0.5899999999999999, 0.1691385351546599, 40.59324843711837, 228, 143, 8.65598515665204e-05, 26, 38
7.448, 0.6450736915371041, 0.6800000000000001, 0.2591385351546599, 62.19324843711838, 186, 188, 8.661032378317724e-05, 26, 90
7.488, 0.648494536871013, 0.6800000000000001, 0.2591385351546599, 62.19324843711838, 122, 228, 8.660450545820151e-05, 26, 111
7.527, 0.6516710361096427, 0.54, 0.1191385351546599, 28.59324843711837, 108, 248, 8.657779143213004e-05, 26, 34
7.568, 0.6553362275388308, 0.21, -0.2108614648453401, -50.60675156288163, 137, 238, 8.659305332172712e-05, 27, 36
7.613, 0.6594901111585773, 0.09, -0.3308614648453401, -79.40675156288163, 170, 188, 8.662683714154436e-05, 27, 81
7.654, 0.6631553025877653, 0.08, -0.3408614648453401, -81.80675156288164, 233, 124, 8.664166482724919e-05, 27, 119
7.689, 0.6658431096358367, 0.1, -0.3208614648453401, -77.00675156288163, 264, 81, 8.65968408942433e-05, 27, 86
7.728, 0.6692639549697455, 0.18, -0.2408614648453401, -57.80675156288163, 265, 99, 8.660247864515341e-05, 27, 15
7.77, 0.6731734924942129, 0.49, 0.06913853515465989, 16.59324843711837, 262, 122, 8.663751512152032e-05, 28, 20
7.806, 0.6765943378281217, 0.6800000000000001, 0.2591385351546599, 62.19324843711838, 223, 140, 8.667618983193975e-05, 28, 62
7.847, 0.6800151831620306, 0.73, 0.3091385351546599, 74.19324843711838, 157, 195, 8.665925616949544e-05, 28, 110
7.887, 0.6831916824006603, 0.73, 0.3091385351546599, 74.19324843711838, 110, 246, 8.662250315717767e-05, 28, 110
7.926, 0.6866125277345692, 0.5699999999999999, 0.1491385351546599, 35.79324843711837, 99, 252, 8.662787379946622e-05, 28, 19
7.964, 0.6900333730684781, 0.32, -0.1008614648453401, -24.20675156288163, 114, 251, 8.664406994832724e-05, 29, 16
8.006, 0.6939429105929454, 0.11, -0.3108614648453401, -74.60675156288163, 169, 194, 8.667785543254377e-05, 29, 112
8.042, 0.6968750637362959, 0.08, -0.3408614648453401, -81.80675156288164, 209, 154, 8.665444711965877e-05, 29, 79
8.077999999999999, 0.7000515629749255, 0.08, -0.3408614648453401, -81.80675156288164, 251, 97, 8.666149578793336e-05, 29, 103
8.118, 0.7034724083088344, 0.09, -0.3308614648453401, -79.40675156288163, 268, 91, 8.665587685499316e-05, 29, 26
8.154, 0.7066489075474641, 0.19, -0.2308614648453401, -55.40675156288163, 275, 100, 8.666285351330195e-05, 29, 14
8.194000000000001, 0.7105584450719313, 0.37, -0.05086146484534013, -12.20675156288163, 254, 116, 8.671692031632064e-05, 29, 33
8.234, 0.7139792904058404, 0.58, 0.1591385351546599, 38.19324843711837, 221, 135, 8.671111129534131e-05, 30, 47
8.273999999999999, 0.7174001357397493, 0.71, 0.2891385351546599, 69.39324843711837, 161, 191, 8.67053584408689e-05, 30, 118
8.315, 0.7210653271689374, 0.75, 0.3291385351546599, 78.99324843711837, 115, 250, 8.671862022476697e-05, 30, 112
8.353, 0.724241826407567, 0.76, 0.3391385351546599, 81.39324843711838, 97, 241, 8.670439679247778e-05, 30, 26
8.388, 0.7271739795509174, 0.71, 0.2891385351546599, 69.39324843711837, 108, 241, 8.669217686586999e-05, 30, 14
8.427, 0.7308391709801056, 0.61, 0.1891385351546599, 45.39324843711837, 111, 270, 8.672590138603363e-05, 30, 34
8.468, 0.7342600163140144, 0.49, 0.06913853515465989, 16.59324843711837, 119, 263, 8.670996886088975e-05, 30, 16
8.504, 0.7376808616479233, 0.4, -0.02086146484534012, -5.00675156288163, 140, 198, 8.674516247035788e-05, 31, 73
8.545999999999999, 0.7413460530771115, 0.39, -0.03086146484534012, -7.406751562881629, 192, 170, 8.674772444150614e-05, 31, 89
8.585000000000001, 0.7445225523157411, 0.44, 0.01913853515465988, 4.59324843711837, 184, 155, 8.672365198785569e-05, 32, 23
8.624000000000001, 0.74794339764965, 0.58, 0.1591385351546599, 38.19324843711837, 159, 178, 8.672813052523772e-05, 32, 49
8.664999999999999, 0.751608589078838, 0.7199999999999999, 0.2991385351546599, 71.79324843711837, 172, 218, 8.674074888388205e-05, 32, 53
8.704000000000001, 0.7552737805080261, 0.79, 0.3691385351546599, 88.59324843711837, 148, 228, 8.677318250321992e-05, 32, 33
8.74, 0.7582059336513765, 0.8, 0.3791385351546599, 90.99324843711837, 84, 247, 8.675125098986001e-05, 32, 73
8.779999999999999, 0.7616267789852854, 0.8, 0.3791385351546599, 90.99324843711837, 83, 282, 8.674564680925803e-05, 32, 50
8.818, 0.7650476243191945, 0.79, 0.3691385351546599, 88.59324843711837, 92, 281, 8.675976687675147e-05, 32, 11
8.853999999999999, 0.768224123557824, 0.8, 0.3791385351546599, 90.99324843711837, 91, 268, 8.676576954572216e-05, 32, 17
8.893000000000001, 0.7714006227964537, 0.8100000000000001, 0.3891385351546599, 93.39324843711838, 90, 279, 8.674245168069872e-05, 32, 16
8.926, 0.7745771220350834, 0.8100000000000001, 0.3891385351546599, 93.39324843711838, 84, 267, 8.677762962526142e-05, 32, 19
8.962999999999999, 0.777509275178434, 0.8100000000000001, 0.3891385351546599, 93.39324843711838, 88, 264, 8.674654414575855e-05, 32, 6
8.996, 0.7804414283217843, 0.8100000000000001, 0.3891385351546599, 93.39324843711838, 85, 279, 8.675427171207028e-05, 32, 17
9.034000000000001, 0.7841066197509726, 0.8100000000000001, 0.3891385351546599, 93.39324843711838, 87, 291, 8.679506528126771e-05, 32, 15
9.076000000000001, 0.7877718111801606, 0.8100000000000001, 0.3891385351546599, 93.39324843711838, 94, 275, 8.679724671442932e-05, 32, 27
9.114000000000001, 0.7911926565140694, 0.8199999999999999, 0.3991385351546599, 95.79324843711836, 82, 252, 8.681069305618493e-05, 32, 31
9.154, 0.7943691557526991, 0.8199999999999999, 0.3991385351546599, 95.79324843711836, 78, 262, 8.677836527776918e-05, 32, 17
9.188000000000001, 0.7975456549913288, 0.8100000000000001, 0.3891385351546599, 93.39324843711838, 91, 279, 8.680296636823343e-05, 32, 36
9.226000000000001, 0.8009665003252376, 0.8100000000000001, 0.3891385351546599, 93.39324843711838, 88, 278, 8.681622591862537e-05, 32, 4
9.266, 0.8041429995638673, 0.8100000000000001, 0.3891385351546599, 93.39324843711838, 79, 287, 8.678426500797187e-05, 32, 19
9.303000000000001, 0.8075638448977763, 0.8100000000000001, 0.3891385351546599, 93.39324843711838, 88, 266, 8.680681983207311e-05, 32, 27
9.343999999999999, 0.8109846902316853, 0.8100000000000001, 0.3891385351546599, 93.39324843711838, 89, 267, 8.679202592376768e-05, 32, 6
9.382999999999999, 0.814405535565594, 0.8100000000000001, 0.3891385351546599, 93.39324843711838, 81, 267, 8.67958579948411e-05, 32, 12
9.42, 0.817826380899503, 0.8199999999999999, 0.3991385351546599, 95.79324843711836, 85, 275, 8.681808714432091e-05, 32, 8
9.457000000000001, 0.8210028801381327, 0.8299999999999999, 0.4091385351546599, 98.19324843711838, 93, 283, 8.681430476241227e-05, 32, 22
9.493, 0.8241793793767622, 0.8199999999999999, 0.3991385351546599, 95.79324843711836, 79, 276, 8.681969655290869e-05, 32, 22
9.532999999999999, 0.827600224710671, 0.8299999999999999, 0.4091385351546599, 98.19324843711838, 77, 272, 8.68142478454496e-05, 32, 7
9.57, 0.8310210700445801, 0.84, 0.4191385351546598, 100.5932484371184, 87, 278, 8.683605747592267e-05, 32, 15
9.608000000000001, 0.8341975692832097, 0.8699999999999999, 0.4491385351546599, 107.7932484371184, 87, 284, 8.68232274441309e-05, 32, 8
9.646000000000001, 0.8376184146171186, 0.8199999999999999, 0.3991385351546599, 95.79324843711836, 72, 283, 8.683582983797622e-05, 32, 17
9.682, 0.8407949138557484, 0.8, 0.3791385351546599, 90.99324843711837, 64, 289, 8.684103634122581e-05, 32, 13
9.724, 0.8444601052849364, 0.7800000000000001, 0.3591385351546599, 86.19324843711837, 94, 260, 8.684287384666149e-05, 32, 56
9.759, 0.8476366045235661, 0.75, 0.3291385351546599, 78.99324843711837, 99, 263, 8.68569120323359e-05, 32, 8
9.800000000000001, 0.8513017959527541, 0.79, 0.3691385351546599, 88.59324843711837, 90, 272, 8.686753019926062e-05, 32, 22
9.836, 0.8542339490961044, 0.8100000000000001, 0.3891385351546599, 93.39324843711838, 98, 258, 8.684769714275157e-05, 32, 19
9.877000000000001, 0.8578991405252927, 0.8, 0.3791385351546599, 90.99324843711837, 93, 272, 8.685827078316217e-05, 32, 14
9.914999999999999, 0.8613199858592015, 0.8, 0.3791385351546599, 90.99324843711837, 80, 270, 8.687039696008084e-05, 32, 17
9.954000000000001, 0.8649851772883897, 0.79, 0.3691385351546599, 88.59324843711837, 87, 283, 8.689824967735481e-05, 32, 20
9.99, 0.8679173304317402, 0.7800000000000001, 0.3591385351546599, 86.19324843711837, 97, 258, 8.687861165482886e-05, 32, 35
10.033, 0.8715825218609282, 0.79, 0.3691385351546599, 88.59324843711837, 92, 260, 8.687157598534119e-05, 32, 6
10.077, 0.8754920593853955, 0.8199999999999999, 0.3991385351546599, 95.79324843711836, 88, 268, 8.688022818154169e-05, 32, 16
10.114, 0.8786685586240251, 0.8199999999999999, 0.3991385351546599, 95.79324843711836, 88, 274, 8.687646417085478e-05, 32, 5
10.151, 0.8820894039579342, 0.8199999999999999, 0.3991385351546599, 95.79324843711836, 86, 278, 8.689679873489649e-05, 32, 8
10.191, 0.8852659031965636, 0.8100000000000001, 0.3891385351546599, 93.39324843711838, 86, 276, 8.686742254897103e-05, 32, 4
10.227, 0.8886867485304728, 0.8100000000000001, 0.3891385351546599, 93.39324843711838, 84, 282, 8.689613264207223e-05, 32, 6
10.267, 0.8923519399596607, 0.8199999999999999, 0.3991385351546599, 95.79324843711836, 90, 268, 8.691457484753684e-05, 32, 16
10.306, 0.8955284391982905, 0.8100000000000001, 0.3891385351546599, 93.39324843711838, 83, 282, 8.689389085952751e-05, 32, 17
10.347, 0.8994379767227578, 0.8, 0.3791385351546599, 90.99324843711837, 80, 267, 8.69274163257715e-05, 32, 14
10.384, 0.9026144759613874, 0.79, 0.3691385351546599, 88.59324843711837, 95, 277, 8.692358204558815e-05, 32, 21
10.424, 0.9057909752000171, 0.8100000000000001, 0.3891385351546599, 93.39324843711838, 89, 267, 8.689475970836694e-05, 32, 13
10.46, 0.909211820533926, 0.8100000000000001, 0.3891385351546599, 93.39324843711838, 94, 261, 8.692273618871186e-05, 32, 15
10.5, 0.9128770119631142, 0.8100000000000001, 0.3891385351546599, 93.39324843711838, 82, 278, 8.694066780601087e-05, 32, 28
10.534, 0.9155648190111854, 0.8199999999999999, 0.3991385351546599, 95.79324843711836, 81, 269, 8.691520970297944e-05, 32, 6
10.576, 0.9194743565356527, 0.84, 0.4191385351546598, 100.5932484371184, 82, 273, 8.693970844701708e-05, 32, 2
10.613, 0.9224065096790032, 0.84, 0.4191385351546598, 100.5932484371184, 80, 284, 8.691289076406324e-05, 32, 12
10.655, 0.9263160472034704, 0.84, 0.4191385351546598, 100.5932484371184, 78, 286, 8.693721700642612e-05, 32, 7
10.691, 0.9294925464421, 0.8299999999999999, 0.4091385351546599, 98.19324843711838, 86, 285, 8.694159072510525e-05, 32, 9
10.734, 0.9331577378712883, 0.8100000000000001, 0.3891385351546599, 93.39324843711838, 84, 273, 8.693476223880083e-05, 32, 13
10.774, 0.9368229293004763, 0.8100000000000001, 0.3891385351546599, 93.39324843711838, 82, 274, 8.695219317806536e-05, 32, 9
10.814, 0.9402437746343852, 0.8100000000000001, 0.3891385351546599, 93.39324843711838, 95, 267, 8.694689981823423e-05, 32, 25
10.85, 0.9434202738730148, 0.8, 0.3791385351546599, 90.99324843711837, 92, 280, 8.695117731548525e-05, 32, 15
10.889, 0.9468411192069238, 0.8199999999999999, 0.3991385351546599, 95.79324843711836, 74, 263, 8.69539093770708e-05, 32, 37
10.928, 0.9500176184455535, 0.8199999999999999, 0.3991385351546599, 95.79324843711836, 93, 268, 8.69342623028508e-05, 32, 23
10.964, 0.953194117684183, 0.6800000000000001, 0.2591385351546599, 62.19324843711838, 90, 264, 8.693853681906084e-05, 32, 10
11.008, 0.9571036552086504, 0.24, -0.1808614648453401, -43.40675156288163, 86, 270, 8.694618960834397e-05, 33, 11
11.044, 0.9600358083520009, 0.08, -0.3408614648453401, -81.80675156288164, 129, 241, 8.69282694994568e-05, 33, 55
11.083, 0.9639453458764681, 0.08, -0.3408614648453401, -81.80675156288164, 198, 169, 8.697512820323633e-05, 33, 153
11.12, 0.9671218451150978, 0.08, -0.3408614648453401, -81.80675156288164, 255, 119, 8.697138894919943e-05, 33, 99
11.157, 0.9700539982584484, 0.08, -0.3408614648453401, -81.80675156288164, 268, 72, 8.694577379747678e-05, 33, 71
11.194, 0.9729861514017989, 0.08, -0.3408614648453401, -81.80675156288164, 232, 99, 8.692032797943533e-05, 33, 49
11.233, 0.9766513428309869, 0.07000000000000001, -0.3508614648453401, -84.20675156288162, 269, 119, 8.694483600382682e-05, 33, 59
11.274, 0.9805608803554541, 0.08, -0.3408614648453401, -81.80675156288164, 288, 86, 8.697541958093439e-05, 33, 60
11.315, 0.9842260717846422, 0.08, -0.3408614648453401, -81.80675156288164, 257, 96, 8.698418663584995e-05, 33, 41
11.351, 0.9871582249279927, 0.1, -0.3208614648453401, -77.00675156288163, 260, 91, 8.696663068698729e-05, 33, 3
11.394, 0.9908234163571809, 0.19, -0.2308614648453401, -55.40675156288163, 258, 97, 8.696010324356511e-05, 33, 2
11.434, 0.9944886077863689, 0.44, 0.01913853515465988, 4.59324843711837, 245, 112, 8.697643937260528e-05, 34, 22
11.476, 0.9983981453108361, 0.6800000000000001, 0.2591385351546599, 62.19324843711838, 221, 144, 8.699879272488987e-05, 34, 52
11.517, 1.001818990644745, 0.8199999999999999, 0.3991385351546599, 95.79324843711836, 158, 197, 8.698610668097119e-05, 34, 120
11.553, 1.005239835978654, 0.85, 0.4291385351546599, 102.9932484371184, 94, 272, 8.701115173363229e-05, 34, 117
11.595, 1.008660681312563, 0.84, 0.4191385351546598, 100.5932484371184, 71, 271, 8.699100313174325e-05, 34, 50
11.634, 1.012081526646472, 0.74, 0.3191385351546599, 76.59324843711836, 78, 258, 8.699342673598693e-05, 34, 22
11.676, 1.01574671807566, 0.54, 0.1191385351546599, 28.59324843711837, 93, 289, 8.699440887938163e-05, 34, 42
11.719, 1.019656255600127, 0.33, -0.09086146484534012, -21.80675156288163, 116, 250, 8.70088109565771e-05, 35, 56
11.758, 1.023077100934036, 0.27, -0.1508614648453401, -36.20675156288163, 177, 186, 8.701114993485593e-05, 35, 130
11.794, 1.026497946267945, 0.3, -0.1208614648453401, -29.00675156288163, 214, 138, 8.703560677191327e-05, 35, 81
11.834, 1.029674445506574, 0.44, 0.01913853515465988, 4.59324843711837, 195, 131, 8.700983991098314e-05, 36, 30
11.876, 1.033339636935763, 0.62, 0.1991385351546599, 47.79324843711837, 189, 175, 8.701074746848793e-05, 36, 52
11.914, 1.037004828364951, 0.79, 0.3691385351546599, 88.59324843711837, 184, 215, 8.704086187384179e-05, 36, 47
11.95, 1.040181327603581, 0.79, 0.3691385351546599, 88.59324843711837, 132, 224, 8.704446256096908e-05, 36, 53
11.986, 1.042869134651652, 0.8, 0.3791385351546599, 90.99324843711837, 74, 275, 8.700726970229031e-05, 36, 113
12.028, 1.046778672176119, 0.8100000000000001, 0.3891385351546599, 93.39324843711838, 80, 274, 8.702848953908539e-05, 36, 12
12.064, 1.049710825319469, 0.8199999999999999, 0.3991385351546599, 95.79324843711836, 92, 264, 8.701183896878891e-05, 36, 20
12.104, 1.053376016748657, 0.8299999999999999, 0.4091385351546599, 98.19324843711838, 94, 285, 8.702709986357052e-05, 36, 28
12.142, 1.056796862082567, 0.86, 0.4391385351546599, 105.3932484371184, 80, 279, 8.703647356963982e-05, 36, 16
12.185, 1.060462053511755, 0.86, 0.4391385351546599, 105.3932484371184, 74, 273, 8.703012339037791e-05, 36, 15
12.221, 1.063638552750384, 0.86, 0.4391385351546599, 105.3932484371184, 82, 284, 8.703367586534526e-05, 36, 16
12.263, 1.067303744179572, 0.7800000000000001, 0.3591385351546599, 86.19324843711837, 66, 282, 8.703447314519876e-05, 36, 13
12.304, 1.070968935608761, 0.5899999999999999, 0.1691385351546599, 40.59324843711837, 77, 271, 8.704233871982774e-05, 36, 12
12.344, 1.074389780942669, 0.19, -0.2308614648453401, -55.40675156288163, 103, 259, 8.703740934402701e-05, 37, 39
12.384, 1.077810626276578, 0.07000000000000001, -0.3508614648453401, -84.20675156288162, 163, 194, 8.703251181173918e-05, 37, 126
12.423, 1.081231471610487, 0.08, -0.3408614648453401, -81.80675156288164, 228, 141, 8.703465118010843e-05, 37, 112
12.458, 1.084163624753838, 0.08, -0.3408614648453401, -81.80675156288164, 254, 89, 8.702549564567647e-05, 37, 90
12.5, 1.087828816183026, 0.07000000000000001, -0.3508614648453401, -84.20675156288162, 238, 91, 8.702630529464205e-05, 37, 21
12.538, 1.091494007612214, 0.08, -0.3408614648453401, -81.80675156288164, 264, 127, 8.705487379264746e-05, 37, 65
12.574, 1.094181814660285, 0.09, -0.3308614648453401, -79.40675156288163, 280, 96, 8.701939038176276e-05, 37, 40
12.608, 1.097358313898915, 0.11, -0.3108614648453401, -74.60675156288163, 274, 84, 8.703666829782001e-05, 37, 19
12.647, 1.100779159232824, 0.16, -0.2608614648453401, -62.60675156288163, 239, 101, 8.703875695681377e-05, 37, 58
12.684, 1.103955658471453, 0.22, -0.2008614648453401, -48.20675156288163, 247, 110, 8.703529316236624e-05, 37, 10
12.72, 1.107376503805362, 0.35, -0.07086146484534011, -17.00675156288163, 246, 127, 8.705790124255991e-05, 37, 27
12.76, 1.110797349139271, 0.45, 0.02913853515465987, 6.99324843711837, 212, 140, 8.705308378834411e-05, 38, 54
12.796, 1.113973848377901, 0.5300000000000001, 0.1091385351546599, 26.19324843711837, 185, 179, 8.705641203328391e-05, 38, 58
12.837, 1.117639039807089, 0.54, 0.1191385351546599, 28.59324843711837, 158, 215, 8.706388095404602e-05, 38, 69
12.874, 1.120815539045719, 0.41, -0.01086146484534012, -2.606751562881629, 138, 199, 8.706039607314887e-05, 39, 27
12.916, 1.124236384379627, 0.17, -0.2508614648453401, -60.20675156288164, 180, 178, 8.704214806283892e-05, 39, 66
12.956, 1.127657229713536, 0.09, -0.3308614648453401, -79.40675156288163, 199, 168, 8.703745212361348e-05, 39, 35
12.996, 1.131566767238004, 0.08, -0.3408614648453401, -81.80675156288164, 242, 118, 8.707038836857523e-05, 39, 87
13.036, 1.134743266476633, 0.08, -0.3408614648453401, -81.80675156288164, 275, 84, 8.704689064717961e-05, 39, 77
13.074, 1.138164111810542, 0.1, -0.3208614648453401, -77.00675156288163, 257, 99, 8.705553861178998e-05, 39, 33
13.114, 1.14182930323973, 0.13, -0.2908614648453401, -69.80675156288163, 265, 101, 8.706949086775433e-05, 39, 8
13.148, 1.144761456383081, 0.14, -0.2808614648453402, -67.40675156288162, 257, 108, 8.706734532880137e-05, 39, 8
13.184, 1.14793795562171, 0.17, -0.2508614648453401, -60.20675156288164, 229, 115, 8.707053668247198e-05, 39, 33
13.225, 1.151603147050899, 0.21, -0.2108614648453401, -50.60675156288163, 249, 117, 8.707774268815868e-05, 39, 21
13.261, 1.155023992384808, 0.31, -0.1108614648453401, -26.60675156288163, 254, 122, 8.709931320298679e-05, 39, 14
13.305, 1.158689183813995, 0.48, 0.05913853515465988, 14.19324843711837, 211, 143, 8.708674812581702e-05, 40, 67
13.344, 1.161865683052625, 0.62, 0.1991385351546599, 47.79324843711837, 186, 166, 8.707027001293653e-05, 40, 47
13.384, 1.165286528386534, 0.6600000000000001, 0.2391385351546599, 57.39324843711837, 147, 202, 8.706564019624434e-05, 40, 71
13.424, 1.169196065911001, 0.5600000000000001, 0.1391385351546599, 33.39324843711837, 119, 240, 8.709744233544408e-05, 40, 72
13.46, 1.172128219054352, 0.29, -0.1308614648453401, -31.40675156288163, 136, 226, 8.708233425366656e-05, 41, 21
13.5, 1.17579341048354, 0.06, -0.3608614648453401, -86.60675156288162, 177, 194, 8.709580818396592e-05, 41, 75
13.541, 1.179458601912728, 0.04, -0.3808614648453401, -91.40675156288163, 215, 146, 8.710276950836187e-05, 41, 83
13.577, 1.182390755056078, 0.05, -0.3708614648453401, -89.00675156288164, 265, 77, 8.708777749547606e-05, 41, 125
13.616, 1.185567254294708, 0.05, -0.3708614648453401, -89.00675156288164, 265, 62, 8.707162560918832e-05, 41, 21
13.652, 1.188743753533338, 0.04, -0.3808614648453401, -91.40675156288163, 261, 95, 8.707469627405054e-05, 41, 38
13.694, 1.192653291057805, 0.11, -0.3108614648453401, -74.60675156288163, 293, 98, 8.709312772439061e-05, 41, 33
13.737, 1.196562828582272, 0.42, -0.000861464845340123, -0.2067515628816295, 265, 92, 8.710510508715677e-05, 41, 33
13.773, 1.199494981725623, 0.52, 0.09913853515465988, 23.79324843711837, 229, 123, 8.709032031696964e-05, 42, 61
13.816, 1.203648865345369, 0.5300000000000001, 0.1091385351546599, 26.19324843711837, 194, 172, 8.711992366425662e-05, 42, 84
13.856, 1.207314056774557, 0.55, 0.1291385351546599, 30.99324843711837, 144, 229, 8.713294289654716e-05, 42, 109
13.894, 1.210490556013187, 0.61, 0.1891385351546599, 45.39324843711837, 130, 197, 8.712325867375753e-05, 42, 46
13.931, 1.213422709156538, 0.61, 0.1891385351546599, 45.39324843711837, 132, 195, 8.710234076208007e-05, 42, 16
13.972, 1.217087900585726, 0.61, 0.1891385351546599, 45.39324843711837, 151, 236, 8.710906817819396e-05, 42, 73
14.01, 1.220508745919634, 0.5899999999999999, 0.1691385351546599, 40.59324843711837, 142, 240, 8.711696973016664e-05, 42, 14
14.048, 1.223929591253544, 0.49, 0.06913853515465989, 16.59324843711837, 142, 231, 8.712482853456317e-05, 42, 11
14.084, 1.227106090492173, 0.36, -0.06086146484534012, -14.60675156288163, 137, 197, 8.712766902102905e-05, 43, 38
14.125, 1.230526935826082, 0.21, -0.2108614648453401, -50.60675156288163, 179, 180, 8.711695120892617e-05, 43, 64
14.16, 1.233459088969433, 0.17, -0.2508614648453401, -60.20675156288164, 198, 148, 8.710869272382999e-05, 43, 41
14.196, 1.236635588208062, 0.17, -0.2508614648453401, -60.20675156288164, 228, 122, 8.711155171936195e-05, 43, 61
14.238, 1.24054512573253, 0.31, -0.1108614648453401, -26.60675156288163, 261, 124, 8.712917022984476e-05, 43, 36
14.277, 1.243965971066438, 0.5300000000000001, 0.1091385351546599, 26.19324843711837, 226, 134, 8.71307677429739e-05, 44, 42
14.313, 1.246898124209789, 0.65, 0.2291385351546599, 54.99324843711837, 193, 159, 8.711647622509528e-05, 44, 47
14.351, 1.250318969543698, 0.6800000000000001, 0.2591385351546599, 62.19324843711838, 153, 219, 8.712417040928839e-05, 44, 103
14.393, 1.253739814877607, 0.5899999999999999, 0.1691385351546599, 40.59324843711837, 103, 250, 8.710760889860396e-05, 44, 87
14.434, 1.257649352402074, 0.35, -0.07086146484534011, -17.00675156288163, 135, 226, 8.713103452972661e-05, 45, 44
14.477, 1.261314543831262, 0.15, -0.2708614648453401, -65.00675156288164, 152, 213, 8.712540884377024e-05, 45, 36
14.514, 1.26497973526045, 0.11, -0.3108614648453401, -74.60675156288163, 201, 168, 8.715583128430827e-05, 45, 88
14.553, 1.267911888403801, 0.11, -0.3108614648453401, -74.60675156288163, 250, 83, 8.71237468840652e-05, 45, 135
14.59, 1.270844041547151, 0.16, -0.2608614648453401, -62.60675156288163, 243, 88, 8.710377255292331e-05, 45, 8
14.63, 1.274997925166897, 0.34, -0.08086146484534012, -19.40675156288163, 267, 124, 8.714955059240584e-05, 45, 60
14.67, 1.278174424405527, 0.5899999999999999, 0.1691385351546599, 40.59324843711837, 230, 126, 8.712845428803867e-05, 46, 35
14.713, 1.282083961929995, 0.6800000000000001, 0.2591385351546599, 62.19324843711838, 178, 181, 8.713953387684324e-05, 46, 92
14.754, 1.285504807263903, 0.7, 0.2791385351546599, 66.99324843711837, 132, 240, 8.712924002059806e-05, 46, 119
14.795, 1.289169998693091, 0.5699999999999999, 0.1491385351546599, 35.79324843711837, 101, 255, 8.713551866800213e-05, 46, 56
14.834, 1.292590844027, 0.25, -0.1708614648453401, -41.00675156288163, 119, 227, 8.713703950566268e-05, 47, 34
14.874, 1.296011689360909, 0.17, -0.2508614648453401, -60.20675156288164, 169, 196, 8.713269391965236e-05, 47, 85
14.914, 1.299676880790097, 0.12, -0.3008614648453401, -72.20675156288163, 223, 148, 8.71447553164877e-05, 47, 110
14.948, 1.302609033933448, 0.12, -0.3008614648453401, -72.20675156288163, 243, 111, 8.714269694497244e-05, 47, 57
14.984, 1.306029879267357, 0.2, -0.2208614648453401, -53.00675156288163, 256, 109, 8.716163102424963e-05, 47, 15
15.024, 1.309206378505986, 0.34, -0.08086146484534012, -19.40675156288163, 243, 112, 8.714099963431751e-05, 47, 11
15.07, 1.313604608221012, 0.55, 0.1291385351546599, 30.99324843711837, 212, 155, 8.716686185939032e-05, 48, 66
15.11, 1.317025453554921, 0.67, 0.2491385351546599, 59.79324843711836, 185, 180, 8.716250519886968e-05, 48, 62
15.147, 1.320201952793551, 0.7199999999999999, 0.2991385351546599, 71.79324843711837, 142, 209, 8.715930235647656e-05, 48, 61
15.183, 1.323134105936901, 0.6899999999999999, 0.2691385351546598, 64.59324843711837, 108, 233, 8.714576209819544e-05, 48, 68
15.222, 1.32655495127081, 0.54, 0.1191385351546599, 28.59324843711837, 108, 256, 8.714721792608135e-05, 48, 29
15.261, 1.330220142699998, 0.31, -0.1108614648453401, -26.60675156288163, 141, 232, 8.716467745888201e-05, 49, 51
15.301, 1.333640988033907, 0.17, -0.2508614648453401, -60.20675156288164, 176, 189, 8.71603808923539e-05, 49, 70
15.344, 1.337550525558374, 0.15, -0.2708614648453401, -65.00675156288164, 218, 143, 8.717091537789196e-05, 49, 97
15.384, 1.340727024797004, 0.19, -0.2308614648453401, -55.40675156288163, 236, 109, 8.715074264151092e-05, 49, 53
15.426, 1.344636562321471, 0.35, -0.07086146484534011, -17.00675156288163, 243, 116, 8.716689759636143e-05, 49, 11
15.464, 1.34805740765538, 0.55, 0.1291385351546599, 30.99324843711837, 237, 136, 8.717391410083938e-05, 50, 27
15.507, 1.351966945179848, 0.7199999999999999, 0.2991385351546599, 71.79324843711837, 177, 190, 8.718430032758416e-05, 50, 113
15.543, 1.355143444418477, 0.7800000000000001, 0.3591385351546599, 86.19324843711837, 133, 220, 8.718673643559654e-05, 50, 71
15.584, 1.358564289752386, 0.76, 0.3391385351546599, 81.39324843711838, 97, 249, 8.717686664222189e-05, 50, 68
15.624, 1.361740788991016, 0.6899999999999999, 0.2691385351546598, 64.59324843711837, 84, 273, 8.715698854269174e-05, 50, 38
15.664, 1.365650326515483, 0.6, 0.1791385351546599, 42.99324843711837, 109, 265, 8.718400960900684e-05, 50, 24
15.7, 1.369071171849392, 0.52, 0.09913853515465988, 23.79324843711837, 135, 232, 8.720198546811414e-05, 50, 56
15.743, 1.37273636327858, 0.51, 0.08913853515465988, 21.39324843711837, 148, 206, 8.719661838776473e-05, 50, 46
15.786, 1.376157208612489, 0.52, 0.09913853515465988, 23.79324843711837, 156, 190, 8.717580188853978e-05, 50, 30
15.821, 1.379333707851119, 0.5899999999999999, 0.1691385351546599, 40.59324843711837, 147, 199, 8.718372466033237e-05, 50, 16
15.863, 1.382998899280307, 0.6800000000000001, 0.2591385351546599, 62.19324843711838, 153, 213, 8.718394372314863e-05, 50, 26
15.9, 1.386419744614216, 0.76, 0.3391385351546599, 81.39324843711838, 132, 230, 8.719621035309533e-05, 50, 30
15.94, 1.389840589948125, 0.79, 0.3691385351546599, 88.59324843711837, 96, 260, 8.719200689762388e-05, 50, 71
15.98, 1.393261435282033, 0.79, 0.3691385351546599, 88.59324843711837, 92, 259, 8.718782448573425e-05, 50, 10
16.017, 1.396437934520663, 0.79, 0.3691385351546599, 88.59324843711837, 95, 264, 8.718473712434683e-05, 50, 4
16.056, 1.399858779854572, 0.79, 0.3691385351546599, 88.59324843711837, 88, 285, 8.718602266159516e-05, 50, 27
16.091, 1.403279625188481, 0.8, 0.3791385351546599, 90.99324843711837, 94, 271, 8.720897552597606e-05, 50, 12
16.127, 1.406211778331831, 0.85, 0.4291385351546599, 102.9932484371184, 87, 267, 8.719611696731143e-05, 50, 14
16.166, 1.40963262366574, 0.85, 0.4291385351546599, 102.9932484371184, 86, 270, 8.719736630370781e-05, 50, 2
16.204, 1.413053468999649, 0.86, 0.4391385351546599, 105.3932484371184, 79, 289, 8.720399092814423e-05, 50, 28
16.241, 1.416229968238279, 0.84, 0.4191385351546598, 100.5932484371184, 74, 278, 8.720090931828576e-05, 50, 15
16.277, 1.419162121381629, 0.8199999999999999, 0.3991385351546599, 95.79324843711836, 72, 273, 8.7188187097231e-05, 50, 9
16.314, 1.422582966715538, 0.8199999999999999, 0.3991385351546599, 95.79324843711836, 84, 277, 8.720013281326088e-05, 50, 15
16.35, 1.425759465954167, 0.84, 0.4191385351546598, 100.5932484371184, 85, 275, 8.720241381982676e-05, 50, 9
16.395, 1.429669003478635, 0.8100000000000001, 0.3891385351546599, 93.39324843711838, 78, 282, 8.720152506731534e-05, 50, 18
16.431, 1.432845502717265, 0.8, 0.3791385351546599, 90.99324843711837, 79, 273, 8.720379177878794e-05, 50, 9
16.47, 1.436022001955894, 0.7800000000000001, 0.3591385351546599, 86.19324843711837, 86, 268, 8.71901640531812e-05, 50, 13
16.507, 1.439442847289803, 0.74, 0.3191385351546599, 76.59324843711836, 96, 266, 8.720196566849234e-05, 50, 15
16.549, 1.443352384814271, 0.74, 0.3191385351546599, 76.59324843711836, 102, 268, 8.721689436305944e-05, 50, 11
16.583, 1.446040191862342, 0.71, 0.2891385351546599, 69.39324843711837, 102, 238, 8.720015629634819e-05, 50, 30
16.623, 1.44970538329153, 0.7, 0.2791385351546599, 66.99324843711837, 106, 253, 8.721081533366599e-05, 50, 14
16.66, 1.45288188253016, 0.6899999999999999, 0.2691385351546598, 64.59324843711837, 115, 256, 8.720779607023767e-05, 50, 13
16.697, 1.456058381768789, 0.71, 0.2891385351546599, 69.39324843711837, 115, 235, 8.720479018798525e-05, 50, 21
16.734, 1.459234881007419, 0.73, 0.3091385351546599, 74.19324843711838, 111, 247, 8.720179759814862e-05, 50, 14
16.775, 1.462900072436607, 0.76, 0.3391385351546599, 81.39324843711838, 105, 252, 8.720715782036406e-05, 50, 12
16.814, 1.466076571675237, 0.74, 0.3191385351546599, 76.59324843711836, 104, 249, 8.719380109880081e-05, 50, 5
16.855, 1.469741763104425, 0.6899999999999999, 0.2691385351546598, 64.59324843711837, 96, 269, 8.71991553310249e-05, 50, 30
16.894, 1.473406954533613, 0.7, 0.2791385351546599, 66.99324843711837, 108, 264, 8.721480730043879e-05, 50, 8
16.93, 1.476583453772243, 0.6800000000000001, 0.2591385351546599, 62.19324843711838, 128, 233, 8.721697895878574e-05, 50, 61
16.969, 1.480004299106151, 0.62, 0.1991385351546599, 47.79324843711837, 110, 236, 8.721812122730576e-05, 50, 18
17.01, 1.48342514444006, 0.5699999999999999, 0.1491385351546599, 35.79324843711837, 117, 250, 8.720900320047384e-05, 50, 23
17.046, 1.486845989773969, 0.51, 0.08913853515465988, 21.39324843711837, 146, 217, 8.722550685052033e-05, 50, 59
17.086, 1.490511181203157, 0.4600000000000001, 0.03913853515465988, 9.39324843711837, 156, 213, 8.723581769888547e-05, 50, 15
17.124, 1.493687680441787, 0.48, 0.05913853515465988, 14.19324843711837, 163, 198, 8.722773186415482e-05, 50, 22
17.16, 1.496864179680417, 0.51, 0.08913853515465988, 21.39324843711837, 161, 179, 8.722984730072358e-05, 50, 22
17.197, 1.500040678919046, 0.54, 0.1191385351546599, 28.59324843711837, 161, 187, 8.722688136995094e-05, 50, 8
17.236, 1.503461524252955, 0.62, 0.1991385351546599, 47.79324843711837, 159, 212, 8.722798353753511e-05, 50, 26
17.27, 1.506393677396306, 0.65, 0.2291385351546599, 54.99324843711837, 140, 214, 8.722603806579651e-05, 50, 16
17.306, 1.509570176634935, 0.7, 0.2791385351546599, 66.99324843711837, 127, 235, 8.722813917918268e-05, 50, 42
17.347, 1.513235368064124, 0.73, 0.3091385351546599, 74.19324843711838, 127, 254, 8.723326039454221e-05, 50, 20
17.383, 1.516411867302753, 0.74, 0.3191385351546599, 76.59324843711836, 112, 249, 8.723533724344204e-05, 50, 22
17.426, 1.520077058731941, 0.73, 0.3091385351546599, 74.19324843711838, 97, 251, 8.723040621668435e-05, 50, 18
17.466, 1.52349790406585, 0.6899999999999999, 0.2691385351546598, 64.59324843711837, 97, 266, 8.722649170192661e-05, 50, 19
17.504, 1.526918749399759, 0.6899999999999999, 0.2691385351546598, 64.59324843711837, 112, 241, 8.723256109459319e-05, 50, 39
17.545, 1.530583940828947, 0.71, 0.2891385351546599, 69.39324843711837, 126, 236, 8.723761418232813e-05, 50, 23
17.582, 1.533760440067577, 0.7199999999999999, 0.2991385351546599, 71.79324843711837, 115, 249, 8.72346968528937e-05, 50, 24
17.624, 1.537425631496765, 0.63, 0.2091385351546599, 50.19324843711837, 104, 243, 8.723477255428762e-05, 50, 24
17.664, 1.541090822925953, 0.65, 0.2291385351546599, 54.99324843711837, 114, 249, 8.724472502977543e-05, 50, 17
17.704, 1.544511668259862, 0.63, 0.2091385351546599, 50.19324843711837, 136, 235, 8.72408307873849e-05, 50, 38
17.743, 1.54817685968905, 0.61, 0.1891385351546599, 45.39324843711837, 130, 238, 8.725564220757764e-05, 50, 7
17.783, 1.55135335892768, 0.52, 0.09913853515465988, 23.79324843711837, 130, 224, 8.723800027710061e-05, 50, 10
17.823, 1.555018550356868, 0.35, -0.07086146484534011, -17.00675156288163, 133, 204, 8.724785672203712e-05, 51, 21
17.858, 1.558195049595497, 0.21, -0.2108614648453401, -50.60675156288163, 169, 205, 8.725473455008945e-05, 51, 39
17.896, 1.561615894929406, 0.14, -0.2808614648453402, -67.40675156288162, 213, 154, 8.726061102645319e-05, 51, 93
17.934, 1.564548048072757, 0.21, -0.2108614648453401, -50.60675156288163, 241, 110, 8.723921311881103e-05, 51, 73
17.97, 1.567724547311387, 0.18, -0.2408614648453401, -57.80675156288163, 241, 106, 8.724121020096755e-05, 51, 9
18.013, 1.571634084835854, 0.16, -0.2608614648453401, -62.60675156288163, 224, 141, 8.724999083083627e-05, 51, 57
18.047, 1.574566237979204, 0.15, -0.2708614648453401, -65.00675156288164, 242, 124, 8.724808765884656e-05, 51, 36
18.084, 1.577742737217834, 0.14, -0.2808614648453402, -67.40675156288162, 238, 107, 8.724522988375545e-05, 51, 21
18.124, 1.581163582551743, 0.17, -0.2508614648453401, -60.20675156288164, 259, 112, 8.724142477111803e-05, 51, 21
18.161, 1.584828773980931, 0.18, -0.2408614648453401, -57.80675156288163, 250, 116, 8.726550156824684e-05, 51, 7
18.2, 1.588005273219561, 0.19, -0.2308614648453401, -55.40675156288163, 230, 128, 8.725303699008576e-05, 51, 36
18.236, 1.59118177245819, 0.2, -0.2208614648453401, -53.00675156288163, 234, 131, 8.725497765179812e-05, 51, 7
18.276, 1.594602617792099, 0.15, -0.2708614648453401, -65.00675156288164, 228, 116, 8.725118285139523e-05, 51, 19
18.317, 1.598267809221287, 0.17, -0.2508614648453401, -60.20675156288164, 242, 123, 8.725598128630711e-05, 51, 19
18.355, 1.601688654555196, 0.18, -0.2408614648453401, -57.80675156288163, 254, 110, 8.726170822964839e-05, 51, 27
18.393, 1.604865153793826, 0.2, -0.2208614648453401, -53.00675156288163, 235, 120, 8.725412677615537e-05, 51, 23
18.432, 1.608530345223014, 0.21, -0.2108614648453401, -50.60675156288163, 239, 135, 8.72683564031583e-05, 51, 22
18.473, 1.612195536652202, 0.19, -0.2308614648453401, -55.40675156288163, 222, 128, 8.727307620051981e-05, 51, 16
18.513, 1.615372035890831, 0.2, -0.2208614648453401, -53.00675156288163, 229, 126, 8.725609225359646e-05, 51, 4
18.555, 1.61903722732002, 0.24, -0.1808614648453401, -43.40675156288163, 240, 116, 8.72561157272983e-05, 51, 22
18.59, 1.62221372655865, 0.23, -0.1908614648453401, -45.80675156288163, 230, 131, 8.726270718443516e-05, 51, 24
18.624, 1.625145879702, 0.22, -0.2008614648453401, -48.20675156288163, 223, 140, 8.726083976063144e-05, 51, 16
18.66, 1.628566725035909, 0.24, -0.1808614648453401, -43.40675156288163, 204, 138, 8.72758159183231e-05, 51, 19
18.697, 1.63125453208398, 0.23, -0.1908614648453401, -45.80675156288163, 212, 133, 8.72468595006675e-05, 51, 10
18.735, 1.634919723513168, 0.22, -0.2008614648453401, -48.20675156288163, 242, 135, 8.726553101217872e-05, 51, 34
18.772, 1.638096222751798, 0.23, -0.1908614648453401, -45.80675156288163, 237, 138, 8.72627435942786e-05, 51, 6
18.813, 1.641761414180986, 0.22, -0.2008614648453401, -48.20675156288163, 228, 128, 8.726739032482783e-05, 51, 23
18.849, 1.644937913419616, 0.21, -0.2108614648453401, -50.60675156288163, 225, 134, 8.726924045942043e-05, 51, 7
18.888, 1.648358758753524, 0.23, -0.1908614648453401, -45.80675156288163, 214, 131, 8.727015876501081e-05, 51, 16
18.924, 1.651046565801596, 0.21, -0.2108614648453401, -50.60675156288163, 211, 128, 8.724617236322111e-05, 51, 10
18.966, 1.654956103326063, 0.19, -0.2308614648453401, -55.40675156288163, 241, 136, 8.725910067099353e-05, 51, 42
19.005, 1.658621294755251, 0.2, -0.2208614648453401, -53.00675156288163, 245, 132, 8.727289106841628e-05, 51, 8
19.045, 1.662286486184439, 0.21, -0.2108614648453401, -50.60675156288163, 241, 123, 8.728204180543131e-05, 51, 13
19.083, 1.66521863932779, 0.24, -0.1808614648453401, -43.40675156288163, 237, 120, 8.726188960476813e-05, 51, 3
19.125, 1.669128176852257, 0.24, -0.1808614648453401, -43.40675156288163, 212, 132, 8.727467591384352e-05, 51, 37
19.163, 1.672549022186166, 0.24, -0.1808614648453401, -43.40675156288163, 224, 142, 8.728012431175525e-05, 51, 22
19.201, 1.675725521424796, 0.24, -0.1808614648453401, -43.40675156288163, 229, 121, 8.72728254478827e-05, 51, 27
19.244, 1.679390712853984, 0.23, -0.1908614648453401, -45.80675156288163, 211, 125, 8.726827649417913e-05, 51, 24
19.283, 1.682811558187893, 0.19, -0.2308614648453401, -55.40675156288163, 228, 158, 8.726917793848948e-05, 51, 48
19.32, 1.686232403521801, 0.17, -0.2508614648453401, -60.20675156288164, 242, 133, 8.727910991313671e-05, 51, 34
19.36, 1.68989759495099, 0.15, -0.2708614648453401, -65.00675156288164, 239, 112, 8.728809891275773e-05, 51, 30
19.4, 1.693318440284899, 0.15, -0.2708614648453401, -65.00675156288164, 235, 117, 8.728445568478859e-05, 51, 10
19.437, 1.696494939523528, 0.23, -0.1908614648453401, -45.80675156288163, 243, 119, 8.72817276083515e-05, 51, 13
19.473, 1.699427092666878, 0.26, -0.1608614648453401, -38.60675156288163, 240, 111, 8.72709440079535e-05, 51, 11
19.51, 1.703092284096067, 0.27, -0.1508614648453401, -36.20675156288163, 225, 150, 8.729330005617976e-05, 51, 45
19.547, 1.706024437239417, 0.25, -0.1708614648453401, -41.00675156288163, 204, 145, 8.727807015088848e-05, 51, 26
19.583, 1.709200936478047, 0.23, -0.1908614648453401, -45.80675156288163, 212, 147, 8.727983130664592e-05, 51, 3
19.62, 1.712621781811956, 0.19, -0.2308614648453401, -55.40675156288163, 233, 131, 8.728959132578776e-05, 51, 37
19.663, 1.716042627145865, 0.21, -0.2108614648453401, -50.60675156288163, 226, 125, 8.727267594700018e-05, 51, 11
19.697, 1.718974780289215, 0.19, -0.2308614648453401, -55.40675156288163, 244, 119, 8.727089304407855e-05, 51, 25
19.736, 1.722884317813683, 0.19, -0.2308614648453401, -55.40675156288163, 235, 127, 8.729653008784368e-05, 51, 12
19.774, 1.725816470957033, 0.22, -0.2008614648453401, -48.20675156288163, 234, 132, 8.727705426100096e-05, 51, 15
19.815, 1.729970354576779, 0.21, -0.2108614648453401, -50.60675156288163, 249, 128, 8.730609914593892e-05, 51, 24
19.853, 1.733146853815409, 0.21, -0.2108614648453401, -50.60675156288163, 227, 128, 8.729899026924944e-05, 51, 20
19.894, 1.736567699149318, 0.2, -0.2208614648453401, -53.00675156288163, 215, 128, 8.729102740270022e-05, 51, 16
19.934, 1.740232890578506, 0.19, -0.2308614648453401, -55.40675156288163, 233, 130, 8.729973364997022e-05, 51, 19
19.974, 1.743653735912415, 0.18, -0.2408614648453401, -57.80675156288163, 233, 122, 8.729617181898544e-05, 51, 9
20.014, 1.746830235151045, 0.18, -0.2408614648453401, -57.80675156288163, 240, 116, 8.728041546672554e-05, 51, 11
20.048, 1.750251080484954, 0.2, -0.2208614648453401, -53.00675156288163, 242, 123, 8.730302676002362e-05, 51, 10
20.097, 1.7544049641047, 0.18, -0.2408614648453401, -57.80675156288163, 232, 131, 8.72968584417923e-05, 51, 19
20.136, 1.757825809438609, 0.18, -0.2408614648453401, -57.80675156288163, 235, 132, 8.729766634081292e-05, 51, 4
20.176, 1.761246654772518, 0.17, -0.2508614648453401, -60.20675156288164, 236, 112, 8.729414426905818e-05, 51, 22
20.212, 1.764423154011148, 0.19, -0.2308614648453401, -55.40675156288163, 245, 120, 8.729582198749e-05, 51, 13
20.25, 1.767843999345056, 0.19, -0.2308614648453401, -55.40675156288163, 235, 129, 8.730093823926204e-05, 51, 18
20.288, 1.771509190774244, 0.19, -0.2308614648453401, -55.40675156288163, 229, 122, 8.731807919825732e-05, 51, 13
20.327, 1.774441343917595, 0.19, -0.2308614648453401, -55.40675156288163, 238, 119, 8.729479726066781e-05, 51, 12
20.365, 1.777862189251504, 0.2, -0.2208614648453401, -53.00675156288163, 231, 130, 8.729988653334171e-05, 51, 16
20.401, 1.781038688490134, 0.2, -0.2208614648453401, -53.00675156288163, 235, 116, 8.730153857605673e-05, 51, 19
20.444, 1.784948226014601, 0.2, -0.2208614648453401, -53.00675156288163, 239, 123, 8.730914821045788e-05, 51, 10
20.478, 1.787880379157951, 0.2, -0.2208614648453401, -53.00675156288163, 227, 135, 8.730737274919187e-05, 51, 24
20.514, 1.791056878396581, 0.21, -0.2108614648453401, -50.60675156288163, 232, 131, 8.730900255418646e-05, 51, 6
20.553, 1.79447772373049, 0.2, -0.2208614648453401, -53.00675156288163, 233, 117, 8.73097710178801e-05, 51, 18
20.595, 1.798142915159678, 0.2, -0.2208614648453401, -53.00675156288163, 229, 127, 8.730968269772653e-05, 51, 13
20.635, 1.801563760493586, 0.2, -0.2208614648453401, -53.00675156288163, 238, 130, 8.73062156769366e-05, 51, 15
20.67, 1.804495913636937, 0.18, -0.2408614648453401, -57.80675156288163, 235, 125, 8.730023771828435e-05, 51, 7
20.714, 1.808649797256684, 0.19, -0.2308614648453401, -55.40675156288163, 235, 122, 8.731533249283981e-05, 51, 10
20.753, 1.812070642590593, 0.17, -0.2508614648453401, -60.20675156288164, 227, 134, 8.731608165521095e-05, 51, 19
20.79, 1.815247141829222, 0.15, -0.2708614648453401, -65.00675156288164, 242, 119, 8.731347483546045e-05, 51, 19
20.827, 1.818423641067852, 0.15, -0.2708614648453401, -65.00675156288164, 252, 97, 8.731087727794938e-05, 51, 39
20.864, 1.821355794211202, 0.16, -0.2608614648453401, -62.60675156288163, 240, 109, 8.729657755996943e-05, 51, 18
20.9, 1.825020985640391, 0.18, -0.2408614648453401, -57.80675156288163, 248, 129, 8.732157826030576e-05, 51, 27
20.94, 1.828686177069579, 0.19, -0.2308614648453401, -55.40675156288163, 239, 120, 8.732980788297892e-05, 51, 16
20.976, 1.831862676308208, 0.19, -0.2308614648453401, -55.40675156288163, 224, 128, 8.733136328700461e-05, 51, 21
21.016, 1.835039175546838, 0.19, -0.2308614648453401, -55.40675156288163, 234, 121, 8.731629118513695e-05, 51, 9
21.056, 1.838460020880747, 0.18, -0.2408614648453401, -57.80675156288163, 248, 119, 8.731288093088653e-05, 51, 19
21.094, 1.842125212309935, 0.18, -0.2408614648453401, -57.80675156288163, 240, 136, 8.73293454209697e-05, 51, 24
21.13, 1.845057365453286, 0.15, -0.2708614648453401, -65.00675156288164, 228, 122, 8.731932633475086e-05, 51, 21
21.17, 1.848478210787194, 0.14, -0.2808614648453402, -67.40675156288162, 241, 111, 8.731592870983443e-05, 51, 19
21.21, 1.851899056121103, 0.15, -0.2708614648453401, -65.00675156288164, 253, 109, 8.731254390009918e-05, 51, 17
21.248, 1.855319901455012, 0.13, -0.2908614648453401, -69.80675156288163, 244, 118, 8.731738994046554e-05, 51, 16
21.284, 1.858740746788921, 0.14, -0.2808614648453402, -67.40675156288162, 247, 114, 8.733042411148849e-05, 51, 3
21.32, 1.861917246027551, 0.13, -0.2908614648453401, -69.80675156288163, 255, 106, 8.733195337840295e-05, 51, 17
21.357, 1.865093745266181, 0.11, -0.3108614648453401, -74.60675156288163, 251, 116, 8.732938826924103e-05, 51, 12
21.392, 1.868025898409531, 0.11, -0.3108614648453401, -74.60675156288163, 237, 108, 8.732357415900948e-05, 51, 22
21.431, 1.87144674374344, 0.11, -0.3108614648453401, -74.60675156288163, 263, 99, 8.732428462243663e-05, 51, 40
21.469, 1.874867589077349, 0.12, -0.3008614648453401, -72.20675156288163, 251, 99, 8.732905999708178e-05, 51, 9
21.508, 1.878288434411258, 0.15, -0.2708614648453401, -65.00675156288164, 253, 111, 8.732975796965119e-05, 51, 15
21.547, 1.881709279745166, 0.16, -0.2608614648453401, -62.60675156288163, 264, 111, 8.733045341556441e-05, 51, 14
21.584, 1.884885778983796, 0.14, -0.2808614648453402, -67.40675156288162, 233, 115, 8.732791785506839e-05, 51, 34
21.621, 1.888062278222426, 0.12, -0.3008614648453401, -72.20675156288163, 240, 119, 8.732539097277765e-05, 51, 6
21.661, 1.891727469651614, 0.13, -0.2908614648453401, -69.80675156288163, 246, 111, 8.733333962659222e-05, 51, 9
21.7, 1.894903968890244, 0.17, -0.2508614648453401, -60.20675156288164, 252, 105, 8.732276354332921e-05, 51, 16
21.737, 1.898080468128873, 0.17, -0.2508614648453401, -60.20675156288164, 250, 114, 8.732025891930228e-05, 51, 7
21.778, 1.90223435174862, 0.18, -0.2408614648453401, -57.80675156288163, 247, 127, 8.734660445167691e-05, 51, 22
21.813, 1.90516650489197, 0.21, -0.2108614648453401, -50.60675156288163, 246, 116, 8.734087493201166e-05, 51, 12
21.854, 1.908587350225879, 0.23, -0.1908614648453401, -45.80675156288163, 216, 121, 8.73335476446362e-05, 51, 31
21.89, 1.911519503369229, 0.21, -0.2108614648453401, -50.60675156288163, 217, 139, 8.732386950065003e-05, 51, 22
21.93, 1.915429040893697, 0.22, -0.2008614648453401, -48.20675156288163, 233, 134, 8.734286552182839e-05, 51, 21
21.967, 1.918361194037048, 0.22, -0.2008614648453401, -48.20675156288163, 222, 122, 8.732922993749932e-05, 51, 23
22.003, 1.921537693275677, 0.2, -0.2208614648453401, -53.00675156288163, 228, 138, 8.733071368793698e-05, 51, 22
22.044, 1.925447230800144, 0.2, -0.2208614648453401, -53.00675156288163, 243, 133, 8.734563739793796e-05, 51, 20
22.08, 1.928379383943495, 0.19, -0.2308614648453401, -55.40675156288163, 229, 119, 8.733602282352784e-05, 51, 26
22.125, 1.932288921467962, 0.21, -0.2108614648453401, -50.60675156288163, 228, 125, 8.733509249572709e-05, 51, 9
22.16, 1.935465420706592, 0.2, -0.2208614648453401, -53.00675156288163, 240, 121, 8.734049732430467e-05, 51, 14
22.2, 1.938886266040501, 0.22, -0.2008614648453401, -48.20675156288163, 234, 131, 8.733721919101354e-05, 51, 15
22.241, 1.942795803564968, 0.21, -0.2108614648453401, -50.60675156288163, 223, 126, 8.735199872150389e-05, 51, 19
22.28, 1.945727956708318, 0.19, -0.2308614648453401, -55.40675156288163, 224, 131, 8.733069823645952e-05, 51, 4
22.32, 1.949637494232786, 0.2, -0.2208614648453401, -53.00675156288163, 242, 131, 8.73493501000352e-05, 51, 26
22.358, 1.952569647376136, 0.21, -0.2108614648453401, -50.60675156288163, 230, 121, 8.733203539565865e-05, 51, 23
22.396, 1.956234838805324, 0.21, -0.2108614648453401, -50.60675156288163, 235, 126, 8.734751021634775e-05, 51, 7
22.433, 1.959411338043954, 0.22, -0.2008614648453401, -48.20675156288163, 240, 136, 8.734504248401704e-05, 51, 21
22.472, 1.962832183377863, 0.23, -0.1908614648453401, -45.80675156288163, 216, 126, 8.734568277758379e-05, 51, 36
22.511, 1.966253028711772, 0.21, -0.2108614648453401, -50.60675156288163, 229, 132, 8.734632085255083e-05, 51, 16
22.546, 1.969429527950401, 0.13, -0.2908614648453401, -69.80675156288163, 220, 131, 8.735161571677466e-05, 51, 9
22.583, 1.972606027189031, 0.1, -0.3208614648453401, -77.00675156288163, 226, 124, 8.73491576490737e-05, 51, 11
22.62, 1.975782526427661, 0.2, -0.2208614648453401, -53.00675156288163, 276, 98, 8.73467076227967e-05, 51, 74
22.664, 1.979692063952128, 0.17, -0.2508614648453401, -60.20675156288164, 250, 108, 8.734963218991034e-05, 51, 24
22.703, 1.983112909286037, 0.12, -0.3008614648453401, -72.20675156288163, 236, 136, 8.735025808421957e-05, 51, 50
22.744, 1.986778100715225, 0.2, -0.2208614648453401, -53.00675156288163, 250, 123, 8.735394392873836e-05, 51, 27
22.778, 1.989710253858575, 0.23, -0.1908614648453401, -45.80675156288163, 234, 102, 8.735228087885572e-05, 51, 37
22.813, 1.992642407001926, 0.21, -0.2108614648453401, -50.60675156288163, 222, 120, 8.734679380186412e-05, 51, 28
22.852, 1.996063252335835, 0.22, -0.2008614648453401, -48.20675156288163, 246, 142, 8.734742045929613e-05, 51, 50
22.891, 1.999484097669744, 0.2, -0.2208614648453401, -53.00675156288163, 222, 132, 8.734804498142255e-05, 51, 34
22.924, 2.002416250813094, 0.18, -0.2408614648453401, -57.80675156288163, 217, 125, 8.73502116041308e-05, 51, 10
22.964, 2.006081442242282, 0.19, -0.2308614648453401, -55.40675156288163, 253, 124, 8.735766600950543e-05, 51, 32
23.004, 2.009502287576191, 0.19, -0.2308614648453401, -55.40675156288163, 226, 118, 8.735447259503527e-05, 51, 19
23.042, 2.012434440719542, 0.21, -0.2108614648453401, -50.60675156288163, 211, 121, 8.733766342850192e-05, 51, 34
23.08, 2.01609963214873, 0.19, -0.2308614648453401, -55.40675156288163, 243, 136, 8.735267037039558e-05, 51, 53
23.12, 2.019764823577918, 0.18, -0.2408614648453401, -57.80675156288163, 261, 127, 8.736007022395839e-05, 51, 26
23.164, 2.023674361102386, 0.21, -0.2108614648453401, -50.60675156288163, 239, 123, 8.736290628140155e-05, 51, 23
23.202, 2.026850860341015, 0.2, -0.2208614648453401, -53.00675156288163, 211, 119, 8.735673046896885e-05, 51, 39
23.24, 2.030271705674924, 0.21, -0.2108614648453401, -50.60675156288163, 222, 133, 8.736108888446317e-05, 51, 25
23.28, 2.033692551008833, 0.19, -0.2308614648453401, -55.40675156288163, 239, 131, 8.735792744883302e-05, 51, 20
23.318, 2.037113396342741, 0.22, -0.2008614648453401, -48.20675156288163, 236, 126, 8.736226933453734e-05, 51, 11
23.352, 2.040045549486092, 0.17, -0.2508614648453401, -60.20675156288164, 242, 119, 8.736063504137084e-05, 51, 13
23.386, 2.042977702629443, 0.17, -0.2508614648453401, -60.20675156288164, 228, 135, 8.735900550027548e-05, 51, 29
23.424, 2.046154201868072, 0.17, -0.2508614648453401, -60.20675156288164, 227, 116, 8.735289454696348e-05, 51, 17
23.46, 2.049330701106702, 0.17, -0.2508614648453401, -60.20675156288164, 249, 115, 8.735424983404526e-05, 51, 25
23.496, 2.052751546440611, 0.17, -0.2508614648453401, -60.20675156288164, 237, 122, 8.736600044435693e-05, 51, 14
23.537, 2.05617239177452, 0.17, -0.2508614648453401, -60.20675156288164, 246, 122, 8.735915332347025e-05, 51, 4
23.573, 2.059348891013149, 0.19, -0.2308614648453401, -55.40675156288163, 244, 119, 8.73604925555996e-05, 51, 3
23.614, 2.063014082442337, 0.16, -0.2608614648453401, -62.60675156288163, 224, 119, 8.736402483451926e-05, 51, 24
23.648, 2.065946235585688, 0.17, -0.2508614648453401, -60.20675156288164, 229, 123, 8.736240847368435e-05, 51, 9
23.686, 2.069367080919597, 0.18, -0.2408614648453401, -57.80675156288163, 252, 118, 8.736667571221803e-05, 51, 28
23.728, 2.072787926253506, 0.18, -0.2408614648453401, -57.80675156288163, 231, 118, 8.735620053327317e-05, 51, 20
23.76, 2.075720079396856, 0.17, -0.2508614648453401, -60.20675156288164, 248, 124, 8.736195620357137e-05, 51, 20
23.8, 2.079385270826044, 0.17, -0.2508614648453401, -60.20675156288164, 244, 120, 8.736912902630438e-05, 51, 4
23.836, 2.082561770064674, 0.17, -0.2508614648453401, -60.20675156288164, 243, 112, 8.73704384151986e-05, 51, 11
23.873, 2.085493923208024, 0.2, -0.2208614648453401, -53.00675156288163, 233, 126, 8.735784874996959e-05, 51, 19
23.912, 2.089403460732492, 0.21, -0.2108614648453401, -50.60675156288163, 234, 124, 8.737886670845148e-05, 51, 2
23.95, 2.092335613875842, 0.19, -0.2308614648453401, -55.40675156288163, 234, 127, 8.73626561117262e-05, 51, 3
23.988, 2.095512113114472, 0.19, -0.2308614648453401, -55.40675156288163, 220, 124, 8.735668305463033e-05, 51, 18
24.023, 2.098688612353102, 0.16, -0.2608614648453401, -62.60675156288163, 239, 126, 8.736163727898688e-05, 51, 17
24.062, 2.102109457687011, 0.16, -0.2608614648453401, -62.60675156288163, 244, 124, 8.736220836534828e-05, 51, 14
24.1, 2.105774649116198, 0.13, -0.2908614648453401, -69.80675156288163, 227, 119, 8.737654145710366e-05, 51, 26
24.137, 2.108706802259549, 0.12, -0.3008614648453401, -72.20675156288163, 250, 114, 8.736408013670086e-05, 51, 20
24.178, 2.112371993688737, 0.13, -0.2908614648453401, -69.80675156288163, 265, 102, 8.736752393451637e-05, 51, 38
24.212, 2.115548492927366, 0.17, -0.2508614648453401, -60.20675156288164, 246, 105, 8.737603225373231e-05, 51, 22
24.253, 2.119213684356554, 0.18, -0.2408614648453401, -57.80675156288163, 251, 124, 8.737944519674079e-05, 51, 26
24.288, 2.122145837499905, 0.17, -0.2508614648453401, -60.20675156288164, 241, 122, 8.737425220272995e-05, 51, 11
24.32700000000001, 2.125566682833814, 0.14, -0.2808614648453402, -67.40675156288162, 232, 118, 8.737479684440391e-05, 51, 13
24.364, 2.128743182072444, 0.14, -0.2808614648453402, -67.40675156288162, 241, 116, 8.737248325695468e-05, 51, 6
24.405, 2.132652719596911, 0.17, -0.2508614648453401, -60.20675156288164, 262, 111, 8.738589303818525e-05, 51, 31
24.441, 2.135829218835541, 0.19, -0.2308614648453401, -55.40675156288163, 244, 119, 8.738714532284034e-05, 51, 23
24.476, 2.138761371978891, 0.2, -0.2208614648453401, -53.00675156288163, 228, 118, 8.738198120521702e-05, 51, 16
24.516, 2.1421822173128, 0.2, -0.2208614648453401, -53.00675156288163, 226, 123, 8.73789450690488e-05, 51, 5
24.553, 2.14535871655143, 0.18, -0.2408614648453401, -57.80675156288163, 234, 128, 8.737664303960536e-05, 51, 14
24.594, 2.148779561885339, 0.21, -0.2108614648453401, -50.60675156288163, 232, 124, 8.737007245203458e-05, 51, 3
24.634, 2.152200407219248, 0.22, -0.2008614648453401, -48.20675156288163, 235, 120, 8.736707019644589e-05, 51, 9
24.668, 2.155376906457877, 0.23, -0.1908614648453401, -45.80675156288163, 232, 140, 8.737542186062417e-05, 51, 23
24.706, 2.158797751791786, 0.19, -0.2308614648453401, -55.40675156288163, 233, 135, 8.737949290827274e-05, 51, 6
24.746, 2.162218597125695, 0.2, -0.2208614648453401, -53.00675156288163, 207, 125, 8.7376489013404e-05, 51, 35
24.786, 2.165395096364325, 0.18, -0.2408614648453401, -57.80675156288163, 214, 120, 8.736363658372971e-05, 51, 9
24.823, 2.168815941698234, 0.18, -0.2408614648453401, -57.80675156288163, 259, 128, 8.737122594763861e-05, 51, 51
24.865, 2.172725479222701, 0.18, -0.2408614648453401, -57.80675156288163, 260, 121, 8.738087589876134e-05, 51, 11
24.9, 2.175901978461331, 0.19, -0.2308614648453401, -55.40675156288163, 237, 120, 8.738562162495302e-05, 51, 24
24.943, 2.17932282379524, 0.22, -0.2008614648453401, -48.20675156288163, 213, 126, 8.737212138857553e-05, 51, 34
24.984, 2.183232361319707, 0.15, -0.2708614648453401, -65.00675156288164, 234, 122, 8.738522099422458e-05, 51, 27
25.023, 2.186164514463057, 0.14, -0.2808614648453402, -67.40675156288162, 228, 126, 8.736620367114485e-05, 51, 15
25.06, 2.189829705892245, 0.18, -0.2408614648453401, -57.80675156288163, 262, 113, 8.738346791269935e-05, 51, 48
25.103, 2.193494897321433, 0.21, -0.2108614648453401, -50.60675156288163, 239, 118, 8.737979115330571e-05, 51, 20
25.142, 2.196915742655342, 0.2, -0.2208614648453401, -53.00675156288163, 242, 122, 8.738030954798116e-05, 51, 5
25.179, 2.200336587989251, 0.24, -0.1808614648453401, -43.40675156288163, 228, 135, 8.738776710708333e-05, 51, 27
25.213, 2.203268741132602, 0.25, -0.1708614648453401, -41.00675156288163, 221, 132, 8.738621905892206e-05, 51, 10
25.25, 2.206445240371231, 0.27, -0.1508614648453401, -36.20675156288163, 220, 134, 8.738396991569232e-05, 51, 5
25.287, 2.209621739609861, 0.26, -0.1608614648453401, -38.60675156288163, 221, 155, 8.738172735436631e-05, 51, 27
25.324, 2.212798238848491, 0.24, -0.1808614648453401, -43.40675156288163, 209, 133, 8.737949134609424e-05, 51, 34
25.362, 2.216219084182399, 0.24, -0.1808614648453401, -43.40675156288163, 223, 138, 8.738345099686143e-05, 51, 15
25.396, 2.21915123732575, 0.22, -0.2008614648453401, -48.20675156288163, 234, 136, 8.738191988209756e-05, 51, 14
25.438, 2.223060774850218, 0.23, -0.1908614648453401, -45.80675156288163, 228, 127, 8.739133480816957e-05, 51, 13
25.476, 2.226481620184126, 0.23, -0.1908614648453401, -45.80675156288163, 226, 132, 8.739525907458496e-05, 51, 4
25.514, 2.229658119422756, 0.21, -0.2108614648453401, -50.60675156288163, 222, 148, 8.738959470967924e-05, 51, 25
25.555, 2.233078964756665, 0.21, -0.2108614648453401, -50.60675156288163, 222, 129, 8.738325043070494e-05, 51, 21
25.591, 2.236255463995295, 0.2, -0.2208614648453401, -53.00675156288163, 229, 123, 8.738445015807489e-05, 51, 13
25.633, 2.239920655424482, 0.22, -0.2008614648453401, -48.20675156288163, 241, 131, 8.738425683394384e-05, 51, 23
25.668, 2.243097154663112, 0.21, -0.2108614648453401, -50.60675156288163, 229, 125, 8.73888559553963e-05, 51, 16
25.714, 2.247251038282859, 0.21, -0.2108614648453401, -50.60675156288163, 241, 134, 8.739406697841094e-05, 51, 16
25.751, 2.250671883616768, 0.18, -0.2408614648453401, -57.80675156288163, 227, 128, 8.740133911757864e-05, 51, 15
25.79, 2.253604036760118, 0.2, -0.2208614648453401, -53.00675156288163, 229, 124, 8.738286299961683e-05, 51, 8
25.826, 2.257024882094028, 0.18, -0.2408614648453401, -57.80675156288163, 235, 127, 8.739351359459565e-05, 51, 11
25.869, 2.260690073523215, 0.15, -0.2708614648453401, -65.00675156288164, 235, 126, 8.738992900859003e-05, 51, 2
25.908, 2.264110918857124, 0.2, -0.2208614648453401, -53.00675156288163, 248, 117, 8.73904168155444e-05, 51, 21
25.944, 2.267531764191033, 0.2, -0.2208614648453401, -53.00675156288163, 246, 120, 8.740100848716594e-05, 51, 3
25.984, 2.270952609524941, 0.21, -0.2108614648453401, -50.60675156288163, 230, 131, 8.739811459070742e-05, 51, 29
26.02, 2.274129108763571, 0.23, -0.1908614648453401, -45.80675156288163, 232, 118, 8.739927397246625e-05, 51, 14
26.06, 2.27754995409748, 0.22, -0.2008614648453401, -48.20675156288163, 225, 132, 8.739639117795395e-05, 51, 18
26.098, 2.28072645333611, 0.19, -0.2308614648453401, -55.40675156288163, 218, 139, 8.739085191723925e-05, 51, 15
26.134, 2.283902952574739, 0.24, -0.1808614648453401, -43.40675156288163, 233, 134, 8.739201624606794e-05, 51, 15
26.173, 2.287568144003928, 0.19, -0.2308614648453401, -55.40675156288163, 236, 123, 8.740183181155878e-05, 51, 20
26.208, 2.290744643242558, 0.2, -0.2208614648453401, -53.00675156288163, 224, 135, 8.740631270003654e-05, 51, 26
26.248, 2.293921142481187, 0.2, -0.2208614648453401, -53.00675156288163, 228, 122, 8.739413069495534e-05, 51, 18
26.284, 2.296853295624538, 0.22, -0.2008614648453401, -48.20675156288163, 234, 120, 8.738598750664046e-05, 51, 10
26.32400000000001, 2.300518487053726, 0.2, -0.2208614648453401, -53.00675156288163, 227, 130, 8.739243606798837e-05, 51, 19
26.36, 2.303939332387635, 0.21, -0.2108614648453401, -50.60675156288163, 244, 136, 8.740285782957644e-05, 51, 21
26.398, 2.307360177721543, 0.2, -0.2208614648453401, -53.00675156288163, 243, 132, 8.740662844615288e-05, 51, 6
26.434, 2.310292330864894, 0.22, -0.2008614648453401, -48.20675156288163, 221, 122, 8.739851444597466e-05, 51, 31
26.475, 2.313957522294082, 0.26, -0.1608614648453401, -38.60675156288163, 223, 125, 8.740160613008808e-05, 51, 4
26.511, 2.317134021532712, 0.23, -0.1908614648453401, -45.80675156288163, 231, 143, 8.740273929812952e-05, 51, 25
26.548, 2.320554866866621, 0.2, -0.2208614648453401, -53.00675156288163, 221, 140, 8.740978103309555e-05, 51, 12
26.587, 2.323487020009971, 0.18, -0.2408614648453401, -57.80675156288163, 218, 126, 8.739184639146842e-05, 51, 12
26.624, 2.32690786534388, 0.17, -0.2508614648453401, -60.20675156288164, 237, 119, 8.739888316345702e-05, 51, 22
26.664, 2.330573056773068, 0.17, -0.2508614648453401, -60.20675156288164, 243, 123, 8.740523015200523e-05, 51, 17
26.702, 2.333749556011698, 0.16, -0.2608614648453401, -62.60675156288163, 240, 125, 8.739980361065454e-05, 51, 12
26.74, 2.337414747440886, 0.22, -0.2008614648453401, -48.20675156288163, 257, 110, 8.741266819150658e-05, 51, 34
26.782, 2.341079938870074, 0.23, -0.1908614648453401, -45.80675156288163, 238, 123, 8.741243890934486e-05, 51, 26
26.817, 2.344012092013425, 0.24, -0.1808614648453401, -43.40675156288163, 219, 136, 8.740769258356359e-05, 51, 34
26.855, 2.347432937347333, 0.21, -0.2108614648453401, -50.60675156288163, 222, 136, 8.74113921931608e-05, 51, 2
26.89, 2.350365090490684, 0.2, -0.2208614648453401, -53.00675156288163, 222, 130, 8.740666011493804e-05, 51, 4
26.93, 2.353785935824593, 0.21, -0.2108614648453401, -50.60675156288163, 229, 126, 8.74038594810469e-05, 51, 12
26.964, 2.356962435063223, 0.2, -0.2208614648453401, -53.00675156288163, 241, 124, 8.741145360715111e-05, 51, 15
27.003, 2.360383280397131, 0.21, -0.2108614648453401, -50.60675156288163, 239, 133, 8.741189054538872e-05, 51, 17
27.045, 2.364048471826319, 0.21, -0.2108614648453401, -50.60675156288163, 218, 128, 8.741166470054793e-05, 51, 29
27.08, 2.36673627887439, 0.21, -0.2108614648453401, -50.60675156288163, 213, 119, 8.739794235134381e-05, 51, 15
27.118, 2.370401470303579, 0.19, -0.2308614648453401, -55.40675156288163, 240, 131, 8.741063021991218e-05, 51, 36
27.156, 2.373577969542208, 0.19, -0.2308614648453401, -55.40675156288163, 243, 137, 8.740528684424099e-05, 51, 12
27.196, 2.376998814876117, 0.2, -0.2208614648453401, -53.00675156288163, 234, 119, 8.740251562274294e-05, 51, 27
27.232, 2.380419660210026, 0.19, -0.2308614648453401, -55.40675156288163, 238, 126, 8.741259034261258e-05, 51, 9
27.268, 2.383596159448656, 0.19, -0.2308614648453401, -55.40675156288163, 230, 129, 8.741367755055947e-05, 51, 7
27.306, 2.386772658687285, 0.19, -0.2308614648453401, -55.40675156288163, 228, 124, 8.74083592868705e-05, 51, 9
27.345, 2.390193504021194, 0.21, -0.2108614648453401, -50.60675156288163, 235, 123, 8.740879517356717e-05, 51, 7
27.385, 2.393614349355103, 0.24, -0.1808614648453401, -43.40675156288163, 234, 122, 8.740603795344544e-05, 51, 1
27.42, 2.397035194689012, 0.19, -0.2308614648453401, -55.40675156288163, 238, 134, 8.741922664803107e-05, 51, 12
27.463, 2.400456040022921, 0.2, -0.2208614648453401, -53.00675156288163, 227, 135, 8.740691257411504e-05, 51, 12
27.497, 2.403632539261551, 0.19, -0.2308614648453401, -55.40675156288163, 230, 121, 8.741435572104415e-05, 51, 18
27.536, 2.40705338459546, 0.19, -0.2308614648453401, -55.40675156288163, 237, 118, 8.741478009135168e-05, 51, 11
27.57400000000001, 2.410229883834089, 0.21, -0.2108614648453401, -50.60675156288163, 229, 133, 8.740951199804488e-05, 51, 23
27.614, 2.413895075263277, 0.17, -0.2508614648453401, -60.20675156288164, 238, 132, 8.741562523586866e-05, 51, 8
27.654, 2.417560266692465, 0.17, -0.2508614648453401, -60.20675156288164, 241, 115, 8.742172078876349e-05, 51, 20
27.694, 2.420981112026374, 0.18, -0.2408614648453401, -57.80675156288163, 239, 123, 8.741897566355075e-05, 51, 8
27.73, 2.424157611265004, 0.2, -0.2208614648453401, -53.00675156288163, 232, 122, 8.742003646826555e-05, 51, 11
27.773, 2.427822802694192, 0.19, -0.2308614648453401, -55.40675156288163, 234, 116, 8.741665656191957e-05, 51, 11
27.806, 2.430999301932822, 0.19, -0.2308614648453401, -55.40675156288163, 232, 130, 8.74271488863131e-05, 51, 15
27.846, 2.433931455076173, 0.17, -0.2508614648453401, -60.20675156288164, 229, 122, 8.740686113180249e-05, 51, 12
27.884, 2.43759664650536, 0.19, -0.2308614648453401, -55.40675156288163, 252, 118, 8.741918829814088e-05, 51, 33
27.926, 2.441017491839269, 0.17, -0.2508614648453401, -60.20675156288164, 229, 126, 8.741020883188673e-05, 51, 33
27.966, 2.444438337173178, 0.39, -0.03086146484534012, -7.406751562881629, 234, 122, 8.740750687167194e-05, 51, 8
28.003, 2.447859182507087, 0.5600000000000001, 0.1391385351546599, 33.39324843711837, 227, 119, 8.741417642777872e-05, 52, 10
28.046, 2.451768720031554, 0.6800000000000001, 0.2591385351546599, 62.19324843711838, 174, 196, 8.741955073919826e-05, 52, 127
28.084, 2.455433911460742, 0.7800000000000001, 0.3591385351546599, 86.19324843711837, 138, 252, 8.743177294761225e-05, 52, 90
28.121, 2.458366064604093, 0.8299999999999999, 0.4091385351546599, 98.19324843711838, 89, 237, 8.742100439543734e-05, 52, 65
28.16, 2.461786909938002, 0.8199999999999999, 0.3991385351546599, 95.79324843711836, 77, 280, 8.742141015404837e-05, 52, 56
28.203, 2.46545210136719, 0.8699999999999999, 0.4491385351546599, 107.7932484371184, 80, 283, 8.741807968539483e-05, 52, 18
28.246, 2.469117292796378, 0.8299999999999999, 0.4091385351546599, 98.19324843711838, 87, 280, 8.741475935694888e-05, 52, 16
28.281, 2.472293792035007, 0.8800000000000001, 0.4591385351546599, 110.1932484371184, 72, 290, 8.741889579700178e-05, 52, 22
28.318, 2.475714637368917, 0.84, 0.4191385351546598, 100.5932484371184, 74, 277, 8.742547628253819e-05, 52, 9
28.354, 2.478891136607546, 0.8299999999999999, 0.4091385351546599, 98.19324843711838, 82, 279, 8.7426505488028e-05, 52, 6
28.391, 2.482067635846176, 0.8100000000000001, 0.3891385351546599, 93.39324843711838, 79, 278, 8.74244526732477e-05, 52, 4
28.425, 2.484999788989526, 0.8199999999999999, 0.3991385351546599, 95.79324843711836, 80, 289, 8.742303567245475e-05, 52, 12
28.465, 2.488420634323435, 0.8100000000000001, 0.3891385351546599, 93.39324843711838, 87, 257, 8.742036305369524e-05, 52, 39
28.505, 2.491841479657344, 0.8100000000000001, 0.3891385351546599, 93.39324843711838, 86, 286, 8.741769793570755e-05, 52, 25
28.544, 2.495506671086532, 0.8100000000000001, 0.3891385351546599, 93.39324843711838, 90, 263, 8.742666308458984e-05, 52, 21
28.579, 2.498438824229883, 0.8199999999999999, 0.3991385351546599, 95.79324843711836, 85, 269, 8.742219196717461e-05, 52, 5
28.618, 2.502104015659071, 0.8199999999999999, 0.3991385351546599, 95.79324843711836, 76, 281, 8.74311278097376e-05, 52, 26
28.655, 2.505036168802421, 0.8199999999999999, 0.3991385351546599, 95.79324843711836, 91, 269, 8.742056076783882e-05, 52, 28
28.696, 2.508945706326889, 0.8199999999999999, 0.3991385351546599, 95.79324843711836, 88, 282, 8.743189665203822e-05, 52, 15
28.734, 2.512122205565519, 0.8199999999999999, 0.3991385351546599, 95.79324843711836, 82, 270, 8.742681859697635e-05, 52, 18
28.768, 2.515054358708869, 0.8199999999999999, 0.3991385351546599, 95.79324843711836, 84, 274, 8.742541569482999e-05, 52, 9
28.808, 2.518719550138056, 0.8, 0.3791385351546599, 90.99324843711837, 78, 281, 8.743125347605028e-05, 52, 15
28.844, 2.521896049376686, 0.8299999999999999, 0.4091385351546599, 98.19324843711838, 87, 275, 8.743225798698816e-05, 52, 11
28.884, 2.525316894710595, 0.8299999999999999, 0.4091385351546599, 98.19324843711838, 89, 266, 8.742961136652108e-05, 52, 13
28.923, 2.528493393949225, 0.84, 0.4191385351546598, 100.5932484371184, 79, 277, 8.742154665661324e-05, 52, 11
28.965, 2.532402931473692, 0.8199999999999999, 0.3991385351546599, 95.79324843711836, 77, 278, 8.742975768940763e-05, 52, 14
29.004, 2.535823776807602, 0.8199999999999999, 0.3991385351546599, 95.79324843711836, 84, 276, 8.743013987062479e-05, 52, 13
29.044, 2.53924462214151, 0.8199999999999999, 0.3991385351546599, 95.79324843711836, 83, 284, 8.742751074719427e-05, 52, 10
29.08, 2.54217677528486, 0.8199999999999999, 0.3991385351546599, 95.79324843711836, 78, 262, 8.742010919136384e-05, 52, 26
29.113, 2.54535327452349, 0.8100000000000001, 0.3891385351546599, 93.39324843711838, 91, 280, 8.743012655938895e-05, 52, 28
29.153, 2.548774119857399, 0.67, 0.2491385351546599, 59.79324843711836, 88, 274, 8.742750728423832e-05, 52, 4
29.19600000000001, 2.552683657381866, 0.22, -0.2008614648453401, -48.20675156288163, 95, 261, 8.743265027338904e-05, 53, 27
29.235, 2.556104502715775, 0.2, -0.2208614648453401, -53.00675156288163, 129, 220, 8.74330255760484e-05, 53, 58
29.275, 2.559525348049684, 0.19, -0.2308614648453401, -55.40675156288163, 202, 160, 8.743041325532651e-05, 53, 135
29.313, 2.562701847288314, 0.19, -0.2308614648453401, -55.40675156288163, 233, 112, 8.742543742668147e-05, 53, 90
29.35, 2.565878346526943, 0.19, -0.2308614648453401, -55.40675156288163, 239, 126, 8.742345303328598e-05, 53, 14
29.387, 2.569543537956132, 0.2, -0.2208614648453401, -53.00675156288163, 245, 136, 8.743810317338047e-05, 53, 22
29.422, 2.572720037194761, 0.19, -0.2308614648453401, -55.40675156288163, 240, 120, 8.744205143072399e-05, 53, 17
29.46, 2.575652190338112, 0.19, -0.2308614648453401, -55.40675156288163, 223, 126, 8.742879125383951e-05, 53, 22
29.496, 2.578828689576742, 0.18, -0.2408614648453401, -57.80675156288163, 232, 125, 8.742977656552554e-05, 53, 9
29.533, 2.58224953491065, 0.19, -0.2308614648453401, -55.40675156288163, 243, 119, 8.743607269531203e-05, 53, 22
29.574, 2.585670380244559, 0.21, -0.2108614648453401, -50.60675156288163, 230, 124, 8.743052614609317e-05, 53, 20
29.61, 2.588846879483189, 0.19, -0.2308614648453401, -55.40675156288163, 233, 130, 8.743150555498783e-05, 53, 6
29.648, 2.592267724817098, 0.21, -0.2108614648453401, -50.60675156288163, 235, 123, 8.743482612038241e-05, 53, 5
29.688, 2.595932916246286, 0.19, -0.2308614648453401, -55.40675156288163, 238, 130, 8.744047818129498e-05, 53, 5
29.726, 2.599109415484916, 0.21, -0.2108614648453401, -50.60675156288163, 224, 130, 8.743555861821019e-05, 53, 14
29.764, 2.602285914723546, 0.22, -0.2008614648453401, -48.20675156288163, 240, 118, 8.743065161683731e-05, 53, 19
29.807, 2.606195452248012, 0.19, -0.2308614648453401, -55.40675156288163, 222, 131, 8.743568464615734e-05, 53, 22
29.843, 2.609371951486642, 0.2, -0.2208614648453401, -53.00675156288163, 226, 135, 8.743665018552566e-05, 53, 8
29.885, 2.613037142915831, 0.22, -0.2008614648453401, -48.20675156288163, 233, 124, 8.743641100605087e-05, 53, 21
29.921, 2.616457988249739, 0.21, -0.2108614648453401, -50.60675156288163, 242, 130, 8.744553952908456e-05, 53, 10
29.959, 2.619634487488369, 0.18, -0.2408614648453401, -57.80675156288163, 231, 135, 8.744065180708198e-05, 53, 24
29.997, 2.622810986726999, 0.21, -0.2108614648453401, -50.60675156288163, 231, 123, 8.74357764685468e-05, 53, 13
30.034, 2.626231832060907, 0.22, -0.2008614648453401, -48.20675156288163, 232, 120, 8.744196018049236e-05, 53, 6
30.076, 2.629652677394817, 0.22, -0.2008614648453401, -48.20675156288163, 219, 137, 8.743359081642561e-05, 53, 32
30.114, 2.633317868824005, 0.22, -0.2008614648453401, -48.20675156288163, 230, 129, 8.744497140280282e-05, 53, 16
30.153, 2.636250021967355, 0.22, -0.2008614648453401, -48.20675156288163, 230, 134, 8.74291122597206e-05, 53, 8
30.193, 2.640159559491822, 0.23, -0.1908614648453401, -45.80675156288163, 237, 128, 8.744277016168722e-05, 53, 17
30.23, 2.643336058730452, 0.24, -0.1808614648453401, -43.40675156288163, 224, 139, 8.744082231989585e-05, 53, 23
30.27, 2.646756904064361, 0.22, -0.2008614648453401, -48.20675156288163, 224, 133, 8.743828556539018e-05, 53, 9
30.308, 2.650177749398269, 0.21, -0.2108614648453401, -50.60675156288163, 221, 134, 8.744152531999042e-05, 53, 2
30.344, 2.653354248636899, 0.21, -0.2108614648453401, -50.60675156288163, 217, 132, 8.744246798829749e-05, 53, 6
30.385, 2.657019440066088, 0.23, -0.1908614648453401, -45.80675156288163, 238, 126, 8.744510251986467e-05, 53, 26
30.423, 2.660195939304717, 0.23, -0.1908614648453401, -45.80675156288163, 226, 129, 8.744028988938361e-05, 53, 12
30.457, 2.663128092448067, 0.24, -0.1808614648453401, -43.40675156288163, 211, 136, 8.743894974712109e-05, 53, 23
30.494, 2.666548937781977, 0.22, -0.2008614648453401, -48.20675156288163, 238, 139, 8.744503632786701e-05, 53, 36
30.53, 2.669481090925327, 0.22, -0.2008614648453401, -48.20675156288163, 223, 128, 8.743796563790786e-05, 53, 26
30.568, 2.672657590163957, 0.2, -0.2208614648453401, -53.00675156288163, 229, 128, 8.743318470832101e-05, 53, 5
30.608, 2.676322781593145, 0.23, -0.1908614648453401, -45.80675156288163, 248, 132, 8.74386690274812e-05, 53, 25
30.643, 2.679499280831775, 0.24, -0.1808614648453401, -43.40675156288163, 222, 125, 8.74424593163781e-05, 53, 31
30.685, 2.683408818356242, 0.24, -0.1808614648453401, -43.40675156288163, 226, 137, 8.745018146834745e-05, 53, 14
30.721, 2.686585317594871, 0.27, -0.1508614648453401, -36.20675156288163, 227, 140, 8.745110242488433e-05, 53, 3
30.763, 2.690250509024059, 0.31, -0.1108614648453401, -26.60675156288163, 211, 142, 8.745085034047586e-05, 53, 16
30.804, 2.693671354357968, 0.39, -0.03086146484534012, -7.406751562881629, 208, 149, 8.744550559531127e-05, 53, 12
30.844, 2.697092199691877, 0.51, 0.08913853515465988, 21.39324843711837, 196, 164, 8.744300997574495e-05, 54, 25
30.88, 2.700268698930507, 0.5699999999999999, 0.1491385351546599, 35.79324843711837, 174, 175, 8.744393455085838e-05, 54, 31
30.923, 2.703933890359695, 0.58, 0.1591385351546599, 38.19324843711837, 141, 209, 8.744086571030284e-05, 54, 64
30.958, 2.707110389598325, 0.49, 0.06913853515465989, 16.59324843711837, 131, 226, 8.7444614949232e-05, 54, 35
30.997, 2.710531234932234, 0.38, -0.04086146484534012, -9.80675156288163, 161, 210, 8.7444953864317e-05, 55, 45
31.037, 2.714196426361422, 0.28, -0.1408614648453401, -33.80675156288163, 171, 182, 8.745034721014989e-05, 55, 38
31.073, 2.717128579504772, 0.28, -0.1408614648453401, -33.80675156288163, 198, 160, 8.744339392735727e-05, 55, 31
31.11, 2.720549424838681, 0.3, -0.1208614648453401, -29.00675156288163, 222, 138, 8.74493547039113e-05, 55, 62
31.153, 2.724214616267869, 0.36, -0.06086146484534012, -14.60675156288163, 208, 146, 8.744630103899686e-05, 55, 19
31.189, 2.727391115506499, 0.38, -0.04086146484534012, -9.80675156288163, 201, 155, 8.744721265531114e-05, 55, 14
31.226, 2.730567614745129, 0.38, -0.04086146484534012, -9.80675156288163, 188, 175, 8.74453216788935e-05, 55, 35
31.267, 2.734232806174317, 0.39, -0.03086146484534012, -7.406751562881629, 192, 167, 8.744787815186351e-05, 55, 12
31.306, 2.737653651508226, 0.42, -0.000861464845340123, -0.2067515628816295, 185, 174, 8.744820965655867e-05, 55, 16
31.346, 2.741318842937414, 0.44, 0.01913853515465988, 4.59324843711837, 191, 175, 8.745354568166317e-05, 56, 11
31.38500000000001, 2.744739688271322, 0.4600000000000001, 0.03913853515465988, 9.39324843711837, 170, 189, 8.745386930926628e-05, 56, 39
31.426, 2.74840487970051, 0.43, 0.009138535154659877, 2.19324843711837, 170, 182, 8.745640169606411e-05, 56, 9
31.468, 2.751825725034419, 0.38, -0.04086146484534012, -9.80675156288163, 175, 182, 8.744838327934472e-05, 57, 8
31.504, 2.755002224273049, 0.39, -0.03086146484534012, -7.406751562881629, 187, 183, 8.744928340125218e-05, 57, 12
31.54, 2.758423069606958, 0.38, -0.04086146484534012, -9.80675156288163, 190, 166, 8.745792864955478e-05, 57, 24
31.579, 2.761355222750308, 0.4, -0.02086146484534012, -5.00675156288163, 182, 166, 8.744276964914366e-05, 57, 13
31.617, 2.765020414179497, 0.43, 0.009138535154659877, 2.19324843711837, 199, 179, 8.745359819652391e-05, 58, 31
31.655, 2.768441259513406, 0.44, 0.01913853515465988, 4.59324843711837, 174, 189, 8.745668170947418e-05, 58, 33
31.692, 2.771617758752035, 0.45, 0.02913853515465987, 6.99324843711837, 165, 174, 8.745480748302521e-05, 58, 26
31.738, 2.775527296276502, 0.43, 0.009138535154659877, 2.19324843711837, 175, 193, 8.74512349951636e-05, 58, 19
31.774, 2.778948141610411, 0.43, 0.009138535154659877, 2.19324843711837, 182, 181, 8.745981436427302e-05, 58, 15
31.813, 2.782124640849041, 0.38, -0.04086146484534012, -9.80675156288163, 186, 174, 8.745244525348259e-05, 59, 11
31.856, 2.786034178373508, 0.38, -0.04086146484534012, -9.80675156288163, 182, 183, 8.745712513728993e-05, 59, 13
31.89, 2.789210677612138, 0.44, 0.01913853515465988, 4.59324843711837, 180, 170, 8.746348942026145e-05, 60, 9
31.934, 2.792631522946047, 0.44, 0.01913853515465988, 4.59324843711837, 183, 170, 8.745010092522223e-05, 60, 9
31.973, 2.796052368279956, 0.4699999999999999, 0.04913853515465988, 11.79324843711837, 178, 185, 8.745042280298863e-05, 60, 21
32.014, 2.799961905804423, 0.45, 0.02913853515465987, 6.99324843711837, 176, 196, 8.746054556770236e-05, 60, 13
32.052, 2.803138405043053, 0.37, -0.05086146484534013, -12.20675156288163, 162, 189, 8.745595922385665e-05, 61, 17
32.096, 2.806803596472241, 0.61, 0.1891385351546599, 45.39324843711837, 182, 179, 8.74502616049427e-05, 62, 28
32.137, 2.810468787901429, 0.8699999999999999, 0.4491385351546599, 107.7932484371184, 189, 169, 8.745274256780124e-05, 62, 32
32.176, 2.814133979330617, 0.8100000000000001, 0.3891385351546599, 93.39324843711838, 129, 245, 8.746065326114547e-05, 62, 146
32.218, 2.817799170759805, 0.7199999999999999, 0.2991385351546599, 71.79324843711837, 66, 282, 8.746040011049118e-05, 62, 101
32.256, 2.820975669998435, 0.61, 0.1891385351546599, 45.39324843711837, 85, 275, 8.745584294389989e-05, 62, 20
32.298, 2.824640861427623, 0.67, 0.2491385351546599, 59.79324843711836, 133, 229, 8.745559667557197e-05, 62, 94
32.338, 2.82855039895209, 0.67, 0.2491385351546599, 59.79324843711836, 143, 224, 8.746831588076226e-05, 62, 27
32.379, 2.831971244285999, 0.67, 0.2491385351546599, 59.79324843711836, 111, 230, 8.746320900231627e-05, 62, 44
32.42, 2.835147743524629, 0.65, 0.2291385351546599, 54.99324843711837, 111, 239, 8.745057814696574e-05, 62, 5
32.463, 2.839301627144375, 0.79, 0.3691385351546599, 88.59324843711837, 130, 247, 8.746269990895406e-05, 62, 35
32.501, 2.842478126383005, 0.79, 0.3691385351546599, 88.59324843711837, 117, 240, 8.74581744064184e-05, 62, 21
32.544, 2.846387663907473, 0.8100000000000001, 0.3891385351546599, 93.39324843711838, 81, 273, 8.746274778476748e-05, 62, 76
32.582, 2.849564163146102, 0.79, 0.3691385351546599, 88.59324843711837, 83, 279, 8.74582334769536e-05, 62, 9
32.62700000000001, 2.853473700670569, 0.7800000000000001, 0.3591385351546599, 86.19324843711837, 99, 266, 8.745743404758541e-05, 62, 31
32.668, 2.857383238195037, 0.7800000000000001, 0.3591385351546599, 86.19324843711837, 91, 263, 8.746734535922116e-05, 62, 10
32.706, 2.860315391338387, 0.76, 0.3391385351546599, 81.39324843711838, 91, 258, 8.74553718381455e-05, 62, 6
32.746, 2.863980582767574, 0.76, 0.3391385351546599, 81.39324843711838, 92, 273, 8.746047098172523e-05, 62, 16
32.786, 2.867401428101484, 0.71, 0.2891385351546599, 69.39324843711837, 99, 259, 8.745810492592826e-05, 62, 20
32.827, 2.871066619530671, 0.7, 0.2791385351546599, 66.99324843711837, 101, 257, 8.746052394463922e-05, 62, 4
32.864, 2.874243118769301, 0.58, 0.1591385351546599, 38.19324843711837, 112, 244, 8.745871223129569e-05, 62, 20
32.908, 2.878152656293769, 0.36, -0.06086146484534012, -14.60675156288163, 124, 232, 8.746057664682658e-05, 63, 28
32.945, 2.881329155532399, 0.29, -0.1308614648453401, -31.40675156288163, 145, 206, 8.745876932865075e-05, 63, 46
32.984, 2.884750000866307, 0.23, -0.1908614648453401, -45.80675156288163, 201, 151, 8.745907109102314e-05, 63, 103
33.028, 2.888415192295496, 0.24, -0.1808614648453401, -43.40675156288163, 229, 145, 8.745353010462322e-05, 63, 47
33.066, 2.892324729819963, 0.24, -0.1808614648453401, -43.40675156288163, 229, 147, 8.747126141111602e-05, 63, 6
33.104, 2.895501229058592, 0.23, -0.1908614648453401, -45.80675156288163, 235, 132, 8.74668085143364e-05, 63, 18
33.142, 2.898677728297222, 0.23, -0.1908614648453401, -45.80675156288163, 213, 132, 8.746236582877383e-05, 63, 21
33.177, 2.901609881440573, 0.27, -0.1508614648453401, -36.20675156288163, 222, 129, 8.745847669893521e-05, 63, 10
33.214, 2.905275072869761, 0.29, -0.1308614648453401, -31.40675156288163, 226, 139, 8.74713997973674e-05, 63, 17
33.25, 2.908207226013111, 0.32, -0.1008614648453401, -24.20675156288163, 207, 152, 8.746487897783794e-05, 63, 31
33.288, 2.911628071347021, 0.29, -0.1308614648453401, -31.40675156288163, 210, 152, 8.746779834616138e-05, 63, 2
33.324, 2.91480457058565, 0.29, -0.1308614648453401, -31.40675156288163, 198, 150, 8.746862833350288e-05, 63, 14
33.36, 2.91798106982428, 0.27, -0.1508614648453401, -36.20675156288163, 207, 143, 8.746945652950481e-05, 63, 17
33.40100000000001, 2.921646261253468, 0.27, -0.1508614648453401, -36.20675156288163, 217, 151, 8.747182004291691e-05, 63, 17
33.436, 2.924822760492098, 0.24, -0.1808614648453401, -43.40675156288163, 226, 143, 8.74752590169906e-05, 63, 17
33.478, 2.927999259730727, 0.24, -0.1808614648453401, -43.40675156288163, 208, 135, 8.746039965740867e-05, 63, 22
33.514, 2.931175758969357, 0.26, -0.1608614648453401, -38.60675156288163, 217, 130, 8.746123288683405e-05, 63, 20
33.55, 2.934352258207986, 0.27, -0.1508614648453401, -36.20675156288163, 233, 144, 8.746206432810691e-05, 63, 35
33.594, 2.938261795732454, 0.27, -0.1508614648453401, -36.20675156288163, 227, 140, 8.746388628125422e-05, 63, 11
33.63, 2.941682641066363, 0.27, -0.1508614648453401, -36.20675156288163, 220, 146, 8.747197862225285e-05, 63, 14
33.668, 2.944859140304992, 0.27, -0.1508614648453401, -36.20675156288163, 213, 148, 8.746759951006865e-05, 63, 8
33.706, 2.948035639543622, 0.3, -0.1208614648453401, -29.00675156288163, 204, 138, 8.746323027186916e-05, 63, 20
33.743, 2.951456484877531, 0.34, -0.08086146484534012, -19.40675156288163, 208, 142, 8.746870417205141e-05, 63, 7
33.782, 2.95487733021144, 0.39, -0.03086146484534012, -7.406751562881629, 210, 154, 8.746898733679002e-05, 63, 16
33.828, 2.959275559926466, 0.4600000000000001, 0.03913853515465988, 9.39324843711837, 196, 178, 8.748006266780376e-05, 64, 38
33.864, 2.962207713069816, 0.36, -0.06086146484534012, -14.60675156288163, 166, 180, 8.747365087024026e-05, 65, 29
33.90400000000001, 2.965628558403725, 0.32, -0.1008614648453401, -24.20675156288163, 153, 180, 8.747134728656574e-05, 65, 28
33.943, 2.968560711547075, 0.29, -0.1308614648453401, -31.40675156288163, 201, 147, 8.745722863468387e-05, 65, 91
33.981, 2.971981556880984, 0.23, -0.1908614648453401, -45.80675156288163, 213, 158, 8.746009702130555e-05, 65, 25
34.024, 2.976135440500731, 0.22, -0.2008614648453401, -48.20675156288163, 225, 143, 8.747165061429376e-05, 65, 21
34.06000000000001, 2.979311939739361, 0.2, -0.2208614648453401, -53.00675156288163, 246, 132, 8.747245859481387e-05, 65, 35
34.098, 2.98248843897799, 0.2, -0.2208614648453401, -53.00675156288163, 241, 132, 8.746813417144672e-05, 65, 8
34.138, 2.986153630407178, 0.26, -0.1608614648453401, -38.60675156288163, 246, 119, 8.747301044018919e-05, 65, 20
34.174, 2.989085783550529, 0.35, -0.07086146484534011, -17.00675156288163, 213, 125, 8.746666423452123e-05, 65, 29
34.21, 2.992506628884438, 0.43, 0.009138535154659877, 2.19324843711837, 198, 159, 8.747461645379824e-05, 66, 52
34.248, 2.995927474218346, 0.51, 0.08913853515465988, 21.39324843711837, 185, 182, 8.747744318553918e-05, 66, 40
34.284, 2.998859627361697, 0.5899999999999999, 0.1691385351546599, 40.59324843711837, 171, 182, 8.747111268701719e-05, 66, 16
34.324, 3.002280472695606, 0.62, 0.1991385351546599, 47.79324843711837, 146, 199, 8.746884024867748e-05, 66, 42
34.364, 3.005701318029515, 0.6, 0.1791385351546599, 42.99324843711837, 125, 220, 8.746657310061444e-05, 66, 45
34.406, 3.009610855553982, 0.43, 0.009138535154659877, 2.19324843711837, 131, 228, 8.747343066773185e-05, 66, 13
34.444, 3.013031700887891, 0.26, -0.1608614648453401, -38.60675156288163, 161, 234, 8.747624262245647e-05, 67, 33
34.485, 3.016696892317079, 0.22, -0.2008614648453401, -48.20675156288163, 200, 177, 8.747852377315002e-05, 67, 102
34.525, 3.020117737650988, 0.22, -0.2008614648453401, -48.20675156288163, 236, 119, 8.747625597830522e-05, 67, 97
34.562, 3.023049890794338, 0.24, -0.1808614648453401, -43.40675156288163, 208, 117, 8.74674466406556e-05, 67, 31
34.601, 3.026470736128247, 0.27, -0.1508614648453401, -36.20675156288163, 229, 139, 8.746772452033895e-05, 67, 30
34.64, 3.030135927557435, 0.34, -0.08086146484534012, -19.40675156288163, 240, 144, 8.74750556454225e-05, 67, 29
34.678, 3.033556772891344, 0.38, -0.04086146484534012, -9.80675156288163, 196, 147, 8.747784684501253e-05, 67, 46
34.714, 3.036733272129974, 0.4699999999999999, 0.04913853515465988, 11.79324843711837, 195, 165, 8.747863317767973e-05, 68, 24
34.753, 3.039909771368603, 0.4699999999999999, 0.04913853515465988, 11.79324843711837, 188, 189, 8.74718663530804e-05, 68, 24
34.79, 3.043330616702512, 0.45, 0.02913853515465987, 6.99324843711837, 150, 188, 8.747716633235159e-05, 68, 45
34.83, 3.046751462036422, 0.4, -0.02086146484534012, -5.00675156288163, 171, 180, 8.747491995510828e-05, 69, 21
34.866, 3.05017230737033, 0.36, -0.06086146484534012, -14.60675156288163, 197, 183, 8.748271403001004e-05, 69, 32
34.907, 3.053593152704239, 0.37, -0.05086146484534013, -12.20675156288163, 177, 167, 8.747796008549113e-05, 69, 30
34.943, 3.056769651942869, 0.36, -0.06086146484534012, -14.60675156288163, 190, 166, 8.747874114823766e-05, 69, 17
34.985, 3.060434843372057, 0.35, -0.07086146484534011, -17.00675156288163, 202, 172, 8.74784863047608e-05, 69, 21
35.02600000000001, 3.063855688705966, 0.38, -0.04086146484534012, -9.80675156288163, 190, 164, 8.747375346045697e-05, 69, 20
35.06, 3.067032187944596, 0.35, -0.07086146484534011, -17.00675156288163, 189, 160, 8.747952618210483e-05, 69, 9
35.104, 3.070697379373784, 0.36, -0.06086146484534012, -14.60675156288163, 198, 165, 8.747428724287213e-05, 69, 18
35.144, 3.074362570802972, 0.41, -0.01086146484534012, -2.606751562881629, 196, 159, 8.747901692473741e-05, 69, 11
35.184, 3.07778341613688, 0.44, 0.01913853515465988, 4.59324843711837, 191, 170, 8.747679104527284e-05, 70, 20
35.224, 3.081448607566069, 0.45, 0.02913853515465987, 6.99324843711837, 181, 192, 8.748150714189384e-05, 70, 31
35.263, 3.084625106804698, 0.42, -0.000861464845340123, -0.2067515628816295, 157, 178, 8.747483500566313e-05, 71, 37
35.303, 3.088045952138607, 0.39, -0.03086146484534012, -7.406751562881629, 174, 187, 8.747262136754971e-05, 71, 22
35.34000000000001, 3.091466797472516, 0.39, -0.03086146484534012, -7.406751562881629, 200, 175, 8.74778380722274e-05, 71, 39
35.378, 3.094887642806424, 0.39, -0.03086146484534012, -7.406751562881629, 184, 173, 8.74805710556398e-05, 71, 16
35.413, 3.098064142045054, 0.39, -0.03086146484534012, -7.406751562881629, 193, 181, 8.748380939330342e-05, 71, 13
35.456, 3.101729333474243, 0.4, -0.02086146484534012, -5.00675156288163, 186, 171, 8.748108454067696e-05, 71, 14
35.494, 3.10539452490343, 0.42, -0.000861464845340123, -0.2067515628816295, 178, 179, 8.749068926870544e-05, 71, 18
35.535, 3.10857102414206, 0.41, -0.01086146484534012, -2.606751562881629, 194, 165, 8.747913392829773e-05, 71, 36
35.572, 3.11199186947597, 0.43, 0.009138535154659877, 2.19324843711837, 180, 175, 8.748430983571261e-05, 72, 29
35.607, 3.115168368714599, 0.42, -0.000861464845340123, -0.2067515628816295, 172, 192, 8.748752685468023e-05, 73, 27
35.647, 3.118589214048507, 0.38, -0.04086146484534012, -9.80675156288163, 185, 175, 8.748532033687287e-05, 73, 30
35.684, 3.122010059382417, 0.37, -0.05086146484534013, -12.20675156288163, 193, 178, 8.749047358430715e-05, 73, 18
35.724, 3.125186558621047, 0.37, -0.05086146484534013, -12.20675156288163, 178, 164, 8.748142869278487e-05, 73, 34
35.762, 3.128363057859676, 0.31, -0.1108614648453401, -26.60675156288163, 196, 167, 8.747729595267815e-05, 73, 17
35.8, 3.131783903193585, 0.37, -0.05086146484534013, -12.20675156288163, 202, 155, 8.747999729591019e-05, 73, 10
35.84000000000001, 3.135449094622774, 0.44, 0.01913853515465988, 4.59324843711837, 197, 163, 8.748462875621579e-05, 74, 5
35.877, 3.138625593861403, 0.48, 0.05913853515465988, 14.19324843711837, 175, 172, 8.748294433373481e-05, 74, 30
35.916, 3.142046439195311, 0.5300000000000001, 0.1091385351546599, 26.19324843711837, 179, 191, 8.748319521091746e-05, 74, 21
35.95600000000001, 3.145467284529221, 0.4699999999999999, 0.04913853515465988, 11.79324843711837, 162, 204, 8.74810124743915e-05, 74, 29
35.995, 3.148888129863129, 0.44, 0.01913853515465988, 4.59324843711837, 149, 200, 8.748126489410001e-05, 74, 16
36.03, 3.152064629101759, 0.38, -0.04086146484534012, -9.80675156288163, 180, 181, 8.748444710246346e-05, 75, 48
36.07, 3.155729820530947, 0.36, -0.06086146484534012, -14.60675156288163, 188, 178, 8.748904409567361e-05, 75, 19
36.108, 3.158661973674297, 0.38, -0.04086146484534012, -9.80675156288163, 184, 167, 8.747817585228473e-05, 75, 16
36.147, 3.162327165103486, 0.4, -0.02086146484534012, -5.00675156288163, 191, 159, 8.748519006012909e-05, 75, 19
36.183, 3.165503664342116, 0.42, -0.000861464845340123, -0.2067515628816295, 188, 182, 8.748593716226171e-05, 75, 23
36.226, 3.169413201866583, 0.52, 0.09913853515465988, 23.79324843711837, 183, 177, 8.749001274958822e-05, 76, 14
36.265, 3.172834047200491, 0.54, 0.1191385351546599, 28.59324843711837, 169, 191, 8.749025361093318e-05, 76, 31
36.302, 3.1762548925344, 0.51, 0.08913853515465988, 21.39324843711837, 157, 197, 8.749531410209906e-05, 76, 21
36.344, 3.17967573786831, 0.4600000000000001, 0.03913853515465988, 9.39324843711837, 151, 198, 8.748832648768186e-05, 76, 10
36.38, 3.182852237106939, 0.41, -0.01086146484534012, -2.606751562881629, 168, 206, 8.748906644054257e-05, 77, 26
36.417, 3.186028736345569, 0.32, -0.1008614648453401, -24.20675156288163, 165, 178, 8.748740248635441e-05, 77, 31
36.45300000000001, 3.188960889488919, 0.31, -0.1108614648453401, -26.60675156288163, 199, 167, 8.748143882503276e-05, 77, 35
36.49, 3.192626080918107, 0.34, -0.08086146484534012, -19.40675156288163, 222, 153, 8.749317843020298e-05, 77, 43
36.527, 3.195802580156737, 0.39, -0.03086146484534012, -7.406751562881629, 196, 147, 8.749151532172739e-05, 77, 36
36.563, 3.198979079395367, 0.45, 0.02913853515465987, 6.99324843711837, 186, 172, 8.749224843134773e-05, 78, 29
36.605, 3.202644270824555, 0.48, 0.05913853515465988, 14.19324843711837, 183, 179, 8.749198936824353e-05, 78, 16
36.645, 3.206309462253743, 0.4699999999999999, 0.04913853515465988, 11.79324843711837, 166, 198, 8.749650599682749e-05, 78, 37
36.681, 3.209241615397093, 0.4, -0.02086146484534012, -5.00675156288163, 160, 201, 8.749057046964623e-05, 79, 9
36.71800000000001, 3.212662460731003, 0.35, -0.07086146484534011, -17.00675156288163, 178, 184, 8.749557330821403e-05, 79, 30
36.753, 3.215594613874353, 0.36, -0.06086146484534012, -14.60675156288163, 195, 157, 8.749203096004006e-05, 79, 41
36.791, 3.218771113112983, 0.39, -0.03086146484534012, -7.406751562881629, 186, 155, 8.748800285702977e-05, 79, 18
36.833, 3.222436304542171, 0.45, 0.02913853515465987, 6.99324843711837, 187, 167, 8.748775023870362e-05, 80, 10
36.87, 3.2256128037808, 0.5, 0.07913853515465988, 18.99324843711837, 190, 179, 8.748610804938433e-05, 80, 21
36.913, 3.229766687400547, 0.5699999999999999, 0.1491385351546599, 35.79324843711837, 171, 208, 8.749672709886887e-05, 80, 50
36.953, 3.233187532734455, 0.52, 0.09913853515465988, 23.79324843711837, 150, 212, 8.749458860537588e-05, 80, 27
36.988, 3.236119685877806, 0.42, -0.000861464845340123, -0.2067515628816295, 138, 199, 8.749106969497692e-05, 81, 17
37.026, 3.239540531211714, 0.34, -0.08086146484534012, -19.40675156288163, 166, 191, 8.749366745561806e-05, 81, 42
37.068, 3.242717030450344, 0.32, -0.1008614648453401, -24.20675156288163, 188, 161, 8.748022635292825e-05, 81, 52
37.106, 3.246137875784254, 0.29, -0.1308614648453401, -31.40675156288163, 202, 157, 8.748282961742719e-05, 81, 22
37.146, 3.249803067213441, 0.3, -0.1208614648453401, -29.00675156288163, 210, 160, 8.748729519230714e-05, 81, 6
37.186, 3.25346825864263, 0.36, -0.06086146484534012, -14.60675156288163, 218, 146, 8.749175116018472e-05, 81, 17
37.223, 3.25664475788126, 0.42, -0.000861464845340123, -0.2067515628816295, 207, 153, 8.749012056742496e-05, 81, 6
37.264, 3.260554295405727, 0.52, 0.09913853515465988, 23.79324843711837, 185, 179, 8.749877349199568e-05, 82, 57
37.3, 3.263486448549077, 0.5699999999999999, 0.1491385351546599, 35.79324843711837, 163, 189, 8.749293427745515e-05, 82, 21
37.342, 3.267151639978265, 0.55, 0.1291385351546599, 30.99324843711837, 145, 212, 8.749267955594947e-05, 82, 51
37.379, 3.270328139216895, 0.4600000000000001, 0.03913853515465988, 9.39324843711837, 150, 205, 8.749105484943136e-05, 82, 7
37.416, 3.273504638455524, 0.38, -0.04086146484534012, -9.80675156288163, 162, 202, 8.748943335619852e-05, 83, 20
37.454, 3.276925483789434, 0.31, -0.1108614648453401, -26.60675156288163, 177, 181, 8.749200309151048e-05, 83, 28
37.496, 3.280590675218622, 0.34, -0.08086146484534012, -19.40675156288163, 197, 164, 8.749175045921223e-05, 83, 47
37.532, 3.283767174457251, 0.37, -0.05086146484534013, -12.20675156288163, 213, 153, 8.749246441589179e-05, 83, 25
37.574, 3.287432365886439, 0.4, -0.02086146484534012, -5.00675156288163, 196, 168, 8.749221179236811e-05, 83, 28
37.614, 3.291097557315628, 0.43, 0.009138535154659877, 2.19324843711837, 184, 178, 8.749661182845824e-05, 84, 24
37.65, 3.294274056554257, 0.42, -0.000861464845340123, -0.2067515628816295, 169, 185, 8.749731889918346e-05, 85, 23
37.68800000000001, 3.297694901888166, 0.42, -0.000861464845340123, -0.2067515628816295, 176, 174, 8.749986472851216e-05, 85, 15
37.726, 3.300871401126796, 0.42, -0.000861464845340123, -0.2067515628816295, 192, 174, 8.749592856721613e-05, 85, 18
37.763, 3.304047900365425, 0.41, -0.01086146484534012, -2.606751562881629, 176, 176, 8.749431719845948e-05, 85, 19
37.8, 3.307468745699334, 0.42, -0.000861464845340123, -0.2067515628816295, 187, 181, 8.749917316664906e-05, 85, 15
37.84000000000001, 3.310889591033243, 0.42, -0.000861464845340123, -0.2067515628816295, 178, 173, 8.749708221546625e-05, 85, 14
37.88, 3.314310436367152, 0.45, 0.02913853515465987, 6.99324843711837, 177, 180, 8.749499568023104e-05, 86, 9
37.914, 3.317731281701061, 0.43, 0.009138535154659877, 2.19324843711837, 188, 192, 8.750675955322734e-05, 86, 21
37.955, 3.321152127034969, 0.4, -0.02086146484534012, -5.00675156288163, 168, 180, 8.750236140258121e-05, 87, 24
37.994, 3.324328626273599, 0.34, -0.08086146484534012, -19.40675156288163, 159, 171, 8.749614745153442e-05, 87, 24
38.03, 3.327505125512229, 0.34, -0.08086146484534012, -19.40675156288163, 199, 174, 8.749684789671914e-05, 87, 43
38.068, 3.330925970846138, 0.34, -0.08086146484534012, -19.40675156288163, 217, 161, 8.749936878339124e-05, 87, 32
38.104, 3.333858123989488, 0.42, -0.000861464845340123, -0.2067515628816295, 201, 152, 8.74936522147147e-05, 87, 26
38.14500000000001, 3.337523315418677, 0.51, 0.08913853515465988, 21.39324843711837, 186, 180, 8.749569577713139e-05, 88, 47
38.18, 3.340699814657306, 0.48, 0.05913853515465988, 14.19324843711837, 165, 183, 8.749868555938466e-05, 88, 20
38.22, 3.343876313895936, 0.21, -0.2108614648453401, -50.60675156288163, 157, 195, 8.749022276022856e-05, 89, 27
38.26, 3.347541505325124, 0.17, -0.2508614648453401, -60.20675156288164, 178, 188, 8.749455058351083e-05, 89, 27
38.295, 3.350718004563754, 0.17, -0.2508614648453401, -60.20675156288164, 231, 138, 8.749753243409724e-05, 89, 97
38.338, 3.354627542088221, 0.18, -0.2408614648453401, -57.80675156288163, 244, 100, 8.750137049632796e-05, 89, 64
38.376, 3.357559695231571, 0.16, -0.2608614648453401, -62.60675156288163, 233, 118, 8.749113235437699e-05, 89, 32
38.416, 3.361224886660759, 0.19, -0.2308614648453401, -55.40675156288163, 250, 126, 8.749544165610057e-05, 89, 25
38.455, 3.364890078089948, 0.21, -0.2108614648453401, -50.60675156288163, 243, 121, 8.75020173732921e-05, 89, 12
38.492, 3.367822231233298, 0.19, -0.2308614648453401, -55.40675156288163, 216, 123, 8.749408269856847e-05, 89, 24
38.534, 3.371731768757765, 0.22, -0.2008614648453401, -48.20675156288163, 236, 132, 8.750017565676456e-05, 89, 25
38.575, 3.375396960186953, 0.21, -0.2108614648453401, -50.60675156288163, 235, 127, 8.750218950581862e-05, 89, 8
38.616, 3.378817805520862, 0.19, -0.2308614648453401, -55.40675156288163, 223, 127, 8.749787149163202e-05, 89, 14
38.655, 3.382238650854771, 0.18, -0.2408614648453401, -57.80675156288163, 230, 122, 8.749808953187872e-05, 89, 14
38.69400000000001, 3.38565949618868, 0.15, -0.2708614648453401, -65.00675156288164, 250, 128, 8.749830713259627e-05, 89, 32
38.733, 3.389080341522589, 0.17, -0.2508614648453401, -60.20675156288164, 234, 116, 8.749852429511243e-05, 89, 27
38.77000000000001, 3.392256840761219, 0.18, -0.2408614648453401, -57.80675156288163, 239, 112, 8.749695230232703e-05, 89, 14
38.809, 3.395922032190407, 0.19, -0.2308614648453401, -55.40675156288163, 248, 130, 8.750346652040523e-05, 89, 29
38.848, 3.399342877524316, 0.2, -0.2208614648453401, -53.00675156288163, 234, 123, 8.750367786049001e-05, 89, 22
38.884, 3.402275030667666, 0.23, -0.1908614648453401, -45.80675156288163, 230, 125, 8.749807197478825e-05, 89, 4
38.921, 3.405695876001575, 0.22, -0.2008614648453401, -48.20675156288163, 237, 130, 8.750278451225753e-05, 89, 15
38.95900000000001, 3.408872375240205, 0.19, -0.2308614648453401, -55.40675156288163, 212, 133, 8.749897007726595e-05, 89, 26
38.997, 3.412293220574114, 0.21, -0.2108614648453401, -50.60675156288163, 227, 129, 8.750142884258054e-05, 89, 15
39.037, 3.415958412003302, 0.21, -0.2108614648453401, -50.60675156288163, 240, 124, 8.750565904150683e-05, 89, 21
39.07500000000001, 3.419134911241932, 0.21, -0.2108614648453401, -50.60675156288163, 232, 131, 8.750185313479033e-05, 89, 14
39.114, 3.42280010267112, 0.22, -0.2008614648453401, -48.20675156288163, 230, 132, 8.750831167027457e-05, 89, 8
39.15, 3.425976601909749, 0.22, -0.2008614648453401, -48.20675156288163, 230, 132, 8.750898089169219e-05, 89, 5
39.19, 3.429397447243658, 0.22, -0.2008614648453401, -48.20675156288163, 221, 122, 8.750695195824594e-05, 89, 26
39.22800000000001, 3.432573946482288, 0.23, -0.1908614648453401, -45.80675156288163, 228, 132, 8.750315964317039e-05, 89, 17
39.266, 3.435994791816197, 0.24, -0.1808614648453401, -43.40675156288163, 240, 134, 8.750559750970806e-05, 89, 21
39.303, 3.439171291054826, 0.23, -0.1908614648453401, -45.80675156288163, 211, 136, 8.75040401764452e-05, 89, 34
39.344, 3.443080828579294, 0.21, -0.2108614648453401, -50.60675156288163, 227, 134, 8.751222114119798e-05, 89, 19
39.384, 3.446012981722644, 0.2, -0.2208614648453401, -53.00675156288163, 220, 128, 8.749779051702834e-05, 89, 13
39.419, 3.449189480961274, 0.21, -0.2108614648453401, -50.60675156288163, 224, 124, 8.750068446589903e-05, 89, 9
39.459, 3.452854672390462, 0.24, -0.1808614648453401, -43.40675156288163, 243, 131, 8.75048701789316e-05, 89, 29
39.497, 3.456031171629092, 0.23, -0.1908614648453401, -45.80675156288163, 226, 129, 8.75011056948399e-05, 89, 17
39.536, 3.459452016963, 0.21, -0.2108614648453401, -50.60675156288163, 220, 129, 8.750131568603297e-05, 89, 8
39.574, 3.463117208392189, 0.21, -0.2108614648453401, -50.60675156288163, 235, 145, 8.750991075939226e-05, 89, 31
39.608, 3.466049361535539, 0.2, -0.2208614648453401, -53.00675156288163, 224, 130, 8.75088204790835e-05, 89, 24
39.644, 3.468981514678889, 0.23, -0.1908614648453401, -45.80675156288163, 225, 122, 8.750331739175889e-05, 89, 12
39.684, 3.472646706108077, 0.23, -0.1908614648453401, -45.80675156288163, 238, 133, 8.750747671878029e-05, 89, 28
39.724, 3.476067551441986, 0.21, -0.2108614648453401, -50.60675156288163, 219, 137, 8.750547657441311e-05, 89, 23
39.76100000000001, 3.479244050680616, 0.21, -0.2108614648453401, -50.60675156288163, 228, 127, 8.750393729233712e-05, 89, 19
39.795, 3.482176203823966, 0.2, -0.2208614648453401, -53.00675156288163, 237, 126, 8.750285723894876e-05, 89, 10
39.834, 3.485597049157875, 0.2, -0.2208614648453401, -53.00675156288163, 229, 134, 8.750306394431581e-05, 89, 15
39.866, 3.488773548396505, 0.22, -0.2008614648453401, -48.20675156288163, 229, 128, 8.751250560368497e-05, 89, 8
39.906, 3.491950047635135, 0.2, -0.2208614648453401, -53.00675156288163, 230, 121, 8.750438649915138e-05, 89, 10
39.94400000000001, 3.495126546873765, 0.22, -0.2008614648453401, -48.20675156288163, 223, 129, 8.750066460228732e-05, 89, 14
39.983, 3.498791738302953, 0.2, -0.2208614648453401, -53.00675156288163, 242, 134, 8.750698392574225e-05, 89, 27
40.02400000000001, 3.502456929732141, 0.2, -0.2208614648453401, -53.00675156288163, 221, 128, 8.750891789256798e-05, 89, 26
40.06, 3.50563342897077, 0.18, -0.2408614648453401, -57.80675156288163, 240, 119, 8.750957136721842e-05, 89, 28
40.098, 3.5088099282094, 0.14, -0.2808614648453402, -67.40675156288162, 241, 118, 8.750585885104993e-05, 89, 9
40.14, 3.512475119638588, 0.19, -0.2308614648453401, -55.40675156288163, 236, 118, 8.750560836169877e-05, 89, 17
40.183, 3.516140311067776, 0.2, -0.2208614648453401, -53.00675156288163, 255, 107, 8.75031807248781e-05, 89, 39
40.22, 3.519561156401685, 0.21, -0.2108614648453401, -50.60675156288163, 225, 135, 8.75077363600618e-05, 89, 56
40.256, 3.522737655640315, 0.19, -0.2308614648453401, -55.40675156288163, 240, 137, 8.750838770966601e-05, 89, 15
40.294, 3.526402847069503, 0.2, -0.2208614648453401, -53.00675156288163, 237, 128, 8.751682253113374e-05, 89, 11
40.331, 3.529335000212853, 0.22, -0.2008614648453401, -48.20675156288163, 219, 117, 8.750923607678594e-05, 89, 32
40.368, 3.532511499451483, 0.2, -0.2208614648453401, -53.00675156288163, 232, 124, 8.750771649453732e-05, 89, 18
40.40400000000001, 3.535443652594834, 0.24, -0.1808614648453401, -43.40675156288163, 232, 131, 8.750231790404005e-05, 89, 6
40.44, 3.539108844024022, 0.22, -0.2008614648453401, -48.20675156288163, 231, 132, 8.751505549020827e-05, 89, 5
40.476, 3.542040997167372, 0.23, -0.1908614648453401, -45.80675156288163, 220, 136, 8.750965997547613e-05, 89, 13
40.513, 3.545217496406002, 0.2, -0.2208614648453401, -53.00675156288163, 224, 132, 8.750814544482022e-05, 89, 6
40.552, 3.548638341739911, 0.19, -0.2308614648453401, -55.40675156288163, 227, 129, 8.750834340451545e-05, 89, 6
40.586, 3.551570494883261, 0.2, -0.2208614648453401, -53.00675156288163, 230, 121, 8.750728070968465e-05, 89, 10
40.624, 3.55499134021717, 0.24, -0.1808614648453401, -43.40675156288163, 242, 129, 8.750963322708671e-05, 89, 20
40.665, 3.558412185551079, 0.21, -0.2108614648453401, -50.60675156288163, 229, 134, 8.750552528098067e-05, 89, 16
40.7, 3.561588684789708, 0.22, -0.2008614648453401, -48.20675156288163, 225, 130, 8.750832149360463e-05, 89, 9
40.74000000000001, 3.565253876218897, 0.23, -0.1908614648453401, -45.80675156288163, 242, 126, 8.751236809570193e-05, 89, 24
40.774, 3.568430375457527, 0.23, -0.1908614648453401, -45.80675156288163, 228, 135, 8.751729963843447e-05, 89, 14
40.815, 3.571606874696156, 0.21, -0.2108614648453401, -50.60675156288163, 216, 143, 8.750721241445927e-05, 89, 30
40.851, 3.574783373934785, 0.21, -0.2108614648453401, -50.60675156288163, 225, 125, 8.750785473880162e-05, 89, 24
40.894, 3.578692911459253, 0.18, -0.2408614648453401, -57.80675156288163, 235, 129, 8.751144205651814e-05, 89, 19
40.93500000000001, 3.582358102888441, 0.15, -0.2708614648453401, -65.00675156288164, 238, 129, 8.751332851810043e-05, 89, 1
40.973, 3.585534602127071, 0.19, -0.2308614648453401, -55.40675156288163, 243, 111, 8.750969180013842e-05, 89, 21
41.01400000000001, 3.589199793556259, 0.21, -0.2108614648453401, -50.60675156288163, 233, 120, 8.751157637773099e-05, 89, 14
41.05700000000001, 3.593109331080726, 0.21, -0.2108614648453401, -50.60675156288163, 234, 142, 8.751514555570855e-05, 89, 25
41.094, 3.596530176414635, 0.2, -0.2208614648453401, -53.00675156288163, 238, 124, 8.751959352739171e-05, 89, 22
41.13600000000001, 3.600195367843823, 0.22, -0.2008614648453401, -48.20675156288163, 227, 124, 8.751933507982844e-05, 89, 16
41.174, 3.603371867082453, 0.19, -0.2308614648453401, -55.40675156288163, 229, 134, 8.751571057177959e-05, 89, 14
41.21, 3.606304020225803, 0.2, -0.2208614648453401, -53.00675156288163, 233, 123, 8.751041058543564e-05, 89, 9
41.248, 3.609724865559712, 0.17, -0.2508614648453401, -60.20675156288164, 228, 119, 8.751272463052057e-05, 89, 12
41.283, 3.612901364798342, 0.2, -0.2208614648453401, -53.00675156288163, 233, 128, 8.751547525127394e-05, 89, 10
41.32000000000001, 3.616077864036972, 0.18, -0.2408614648453401, -57.80675156288163, 243, 127, 8.751398509285991e-05, 89, 16
41.36, 3.61974305546616, 0.18, -0.2408614648453401, -57.80675156288163, 236, 123, 8.751796555769245e-05, 89, 13
41.397, 3.622919554704789, 0.17, -0.2508614648453401, -60.20675156288164, 237, 120, 8.75164759452325e-05, 89, 3
41.434, 3.626340400038698, 0.16, -0.2608614648453401, -62.60675156288163, 248, 118, 8.752088622963504e-05, 89, 14
41.473, 3.629516899277328, 0.18, -0.2408614648453401, -57.80675156288163, 238, 115, 8.751517612126751e-05, 89, 13
41.515, 3.633426436801795, 0.18, -0.2408614648453401, -57.80675156288163, 231, 122, 8.752081023248936e-05, 89, 10
41.551, 3.636114243849867, 0.18, -0.2408614648453401, -57.80675156288163, 209, 122, 8.750966869268769e-05, 89, 30
41.59000000000001, 3.639290743088496, 0.17, -0.2508614648453401, -60.20675156288164, 241, 122, 8.750398516683088e-05, 89, 34
41.633, 3.643444626708243, 0.15, -0.2708614648453401, -65.00675156288164, 236, 116, 8.751338185353548e-05, 89, 7
41.674, 3.646621125946872, 0.13, -0.2908614648453401, -69.80675156288163, 239, 124, 8.750350640559756e-05, 89, 4
41.72, 3.651263701757177, 0.16, -0.2608614648453401, -62.60675156288163, 275, 116, 8.751830541124587e-05, 89, 34
41.75800000000001, 3.654684547091086, 0.19, -0.2308614648453401, -55.40675156288163, 257, 95, 8.752058401003605e-05, 89, 42
41.796, 3.657861046329716, 0.16, -0.2608614648453401, -62.60675156288163, 248, 114, 8.751701230571623e-05, 89, 26
41.831, 3.661037545568345, 0.16, -0.2608614648453401, -62.60675156288163, 226, 128, 8.751972330492567e-05, 89, 36
41.866, 3.663969698711696, 0.17, -0.2508614648453401, -60.20675156288164, 222, 119, 8.751659338632054e-05, 89, 22
41.904, 3.667146197950326, 0.19, -0.2308614648453401, -55.40675156288163, 245, 115, 8.751303450626017e-05, 89, 33
41.94400000000001, 3.670811389379514, 0.2, -0.2208614648453401, -53.00675156288163, 247, 121, 8.75169604563111e-05, 89, 9
41.98, 3.673743542522864, 0.19, -0.2308614648453401, -55.40675156288163, 237, 123, 8.751175661083526e-05, 89, 11
42.023, 3.677653080047331, 0.18, -0.2408614648453401, -57.80675156288163, 231, 128, 8.7515243558226e-05, 89, 13
42.056, 3.680585233190682, 0.19, -0.2308614648453401, -55.40675156288163, 230, 127, 8.751629335149996e-05, 89, 5
42.09300000000001, 3.68400607852459, 0.18, -0.2408614648453401, -57.80675156288163, 241, 125, 8.752063474982991e-05, 89, 12
42.136, 3.687671269953779, 0.18, -0.2408614648453401, -57.80675156288163, 233, 115, 8.751830429926381e-05, 89, 16
42.174, 3.691092115287688, 0.19, -0.2308614648453401, -55.40675156288163, 241, 125, 8.752056042319172e-05, 89, 17
42.21, 3.694268614526317, 0.2, -0.2208614648453401, -53.00675156288163, 240, 120, 8.752117068292625e-05, 89, 6
42.25000000000001, 3.697689459860227, 0.2, -0.2208614648453401, -53.00675156288163, 226, 126, 8.751927715645508e-05, 89, 19
42.294, 3.701598997384694, 0.2, -0.2208614648453401, -53.00675156288163, 227, 129, 8.752066480788514e-05, 89, 6
42.329, 3.704531150528044, 0.22, -0.2008614648453401, -48.20675156288163, 238, 120, 8.751756834624121e-05, 89, 19
42.367, 3.707951995861953, 0.21, -0.2108614648453401, -50.60675156288163, 235, 130, 8.751981485264364e-05, 89, 11
42.403, 3.711372841195862, 0.21, -0.2108614648453401, -50.60675156288163, 228, 135, 8.752618543961187e-05, 89, 13
42.44800000000001, 3.71503803262505, 0.2, -0.2208614648453401, -53.00675156288163, 218, 124, 8.751974257032252e-05, 89, 21
42.484, 3.71821453186368, 0.18, -0.2408614648453401, -57.80675156288163, 232, 130, 8.752034958722531e-05, 89, 17
42.525, 3.721879723292868, 0.18, -0.2408614648453401, -57.80675156288163, 240, 127, 8.752215692634609e-05, 89, 10
42.565, 3.725300568626777, 0.15, -0.2708614648453401, -65.00675156288164, 231, 114, 8.752027648600439e-05, 89, 18
42.60000000000001, 3.728477067865406, 0.18, -0.2408614648453401, -57.80675156288163, 244, 120, 8.752293586538514e-05, 89, 14
42.638, 3.731653567104036, 0.21, -0.2108614648453401, -50.60675156288163, 251, 117, 8.751943259777748e-05, 89, 11
42.674, 3.734830066342666, 0.2, -0.2208614648453401, -53.00675156288163, 235, 122, 8.752003717351704e-05, 89, 17
42.714, 3.738250911676575, 0.23, -0.1908614648453401, -45.80675156288163, 221, 130, 8.751816527781465e-05, 89, 25
42.748, 3.741183064819925, 0.22, -0.2008614648453401, -48.20675156288163, 228, 126, 8.751714851735578e-05, 89, 10
42.784, 3.744603910153834, 0.23, -0.1908614648453401, -45.80675156288163, 227, 140, 8.752346461653502e-05, 89, 17
42.82500000000001, 3.748269101583023, 0.25, -0.1708614648453401, -41.00675156288163, 242, 131, 8.75252563125049e-05, 89, 20
42.864, 3.75168994691693, 0.22, -0.2008614648453401, -48.20675156288163, 218, 131, 8.752542802624419e-05, 89, 17
42.9, 3.754622100060281, 0.18, -0.2408614648453401, -57.80675156288163, 206, 140, 8.752032867273382e-05, 89, 31
42.937, 3.75804294539419, 0.16, -0.2608614648453401, -62.60675156288163, 242, 125, 8.752458125612387e-05, 89, 50
42.973, 3.76121944463282, 0.13, -0.2908614648453401, -69.80675156288163, 246, 111, 8.752517731209876e-05, 89, 26
43.01100000000001, 3.76415159777617, 0.11, -0.3108614648453401, -74.60675156288163, 236, 116, 8.751602143117271e-05, 89, 24
43.05400000000001, 3.768061135300638, 0.1, -0.3208614648453401, -77.00675156288163, 261, 108, 8.751942061830812e-05, 89, 39
43.095, 3.771726326729826, 0.09, -0.3308614648453401, -79.40675156288163, 249, 99, 8.752120493629947e-05, 89, 19
43.13000000000001, 3.774658479873176, 0.1, -0.3208614648453401, -77.00675156288163, 273, 98, 8.751816554308316e-05, 89, 25
43.169, 3.778323671302364, 0.09, -0.3308614648453401, -79.40675156288163, 256, 103, 8.752400267095286e-05, 89, 19
43.20600000000001, 3.781500170540994, 0.09, -0.3308614648453401, -79.40675156288163, 248, 102, 8.752257025739468e-05, 89, 10
43.244, 3.784676669779624, 0.08, -0.3408614648453401, -81.80675156288164, 262, 98, 8.751911640411674e-05, 89, 16
43.285, 3.788586207304091, 0.08, -0.3408614648453401, -81.80675156288164, 271, 95, 8.752653823042834e-05, 89, 14
43.325, 3.792007052638, 0.1, -0.3208614648453401, -77.00675156288163, 258, 98, 8.752468673140219e-05, 89, 16
43.36200000000001, 3.795427897971909, 0.09, -0.3308614648453401, -79.40675156288163, 259, 99, 8.752889391568445e-05, 89, 1
43.403, 3.798848743305818, 0.1, -0.3208614648453401, -77.00675156288163, 262, 108, 8.752502691762821e-05, 89, 14
43.436, 3.801780896449168, 0.12, -0.3008614648453401, -72.20675156288163, 243, 99, 8.75260359252502e-05, 89, 25
43.47399999999999, 3.804957395687797, 0.13, -0.2908614648453401, -69.80675156288163, 251, 98, 8.752259731535625e-05, 89, 7
43.513, 3.808622587116986, 0.14, -0.2808614648453402, -67.40675156288162, 257, 113, 8.752838432461532e-05, 89, 21
43.55, 3.812043432450895, 0.18, -0.2408614648453401, -57.80675156288163, 246, 115, 8.753257020553146e-05, 89, 17
43.59000000000001, 3.815219931689525, 0.5600000000000001, 0.1391385351546599, 33.39324843711837, 246, 109, 8.752511887335455e-05, 90, 8
43.628, 3.818640777023434, 0.71, 0.2891385351546599, 69.39324843711837, 227, 135, 8.752729387144571e-05, 90, 41
43.663, 3.821817276262063, 0.74, 0.3191385351546599, 76.59324843711836, 178, 200, 8.752988288166325e-05, 90, 98
43.705, 3.825482467691251, 0.74, 0.3191385351546599, 76.59324843711836, 118, 244, 8.752962973781607e-05, 90, 122
43.742, 3.828414620834602, 0.7800000000000001, 0.3591385351546599, 86.19324843711837, 79, 259, 8.752262404175852e-05, 90, 57
43.784, 3.83207981226379, 0.8199999999999999, 0.3991385351546599, 95.79324843711836, 89, 249, 8.752237831773682e-05, 90, 25
43.823, 3.835500657597698, 0.8100000000000001, 0.3891385351546599, 93.39324843711838, 92, 299, 8.752254883503408e-05, 90, 56
43.864, 3.839410195122166, 0.8100000000000001, 0.3891385351546599, 93.39324843711838, 98, 271, 8.752986948573241e-05, 90, 28
43.905, 3.843075386551354, 0.8100000000000001, 0.3891385351546599, 93.39324843711838, 87, 261, 8.753161112746508e-05, 90, 22
43.945, 3.846496231885263, 0.8299999999999999, 0.4091385351546599, 98.19324843711838, 83, 274, 8.752978113289938e-05, 90, 15
43.981, 3.849672731123892, 0.84, 0.4191385351546598, 100.5932484371184, 81, 288, 8.753035927159212e-05, 90, 20
44.02, 3.853093576457802, 0.84, 0.4191385351546598, 100.5932484371184, 73, 255, 8.753052195497052e-05, 90, 39
44.061, 3.856514421791711, 0.84, 0.4191385351546598, 100.5932484371184, 83, 294, 8.752671119111483e-05, 90, 33
44.097, 3.859935267125619, 0.85, 0.4291385351546599, 102.9932484371184, 79, 303, 8.75328314199519e-05, 90, 23
44.13900000000001, 3.863600458554807, 0.8, 0.3791385351546599, 90.99324843711837, 82, 278, 8.75325779595099e-05, 90, 31
44.174, 3.866532611698158, 0.7800000000000001, 0.3591385351546599, 86.19324843711837, 78, 267, 8.752960138765241e-05, 90, 13
44.214, 3.869953457032067, 0.77, 0.3491385351546599, 83.79324843711837, 84, 269, 8.752778434505061e-05, 90, 6
44.24700000000001, 3.873129956270697, 0.8100000000000001, 0.3891385351546599, 93.39324843711838, 98, 260, 8.753429512217092e-05, 90, 20
44.283, 3.876062109414047, 0.79, 0.3691385351546599, 88.59324843711837, 92, 254, 8.752934781776409e-05, 90, 12
44.32200000000001, 3.879238608652677, 0.6899999999999999, 0.2691385351546598, 64.59324843711837, 85, 273, 8.752399730726674e-05, 90, 18
44.366, 3.883392492272423, 0.6800000000000001, 0.2591385351546599, 62.19324843711838, 107, 268, 8.753082297868691e-05, 90, 25
44.404, 3.886813337606332, 0.77, 0.3491385351546599, 83.79324843711837, 123, 234, 8.753295508527007e-05, 90, 53
44.44400000000001, 3.890234182940241, 0.75, 0.3291385351546599, 78.99324843711837, 111, 255, 8.753114442759969e-05, 90, 32
44.481, 3.893410682178871, 0.7800000000000001, 0.3591385351546599, 86.19324843711837, 85, 259, 8.752974713200851e-05, 90, 33
44.524, 3.897320219703338, 0.79, 0.3691385351546599, 88.59324843711837, 105, 258, 8.753302083602861e-05, 90, 25
44.564, 3.900496718941968, 0.76, 0.3391385351546599, 81.39324843711838, 84, 276, 8.752573195722933e-05, 90, 37
44.606, 3.904406256466435, 0.73, 0.3091385351546599, 74.19324843711838, 96, 274, 8.753096571013844e-05, 90, 10
44.647, 3.908071447895623, 0.7199999999999999, 0.2991385351546599, 71.79324843711837, 106, 246, 8.75326774003992e-05, 90, 38
44.683, 3.911003601038973, 0.7, 0.2791385351546599, 66.99324843711837, 111, 245, 8.752777568737491e-05, 90, 5
44.72399999999999, 3.914668792468161, 0.71, 0.2891385351546599, 69.39324843711837, 109, 249, 8.752948735507024e-05, 90, 4
44.758, 3.917600945611512, 0.7199999999999999, 0.2991385351546599, 71.79324843711837, 111, 240, 8.752850765475472e-05, 90, 13
44.798, 3.9212661370407, 0.76, 0.3391385351546599, 81.39324843711838, 107, 251, 8.753216967366178e-05, 90, 16
44.838, 3.924686982374609, 0.7800000000000001, 0.3591385351546599, 86.19324843711837, 107, 261, 8.753037562724939e-05, 90, 10
44.877, 3.928352173803797, 0.7800000000000001, 0.3591385351546599, 86.19324843711837, 89, 273, 8.753597998537774e-05, 90, 32
44.91400000000001, 3.931528673042426, 0.79, 0.3691385351546599, 88.59324843711837, 95, 269, 8.753459217710349e-05, 90, 8
44.955, 3.935193864471615, 0.8199999999999999, 0.3991385351546599, 95.79324843711836, 92, 281, 8.753628883264632e-05, 90, 10
44.99000000000001, 3.938126017614966, 0.8199999999999999, 0.3991385351546599, 95.79324843711836, 91, 261, 8.753336336107948e-05, 90, 12
45.03, 3.941302516853595, 0.8199999999999999, 0.3991385351546599, 95.79324843711836, 76, 255, 8.752614960811893e-05, 90, 26
45.06900000000001, 3.944723362187503, 0.8299999999999999, 0.4091385351546599, 98.19324843711838, 88, 278, 8.75263121477624e-05, 90, 22
45.108, 3.948388553616692, 0.84, 0.4191385351546598, 100.5932484371184, 87, 290, 8.753189131898317e-05, 90, 22
45.15400000000001, 3.952786783331717, 0.17, -0.2508614648453401, -60.20675156288164, 70, 285, 8.754012453673466e-05, 91, 16
45.193, 3.955718936475068, 0.07000000000000001, -0.3508614648453401, -84.20675156288162, 95, 256, 8.752946112174602e-05, 91, 41
45.231, 3.959139781808977, 0.07000000000000001, -0.3508614648453401, -84.20675156288162, 160, 215, 8.753155538920158e-05, 91, 106
45.27, 3.962560627142886, 0.1, -0.3208614648453401, -77.00675156288163, 222, 137, 8.753171255009688e-05, 91, 135
45.315, 3.966470164667353, 0.54, 0.1191385351546599, 28.59324843711837, 261, 76, 8.753106398912839e-05, 92, 120
45.351, 3.969646663905983, 0.8, 0.3791385351546599, 90.99324843711837, 266, 96, 8.753162364459401e-05, 92, 25
45.392, 3.973311855335171, 0.8100000000000001, 0.3891385351546599, 93.39324843711838, 198, 192, 8.753330664732049e-05, 92, 159
45.427, 3.97673270066908, 0.8100000000000001, 0.3891385351546599, 93.39324843711838, 132, 244, 8.754116936335395e-05, 92, 129
45.476, 3.980397892098268, 0.8100000000000001, 0.3891385351546599, 93.39324843711838, 72, 257, 8.752744067416367e-05, 92, 75
45.516, 3.983818737432177, 0.8199999999999999, 0.3991385351546599, 95.79324843711836, 71, 282, 8.752567750751775e-05, 92, 29
45.55400000000001, 3.987728274956644, 0.8199999999999999, 0.3991385351546599, 95.79324843711836, 99, 293, 8.753848783765738e-05, 92, 43
45.592, 3.990904774195274, 0.8199999999999999, 0.3991385351546599, 95.79324843711836, 97, 279, 8.753519859175455e-05, 92, 15
45.628, 3.994081273433904, 0.8199999999999999, 0.3991385351546599, 95.79324843711836, 77, 271, 8.753575158748802e-05, 92, 31
45.663, 3.997013426577254, 0.8199999999999999, 0.3991385351546599, 95.79324843711836, 73, 267, 8.753286964450986e-05, 92, 8
45.7, 4.000434271911162, 0.8100000000000001, 0.3891385351546599, 93.39324843711838, 86, 273, 8.75368549652333e-05, 92, 17
45.743, 4.003855117245072, 0.8199999999999999, 0.3991385351546599, 95.79324843711836, 86, 271, 8.752935131594061e-05, 92, 4
45.77900000000001, 4.007275962578981, 0.8299999999999999, 0.4091385351546599, 98.19324843711838, 87, 274, 8.753524460077724e-05, 92, 7
45.814, 4.010452461817611, 0.8299999999999999, 0.4091385351546599, 98.19324843711838, 84, 281, 8.753770598108897e-05, 92, 9
45.854, 4.013873307151519, 0.8199999999999999, 0.3991385351546599, 95.79324843711836, 77, 277, 8.753594685635973e-05, 92, 14
45.887, 4.01656111419959, 0.8199999999999999, 0.3991385351546599, 95.79324843711836, 84, 275, 8.753156916337067e-05, 92, 4
45.92300000000001, 4.019981959533499, 0.8199999999999999, 0.3991385351546599, 95.79324843711836, 88, 261, 8.753744223011344e-05, 92, 25
45.96500000000001, 4.023402804867408, 0.8199999999999999, 0.3991385351546599, 95.79324843711836, 81, 272, 8.753187870917889e-05, 92, 20
46.006, 4.027067996296596, 0.79, 0.3691385351546599, 88.59324843711837, 85, 282, 8.753353902309692e-05, 92, 14
46.044, 4.030488841630505, 0.77, 0.3491385351546599, 83.79324843711837, 87, 279, 8.753559294654037e-05, 92, 5
46.085, 4.034154033059694, 0.73, 0.3091385351546599, 74.19324843711838, 95, 260, 8.753724710989896e-05, 92, 25
46.126, 4.037574878393602, 0.7199999999999999, 0.2991385351546599, 71.79324843711837, 100, 253, 8.753360097111395e-05, 92, 16
46.166, 4.04124006982279, 0.6899999999999999, 0.2691385351546598, 64.59324843711837, 110, 252, 8.753715006331046e-05, 92, 12
46.206, 4.044660915156699, 0.7, 0.2791385351546599, 66.99324843711837, 107, 247, 8.753540482094747e-05, 92, 11
46.24400000000001, 4.047837414395329, 0.6800000000000001, 0.2591385351546599, 62.19324843711838, 120, 244, 8.753216448394015e-05, 92, 16
46.285, 4.051502605824517, 0.65, 0.2291385351546599, 54.99324843711837, 117, 242, 8.753381453655647e-05, 92, 2
46.324, 4.054923451158426, 0.63, 0.2091385351546599, 50.19324843711837, 117, 232, 8.753396621963619e-05, 92, 12
46.36, 4.058099950397056, 0.62, 0.1991385351546599, 47.79324843711837, 127, 240, 8.75345114408338e-05, 92, 18
46.39600000000001, 4.061520795730964, 0.63, 0.2091385351546599, 50.19324843711837, 132, 222, 8.754032234957679e-05, 92, 21
46.437, 4.065185987160152, 0.64, 0.2191385351546598, 52.59324843711838, 134, 227, 8.754195979843987e-05, 92, 2
46.474, 4.068118140303502, 0.6600000000000001, 0.2391385351546599, 57.39324843711837, 130, 227, 8.753535611962608e-05, 92, 4
46.51400000000001, 4.071783331732691, 0.62, 0.1991385351546599, 47.79324843711837, 127, 241, 8.753887714951823e-05, 92, 16
46.55, 4.074959830971321, 0.51, 0.08913853515465988, 21.39324843711837, 118, 228, 8.753941634739681e-05, 92, 21
46.59000000000001, 4.07838067630523, 0.28, -0.1408614648453401, -33.80675156288163, 140, 219, 8.753768354379115e-05, 93, 28
46.634, 4.082045867734418, 0.22, -0.2008614648453401, -48.20675156288163, 181, 183, 8.753368503097349e-05, 93, 77
46.673, 4.085466713068326, 0.19, -0.2308614648453401, -55.40675156288163, 225, 136, 8.753383568804933e-05, 93, 76
46.713, 4.089131904497515, 0.19, -0.2308614648453401, -55.40675156288163, 231, 118, 8.753734302009109e-05, 93, 45
46.75, 4.092308403736144, 0.14, -0.2808614648453402, -67.40675156288162, 230, 122, 8.753600863606726e-05, 93, 8
46.793, 4.096217941260612, 0.15, -0.2708614648453401, -65.00675156288164, 246, 126, 8.753911784370764e-05, 93, 23
46.829, 4.099394440499241, 0.18, -0.2408614648453401, -57.80675156288163, 250, 117, 8.75396536440932e-05, 93, 16
46.86800000000001, 4.102815285833151, 0.14, -0.2808614648453402, -67.40675156288162, 248, 106, 8.753979870771422e-05, 93, 15
46.903, 4.105747438976501, 0.16, -0.2608614648453401, -62.60675156288163, 232, 118, 8.753698993617681e-05, 93, 26
46.943, 4.109412630405689, 0.21, -0.2108614648453401, -50.60675156288163, 249, 116, 8.754047739611208e-05, 93, 18
46.978, 4.112344783549039, 0.2, -0.2208614648453401, -53.00675156288163, 239, 122, 8.753767260311292e-05, 93, 13
47.014, 4.115521282787668, 0.19, -0.2308614648453401, -55.40675156288163, 215, 130, 8.753820740178817e-05, 93, 35
47.054, 4.119186474216856, 0.19, -0.2308614648453401, -55.40675156288163, 247, 127, 8.754168559988219e-05, 93, 32
47.09000000000001, 4.122118627360208, 0.21, -0.2108614648453401, -50.60675156288163, 233, 123, 8.753702755065211e-05, 93, 15
47.12800000000001, 4.125539472694116, 0.21, -0.2108614648453401, -50.60675156288163, 229, 123, 8.753903141856465e-05, 93, 7
47.16299999999999, 4.128471625837467, 0.2, -0.2208614648453401, -53.00675156288163, 231, 123, 8.753623870062267e-05, 93, 1
47.20000000000001, 4.131892471171375, 0.19, -0.2308614648453401, -55.40675156288163, 234, 140, 8.754009472820711e-05, 93, 21
47.236, 4.135068970410005, 0.2, -0.2208614648453401, -53.00675156288163, 230, 123, 8.754062516745712e-05, 93, 23
47.274, 4.138245469648635, 0.21, -0.2108614648453401, -50.60675156288163, 241, 120, 8.753745123426482e-05, 93, 12
47.312, 4.141666314982545, 0.22, -0.2008614648453401, -48.20675156288163, 231, 131, 8.753944696868754e-05, 93, 10
47.35, 4.144842814221175, 0.21, -0.2108614648453401, -50.60675156288163, 222, 128, 8.753627907542079e-05, 93, 17
47.39, 4.148508005650362, 0.21, -0.2108614648453401, -50.60675156288163, 229, 129, 8.753973424035371e-05, 93, 12
47.428, 4.151684504888991, 0.21, -0.2108614648453401, -50.60675156288163, 227, 139, 8.753657132683209e-05, 93, 14
47.464, 4.154861004127621, 0.21, -0.2108614648453401, -50.60675156288163, 232, 122, 8.753710189043531e-05, 93, 16
47.503, 4.158526195556809, 0.22, -0.2008614648453401, -48.20675156288163, 239, 124, 8.754239091334883e-05, 93, 16
47.545, 4.161947040890718, 0.21, -0.2108614648453401, -50.60675156288163, 197, 137, 8.753700790599892e-05, 93, 57
47.58100000000001, 4.164879194034069, 0.22, -0.2008614648453401, -48.20675156288163, 222, 134, 8.753240146348478e-05, 93, 19
47.62, 4.168544385463257, 0.2, -0.2208614648453401, -53.00675156288163, 253, 122, 8.753768134110157e-05, 93, 47
47.657, 4.171965230797166, 0.22, -0.2008614648453401, -48.20675156288163, 236, 129, 8.754149927182084e-05, 93, 22
47.696, 4.175386076131074, 0.23, -0.1908614648453401, -45.80675156288163, 235, 131, 8.754164030801482e-05, 93, 1
47.733, 4.178562575369704, 0.21, -0.2108614648453401, -50.60675156288163, 213, 143, 8.754033007289934e-05, 93, 35
47.77, 4.181739074608334, 0.2, -0.2208614648453401, -53.00675156288163, 226, 129, 8.753902186745517e-05, 93, 21
47.807, 4.185159919942243, 0.21, -0.2108614648453401, -50.60675156288163, 246, 121, 8.75428267814806e-05, 93, 32
47.848, 4.188336419180873, 0.2, -0.2208614648453401, -53.00675156288163, 222, 118, 8.75342003674317e-05, 93, 26
47.887, 4.192001610610061, 0.21, -0.2108614648453401, -50.60675156288163, 233, 135, 8.753944934136738e-05, 93, 26
47.925, 4.195422455943969, 0.2, -0.2208614648453401, -53.00675156288163, 245, 135, 8.754141796440207e-05, 93, 16
47.964, 4.199087647373158, 0.2, -0.2208614648453401, -53.00675156288163, 221, 123, 8.754665264308976e-05, 93, 38
47.999, 4.202019800516507, 0.2, -0.2208614648453401, -53.00675156288163, 237, 125, 8.754390300873991e-05, 93, 19
48.034, 4.204951953659858, 0.19, -0.2308614648453401, -55.40675156288163, 231, 121, 8.75411573814352e-05, 93, 8
48.07600000000001, 4.208372798993767, 0.2, -0.2208614648453401, -53.00675156288163, 225, 126, 8.753583490710056e-05, 93, 13
48.112, 4.211793644327676, 0.19, -0.2308614648453401, -55.40675156288163, 239, 130, 8.754143756916518e-05, 93, 17
48.15, 4.215214489661585, 0.2, -0.2208614648453401, -53.00675156288163, 240, 125, 8.75433954239166e-05, 93, 5
48.188, 4.218635334995494, 0.2, -0.2208614648453401, -53.00675156288163, 232, 124, 8.754535019082541e-05, 93, 9
48.224, 4.221567488138844, 0.2, -0.2208614648453401, -53.00675156288163, 229, 118, 8.754079894116714e-05, 93, 9
48.265, 4.225232679568032, 0.19, -0.2308614648453401, -55.40675156288163, 240, 131, 8.754237396805205e-05, 93, 22
48.30500000000001, 4.228897870997221, 0.19, -0.2308614648453401, -55.40675156288163, 243, 132, 8.754575863776463e-05, 93, 5
48.344, 4.232074370235851, 0.2, -0.2208614648453401, -53.00675156288163, 223, 119, 8.754084002639107e-05, 93, 33
48.383, 4.23549521556976, 0.21, -0.2108614648453401, -50.60675156288163, 229, 126, 8.754097959138042e-05, 93, 12
48.418, 4.238427368713109, 0.22, -0.2008614648453401, -48.20675156288163, 235, 127, 8.75382578527223e-05, 93, 7
48.45800000000001, 4.242336906237576, 0.21, -0.2108614648453401, -50.60675156288163, 236, 127, 8.754667766390639e-05, 93, 2
48.494, 4.245269059380927, 0.24, -0.1808614648453401, -43.40675156288163, 232, 133, 8.754215076877403e-05, 93, 14
48.53000000000001, 4.248689904714836, 0.25, -0.1708614648453401, -41.00675156288163, 234, 139, 8.754770048866344e-05, 93, 12
48.57, 4.252110750048745, 0.23, -0.1908614648453401, -45.80675156288163, 223, 137, 8.754603150193011e-05, 93, 10
48.607, 4.255287249287375, 0.21, -0.2108614648453401, -50.60675156288163, 211, 127, 8.754474148347718e-05, 93, 21
48.646, 4.258708094621284, 0.22, -0.2008614648453401, -48.20675156288163, 225, 132, 8.75448771660832e-05, 93, 9
48.68300000000001, 4.262128939955192, 0.22, -0.2008614648453401, -48.20675156288163, 230, 129, 8.754860916449669e-05, 93, 10
48.725, 4.265549785289101, 0.23, -0.1908614648453401, -45.80675156288163, 221, 136, 8.754335116037151e-05, 93, 15
48.76100000000001, 4.268726284527731, 0.22, -0.2008614648453401, -48.20675156288163, 233, 130, 8.754386260592955e-05, 93, 18
48.80100000000001, 4.272147129861641, 0.18, -0.2408614648453401, -57.80675156288163, 214, 132, 8.754220466510196e-05, 93, 18
48.844, 4.275567975195549, 0.19, -0.2308614648453401, -55.40675156288163, 214, 129, 8.753517269665769e-05, 93, 10
48.882, 4.278988820529459, 0.21, -0.2108614648453401, -50.60675156288163, 246, 123, 8.753710610305344e-05, 93, 43
48.92, 4.282654011958646, 0.21, -0.2108614648453401, -50.60675156288163, 244, 134, 8.754403131558966e-05, 93, 11
48.95700000000001, 4.285830511197276, 0.2, -0.2208614648453401, -53.00675156288163, 252, 129, 8.754275203131881e-05, 93, 10
48.993, 4.289495702626464, 0.2, -0.2208614648453401, -53.00675156288163, 250, 122, 8.755323623020562e-05, 93, 9
49.03, 4.292427855769814, 0.21, -0.2108614648453401, -50.60675156288163, 219, 121, 8.754696830042452e-05, 93, 29
49.06700000000001, 4.295604355008444, 0.19, -0.2308614648453401, -55.40675156288163, 221, 128, 8.754568966939988e-05, 93, 7
49.10600000000001, 4.299025200342352, 0.18, -0.2408614648453401, -57.80675156288163, 228, 131, 8.75458233279508e-05, 93, 10
49.14000000000001, 4.302201699580982, 0.2, -0.2208614648453401, -53.00675156288163, 259, 119, 8.754989213636511e-05, 93, 42
49.178, 4.305378198819612, 0.2, -0.2208614648453401, -53.00675156288163, 235, 120, 8.754683392613794e-05, 93, 19
49.21600000000001, 4.308799044153521, 0.2, -0.2208614648453401, -53.00675156288163, 207, 130, 8.754874520793079e-05, 93, 49
49.254, 4.311975543392151, 0.19, -0.2308614648453401, -55.40675156288163, 249, 129, 8.754569260145676e-05, 93, 40
49.29, 4.315152042630781, 0.18, -0.2408614648453401, -57.80675156288163, 239, 124, 8.754619684785517e-05, 93, 11
49.32700000000001, 4.318328541869411, 0.2, -0.2208614648453401, -53.00675156288163, 223, 123, 8.754492553509051e-05, 93, 19
49.363, 4.321749387203318, 0.22, -0.2008614648453401, -48.20675156288163, 251, 128, 8.755037957991448e-05, 93, 28
49.4, 4.32468154034667, 0.21, -0.2108614648453401, -50.60675156288163, 229, 124, 8.754416073576255e-05, 93, 18
49.44, 4.328591077871137, 0.21, -0.2108614648453401, -50.60675156288163, 220, 131, 8.755240853299224e-05, 93, 22
49.47900000000001, 4.331767577109766, 0.21, -0.2108614648453401, -50.60675156288163, 232, 129, 8.75475975082311e-05, 93, 11
49.519, 4.335432768538954, 0.2, -0.2208614648453401, -53.00675156288163, 243, 135, 8.755089498049141e-05, 93, 20
49.556, 4.338609267777584, 0.2, -0.2208614648453401, -53.00675156288163, 228, 124, 8.754962603474016e-05, 93, 20
49.594, 4.341785767016214, 0.2, -0.2208614648453401, -53.00675156288163, 228, 123, 8.754659368101411e-05, 93, 11
49.63200000000001, 4.345206612350123, 0.23, -0.1908614648453401, -45.80675156288163, 232, 124, 8.754848912697701e-05, 93, 9
49.669, 4.348383111588753, 0.23, -0.1908614648453401, -45.80675156288163, 240, 138, 8.754722486035057e-05, 93, 20
49.70800000000001, 4.351803956922661, 0.23, -0.1908614648453401, -45.80675156288163, 214, 134, 8.75473556957162e-05, 93, 25
49.74600000000001, 4.355469148351849, 0.24, -0.1808614648453401, -43.40675156288163, 215, 134, 8.755415809013487e-05, 93, 5
49.78400000000001, 4.3584013014952, 0.24, -0.1808614648453401, -43.40675156288163, 235, 133, 8.754622572503616e-05, 93, 22
49.82, 4.361577800733829, 0.23, -0.1908614648453401, -45.80675156288163, 222, 133, 8.754672422187536e-05, 93, 15
49.86000000000001, 4.364998646067738, 0.21, -0.2108614648453401, -50.60675156288163, 230, 128, 8.754509919911227e-05, 93, 12
49.9, 4.368663837496927, 0.17, -0.2508614648453401, -60.20675156288164, 225, 142, 8.75483734969324e-05, 93, 19
49.938, 4.372084682830835, 0.14, -0.2808614648453402, -67.40675156288162, 239, 124, 8.755025597402449e-05, 93, 32
49.984, 4.376238566450582, 0.1, -0.3208614648453401, -77.00675156288163, 255, 109, 8.755278822124243e-05, 93, 31
50.02400000000001, 4.379415065689211, 0.12, -0.3008614648453401, -72.20675156288163, 248, 112, 8.754627909981632e-05, 93, 7
50.067, 4.383324603213678, 0.18, -0.2408614648453401, -57.80675156288163, 258, 99, 8.754917616820817e-05, 93, 19
50.12, 4.388211525119263, 0.19, -0.2308614648453401, -55.40675156288163, 242, 126, 8.755410066079934e-05, 93, 32
50.28700000000001, 4.402627944740736, 0.18, -0.2408614648453401, -57.80675156288163, 239, 122, 8.755002176985574e-05, 93, 12
50.326, 4.406048790074645, 0.2, -0.2208614648453401, -53.00675156288163, 250, 114, 8.755014883111404e-05, 93, 24
50.366, 4.409469635408554, 0.23, -0.1908614648453401, -45.80675156288163, 226, 126, 8.754853741429841e-05, 93, 37
50.403, 4.412646134647184, 0.23, -0.1908614648453401, -45.80675156288163, 227, 136, 8.754729152326613e-05, 93, 12
50.44700000000001, 4.416555672171651, 0.23, -0.1908614648453401, -45.80675156288163, 225, 135, 8.754843047498664e-05, 93, 4
50.486, 4.419976517505559, 0.28, -0.1408614648453401, -33.80675156288163, 220, 126, 8.754855836282454e-05, 93, 18
50.52600000000001, 4.423641708934748, 0.26, -0.1608614648453401, -38.60675156288163, 233, 143, 8.755178935468368e-05, 93, 27
50.568, 4.427306900363936, 0.23, -0.1908614648453401, -45.80675156288163, 209, 149, 8.755155237232906e-05, 93, 37
50.609, 4.430972091793124, 0.21, -0.2108614648453401, -50.60675156288163, 227, 137, 8.755304573876433e-05, 93, 28
50.65, 4.434392937127034, 0.18, -0.2408614648453401, -57.80675156288163, 215, 130, 8.75497124802968e-05, 93, 24
50.69400000000001, 4.43854682074678, 0.2, -0.2208614648453401, -53.00675156288163, 244, 119, 8.755566380137251e-05, 93, 37
50.738, 4.441967666080688, 0.22, -0.2008614648453401, -48.20675156288163, 237, 116, 8.754715728015862e-05, 93, 11
50.778, 4.445632857509877, 0.21, -0.2108614648453401, -50.60675156288163, 217, 136, 8.755037334101139e-05, 93, 42
50.81300000000001, 4.448809356748507, 0.17, -0.2508614648453401, -60.20675156288164, 247, 126, 8.755258214922375e-05, 93, 35
50.85000000000001, 4.451985855987136, 0.19, -0.2308614648453401, -55.40675156288163, 226, 130, 8.755134426720034e-05, 93, 14
50.891, 4.455651047416324, 0.22, -0.2008614648453401, -48.20675156288163, 237, 122, 8.755282952617012e-05, 93, 12
50.932, 4.459316238845512, 0.21, -0.2108614648453401, -50.60675156288163, 241, 127, 8.755431239388816e-05, 93, 11
50.97200000000001, 4.46273708417942, 0.17, -0.2508614648453401, -60.20675156288164, 227, 134, 8.755271686768072e-05, 93, 25
51.007, 4.465669237322771, 0.21, -0.2108614648453401, -50.60675156288163, 230, 123, 8.755012522443531e-05, 93, 12
51.046, 4.469334428751959, 0.29, -0.1308614648453401, -31.40675156288163, 237, 118, 8.755503719688045e-05, 93, 17
51.084, 4.472510927990589, 0.26, -0.1608614648453401, -38.60675156288163, 218, 136, 8.755208926455621e-05, 93, 35
51.12, 4.475687427229219, 0.21, -0.2108614648453401, -50.60675156288163, 219, 158, 8.755257095518816e-05, 93, 26
51.16, 4.479352618658407, 0.22, -0.2008614648453401, -48.20675156288163, 226, 140, 8.755575876971086e-05, 93, 26
51.196, 4.482529117897037, 0.18, -0.2408614648453401, -57.80675156288163, 226, 115, 8.755623716495501e-05, 93, 28
51.234, 4.485705617135666, 0.19, -0.2308614648453401, -55.40675156288163, 229, 129, 8.755329697340958e-05, 93, 14
51.272, 4.488882116374296, 0.18, -0.2408614648453401, -57.80675156288163, 232, 123, 8.755036114008224e-05, 93, 6
51.31, 4.492302961708205, 0.18, -0.2408614648453401, -57.80675156288163, 234, 122, 8.755219180877422e-05, 93, 5
51.348, 4.495723807042114, 0.18, -0.2408614648453401, -57.80675156288163, 245, 117, 8.755401976789971e-05, 93, 16
51.388, 4.499144652376023, 0.19, -0.2308614648453401, -55.40675156288163, 238, 125, 8.75524373856936e-05, 93, 12
51.42600000000001, 4.502809843805212, 0.19, -0.2308614648453401, -55.40675156288163, 247, 132, 8.755901380245813e-05, 93, 14
51.466, 4.506230689139119, 0.19, -0.2308614648453401, -55.40675156288163, 229, 123, 8.755742993702871e-05, 93, 26
51.509, 4.509407188377748, 0.19, -0.2308614648453401, -55.40675156288163, 226, 112, 8.754600532679239e-05, 93, 18
51.546, 4.513316725902216, 0.19, -0.2308614648453401, -55.40675156288163, 239, 135, 8.755900993097848e-05, 93, 37
51.58300000000001, 4.516248879045567, 0.21, -0.2108614648453401, -50.60675156288163, 242, 129, 8.755304807873848e-05, 93, 8
51.622, 4.519914070474755, 0.21, -0.2108614648453401, -50.60675156288163, 233, 119, 8.755790303503844e-05, 93, 17
51.661, 4.523090569713385, 0.22, -0.2008614648453401, -48.20675156288163, 223, 129, 8.755329106508555e-05, 93, 19
51.70000000000001, 4.526755761142573, 0.2, -0.2208614648453401, -53.00675156288163, 233, 138, 8.7558138513396e-05, 93, 20
51.744, 4.530665298667039, 0.19, -0.2308614648453401, -55.40675156288163, 232, 129, 8.755923969285405e-05, 93, 6
51.783, 4.533841797905669, 0.19, -0.2308614648453401, -55.40675156288163, 221, 119, 8.755463758194136e-05, 93, 19
51.82, 4.537018297144299, 0.19, -0.2308614648453401, -55.40675156288163, 237, 121, 8.75534214037881e-05, 93, 12
51.858, 4.540683488573488, 0.21, -0.2108614648453401, -50.60675156288163, 250, 132, 8.755994231504276e-05, 93, 30
51.90300000000001, 4.544348680002676, 0.21, -0.2108614648453401, -50.60675156288163, 225, 123, 8.755464385493472e-05, 93, 43
51.94400000000001, 4.548013871431864, 0.2, -0.2208614648453401, -53.00675156288163, 232, 130, 8.755609640058262e-05, 93, 19
51.98, 4.550946024575214, 0.21, -0.2108614648453401, -50.60675156288163, 228, 133, 8.755186657512917e-05, 93, 9
52.018, 4.554855562099682, 0.22, -0.2008614648453401, -48.20675156288163, 235, 123, 8.756306590218159e-05, 93, 18
52.056, 4.557787715243032, 0.22, -0.2008614648453401, -48.20675156288163, 225, 123, 8.755547324502519e-05, 93, 13
52.095, 4.561208560576941, 0.22, -0.2008614648453401, -48.20675156288163, 225, 138, 8.755559191048931e-05, 93, 15
52.13000000000001, 4.564385059815571, 0.23, -0.1908614648453401, -45.80675156288163, 232, 136, 8.755774141215367e-05, 93, 8
52.166, 4.5675615590542, 0.22, -0.2008614648453401, -48.20675156288163, 225, 127, 8.755820954365296e-05, 93, 16
52.20800000000001, 4.570982404388109, 0.24, -0.1808614648453401, -43.40675156288163, 220, 131, 8.75532945983012e-05, 93, 12
52.244, 4.574158903626738, 0.23, -0.1908614648453401, -45.80675156288163, 233, 132, 8.755376509506812e-05, 93, 13
52.282, 4.577824095055926, 0.21, -0.2108614648453401, -50.60675156288163, 231, 140, 8.756023287280376e-05, 93, 8
52.32, 4.581244940389835, 0.21, -0.2108614648453401, -50.60675156288163, 207, 136, 8.756202103191582e-05, 93, 27
52.36000000000001, 4.584421439628465, 0.21, -0.2108614648453401, -50.60675156288163, 244, 125, 8.75557952564642e-05, 93, 41
52.399, 4.587842284962375, 0.23, -0.1908614648453401, -45.80675156288163, 245, 121, 8.755591299380473e-05, 93, 18
52.439, 4.591263130296283, 0.22, -0.2008614648453401, -48.20675156288163, 215, 131, 8.755436088209695e-05, 93, 43
52.474, 4.594439629534913, 0.2, -0.2208614648453401, -53.00675156288163, 222, 139, 8.755649711352122e-05, 93, 13
52.51300000000001, 4.597860474868822, 0.21, -0.2108614648453401, -50.60675156288163, 229, 125, 8.755661407401638e-05, 93, 24
52.553, 4.60128132020273, 0.2, -0.2208614648453401, -53.00675156288163, 241, 126, 8.755506479559168e-05, 93, 10
52.591, 4.60470216553664, 0.19, -0.2308614648453401, -55.40675156288163, 237, 134, 8.755684747459906e-05, 93, 11
52.632, 4.608611703061107, 0.21, -0.2108614648453401, -50.60675156288163, 230, 129, 8.756292185478619e-05, 93, 12
52.666, 4.611543856204458, 0.21, -0.2108614648453401, -50.60675156288163, 235, 123, 8.756206767562484e-05, 93, 16
52.70600000000001, 4.614964701538367, 0.22, -0.2008614648453401, -48.20675156288163, 225, 132, 8.756051875570838e-05, 93, 19
52.748, 4.618385546872275, 0.21, -0.2108614648453401, -50.60675156288163, 231, 129, 8.755565228771282e-05, 93, 5
52.78300000000001, 4.621562046110904, 0.22, -0.2008614648453401, -48.20675156288163, 234, 127, 8.755777515698055e-05, 93, 3
52.82, 4.624982891444813, 0.23, -0.1908614648453401, -45.80675156288163, 223, 130, 8.756120582061367e-05, 93, 6
52.857, 4.627915044588164, 0.26, -0.1608614648453401, -38.60675156288163, 219, 130, 8.755538612838723e-05, 93, 9
52.89400000000001, 4.631580236017352, 0.25, -0.1708614648453401, -41.00675156288163, 231, 141, 8.756343320636276e-05, 93, 20
52.933, 4.634756735255982, 0.25, -0.1708614648453401, -41.00675156288163, 213, 144, 8.755892798926912e-05, 93, 20
52.972, 4.637933234494612, 0.23, -0.1908614648453401, -45.80675156288163, 222, 135, 8.755442940599963e-05, 93, 16
53.013, 4.641842772019079, 0.24, -0.1808614648453401, -43.40675156288163, 217, 136, 8.756046200024674e-05, 93, 6
53.05, 4.645019271257709, 0.22, -0.2008614648453401, -48.20675156288163, 226, 135, 8.755926995773249e-05, 93, 8
53.09200000000001, 4.648684462686897, 0.2, -0.2208614648453401, -53.00675156288163, 239, 134, 8.755903832379449e-05, 93, 14
53.127, 4.651860961925527, 0.24, -0.1808614648453401, -43.40675156288163, 236, 128, 8.756114521666058e-05, 93, 6
53.16700000000001, 4.655281807259436, 0.26, -0.1608614648453401, -38.60675156288163, 216, 128, 8.755961042111526e-05, 93, 22
53.204, 4.658702652593345, 0.28, -0.1408614648453401, -33.80675156288163, 220, 144, 8.756301504761568e-05, 93, 15
53.245, 4.662367844022532, 0.27, -0.1508614648453401, -36.20675156288163, 222, 150, 8.756442565541425e-05, 93, 13
53.284, 4.665544343261162, 0.26, -0.1608614648453401, -38.60675156288163, 207, 136, 8.755994938933192e-05, 93, 29
53.325, 4.66920953469035, 0.24, -0.1808614648453401, -43.40675156288163, 217, 144, 8.756136023798124e-05, 93, 17
53.364, 4.67263038002426, 0.25, -0.1708614648453401, -41.00675156288163, 218, 141, 8.756147177918182e-05, 93, 5
53.403, 4.676051225358167, 0.23, -0.1908614648453401, -45.80675156288163, 225, 133, 8.756158315746617e-05, 93, 14
53.44200000000001, 4.679472070692077, 0.23, -0.1908614648453401, -45.80675156288163, 228, 135, 8.756169437319109e-05, 93, 6
53.482, 4.682892916025986, 0.22, -0.2008614648453401, -48.20675156288163, 225, 135, 8.756016820661131e-05, 93, 4
53.51700000000001, 4.686069415264615, 0.22, -0.2008614648453401, -48.20675156288163, 218, 130, 8.756225900675702e-05, 93, 12
53.554, 4.689245914503244, 0.22, -0.2008614648453401, -48.20675156288163, 230, 132, 8.756107694109208e-05, 93, 11
53.59500000000001, 4.692911105932433, 0.23, -0.1908614648453401, -45.80675156288163, 226, 135, 8.756247981961812e-05, 93, 6
53.632, 4.696087605171063, 0.25, -0.1708614648453401, -41.00675156288163, 227, 126, 8.756129932076117e-05, 93, 10
53.674, 4.69999714269553, 0.27, -0.1508614648453401, -36.20675156288163, 229, 135, 8.756562102126784e-05, 93, 15
53.714, 4.70317364193416, 0.27, -0.1508614648453401, -36.20675156288163, 213, 148, 8.755954950169713e-05, 93, 27
53.75500000000001, 4.706838833363348, 0.27, -0.1508614648453401, -36.20675156288163, 213, 149, 8.756094936960929e-05, 93, 3
53.79300000000001, 4.710259678697257, 0.27, -0.1508614648453401, -36.20675156288163, 217, 144, 8.756268805787474e-05, 93, 4
53.83100000000001, 4.713680524031165, 0.23, -0.1908614648453401, -45.80675156288163, 212, 139, 8.756442429141508e-05, 93, 5
53.875, 4.717345715460354, 0.24, -0.1808614648453401, -43.40675156288163, 218, 141, 8.756094135425251e-05, 93, 3
53.91500000000001, 4.721010906889542, 0.23, -0.1908614648453401, -45.80675156288163, 222, 128, 8.756396006472304e-05, 93, 18
53.95300000000001, 4.723943060032893, 0.23, -0.1908614648453401, -45.80675156288163, 225, 132, 8.755663373738054e-05, 93, 11
53.993, 4.727608251462081, 0.23, -0.1908614648453401, -45.80675156288163, 233, 135, 8.755965127816717e-05, 93, 6
54.028, 4.731029096795989, 0.23, -0.1908614648453401, -45.80675156288163, 234, 140, 8.756624522092229e-05, 93, 8
54.06300000000001, 4.734205596034619, 0.23, -0.1908614648453401, -45.80675156288163, 224, 137, 8.756831097117473e-05, 93, 11
54.1, 4.737137749177968, 0.22, -0.2008614648453401, -48.20675156288163, 215, 130, 8.756262013267964e-05, 93, 17
54.138, 4.740314248416598, 0.24, -0.1808614648453401, -43.40675156288163, 221, 133, 8.755983317478663e-05, 93, 9
54.17400000000001, 4.743490747655228, 0.25, -0.1708614648453401, -41.00675156288163, 236, 130, 8.756028256461084e-05, 93, 18
54.214, 4.746911592989138, 0.25, -0.1708614648453401, -41.00675156288163, 223, 132, 8.755877804606076e-05, 93, 12
54.25000000000001, 4.750576784418326, 0.24, -0.1808614648453401, -43.40675156288163, 220, 154, 8.756823565748066e-05, 93, 27
54.29500000000001, 4.754486321942792, 0.23, -0.1908614648453401, -45.80675156288163, 225, 133, 8.756766409324602e-05, 93, 25
54.33400000000001, 4.757662821181422, 0.23, -0.1908614648453401, -45.80675156288163, 215, 134, 8.756327200613653e-05, 93, 8
54.37, 4.760839320420052, 0.23, -0.1908614648453401, -45.80675156288163, 218, 138, 8.756371749898937e-05, 93, 6
54.407, 4.764015819658682, 0.22, -0.2008614648453401, -48.20675156288163, 233, 124, 8.756255297404161e-05, 93, 30
54.443, 4.766947972802033, 0.18, -0.2408614648453401, -57.80675156288163, 229, 129, 8.755851023643135e-05, 93, 5
54.47900000000001, 4.770368818135942, 0.18, -0.2408614648453401, -57.80675156288163, 239, 137, 8.75634431273691e-05, 93, 19
54.516, 4.77378966346985, 0.19, -0.2308614648453401, -55.40675156288163, 234, 117, 8.756676321575043e-05, 93, 23
54.55500000000001, 4.776966162708479, 0.19, -0.2308614648453401, -55.40675156288163, 231, 118, 8.756238956481495e-05, 93, 4
54.589, 4.77989831585183, 0.2, -0.2208614648453401, -53.00675156288163, 239, 127, 8.756156580724744e-05, 93, 12
54.62400000000001, 4.78307481509046, 0.21, -0.2108614648453401, -50.60675156288163, 236, 133, 8.756361334011535e-05, 93, 12
54.65800000000001, 4.78625131432909, 0.2, -0.2208614648453401, -53.00675156288163, 225, 132, 8.756726031558218e-05, 93, 18
54.696, 4.78942781356772, 0.2, -0.2208614648453401, -53.00675156288163, 241, 119, 8.756449856603263e-05, 93, 29
54.73700000000001, 4.793093004996908, 0.2, -0.2208614648453401, -53.00675156288163, 233, 123, 8.756586961281961e-05, 93, 9
54.774, 4.796269504235537, 0.2, -0.2208614648453401, -53.00675156288163, 222, 129, 8.75647114367316e-05, 93, 17
54.81300000000001, 4.799690349569446, 0.24, -0.1808614648453401, -43.40675156288163, 235, 126, 8.756481764489164e-05, 93, 11
54.85300000000001, 4.803111194903355, 0.23, -0.1908614648453401, -45.80675156288163, 226, 130, 8.756332734587634e-05, 93, 7
54.89100000000001, 4.806532040237264, 0.23, -0.1908614648453401, -45.80675156288163, 227, 141, 8.756502960844699e-05, 93, 14
54.924, 4.809464193380614, 0.23, -0.1908614648453401, -45.80675156288163, 228, 128, 8.756580353544196e-05, 93, 15
54.96200000000001, 4.812640692619244, 0.21, -0.2108614648453401, -50.60675156288163, 217, 141, 8.756305615915077e-05, 93, 19
55.0, 4.816061537953153, 0.23, -0.1908614648453401, -45.80675156288163, 230, 138, 8.756475523551186e-05, 93, 9
55.036, 4.819238037191782, 0.19, -0.2308614648453401, -55.40675156288163, 240, 114, 8.75651943671739e-05, 93, 35
55.08, 4.823147574716249, 0.19, -0.2308614648453401, -55.40675156288163, 220, 140, 8.756622321561817e-05, 93, 47
55.11800000000001, 4.826324073954879, 0.18, -0.2408614648453401, -57.80675156288163, 237, 126, 8.756348332586231e-05, 93, 32
55.157, 4.829989265384067, 0.15, -0.2708614648453401, -65.00675156288164, 245, 119, 8.756801975060405e-05, 93, 17
55.193, 4.832921418527419, 0.18, -0.2408614648453401, -57.80675156288163, 237, 120, 8.756402838271915e-05, 93, 11
55.23, 4.836342263861327, 0.16, -0.2608614648453401, -62.60675156288163, 249, 116, 8.756730515772816e-05, 93, 23
55.27000000000001, 4.839763109195236, 0.13, -0.2908614648453401, -69.80675156288163, 237, 123, 8.756582430242872e-05, 93, 24
55.305, 4.842939608433866, 0.11, -0.3108614648453401, -74.60675156288163, 246, 114, 8.756784392792451e-05, 93, 17
55.34400000000001, 4.846116107672495, 0.12, -0.3008614648453401, -72.20675156288163, 249, 104, 8.756353186745619e-05, 93, 13
55.38, 4.849292606911125, 0.11, -0.3108614648453401, -74.60675156288163, 245, 104, 8.756396906665087e-05, 93, 8
55.416, 4.852713452245033, 0.12, -0.3008614648453401, -72.20675156288163, 266, 109, 8.756881500369989e-05, 93, 28
55.45400000000001, 4.855889951483663, 0.13, -0.2908614648453401, -69.80675156288163, 250, 111, 8.756608993911463e-05, 93, 15
55.49, 4.859066450722293, 0.12, -0.3008614648453401, -72.20675156288163, 243, 109, 8.756652461204347e-05, 93, 10
55.53000000000001, 4.862487296056202, 0.18, -0.2408614648453401, -57.80675156288163, 264, 105, 8.756505125258784e-05, 93, 22
55.57, 4.86615248748539, 0.18, -0.2408614648453401, -57.80675156288163, 238, 108, 8.756797710069085e-05, 93, 25
55.60600000000001, 4.86908464062874, 0.19, -0.2308614648453401, -55.40675156288163, 226, 133, 8.756401540532927e-05, 93, 39
55.643, 4.87250548596265, 0.22, -0.2008614648453401, -48.20675156288163, 246, 127, 8.756726786770393e-05, 93, 25
55.68000000000001, 4.875926331296559, 0.22, -0.2008614648453401, -48.20675156288163, 227, 120, 8.757051600748129e-05, 93, 25
55.72, 4.879347176630468, 0.21, -0.2108614648453401, -50.60675156288163, 232, 130, 8.756904480672052e-05, 93, 9
55.757, 4.882768021964377, 0.21, -0.2108614648453401, -50.60675156288163, 233, 134, 8.75722872816754e-05, 93, 10
55.794, 4.885700175107726, 0.21, -0.2108614648453401, -50.60675156288163, 231, 129, 8.756676658973591e-05, 93, 9
55.83600000000001, 4.889609712632194, 0.2, -0.2208614648453401, -53.00675156288163, 236, 126, 8.757091683917533e-05, 93, 11
55.87, 4.892541865775544, 0.18, -0.2408614648453401, -57.80675156288163, 227, 135, 8.757010677958734e-05, 93, 18
55.913, 4.896451403300012, 0.19, -0.2308614648453401, -55.40675156288163, 250, 116, 8.757268261942682e-05, 93, 38
55.95000000000001, 4.89987224863392, 0.21, -0.2108614648453401, -50.60675156288163, 247, 119, 8.757591150373404e-05, 93, 6
55.993, 4.90304874787255, 0.19, -0.2308614648453401, -55.40675156288163, 192, 124, 8.75653875997455e-05, 93, 60
56.032, 4.90622524711118, 0.19, -0.2308614648453401, -55.40675156288163, 204, 142, 8.756113019544509e-05, 93, 29
56.067, 4.909401746349809, 0.21, -0.2108614648453401, -50.60675156288163, 254, 127, 8.756312530275936e-05, 93, 62
56.10600000000001, 4.913066937778997, 0.19, -0.2308614648453401, -55.40675156288163, 260, 122, 8.756758524541041e-05, 93, 20
56.144, 4.916487783112906, 0.19, -0.2308614648453401, -55.40675156288163, 249, 124, 8.756924663566732e-05, 93, 16
56.18600000000001, 4.920397320637374, 0.2, -0.2208614648453401, -53.00675156288163, 236, 124, 8.757336917804034e-05, 93, 14
56.223, 4.923329473780724, 0.18, -0.2408614648453401, -57.80675156288163, 210, 123, 8.756788989880874e-05, 93, 27
56.26200000000001, 4.926505973019354, 0.19, -0.2308614648453401, -55.40675156288163, 227, 121, 8.756364816429123e-05, 93, 13
56.3, 4.930171164448542, 0.19, -0.2308614648453401, -55.40675156288163, 254, 127, 8.75696476811464e-05, 93, 34
56.341, 4.93383635587773, 0.2, -0.2208614648453401, -53.00675156288163, 246, 124, 8.757097594784845e-05, 93, 3
56.38000000000001, 4.937257201211639, 0.2, -0.2208614648453401, -53.00675156288163, 227, 122, 8.757107487072789e-05, 93, 29
56.425, 4.941411084831386, 0.21, -0.2108614648453401, -50.60675156288163, 230, 134, 8.757485307632054e-05, 93, 17
56.463, 4.944343237974737, 0.14, -0.2808614648453402, -67.40675156288162, 226, 123, 8.756784510165483e-05, 93, 14
56.497, 4.947275391118086, 0.09, -0.3308614648453401, -79.40675156288163, 219, 123, 8.756704588063236e-05, 93, 13
56.538, 4.950940582547274, 0.1, -0.3208614648453401, -77.00675156288163, 276, 112, 8.756837140590882e-05, 93, 70
56.574, 4.954117081785903, 0.07000000000000001, -0.3508614648453401, -84.20675156288162, 264, 88, 8.756879629840395e-05, 93, 30
56.615, 4.957537927119813, 0.07000000000000001, -0.3508614648453401, -84.20675156288162, 260, 107, 8.756580282822245e-05, 93, 29
56.65100000000001, 4.960958772453722, 0.12, -0.3008614648453401, -72.20675156288163, 267, 89, 8.757054195784228e-05, 93, 24
56.69, 4.964379617787631, 0.19, -0.2308614648453401, -55.40675156288163, 257, 97, 8.757064063834241e-05, 93, 18
56.72800000000001, 4.96780046312154, 0.2, -0.2208614648453401, -53.00675156288163, 243, 120, 8.757228287832358e-05, 93, 39
56.76600000000001, 4.97097696236017, 0.2, -0.2208614648453401, -53.00675156288163, 232, 125, 8.756961847514656e-05, 93, 12
56.80400000000001, 4.974397807694078, 0.28, -0.1408614648453401, -33.80675156288163, 226, 132, 8.757125920171253e-05, 93, 16
56.848, 4.978307345218545, 0.76, 0.3391385351546599, 81.39324843711838, 228, 139, 8.757225135833353e-05, 94, 10
56.88800000000001, 4.981972536647734, 0.79, 0.3691385351546599, 88.59324843711837, 208, 154, 8.757510435676652e-05, 94, 37
56.924, 4.984904689791084, 0.79, 0.3691385351546599, 88.59324843711837, 147, 208, 8.757122988179123e-05, 94, 88
56.96300000000001, 4.988569881220272, 0.8, 0.3791385351546599, 90.99324843711837, 85, 285, 8.757561717641753e-05, 94, 165
57.00600000000001, 4.991990726554182, 0.8, 0.3791385351546599, 90.99324843711837, 71, 262, 8.756956682724944e-05, 94, 33
57.044, 4.995167225792811, 0.8100000000000001, 0.3891385351546599, 93.39324843711838, 99, 261, 8.756691721816162e-05, 94, 36
57.08400000000001, 4.998832417221999, 0.8100000000000001, 0.3891385351546599, 93.39324843711838, 87, 291, 8.756976415846822e-05, 94, 38
57.123, 5.002253262555908, 0.8100000000000001, 0.3891385351546599, 93.39324843711838, 86, 271, 8.756986262198954e-05, 94, 16
57.16200000000001, 5.005918453985096, 0.8100000000000001, 0.3891385351546599, 93.39324843711838, 91, 273, 8.757423557582129e-05, 94, 8
57.196, 5.008850607128446, 0.79, 0.3691385351546599, 88.59324843711837, 82, 270, 8.757344232338708e-05, 94, 7
57.23400000000001, 5.012027106367076, 0.79, 0.3691385351546599, 88.59324843711837, 87, 262, 8.757079893711913e-05, 94, 9
57.27600000000001, 5.015692297796264, 0.8, 0.3791385351546599, 90.99324843711837, 90, 268, 8.757057576989078e-05, 94, 6
57.31300000000001, 5.019113143130173, 0.8, 0.3791385351546599, 90.99324843711837, 85, 281, 8.757372922600759e-05, 94, 19
57.35300000000001, 5.022533988464081, 0.7800000000000001, 0.3591385351546599, 86.19324843711837, 93, 259, 8.757229767342739e-05, 94, 27
57.39000000000001, 5.025710487702711, 0.71, 0.2891385351546599, 69.39324843711837, 94, 278, 8.757118814606571e-05, 94, 20
57.434, 5.029620025227179, 0.7800000000000001, 0.3591385351546599, 86.19324843711837, 93, 264, 8.757217023413272e-05, 94, 9
57.474, 5.033040870561088, 0.8100000000000001, 0.3891385351546599, 93.39324843711838, 113, 223, 8.757074278040658e-05, 94, 59
57.514, 5.036706061990276, 0.8100000000000001, 0.3891385351546599, 93.39324843711838, 90, 269, 8.757356577512041e-05, 94, 48
57.556, 5.040126907324185, 0.8100000000000001, 0.3891385351546599, 93.39324843711838, 76, 282, 8.756909631183863e-05, 94, 43
57.594, 5.043547752658093, 0.8, 0.3791385351546599, 90.99324843711837, 89, 288, 8.757071487755832e-05, 94, 15
57.63400000000001, 5.047212944087282, 0.76, 0.3391385351546599, 81.39324843711838, 92, 266, 8.757353201386822e-05, 94, 23
57.674, 5.05063378942119, 0.75, 0.3291385351546599, 78.99324843711837, 89, 265, 8.757210856575217e-05, 94, 8
57.713, 5.0540546347551, 0.73, 0.3091385351546599, 74.19324843711838, 96, 260, 8.757220443842982e-05, 94, 8
57.754, 5.057719826184288, 0.34, -0.08086146484534012, -19.40675156288163, 94, 255, 8.757349839291283e-05, 95, 13
57.794, 5.061140671518197, 0.1, -0.3208614648453401, -77.00675156288163, 125, 232, 8.75720779236287e-05, 95, 36
57.834, 5.064805862947384, 0.17, -0.2508614648453401, -60.20675156288164, 186, 178, 8.757488437506284e-05, 95, 124
57.868, 5.067738016090735, 0.22, -0.2008614648453401, -48.20675156288163, 221, 142, 8.757409995318197e-05, 95, 80
57.903, 5.070670169234086, 0.2, -0.2208614648453401, -53.00675156288163, 255, 104, 8.7571804038376e-05, 95, 73
57.943, 5.074335360663274, 0.21, -0.2108614648453401, -50.60675156288163, 240, 125, 8.757460539950078e-05, 95, 35
57.983, 5.078000552092462, 0.18, -0.2408614648453401, -57.80675156288163, 236, 134, 8.757740289554631e-05, 95, 16
58.018, 5.080932705235812, 0.13, -0.2908614648453401, -69.80675156288163, 213, 120, 8.757510953903637e-05, 95, 36
58.05400000000001, 5.083864858379163, 0.13, -0.2908614648453401, -69.80675156288163, 218, 118, 8.757131047609402e-05, 95, 5
58.09000000000001, 5.087041357617792, 0.19, -0.2308614648453401, -55.40675156288163, 262, 110, 8.757172245856072e-05, 95, 53
58.127, 5.090462202951701, 0.18, -0.2408614648453401, -57.80675156288163, 254, 115, 8.757483102433811e-05, 95, 8
58.16400000000001, 5.093638702190331, 0.16, -0.2608614648453401, -62.60675156288163, 236, 129, 8.757373465013291e-05, 95, 36
58.20600000000001, 5.097548239714799, 0.16, -0.2608614648453401, -62.60675156288163, 247, 113, 8.757771088401194e-05, 95, 29
58.245, 5.100724738953429, 0.15, -0.2708614648453401, -65.00675156288164, 231, 112, 8.757360698692469e-05, 95, 18
58.28, 5.103656892096779, 0.13, -0.2908614648453401, -69.80675156288163, 240, 121, 8.757132621991726e-05, 95, 15
58.323, 5.107322083525967, 0.12, -0.3008614648453401, -72.20675156288163, 251, 111, 8.756960519050745e-05, 95, 26
58.364, 5.111231621050434, 0.13, -0.2908614648453401, -69.80675156288163, 244, 100, 8.75750740362284e-05, 95, 25
58.4, 5.114408120289064, 0.22, -0.2008614648453401, -48.20675156288163, 256, 115, 8.757548151179904e-05, 95, 27
58.44100000000001, 5.117828965622973, 0.4, -0.02086146484534012, -5.00675156288163, 250, 113, 8.757257688306108e-05, 95, 5
58.48400000000001, 5.12173850314744, 0.7199999999999999, 0.2991385351546599, 71.79324843711837, 194, 153, 8.757503767094315e-05, 96, 88
58.52300000000001, 5.125159348481349, 0.77, 0.3491385351546599, 83.79324843711837, 153, 185, 8.75751302647053e-05, 96, 83
58.56000000000001, 5.128335847719979, 0.74, 0.3191385351546599, 76.59324843711836, 125, 238, 8.75740411154368e-05, 96, 73
58.599, 5.131756693053886, 0.5899999999999999, 0.1691385351546599, 40.59324843711837, 94, 282, 8.757413425235733e-05, 96, 86
58.638, 5.135421884483074, 0.26, -0.1608614648453401, -38.60675156288163, 114, 245, 8.757839429180866e-05, 97, 51
58.673, 5.138354037626426, 0.13, -0.2908614648453401, -69.80675156288163, 150, 217, 8.757612594594491e-05, 97, 63
58.71, 5.141774882960334, 0.13, -0.2908614648453401, -69.80675156288163, 205, 156, 8.757920086800093e-05, 97, 102
58.74700000000001, 5.144707036103686, 0.13, -0.2908614648453401, -69.80675156288163, 233, 96, 8.757395332704114e-05, 97, 111
58.781, 5.147639189247036, 0.13, -0.2908614648453401, -69.80675156288163, 246, 96, 8.757318162751631e-05, 97, 12
58.82400000000001, 5.151304380676224, 0.18, -0.2408614648453401, -57.80675156288163, 270, 118, 8.757147389970459e-05, 97, 50
58.866, 5.15545826429597, 0.35, -0.07086146484534011, -17.00675156288163, 251, 124, 8.757955805211786e-05, 97, 31
58.905, 5.158879109629879, 0.4, -0.02086146484534012, -5.00675156288163, 221, 141, 8.757964705254018e-05, 97, 42
58.94100000000001, 5.16181126277323, 0.5, 0.07913853515465988, 18.99324843711837, 175, 171, 8.757590239007193e-05, 98, 77
58.982, 5.165232108107138, 0.58, 0.1591385351546599, 38.19324843711837, 173, 190, 8.757302411086666e-05, 98, 21
59.02200000000001, 5.169141645631606, 0.6, 0.1791385351546599, 42.99324843711837, 152, 215, 8.757991334810081e-05, 98, 34
59.06400000000001, 5.172562490965515, 0.52, 0.09913853515465988, 23.79324843711837, 127, 216, 8.757555348377208e-05, 98, 43
59.102, 5.175983336299424, 0.32, -0.1008614648453401, -24.20675156288163, 151, 220, 8.75771265997669e-05, 99, 23
59.14300000000001, 5.179648527728612, 0.2, -0.2208614648453401, -53.00675156288163, 179, 191, 8.757838675293124e-05, 99, 46
59.176, 5.182580680871962, 0.18, -0.2408614648453401, -57.80675156288163, 208, 131, 8.757909762187309e-05, 99, 88
59.214, 5.185512834015312, 0.21, -0.2108614648453401, -50.60675156288163, 222, 113, 8.757241250405837e-05, 99, 47
59.25000000000001, 5.188689333253942, 0.33, -0.09086146484534012, -21.80675156288163, 230, 129, 8.757281575112138e-05, 99, 24
59.29, 5.19259887077841, 0.4600000000000001, 0.03913853515465988, 9.39324843711837, 238, 139, 8.757967398850413e-05, 100, 17
59.333, 5.196264062207598, 0.5699999999999999, 0.1491385351546599, 35.79324843711837, 172, 187, 8.757797620561234e-05, 100, 103
59.36800000000001, 5.199440561446227, 0.58, 0.1591385351546599, 38.19324843711837, 168, 204, 8.757985044883149e-05, 100, 32
59.406, 5.202617060684857, 0.54, 0.1191385351546599, 28.59324843711837, 137, 215, 8.757729961089547e-05, 100, 41
59.446, 5.206282252114045, 0.4, -0.02086146484534012, -5.00675156288163, 142, 217, 8.758002644608629e-05, 101, 7
59.484, 5.209214405257395, 0.24, -0.1808614648453401, -43.40675156288163, 159, 197, 8.75733710789018e-05, 101, 38
59.52300000000001, 5.212879596686584, 0.19, -0.2308614648453401, -55.40675156288163, 215, 159, 8.75775682792632e-05, 101, 83
59.56, 5.216056095925214, 0.21, -0.2108614648453401, -50.60675156288163, 234, 112, 8.757649590203515e-05, 101, 78
59.603, 5.219476941259122, 0.34, -0.08086146484534012, -19.40675156288163, 216, 116, 8.757070854250831e-05, 101, 16
59.63900000000001, 5.22314213268831, 0.51, 0.08913853515465988, 21.39324843711837, 237, 150, 8.757930435936736e-05, 102, 53
59.68, 5.226807324117498, 0.64, 0.2191385351546598, 52.59324843711838, 179, 181, 8.758055167757202e-05, 102, 82
59.716, 5.229739477260849, 0.6600000000000001, 0.2391385351546599, 57.39324843711837, 142, 218, 8.757685506833759e-05, 102, 71
59.756, 5.233649014785316, 0.5600000000000001, 0.1391385351546599, 33.39324843711837, 122, 230, 8.758365711870466e-05, 102, 42
59.797, 5.236825514023946, 0.37, -0.05086146484534013, -12.20675156288163, 122, 228, 8.757672649169599e-05, 103, 6
59.838, 5.240490705453134, 0.23, -0.1908614648453401, -45.80675156288163, 162, 209, 8.757797228271556e-05, 103, 49
59.87400000000001, 5.243667204691763, 0.17, -0.2508614648453401, -60.20675156288164, 199, 146, 8.757836798429642e-05, 103, 97
59.91400000000001, 5.247088050025672, 0.17, -0.2508614648453401, -60.20675156288164, 234, 126, 8.757699452591503e-05, 103, 65
59.95100000000001, 5.250264549264302, 0.27, -0.1508614648453401, -36.20675156288163, 246, 110, 8.757592949682746e-05, 103, 30
59.995, 5.254174086788769, 0.43, 0.009138535154659877, 2.19324843711837, 235, 132, 8.757686618532826e-05, 104, 30
60.033, 5.257594932122678, 0.58, 0.1591385351546599, 38.19324843711837, 207, 161, 8.757841407430377e-05, 104, 53
60.075, 5.261504469647146, 0.65, 0.2291385351546599, 54.99324843711837, 156, 198, 8.758226333162124e-05, 104, 91
60.114, 5.264680968885775, 0.61, 0.1891385351546599, 45.39324843711837, 120, 224, 8.757828407502039e-05, 104, 67
60.14800000000001, 5.267368775933846, 0.51, 0.08913853515465988, 21.39324843711837, 115, 223, 8.757346505176974e-05, 104, 6
60.187, 5.271033967363035, 0.34, -0.08086146484534012, -19.40675156288163, 153, 219, 8.757761588653755e-05, 105, 44
60.223, 5.274210466601665, 0.22, -0.2008614648453401, -48.20675156288163, 178, 197, 8.757800950802292e-05, 105, 34
60.26, 5.277631311935573, 0.21, -0.2108614648453401, -50.60675156288163, 207, 149, 8.758100418080938e-05, 105, 73
60.3, 5.281052157269483, 0.26, -0.1608614648453401, -38.60675156288163, 231, 113, 8.757963776566305e-05, 105, 76
60.34000000000001, 5.284473002603391, 0.38, -0.04086146484534012, -9.80675156288163, 218, 135, 8.757827316213774e-05, 105, 23
60.37800000000001, 5.2878938479373, 0.5600000000000001, 0.1391385351546599, 33.39324843711837, 211, 161, 8.757981132096624e-05, 106, 43
60.414, 5.29107034717593, 0.6, 0.1791385351546599, 42.99324843711837, 180, 183, 8.758020238977604e-05, 106, 40
60.452, 5.294246846414559, 0.62, 0.1991385351546599, 47.79324843711837, 138, 224, 8.757769546771918e-05, 106, 89
60.49, 5.297667691748468, 0.5300000000000001, 0.1091385351546599, 26.19324843711837, 125, 223, 8.757923114148568e-05, 106, 20
60.533, 5.301332883177656, 0.34, -0.08086146484534012, -19.40675156288163, 149, 213, 8.757756732984747e-05, 107, 31
60.57, 5.304753728511565, 0.23, -0.1908614648453401, -45.80675156288163, 163, 199, 8.758054694587361e-05, 107, 26
60.61, 5.308174573845474, 0.2, -0.2208614648453401, -53.00675156288163, 218, 150, 8.757918782124195e-05, 107, 90
60.65, 5.311595419179382, 0.24, -0.1808614648453401, -43.40675156288163, 231, 110, 8.757783048935503e-05, 107, 73
60.69, 5.315016264513292, 0.38, -0.04086146484534012, -9.80675156288163, 235, 139, 8.75764749466682e-05, 107, 18
60.73, 5.31868145594248, 0.54, 0.1191385351546599, 28.59324843711837, 216, 165, 8.757914467219628e-05, 108, 40
60.768, 5.322102301276389, 0.5699999999999999, 0.1491385351546599, 35.79324843711837, 174, 182, 8.758067241436923e-05, 108, 66
60.80400000000001, 5.325278800515019, 0.5899999999999999, 0.1691385351546599, 40.59324843711837, 138, 213, 8.758106046501906e-05, 108, 61
60.844, 5.328699645848928, 0.5300000000000001, 0.1091385351546599, 26.19324843711837, 127, 209, 8.757970622984892e-05, 108, 23
60.884, 5.332120491182836, 0.42, -0.000861464845340123, -0.2067515628816295, 151, 209, 8.757835377410872e-05, 109, 25
60.93, 5.336274374802583, 0.32, -0.1008614648453401, -24.20675156288163, 171, 187, 8.75804098933626e-05, 109, 37
60.97, 5.339695220136491, 0.25, -0.1708614648453401, -41.00675156288163, 196, 173, 8.757905888365574e-05, 109, 44
61.01400000000001, 5.343604757660959, 0.3, -0.1208614648453401, -29.00675156288163, 221, 136, 8.757997767169764e-05, 109, 64
61.054, 5.347025602994868, 0.41, -0.01086146484534012, -2.606751562881629, 210, 148, 8.757862880392551e-05, 109, 18
61.096, 5.350690794424056, 0.49, 0.06913853515465989, 16.59324843711837, 199, 172, 8.757841420754314e-05, 110, 34
61.134, 5.354355985853244, 0.5600000000000001, 0.1391385351546599, 33.39324843711837, 181, 187, 8.758393015103289e-05, 110, 34
61.174, 5.357776831187152, 0.5699999999999999, 0.1491385351546599, 35.79324843711837, 147, 206, 8.758258134480585e-05, 110, 53
61.214, 5.361197676521062, 0.5899999999999999, 0.1691385351546599, 40.59324843711837, 133, 212, 8.758123430132098e-05, 110, 25
61.25500000000001, 5.36486286795025, 0.7800000000000001, 0.3591385351546599, 86.19324843711837, 150, 217, 8.758244825647294e-05, 110, 17
61.29200000000001, 5.36803936718888, 0.8100000000000001, 0.3891385351546599, 93.39324843711838, 135, 234, 8.758140323678262e-05, 110, 29
61.326, 5.37121586642751, 0.8100000000000001, 0.3891385351546599, 93.39324843711838, 89, 278, 8.758464381220868e-05, 110, 89
61.364, 5.37414801957086, 0.75, 0.3291385351546599, 78.99324843711837, 71, 276, 8.757818948521706e-05, 110, 26
61.409, 5.378301903190606, 0.8199999999999999, 0.3991385351546599, 95.79324843711836, 90, 273, 8.758165583531088e-05, 110, 30
61.447, 5.381967094619794, 0.8100000000000001, 0.3891385351546599, 93.39324843711838, 112, 262, 8.758714167688893e-05, 110, 29
61.48400000000001, 5.385143593858424, 0.8, 0.3791385351546599, 90.99324843711837, 81, 280, 8.758609709612944e-05, 110, 43
61.524, 5.388320093097053, 0.79, 0.3691385351546599, 88.59324843711837, 73, 263, 8.758078299683138e-05, 110, 26
61.56000000000001, 5.391496592335683, 0.8100000000000001, 0.3891385351546599, 93.39324843711838, 100, 263, 8.758116621727881e-05, 110, 39
61.6, 5.395161783764872, 0.8100000000000001, 0.3891385351546599, 93.39324843711838, 92, 284, 8.758379519098817e-05, 110, 31
61.63900000000001, 5.39858262909878, 0.8100000000000001, 0.3891385351546599, 93.39324843711838, 78, 273, 8.75838775628868e-05, 110, 26
61.676, 5.401759128337409, 0.8100000000000001, 0.3891385351546599, 93.39324843711838, 84, 276, 8.758283819212352e-05, 110, 11
61.717, 5.405424319766598, 0.8100000000000001, 0.3891385351546599, 93.39324843711838, 93, 270, 8.758404199437106e-05, 110, 13
61.754, 5.408600819005228, 0.8100000000000001, 0.3891385351546599, 93.39324843711838, 81, 275, 8.758300383789274e-05, 110, 12
61.794, 5.412021664339137, 0.8, 0.3791385351546599, 90.99324843711837, 86, 271, 8.758166916430618e-05, 110, 2
61.833, 5.415442509673046, 0.8, 0.3791385351546599, 90.99324843711837, 88, 272, 8.758175261871566e-05, 110, 6
61.875, 5.419352047197513, 0.8, 0.3791385351546599, 90.99324843711837, 88, 267, 8.758548763147495e-05, 110, 6
61.913, 5.422528546436142, 0.8100000000000001, 0.3891385351546599, 93.39324843711838, 96, 267, 8.758303662294093e-05, 110, 9
61.94700000000001, 5.425216353484214, 0.79, 0.3691385351546599, 88.59324843711837, 89, 258, 8.757835494025883e-05, 110, 14
61.984, 5.428637198818123, 0.77, 0.3491385351546599, 83.79324843711837, 88, 269, 8.758126611412822e-05, 110, 10
62.02400000000001, 5.432302390247311, 0.76, 0.3391385351546599, 81.39324843711838, 93, 284, 8.758387705158182e-05, 110, 26
62.06300000000001, 5.43572323558122, 0.64, 0.2191385351546598, 52.59324843711838, 97, 257, 8.75839588092941e-05, 110, 25
62.108, 5.439632773105687, 0.09, -0.3308614648453401, -79.40675156288163, 107, 234, 8.75834477540041e-05, 111, 39
62.144, 5.442564926249037, 0.08, -0.3408614648453401, -81.80675156288164, 139, 220, 8.7579893895614e-05, 111, 42
62.186, 5.446230117678225, 0.06, -0.3608614648453401, -86.60675156288162, 203, 165, 8.757968220625584e-05, 111, 117
62.22300000000001, 5.449650963012134, 0.07000000000000001, -0.3508614648453401, -84.20675156288162, 260, 97, 8.758258140899883e-05, 111, 104
62.26500000000001, 5.453071808346043, 0.11, -0.3108614648453401, -74.60675156288163, 250, 87, 8.757844388253503e-05, 111, 41
62.306, 5.456736999775231, 0.43, 0.009138535154659877, 2.19324843711837, 268, 102, 8.757963919646954e-05, 112, 27
62.34400000000001, 5.46015784510914, 0.8199999999999999, 0.3991385351546599, 95.79324843711836, 250, 113, 8.758112801727737e-05, 112, 9
62.385, 5.464067382633607, 0.84, 0.4191385351546598, 100.5932484371184, 174, 196, 8.758623679784577e-05, 112, 170
62.425, 5.467732574062795, 0.84, 0.4191385351546598, 100.5932484371184, 99, 253, 8.758882777833874e-05, 112, 135
62.46, 5.470420381110867, 0.84, 0.4191385351546598, 100.5932484371184, 65, 273, 8.758277907638275e-05, 112, 54
62.49400000000001, 5.473352534254217, 0.84, 0.4191385351546598, 100.5932484371184, 68, 287, 8.758204842471624e-05, 112, 18
62.535, 5.477262071778685, 0.84, 0.4191385351546598, 100.5932484371184, 84, 294, 8.758714434762428e-05, 112, 23
62.575, 5.480682917112594, 0.8100000000000001, 0.3891385351546599, 93.39324843711838, 80, 281, 8.758582368537905e-05, 112, 16
62.61500000000001, 5.484348108541782, 0.8199999999999999, 0.3991385351546599, 95.79324843711836, 88, 285, 8.758840706766399e-05, 112, 12
62.655, 5.48776895387569, 0.8100000000000001, 0.3891385351546599, 93.39324843711838, 78, 261, 8.758708728554289e-05, 112, 35
62.69400000000001, 5.49094545311432, 0.8100000000000001, 0.3891385351546599, 93.39324843711838, 88, 275, 8.758326878352506e-05, 112, 24
62.733, 5.494366298448229, 0.8100000000000001, 0.3891385351546599, 93.39324843711838, 95, 270, 8.758335004619944e-05, 112, 10
62.773, 5.498031489877418, 0.8299999999999999, 0.4091385351546599, 98.19324843711838, 78, 269, 8.758592850234045e-05, 112, 20
62.81300000000001, 5.501452335211326, 0.84, 0.4191385351546598, 100.5932484371184, 86, 282, 8.758461361838037e-05, 112, 23
62.85, 5.504873180545236, 0.84, 0.4191385351546598, 100.5932484371184, 85, 281, 8.758748099515092e-05, 112, 1
62.888, 5.508049679783865, 0.84, 0.4191385351546598, 100.5932484371184, 78, 278, 8.758506678195943e-05, 112, 12
62.922, 5.511226179022494, 0.8299999999999999, 0.4091385351546599, 98.19324843711838, 78, 279, 8.758822318143885e-05, 112, 0
62.96, 5.514402678261124, 0.8199999999999999, 0.3991385351546599, 95.79324843711836, 81, 288, 8.758581128114875e-05, 112, 11
62.99700000000001, 5.517823523595032, 0.8100000000000001, 0.3891385351546599, 93.39324843711838, 84, 276, 8.758867126363212e-05, 112, 15
63.034, 5.521000022833662, 0.8, 0.3791385351546599, 90.99324843711837, 87, 274, 8.758765147116893e-05, 112, 8
63.07200000000001, 5.524176522072292, 0.8100000000000001, 0.3891385351546599, 93.39324843711838, 83, 264, 8.758524419825426e-05, 112, 7
63.11, 5.527597367406201, 0.8299999999999999, 0.4091385351546599, 98.19324843711838, 84, 265, 8.758671157354144e-05, 112, 6
63.146, 5.530529520549551, 0.8199999999999999, 0.3991385351546599, 95.79324843711836, 88, 280, 8.758321224700776e-05, 112, 21
63.187, 5.53419471197874, 0.8199999999999999, 0.3991385351546599, 95.79324843711836, 86, 276, 8.758438780095176e-05, 112, 8
63.224, 5.53737121121737, 0.8299999999999999, 0.4091385351546599, 98.19324843711838, 78, 279, 8.758337357992803e-05, 112, 17
63.26000000000001, 5.540547710456, 0.8299999999999999, 0.4091385351546599, 98.19324843711838, 88, 270, 8.758374502775846e-05, 112, 22
63.3, 5.544212901885188, 0.8199999999999999, 0.3991385351546599, 95.79324843711836, 81, 284, 8.758630176753851e-05, 112, 18
63.33600000000001, 5.547389401123817, 0.8199999999999999, 0.3991385351546599, 95.79324843711836, 88, 276, 8.758667110527687e-05, 112, 11
63.379, 5.551054592553005, 0.8699999999999999, 0.4491385351546599, 107.7932484371184, 75, 263, 8.758507695850369e-05, 112, 30
63.414, 5.553986745696355, 0.8800000000000001, 0.4591385351546599, 110.1932484371184, 80, 285, 8.758297451187996e-05, 112, 30
63.455, 5.557651937125543, 0.8800000000000001, 0.4591385351546599, 110.1932484371184, 74, 295, 8.758414525451965e-05, 112, 13
63.49, 5.560828436364173, 0.8800000000000001, 0.4591385351546599, 110.1932484371184, 66, 288, 8.75858944143042e-05, 112, 10
63.53300000000001, 5.564249281698082, 0.85, 0.4291385351546599, 102.9932484371184, 67, 296, 8.758045868600698e-05, 112, 8
63.571, 5.56791447312727, 0.8199999999999999, 0.3991385351546599, 95.79324843711836, 71, 291, 8.758576195320618e-05, 112, 13
63.614, 5.571579664556458, 0.8199999999999999, 0.3991385351546599, 95.79324843711836, 85, 266, 8.758417431000186e-05, 112, 39
63.65, 5.574756163795088, 0.8199999999999999, 0.3991385351546599, 95.79324843711836, 96, 270, 8.758454302898802e-05, 112, 21
63.687, 5.578177009128997, 0.8199999999999999, 0.3991385351546599, 95.79324843711836, 83, 272, 8.758737276255745e-05, 112, 21
63.726, 5.581353508367627, 0.8199999999999999, 0.3991385351546599, 95.79324843711836, 74, 283, 8.758361592391845e-05, 112, 11
63.764, 5.585018699796815, 0.8199999999999999, 0.3991385351546599, 95.79324843711836, 85, 281, 8.758890125771305e-05, 112, 13
63.8, 5.588195199035445, 0.8199999999999999, 0.3991385351546599, 95.79324843711836, 94, 278, 8.758926644256185e-05, 112, 14
63.83800000000001, 5.591371698274075, 0.8199999999999999, 0.3991385351546599, 95.79324843711836, 76, 263, 8.758688709348782e-05, 112, 34
63.874, 5.594548197512704, 0.8100000000000001, 0.3891385351546599, 93.39324843711838, 78, 280, 8.758725299046096e-05, 112, 15
63.91500000000001, 5.597969042846612, 0.8199999999999999, 0.3991385351546599, 95.79324843711836, 90, 282, 8.758458957751095e-05, 112, 22
63.95, 5.600901195989963, 0.8100000000000001, 0.3891385351546599, 93.39324843711838, 82, 257, 8.758250501938958e-05, 112, 30
63.988, 5.604322041323871, 0.8100000000000001, 0.3891385351546599, 93.39324843711838, 91, 280, 8.758395388703931e-05, 112, 23
64.024, 5.607742886657781, 0.8100000000000001, 0.3891385351546599, 93.39324843711838, 87, 283, 8.758813705263309e-05, 112, 11
64.064, 5.61116373199169, 0.8100000000000001, 0.3891385351546599, 93.39324843711838, 80, 262, 8.758684646590426e-05, 112, 35
64.1, 5.61434023123032, 0.8199999999999999, 0.3991385351546599, 95.79324843711836, 91, 279, 8.758721109563682e-05, 112, 29
64.136, 5.617761076564229, 0.8199999999999999, 0.3991385351546599, 95.79324843711836, 84, 279, 8.759138512791925e-05, 112, 6
64.178, 5.621426267993416, 0.8699999999999999, 0.4491385351546599, 107.7932484371184, 85, 283, 8.759117248891235e-05, 112, 4
64.216, 5.624602767232046, 0.8800000000000001, 0.4591385351546599, 110.1932484371184, 86, 279, 8.7588806017691e-05, 112, 5
64.25400000000001, 5.627779266470675, 0.84, 0.4191385351546598, 100.5932484371184, 66, 289, 8.758644234554541e-05, 112, 25
64.29600000000001, 5.631444457899864, 0.86, 0.4391385351546599, 105.3932484371184, 71, 285, 8.758623332555468e-05, 112, 1
64.333, 5.634620957138494, 0.8699999999999999, 0.4491385351546599, 107.7932484371184, 89, 277, 8.758523552668914e-05, 112, 30
64.373, 5.638530494662961, 0.8699999999999999, 0.4491385351546599, 107.7932484371184, 75, 291, 8.75915445087686e-05, 112, 28
64.40900000000001, 5.641462647806312, 0.8699999999999999, 0.4491385351546599, 107.7932484371184, 63, 286, 8.758811109947853e-05, 112, 15
64.448, 5.644883493140219, 0.8699999999999999, 0.4491385351546599, 107.7932484371184, 79, 283, 8.758818726942991e-05, 112, 19
64.488, 5.648548684569407, 0.8800000000000001, 0.4591385351546599, 110.1932484371184, 69, 284, 8.759069415347673e-05, 112, 6
64.526, 5.651480837712758, 0.7199999999999999, 0.2991385351546599, 71.79324843711837, 72, 285, 8.758455254800792e-05, 112, 2
64.57, 5.655634721332506, 0.08, -0.3408614648453401, -81.80675156288164, 81, 279, 8.75892011976538e-05, 113, 9
64.613, 5.659055566666413, 0.08, -0.3408614648453401, -81.80675156288164, 125, 234, 8.758385412635867e-05, 113, 76
64.652, 5.662720758095602, 0.19, -0.2308614648453401, -55.40675156288163, 197, 159, 8.758771202894886e-05, 113, 151
64.695, 5.666630295620069, 0.49, 0.06913853515465989, 16.59324843711837, 240, 116, 8.758992651085972e-05, 114, 101
64.73000000000001, 5.66956244876342, 0.6600000000000001, 0.2391385351546599, 57.39324843711837, 212, 116, 8.758786418605624e-05, 114, 26
64.76600000000001, 5.67249460190677, 0.7800000000000001, 0.3591385351546599, 86.19324843711837, 162, 194, 8.758445174793518e-05, 114, 138
64.804, 5.676159793335958, 0.77, 0.3491385351546599, 83.79324843711837, 135, 266, 8.758965177050735e-05, 114, 88
64.84500000000001, 5.679580638669867, 0.76, 0.3391385351546599, 81.39324843711838, 87, 267, 8.758702503924539e-05, 114, 58
64.886, 5.683245830099056, 0.7199999999999999, 0.2991385351546599, 71.79324843711837, 91, 263, 8.758816740281503e-05, 114, 7
64.92700000000001, 5.686911021528244, 0.73, 0.3091385351546599, 74.19324843711838, 110, 267, 8.758930832362875e-05, 114, 30
64.963, 5.690087520766874, 0.76, 0.3391385351546599, 81.39324843711838, 112, 239, 8.758966674517609e-05, 114, 40
65.005, 5.693752712196061, 0.73, 0.3091385351546599, 74.19324843711838, 98, 255, 8.758945792163773e-05, 114, 32
65.044, 5.696929211434691, 0.75, 0.3291385351546599, 78.99324843711837, 98, 263, 8.758577595834652e-05, 114, 12
65.08100000000001, 5.700105710673321, 0.7800000000000001, 0.3591385351546599, 86.19324843711837, 106, 244, 8.758478988757581e-05, 114, 32
65.124, 5.704015248197789, 0.8, 0.3791385351546599, 90.99324843711837, 98, 268, 8.758699171116314e-05, 114, 30
65.163, 5.707436093531697, 0.8199999999999999, 0.3991385351546599, 95.79324843711836, 82, 271, 8.758706771529392e-05, 114, 24
65.198, 5.710612592770327, 0.8299999999999999, 0.4091385351546599, 98.19324843711838, 82, 280, 8.758876948327138e-05, 114, 10
65.237, 5.714033438104235, 0.8299999999999999, 0.4091385351546599, 98.19324843711838, 83, 276, 8.75888443384005e-05, 114, 7
65.277, 5.717698629533424, 0.8299999999999999, 0.4091385351546599, 98.19324843711838, 85, 284, 8.75913205192246e-05, 114, 8
65.317, 5.721119474867333, 0.76, 0.3391385351546599, 81.39324843711838, 75, 278, 8.75900527407464e-05, 114, 13
65.35299999999999, 5.724295974105962, 0.76, 0.3391385351546599, 81.39324843711838, 89, 269, 8.75904086133148e-05, 114, 18
65.39300000000001, 5.727716819439871, 0.7, 0.2791385351546599, 66.99324843711837, 104, 264, 8.758914286605403e-05, 114, 25
65.43500000000001, 5.731382010869059, 0.48, 0.05913853515465988, 14.19324843711837, 100, 240, 8.758893575103627e-05, 114, 19
65.476, 5.734802856202967, 0.18, -0.2408614648453401, -57.80675156288163, 126, 231, 8.75863347822556e-05, 115, 38
65.51500000000001, 5.738468047632156, 0.19, -0.2308614648453401, -55.40675156288163, 195, 183, 8.759014038971465e-05, 115, 121
65.55, 5.741400200775506, 0.18, -0.2408614648453401, -57.80675156288163, 225, 122, 8.758810374943565e-05, 115, 78
65.59000000000001, 5.745065392204695, 0.17, -0.2508614648453401, -60.20675156288164, 238, 116, 8.759056856540166e-05, 115, 32
65.627, 5.748241891443325, 0.18, -0.2408614648453401, -57.80675156288163, 243, 128, 8.758958799645457e-05, 115, 22
65.663, 5.751418390681954, 0.18, -0.2408614648453401, -57.80675156288163, 232, 122, 8.75899424437195e-05, 115, 18
65.702, 5.754594889920584, 0.18, -0.2408614648453401, -57.80675156288163, 231, 118, 8.758629706737365e-05, 115, 11
65.746, 5.75874877354033, 0.2, -0.2208614648453401, -53.00675156288163, 240, 123, 8.75908613990255e-05, 115, 21
65.78600000000001, 5.762169618874239, 0.18, -0.2408614648453401, -57.80675156288163, 236, 127, 8.758960293792356e-05, 115, 11
65.824, 5.765590464208149, 0.18, -0.2408614648453401, -57.80675156288163, 232, 125, 8.759100729533527e-05, 115, 6
65.865, 5.768766963446777, 0.19, -0.2308614648453401, -55.40675156288163, 238, 116, 8.758471059662607e-05, 115, 12
65.904, 5.772676500971245, 0.19, -0.2308614648453401, -55.40675156288163, 250, 127, 8.759220230898343e-05, 115, 24
65.946, 5.776341692400433, 0.18, -0.2408614648453401, -57.80675156288163, 230, 130, 8.759199485033864e-05, 115, 24
65.98600000000001, 5.78000688382962, 0.18, -0.2408614648453401, -57.80675156288163, 236, 120, 8.759444251552782e-05, 115, 17
66.023, 5.782939036972971, 0.17, -0.2508614648453401, -60.20675156288164, 240, 122, 8.758976473309257e-05, 115, 7
66.06000000000001, 5.78635988230688, 0.13, -0.2908614648453401, -69.80675156288163, 232, 116, 8.759248989262611e-05, 115, 14
66.096, 5.789536381545509, 0.11, -0.3108614648453401, -74.60675156288163, 246, 113, 8.759284043732615e-05, 115, 19
66.134, 5.792712880784139, 0.1, -0.3208614648453401, -77.00675156288163, 250, 110, 8.759054163946139e-05, 115, 8
66.17000000000001, 5.79564503392749, 0.09, -0.3308614648453401, -79.40675156288163, 254, 94, 8.758720015003007e-05, 115, 17
66.21, 5.799065879261398, 0.09, -0.3308614648453401, -79.40675156288163, 263, 101, 8.758595195984592e-05, 115, 13
66.248, 5.802731070690587, 0.09, -0.3308614648453401, -79.40675156288163, 262, 109, 8.759103777760215e-05, 115, 11
66.28900000000001, 5.806640608215054, 0.09, -0.3308614648453401, -79.40675156288163, 267, 99, 8.759583955430093e-05, 115, 15
66.32400000000001, 5.809328415263126, 0.1, -0.3208614648453401, -77.00675156288163, 247, 96, 8.759013954621443e-05, 115, 20
66.36900000000001, 5.813237952787593, 0.11, -0.3108614648453401, -74.60675156288163, 257, 99, 8.758965711081368e-05, 115, 8
66.404, 5.816170105930944, 0.11, -0.3108614648453401, -74.60675156288163, 263, 101, 8.758764691782035e-05, 115, 9
66.44400000000001, 5.819835297360131, 0.11, -0.3108614648453401, -74.60675156288163, 253, 106, 8.759008032869984e-05, 115, 13
66.48000000000001, 5.823011796598761, 0.11, -0.3108614648453401, -74.60675156288163, 248, 107, 8.759043015341096e-05, 115, 7
66.52, 5.826432641932671, 0.15, -0.2708614648453401, -65.00675156288164, 252, 108, 8.758918583783329e-05, 115, 3
66.557, 5.82985348726658, 0.17, -0.2508614648453401, -60.20675156288164, 261, 100, 8.759189096964375e-05, 115, 19
66.597, 5.833274332600488, 0.19, -0.2308614648453401, -55.40675156288163, 246, 121, 8.759064721534735e-05, 115, 36
66.634, 5.836695177934396, 0.18, -0.2408614648453401, -57.80675156288163, 241, 127, 8.759334840973672e-05, 115, 11
66.67100000000001, 5.839871677173026, 0.16, -0.2608614648453401, -62.60675156288163, 240, 119, 8.759238165278795e-05, 115, 8
66.719, 5.844025560792774, 0.17, -0.2508614648453401, -60.20675156288164, 229, 114, 8.759162398706176e-05, 115, 17
66.756, 5.846957713936123, 0.16, -0.2608614648453401, -62.60675156288163, 230, 115, 8.758699913020738e-05, 115, 1
66.79600000000001, 5.850622905365311, 0.15, -0.2708614648453401, -65.00675156288164, 245, 126, 8.758942010547505e-05, 115, 27
66.83400000000001, 5.854288096794499, 0.16, -0.2608614648453401, -62.60675156288163, 248, 114, 8.759445935892657e-05, 115, 14
66.87200000000001, 5.857708942128409, 0.17, -0.2508614648453401, -60.20675156288164, 272, 111, 8.75958389479664e-05, 115, 30
66.91400000000001, 5.861374133557597, 0.17, -0.2508614648453401, -60.20675156288164, 243, 122, 8.759563220787275e-05, 115, 38
66.94900000000001, 5.864306286700947, 0.17, -0.2508614648453401, -60.20675156288164, 233, 116, 8.75936352552084e-05, 115, 18
66.987, 5.867727132034855, 0.18, -0.2408614648453401, -57.80675156288163, 235, 125, 8.759501294333013e-05, 115, 12
67.023, 5.870903631273485, 0.17, -0.2508614648453401, -60.20675156288164, 235, 117, 8.759535728441708e-05, 115, 10
67.06, 5.873835784416837, 0.18, -0.2408614648453401, -57.80675156288163, 241, 115, 8.759075133338559e-05, 115, 8
67.09900000000001, 5.877500975846024, 0.18, -0.2408614648453401, -57.80675156288163, 242, 124, 8.759446453517972e-05, 115, 11
67.139, 5.880921821179934, 0.2, -0.2208614648453401, -53.00675156288163, 228, 130, 8.759322928819216e-05, 115, 19
67.17700000000001, 5.884342666513843, 0.2, -0.2208614648453401, -53.00675156288163, 234, 121, 8.759460330937438e-05, 115, 12
67.217, 5.888007857943031, 0.18, -0.2408614648453401, -57.80675156288163, 239, 123, 8.75970045962038e-05, 115, 5
67.26000000000001, 5.891673049372218, 0.17, -0.2508614648453401, -60.20675156288164, 236, 124, 8.759549582771658e-05, 115, 6
67.3, 5.895093894706127, 0.18, -0.2408614648453401, -57.80675156288163, 243, 121, 8.759426292282505e-05, 115, 12
67.336, 5.898270393944757, 0.17, -0.2508614648453401, -60.20675156288164, 240, 116, 8.759460606428592e-05, 115, 8
67.374, 5.901446893183386, 0.15, -0.2708614648453401, -65.00675156288164, 226, 119, 8.759234857932416e-05, 115, 19
67.416, 5.904867738517296, 0.14, -0.2808614648453402, -67.40675156288162, 248, 112, 8.758852110058882e-05, 115, 27
67.45200000000001, 5.908288583851204, 0.14, -0.2808614648453402, -67.40675156288162, 255, 114, 8.759248923458467e-05, 115, 11
67.488, 5.911465083089834, 0.14, -0.2808614648453402, -67.40675156288162, 240, 119, 8.759283254933965e-05, 115, 22
67.52500000000001, 5.914885928423742, 0.14, -0.2808614648453402, -67.40675156288162, 254, 108, 8.759549690372072e-05, 115, 26
67.563, 5.918306773757651, 0.14, -0.2808614648453402, -67.40675156288162, 260, 106, 8.759686179947089e-05, 115, 11
67.6, 5.921483272996281, 0.16, -0.2608614648453401, -62.60675156288163, 242, 130, 8.759590640527042e-05, 115, 45
67.63800000000001, 5.924904118330191, 0.17, -0.2508614648453401, -60.20675156288164, 230, 113, 8.759726955750008e-05, 115, 26
67.67400000000001, 5.927836271473541, 0.16, -0.2608614648453401, -62.60675156288163, 227, 112, 8.759399875097586e-05, 115, 9
67.714, 5.931501462902729, 0.4699999999999999, 0.04913853515465988, 11.79324843711837, 255, 121, 8.759638277022075e-05, 116, 35
67.75600000000001, 5.935166654331918, 0.73, 0.3091385351546599, 74.19324843711838, 242, 125, 8.759617826217482e-05, 116, 12
67.794, 5.938587499665825, 0.76, 0.3391385351546599, 81.39324843711838, 162, 190, 8.759753812528873e-05, 116, 128
67.83100000000001, 5.941763998904455, 0.7800000000000001, 0.3591385351546599, 86.19324843711837, 93, 270, 8.759658561578709e-05, 116, 161
67.87000000000001, 5.945184844238364, 0.8100000000000001, 0.3891385351546599, 93.39324843711838, 78, 259, 8.759665307556158e-05, 116, 27
67.91, 5.948361343476994, 0.7800000000000001, 0.3591385351546599, 86.19324843711837, 82, 252, 8.759183247646877e-05, 116, 10
67.94499999999999, 5.951537842715624, 0.8299999999999999, 0.4091385351546599, 98.19324843711838, 96, 285, 8.75934629879406e-05, 116, 47
67.98300000000001, 5.954958688049532, 0.8199999999999999, 0.3991385351546599, 95.79324843711836, 101, 279, 8.759482058822842e-05, 116, 7
68.02, 5.958379533383441, 0.8299999999999999, 0.4091385351546599, 98.19324843711838, 79, 278, 8.759746447197061e-05, 116, 25
68.059, 5.961556032622071, 0.8199999999999999, 0.3991385351546599, 95.79324843711836, 69, 267, 8.75939410309007e-05, 116, 21
68.09699999999999, 5.964976877955981, 0.8199999999999999, 0.3991385351546599, 95.79324843711836, 85, 278, 8.759529609169244e-05, 116, 22
68.13400000000001, 5.968153377194611, 0.8199999999999999, 0.3991385351546599, 95.79324843711836, 89, 276, 8.759434903564461e-05, 116, 5
68.17, 5.971574222528519, 0.8199999999999999, 0.3991385351546599, 95.79324843711836, 83, 280, 8.759827229761651e-05, 116, 7
68.20900000000001, 5.974750721767148, 0.8199999999999999, 0.3991385351546599, 95.79324843711836, 83, 282, 8.759475614313578e-05, 116, 2
68.24400000000001, 5.977927221005778, 0.8299999999999999, 0.4091385351546599, 98.19324843711838, 84, 279, 8.75963780113384e-05, 116, 2
68.28400000000001, 5.981348066339686, 0.8100000000000001, 0.3891385351546599, 93.39324843711838, 88, 266, 8.759516235633072e-05, 116, 14
68.324, 5.984768911673595, 0.8199999999999999, 0.3991385351546599, 95.79324843711836, 85, 277, 8.759394812472332e-05, 116, 13
68.363, 5.988434103102784, 0.8199999999999999, 0.3991385351546599, 95.79324843711836, 84, 276, 8.759759084742893e-05, 116, 4
68.40000000000001, 5.991610602341414, 0.8199999999999999, 0.3991385351546599, 95.79324843711836, 84, 271, 8.759664623306161e-05, 116, 9
68.44, 5.995031447675322, 0.8199999999999999, 0.3991385351546599, 95.79324843711836, 82, 275, 8.759543319221684e-05, 116, 5
68.48300000000001, 5.998940985199789, 0.79, 0.3691385351546599, 88.59324843711837, 85, 278, 8.759752033643078e-05, 116, 10
68.523, 6.002117484438419, 0.32, -0.1008614648453401, -24.20675156288163, 90, 272, 8.759274235568231e-05, 117, 10
68.56000000000001, 6.005538329772328, 0.08, -0.3408614648453401, -81.80675156288164, 101, 246, 8.759536653693594e-05, 117, 32
68.604, 6.009447867296795, 0.08, -0.3408614648453401, -81.80675156288164, 179, 183, 8.759617321580077e-05, 117, 142
68.646, 6.013113058725984, 0.09, -0.3308614648453401, -79.40675156288163, 247, 127, 8.759597148742802e-05, 117, 133
68.68500000000001, 6.016289557964614, 0.12, -0.3008614648453401, -72.20675156288163, 237, 78, 8.759248100698279e-05, 117, 56
68.72400000000001, 6.019710403298522, 0.42, -0.000861464845340123, -0.2067515628816295, 266, 106, 8.759254995778072e-05, 117, 43
68.77, 6.024352979108827, 0.79, 0.3691385351546599, 88.59324843711837, 253, 134, 8.760146835987825e-05, 118, 30
68.81399999999999, 6.028018170538014, 0.8100000000000001, 0.3891385351546599, 93.39324843711838, 152, 196, 8.759871785593068e-05, 118, 163
68.848, 6.030705977586087, 0.8299999999999999, 0.4091385351546599, 98.19324843711838, 95, 247, 8.75944976990775e-05, 118, 89
68.887, 6.034126822919996, 0.8199999999999999, 0.3991385351546599, 95.79324843711836, 71, 271, 8.75945653449852e-05, 118, 72
68.92300000000001, 6.037058976063347, 0.8299999999999999, 0.4091385351546599, 98.19324843711838, 78, 293, 8.759135522341374e-05, 118, 29
