Tempo (s), Distância (m), Refletância (%), Erro (%), Correção (deg/s), Velocidade Esq. (deg/s), Velocidade Dir. (deg/s), Velocidade Média (m/s), Oscilação, Suavidade (deg/s)
0.014, 0.0, 0.85, 0.4291385351546599, 90.11909238247858, 0, 0, 0.0, 0, 0
0.04699999999999999, 0.0, 0.5699999999999999, 0.1491385351546599, 31.31909238247858, 0, 0, 0.0, 0, 0
0.08599999999999998, 0.0007330382858376185, 0.58, 0.1591385351546599, 33.41909238247858, 12, 18, 8.523700998111842e-06, 0, 20
0.127, 0.003176499238629679, 0.61, 0.1891385351546599, 39.71909238247858, 125, 150, 2.501180502858015e-05, 0, 250
0.167, 0.006597344572538566, 0.6600000000000001, 0.2391385351546599, 50.21909238247858, 133, 183, 3.950505732059021e-05, 0, 45
0.206, 0.00952949771588904, 0.64, 0.2191385351546598, 46.01909238247858, 114, 218, 4.625969764994679e-05, 0, 53
0.246, 0.01319468914507713, 0.61, 0.1891385351546599, 39.71909238247858, 129, 236, 5.363694774421598e-05, 0, 37
0.284, 0.0161268422884276, 0.6, 0.1791385351546599, 37.61909238247858, 122, 198, 5.678465594516762e-05, 0, 36
0.319, 0.01881464933649887, 0.61, 0.1891385351546599, 39.71909238247858, 115, 189, 5.89800919639463e-05, 0, 27
0.36, 0.02174680247984935, 0.62, 0.1991385351546599, 41.81909238247857, 124, 180, 6.040778466624818e-05, 0, 17
0.4, 0.02492330171847903, 0.64, 0.2191385351546598, 46.01909238247858, 114, 200, 6.230825429619756e-05, 0, 28
0.437, 0.02785545486182949, 0.65, 0.2291385351546599, 48.11909238247858, 113, 219, 6.374245963805376e-05, 0, 22
0.477, 0.03127630019573838, 0.6800000000000001, 0.2591385351546599, 54.41909238247858, 118, 213, 6.556876351307837e-05, 0, 10
0.517, 0.03420845333908886, 0.6899999999999999, 0.2691385351546598, 56.51909238247858, 111, 209, 6.616722115877923e-05, 0, 13
0.557, 0.03714060648243933, 0.7, 0.2791385351546599, 58.61909238247858, 99, 197, 6.667972438498984e-05, 0, 22
0.591, 0.0395840674352314, 0.5600000000000001, 0.1391385351546599, 29.21909238247858, 99, 209, 6.697811748770118e-05, 0, 9
0.631, 0.04300491276914028, 0.25, -0.1708614648453401, -35.88090761752143, 103, 221, 6.815358600497667e-05, 1, 17
0.669, 0.04593706591249076, 0.1, -0.3208614648453401, -67.38090761752144, 140, 171, 6.866527042225822e-05, 1, 84
0.706, 0.04886921905584122, 0.08, -0.3408614648453401, -71.58090761752144, 198, 126, 6.921985701960514e-05, 1, 93
0.743, 0.05155702610391249, 0.08, -0.3408614648453401, -71.58090761752144, 228, 81, 6.939034468898048e-05, 1, 85
0.781, 0.05448917924726296, 0.1, -0.3208614648453401, -67.38090761752144, 225, 82, 6.976847534860816e-05, 1, 5
0.8209999999999999, 0.05766567848589265, 0.19, -0.2308614648453401, -48.48090761752143, 236, 95, 7.023834163933333e-05, 1, 25
0.8609999999999999, 0.06084217772452232, 0.34, -0.08086146484534012, -16.98090761752143, 227, 99, 7.066455020269724e-05, 1, 12
0.8970000000000001, 0.06377433086787279, 0.49, 0.06913853515465989, 14.51909238247858, 206, 115, 7.109735882705998e-05, 2, 35
0.9350000000000001, 0.06670648401122326, 0.63, 0.2091385351546599, 43.91909238247858, 160, 172, 7.13438331670837e-05, 2, 86
0.976, 0.06988298324985296, 0.6800000000000001, 0.2591385351546599, 54.41909238247858, 119, 186, 7.16014172641936e-05, 2, 71
1.019, 0.07305948248848264, 0.61, 0.1891385351546599, 39.71909238247858, 105, 195, 7.169723502304478e-05, 2, 28
1.057, 0.0759916356318331, 0.42, -0.000861464845340123, -0.1809076175214258, 109, 203, 7.189369501592537e-05, 3, 10
1.1, 0.07941248096574199, 0.19, -0.2308614648453401, -48.48090761752143, 149, 196, 7.219316451431089e-05, 3, 49
1.136, 0.08234463410909248, 0.11, -0.3108614648453401, -65.28090761752143, 169, 153, 7.24864736875814e-05, 3, 54
1.177, 0.08552113334772214, 0.11, -0.3108614648453401, -65.28090761752143, 220, 86, 7.266026622576224e-05, 3, 94
1.219, 0.08869763258635183, 0.13, -0.2908614648453401, -61.08090761752143, 222, 82, 7.276261902079725e-05, 3, 43
1.256, 0.0916297857297023, 0.21, -0.2108614648453401, -44.28090761752143, 217, 101, 7.295365105868018e-05, 3, 22
1.293, 0.09480628496833198, 0.37, -0.05086146484534013, -10.68090761752143, 229, 106, 7.332272619360555e-05, 3, 20
1.337, 0.09822713030224087, 0.54, 0.1191385351546599, 25.01909238247858, 186, 131, 7.346830987452569e-05, 4, 64
1.373, 0.1009149373503121, 0.67, 0.2491385351546599, 52.31909238247859, 147, 167, 7.349959020416033e-05, 4, 73
1.41, 0.1036027443983834, 0.6800000000000001, 0.2591385351546599, 54.41909238247858, 120, 191, 7.347712368679675e-05, 4, 56
1.447, 0.1065348975417339, 0.62, 0.1991385351546599, 41.81909238247857, 96, 210, 7.362467003575251e-05, 4, 45
1.487, 0.1094670506850844, 0.45, 0.02913853515465987, 6.119092382478574, 110, 198, 7.361603946542323e-05, 4, 18
1.527, 0.1128878960189932, 0.25, -0.1708614648453401, -35.88090761752143, 139, 196, 7.39278952318227e-05, 5, 35
1.566, 0.1158200491623437, 0.17, -0.2508614648453401, -52.68090761752143, 169, 166, 7.39591629389168e-05, 5, 63
1.6, 0.118507856210415, 0.14, -0.2808614648453402, -58.98090761752144, 196, 121, 7.406741013150936e-05, 5, 73
1.641, 0.1214400093537654, 0.19, -0.2308614648453401, -48.48090761752143, 211, 91, 7.400366200716968e-05, 5, 44
1.679, 0.1243721624971159, 0.3, -0.1208614648453401, -25.38090761752143, 218, 109, 7.407514145152824e-05, 5, 24
1.737, 0.1292590844027, 0.54, 0.1191385351546599, 25.01909238247858, 203, 132, 7.441513206833623e-05, 6, 30
1.779, 0.1326799297366089, 0.64, 0.2191385351546598, 46.01909238247858, 161, 150, 7.458118591152835e-05, 6, 64
1.817, 0.135123390689401, 0.7, 0.2791385351546599, 58.61909238247858, 117, 189, 7.436620291106274e-05, 6, 68
1.859, 0.1385442360233099, 0.64, 0.2191385351546598, 46.01909238247858, 102, 222, 7.452621625783211e-05, 6, 63
1.903, 0.142209427452498, 0.4, -0.02086146484534012, -4.380907617521426, 110, 206, 7.472907380583185e-05, 7, 20
1.946, 0.1453859266911277, 0.22, -0.2008614648453401, -42.18090761752143, 129, 188, 7.471013704580044e-05, 7, 33
1.98, 0.1480737337391989, 0.14, -0.2808614648453402, -58.98090761752144, 182, 159, 7.478471400969643e-05, 7, 80
2.017, 0.1510058868825494, 0.15, -0.2708614648453401, -56.88090761752143, 203, 94, 7.486657753225057e-05, 7, 93
2.055, 0.1536936939306206, 0.17, -0.2508614648453401, -52.68090761752143, 212, 93, 7.479011870103196e-05, 7, 12
2.091, 0.1566258470739711, 0.28, -0.1408614648453401, -29.58090761752143, 206, 115, 7.49047570894171e-05, 7, 28
2.129, 0.1598023463126008, 0.38, -0.04086146484534012, -8.580907617521426, 214, 122, 7.505981508341982e-05, 7, 17
2.169, 0.1627344994559513, 0.51, 0.08913853515465988, 18.71909238247857, 174, 145, 7.50274317454824e-05, 8, 57
2.205, 0.1656666525993018, 0.58, 0.1591385351546599, 33.41909238247858, 150, 162, 7.51322687525178e-05, 8, 43
2.243, 0.1685988057426522, 0.61, 0.1891385351546599, 39.71909238247858, 129, 180, 7.51666543658726e-05, 8, 51
2.281, 0.1712866127907235, 0.5600000000000001, 0.1391385351546599, 29.21909238247858, 121, 179, 7.509277193806378e-05, 8, 15
2.319, 0.174218765934074, 0.49, 0.06913853515465989, 14.51909238247858, 134, 198, 7.512667784996722e-05, 8, 31
2.357, 0.1773952651727036, 0.34, -0.08086146484534012, -16.98090761752143, 148, 199, 7.526315874955606e-05, 9, 18
2.394, 0.1805717644113333, 0.27, -0.1508614648453401, -31.68090761752143, 161, 164, 7.542680217683094e-05, 9, 47
2.437, 0.183748263649963, 0.24, -0.1808614648453401, -37.98090761752142, 175, 124, 7.539936957323063e-05, 9, 56
2.47, 0.1859473785074759, 0.28, -0.1408614648453401, -29.58090761752143, 184, 115, 7.528233947671087e-05, 9, 24
2.507, 0.1888795316508263, 0.36, -0.06086146484534012, -12.78090761752143, 186, 122, 7.534085825721034e-05, 9, 6
2.543, 0.1918116847941768, 0.4699999999999999, 0.04913853515465988, 10.31909238247857, 195, 158, 7.54273239458029e-05, 10, 56
2.582, 0.1949881840328065, 0.5300000000000001, 0.1091385351546599, 22.91909238247857, 178, 160, 7.551827421874769e-05, 10, 21
2.62, 0.197920337176157, 0.55, 0.1291385351546599, 27.11909238247858, 135, 180, 7.554211342601411e-05, 10, 62
2.657, 0.2008524903195074, 0.51, 0.08913853515465988, 18.71909238247857, 135, 185, 7.559371107245293e-05, 10, 12
2.697, 0.2040289895581371, 0.45, 0.02913853515465987, 6.119092382478574, 142, 170, 7.565034837157476e-05, 10, 22
2.736, 0.2069611427014876, 0.39, -0.03086146484534012, -6.480907617521426, 134, 163, 7.564369250785365e-05, 11, 23
2.774, 0.2098932958448381, 0.31, -0.1108614648453401, -23.28090761752143, 162, 169, 7.566449021082843e-05, 11, 27
2.817, 0.213314141178747, 0.28, -0.1408614648453401, -29.58090761752143, 175, 149, 7.572386978301276e-05, 11, 40
2.856, 0.2160019482268182, 0.29, -0.1308614648453401, -27.48090761752143, 187, 128, 7.563093425308763e-05, 11, 27
2.893, 0.2191784474654479, 0.35, -0.07086146484534011, -14.88090761752143, 201, 134, 7.57616479313681e-05, 11, 21
2.929, 0.2221106006087984, 0.4600000000000001, 0.03913853515465988, 8.219092382478575, 177, 138, 7.583154681078811e-05, 12, 28
2.971, 0.2255314459427073, 0.5300000000000001, 0.1091385351546599, 22.91909238247857, 162, 156, 7.591095454146997e-05, 12, 32
3.011, 0.2284635990860577, 0.5699999999999999, 0.1491385351546599, 31.31909238247858, 145, 179, 7.587631985588102e-05, 12, 40
3.046, 0.231151406134129, 0.5699999999999999, 0.1491385351546599, 31.31909238247858, 131, 179, 7.588687003746849e-05, 12, 19
3.087, 0.2343279053727587, 0.49, 0.06913853515465989, 14.51909238247858, 126, 194, 7.590797064229306e-05, 12, 20
3.123, 0.2372600585161092, 0.4, -0.02086146484534012, -4.380907617521426, 143, 190, 7.5971840703205e-05, 13, 15
3.16, 0.2401922116594597, 0.29, -0.1308614648453401, -27.48090761752143, 157, 161, 7.601019356312014e-05, 13, 48
3.201, 0.2433687108980893, 0.26, -0.1608614648453401, -33.78090761752143, 171, 151, 7.602896310468269e-05, 13, 25
3.237, 0.2460565179461605, 0.27, -0.1508614648453401, -31.68090761752143, 184, 120, 7.601375284095166e-05, 13, 36
3.276, 0.2489886710895111, 0.33, -0.09086146484534012, -19.08090761752143, 191, 125, 7.600386785394111e-05, 13, 13
3.313, 0.2519208242328615, 0.4, -0.02086146484534012, -4.380907617521426, 195, 141, 7.604009183002159e-05, 13, 22
3.355, 0.2555860156620496, 0.4600000000000001, 0.03913853515465988, 8.219092382478575, 178, 155, 7.618063059971672e-05, 14, 23
3.393, 0.2585181688054001, 0.6, 0.1791385351546599, 37.61909238247858, 149, 166, 7.619162063230181e-05, 14, 49
3.435, 0.2614503219487506, 0.6, 0.1791385351546599, 37.61909238247858, 125, 170, 7.611363084388662e-05, 14, 25
3.475, 0.2646268211873802, 0.5600000000000001, 0.1391385351546599, 29.21909238247858, 126, 197, 7.615160321939001e-05, 14, 26
3.519, 0.2680476665212891, 0.43, 0.009138535154659877, 1.919092382478574, 134, 196, 7.617154490516882e-05, 14, 9
3.557, 0.2712241657599188, 0.28, -0.1408614648453401, -29.58090761752143, 140, 182, 7.625081972446411e-05, 15, 14
3.6, 0.2744006649985485, 0.21, -0.2108614648453401, -44.28090761752143, 176, 144, 7.622240694404125e-05, 15, 74
3.637, 0.2770884720466197, 0.23, -0.1908614648453401, -40.08090761752142, 198, 116, 7.618599726329935e-05, 15, 50
3.677, 0.2802649712852494, 0.32, -0.1008614648453401, -21.18090761752143, 191, 112, 7.62210963517132e-05, 15, 19
3.717, 0.2834414705238791, 0.51, 0.08913853515465988, 18.71909238247857, 195, 132, 7.625544001180497e-05, 16, 29
3.757, 0.2866179697625087, 0.65, 0.2291385351546599, 48.11909238247858, 174, 149, 7.628905237224084e-05, 16, 31
3.796, 0.2897944690011385, 0.71, 0.2891385351546599, 60.71909238247859, 135, 189, 7.634206243444112e-05, 16, 88
3.839, 0.2929709682397682, 0.62, 0.1991385351546599, 41.81909238247857, 93, 222, 7.631439651986668e-05, 16, 76
3.878, 0.2961474674783979, 0.38, -0.04086146484534012, -8.580907617521426, 98, 220, 7.636603080928258e-05, 17, 5
3.921, 0.2995683128123067, 0.15, -0.2708614648453401, -56.88090761752143, 141, 177, 7.640099791183542e-05, 17, 83
3.96, 0.3025004659556572, 0.1, -0.3208614648453401, -67.38090761752144, 185, 145, 7.638900655445889e-05, 17, 74
3.999, 0.3051882730037285, 0.09, -0.3308614648453401, -69.48090761752143, 213, 86, 7.631614728775407e-05, 17, 82
4.039, 0.3086091183376374, 0.11, -0.3108614648453401, -65.28090761752143, 228, 81, 7.640730832820931e-05, 17, 33
4.077, 0.311785617576267, 0.17, -0.2508614648453401, -52.68090761752143, 236, 95, 7.647427460786533e-05, 17, 27
4.117, 0.3147177707196176, 0.26, -0.1608614648453401, -33.78090761752143, 221, 99, 7.644347114880192e-05, 17, 20
4.157, 0.3178942699582472, 0.34, -0.08086146484534012, -16.98090761752143, 206, 123, 7.647203992259977e-05, 17, 40
4.197, 0.3210707691968768, 0.42, -0.000861464845340123, -0.1809076175214258, 171, 129, 7.650006414030899e-05, 17, 39
4.236, 0.3237585762449481, 0.4699999999999999, 0.04913853515465988, 10.31909238247857, 160, 158, 7.643025879248068e-05, 18, 35
4.274, 0.3269350754835778, 0.5, 0.07913853515465988, 16.61909238247858, 146, 164, 7.649393436677066e-05, 18, 26
4.316, 0.3301115747222075, 0.38, -0.04086146484534012, -8.580907617521426, 152, 168, 7.64855363119109e-05, 19, 9
4.359, 0.3335324200561163, 0.21, -0.2108614648453401, -44.28090761752143, 162, 179, 7.651581097869152e-05, 19, 21
4.398, 0.3367089192947461, 0.11, -0.3108614648453401, -65.28090761752143, 178, 136, 7.655955418252526e-05, 19, 56
4.437, 0.3396410724380965, 0.09, -0.3308614648453401, -69.48090761752143, 220, 91, 7.654745829120949e-05, 19, 88
4.477, 0.342573225581447, 0.08, -0.3408614648453401, -71.58090761752144, 237, 95, 7.65184779051702e-05, 19, 25
4.516, 0.3457497248200767, 0.08, -0.3408614648453401, -71.58090761752144, 213, 91, 7.656105509744834e-05, 19, 32
4.553, 0.3486818779634271, 0.1, -0.3208614648453401, -67.38090761752144, 238, 88, 7.658288556192118e-05, 19, 29
4.587, 0.3513696850114984, 0.1, -0.3208614648453401, -67.38090761752144, 236, 79, 7.660119577316293e-05, 19, 10
4.623, 0.3540574920595697, 0.11, -0.3108614648453401, -65.28090761752143, 226, 96, 7.658608956512431e-05, 19, 29
4.661, 0.3569896452029202, 0.12, -0.3008614648453401, -63.18090761752143, 229, 97, 7.659078421002365e-05, 19, 4
4.699, 0.3601661444415498, 0.13, -0.2908614648453401, -61.08090761752143, 225, 94, 7.664740252001485e-05, 19, 6
4.737, 0.3628539514896211, 0.19, -0.2308614648453401, -48.48090761752143, 215, 101, 7.659994753844651e-05, 19, 17
4.779, 0.36627479682353, 0.21, -0.2108614648453401, -44.28090761752143, 214, 105, 7.664256054060053e-05, 19, 5
4.818, 0.3692069499668804, 0.26, -0.1608614648453401, -33.78090761752143, 194, 110, 7.663074926668335e-05, 19, 26
4.853, 0.3718947570149517, 0.35, -0.07086146484534011, -14.88090761752143, 194, 125, 7.663193014938217e-05, 19, 8
4.899, 0.3755599484441399, 0.44, 0.01913853515465988, 4.019092382478575, 194, 133, 7.666053244420084e-05, 20, 15
4.934, 0.3782477554922111, 0.48, 0.05913853515465988, 12.41909238247858, 167, 145, 7.666148266968201e-05, 20, 35
4.975, 0.3814242547308408, 0.39, -0.03086146484534012, -6.480907617521426, 149, 174, 7.666819190569663e-05, 21, 43
5.018, 0.3848451000647497, 0.16, -0.2608614648453401, -54.78090761752143, 147, 162, 7.669292548121755e-05, 21, 17
5.057, 0.3877772532081001, 0.08, -0.3408614648453401, -71.58090761752144, 180, 136, 7.66812840039747e-05, 21, 60
5.097, 0.3909537524467298, 0.08, -0.3408614648453401, -71.58090761752144, 222, 111, 7.670271776471058e-05, 21, 67
5.138, 0.3943745977806387, 0.08, -0.3408614648453401, -71.58090761752144, 245, 83, 7.675644176345634e-05, 21, 54
5.178, 0.3973067509239891, 0.07000000000000001, -0.3508614648453401, -73.68090761752143, 229, 89, 7.672977035998247e-05, 21, 23
5.218, 0.4004832501626188, 0.08, -0.3408614648453401, -71.58090761752144, 223, 86, 7.675033540870427e-05, 21, 8
5.258, 0.4034154033059693, 0.08, -0.3408614648453401, -71.58090761752144, 234, 89, 7.6724116262071e-05, 21, 10
5.297, 0.4065919025445989, 0.08, -0.3408614648453401, -71.58090761752144, 232, 91, 7.675890174525183e-05, 21, 7
5.336, 0.4097684017832287, 0.08, -0.3408614648453401, -71.58090761752144, 231, 78, 7.679317874498288e-05, 21, 20
5.371, 0.4124562088313, 0.08, -0.3408614648453401, -71.58090761752144, 237, 92, 7.679318727076893e-05, 21, 23
5.407, 0.4151440158793712, 0.08, -0.3408614648453401, -71.58090761752144, 222, 90, 7.677899313470893e-05, 21, 15
5.447, 0.4183205151180009, 0.08, -0.3408614648453401, -71.58090761752144, 225, 85, 7.679833213108148e-05, 21, 9
5.483, 0.4210083221660722, 0.08, -0.3408614648453401, -71.58090761752144, 232, 85, 7.67843009604363e-05, 21, 8
5.52, 0.4239404753094226, 0.08, -0.3408614648453401, -71.58090761752144, 231, 98, 7.680081074446063e-05, 21, 11
5.557, 0.4268726284527731, 0.08, -0.3408614648453401, -71.58090761752144, 237, 86, 7.681710067532359e-05, 21, 10
5.594, 0.4298047815961236, 0.08, -0.3408614648453401, -71.58090761752144, 236, 78, 7.683317511550296e-05, 21, 15
5.636, 0.4329812808347533, 0.08, -0.3408614648453401, -71.58090761752144, 227, 90, 7.682421590396617e-05, 21, 25
5.67, 0.4356690878828245, 0.08, -0.3408614648453401, -71.58090761752144, 241, 88, 7.683758163718245e-05, 21, 19
5.706, 0.438601241026175, 0.08, -0.3408614648453401, -71.58090761752144, 226, 96, 7.686667385667279e-05, 21, 19
5.748, 0.4415333941695256, 0.08, -0.3408614648453401, -71.58090761752144, 222, 88, 7.681513468502531e-05, 21, 16
5.787, 0.4449542395034344, 0.09, -0.3308614648453401, -69.48090761752143, 240, 85, 7.688858467313537e-05, 21, 25
5.825, 0.4476420465515056, 0.09, -0.3308614648453401, -69.48090761752143, 227, 96, 7.684842000884217e-05, 21, 23
5.867, 0.4510628918854145, 0.08, -0.3408614648453401, -71.58090761752144, 227, 92, 7.688135194910765e-05, 21, 8
5.906, 0.4537506989334857, 0.09, -0.3308614648453401, -69.48090761752143, 226, 80, 7.682876717465048e-05, 21, 12
5.94, 0.4564385059815571, 0.09, -0.3308614648453401, -69.48090761752143, 223, 80, 7.684149932349447e-05, 21, 4
5.979, 0.4596150052201867, 0.09, -0.3308614648453401, -69.48090761752143, 232, 99, 7.687155129957964e-05, 21, 24
6.017, 0.4625471583635372, 0.09, -0.3308614648453401, -69.48090761752143, 227, 91, 7.687338513603743e-05, 21, 5
6.057, 0.4657236576021669, 0.08, -0.3408614648453401, -71.58090761752144, 230, 81, 7.68901531454791e-05, 21, 17
6.099, 0.4691445029360757, 0.09, -0.3308614648453401, -69.48090761752143, 234, 92, 7.692154499689716e-05, 21, 18
6.137, 0.4720766560794262, 0.1, -0.3208614648453401, -67.38090761752144, 228, 101, 7.692303341688548e-05, 21, 13
6.178, 0.4752531553180559, 0.11, -0.3108614648453401, -65.28090761752143, 228, 83, 7.692670043995726e-05, 21, 21
6.22, 0.4781853084614064, 0.11, -0.3108614648453401, -65.28090761752143, 224, 92, 7.687866695521003e-05, 21, 7
6.256, 0.4811174616047568, 0.13, -0.2908614648453401, -61.08090761752143, 220, 94, 7.690496509027442e-05, 21, 15
6.294, 0.4842939608433865, 0.15, -0.2708614648453401, -56.88090761752143, 233, 101, 7.694533855153901e-05, 21, 23
6.335, 0.4874704600820162, 0.14, -0.2808614648453402, -58.98090761752144, 207, 99, 7.694877033654558e-05, 21, 28
6.373, 0.4904026132253668, 0.14, -0.2808614648453402, -58.98090761752144, 210, 106, 7.695004130321148e-05, 21, 10
6.413, 0.4935791124639963, 0.13, -0.2908614648453401, -61.08090761752143, 227, 94, 7.696540035303233e-05, 21, 27
6.45, 0.4965112656073469, 0.15, -0.2708614648453401, -56.88090761752143, 223, 99, 7.697849079183673e-05, 21, 7
6.488, 0.4994434187506974, 0.17, -0.2508614648453401, -52.68090761752143, 212, 105, 7.697956515886211e-05, 21, 16
6.527, 0.502619917989327, 0.16, -0.2608614648453401, -54.78090761752143, 213, 106, 7.70062690346755e-05, 21, 3
6.561, 0.5050633789421191, 0.17, -0.2508614648453401, -52.68090761752143, 213, 107, 7.697963404086558e-05, 21, 1
6.598, 0.5079955320854696, 0.18, -0.2408614648453401, -50.58090761752143, 223, 106, 7.69923510284131e-05, 21, 11
6.635, 0.5106833391335408, 0.2, -0.2208614648453401, -46.38090761752143, 204, 107, 7.696809934190517e-05, 21, 18
6.673, 0.5138598383721705, 0.24, -0.1808614648453401, -37.98090761752142, 205, 112, 7.70058202266103e-05, 21, 8
6.723, 0.5177693758966378, 0.29, -0.1308614648453401, -27.48090761752143, 211, 118, 7.701463273786074e-05, 21, 10
6.761, 0.5207015290399882, 0.34, -0.08086146484534012, -16.98090761752143, 193, 130, 7.701546058866859e-05, 21, 32
6.796, 0.5236336821833387, 0.38, -0.04086146484534012, -8.580907617521426, 179, 143, 7.705027695458191e-05, 21, 25
6.832, 0.5263214892314101, 0.39, -0.03086146484534012, -6.480907617521426, 162, 147, 7.703768870483168e-05, 21, 20
6.867, 0.5290092962794813, 0.38, -0.04086146484534012, -8.580907617521426, 165, 151, 7.70364491451116e-05, 21, 9
6.902, 0.5316971033275526, 0.35, -0.07086146484534011, -14.88090761752143, 160, 153, 7.70352221569911e-05, 21, 9
6.947, 0.5351179486614614, 0.27, -0.1508614648453401, -31.68090761752143, 176, 137, 7.702863806844125e-05, 21, 33
6.986, 0.5380501018048119, 0.23, -0.1908614648453401, -40.08090761752142, 192, 137, 7.701833693169365e-05, 21, 16
7.024, 0.5412266010434416, 0.18, -0.2408614648453401, -50.58090761752143, 204, 126, 7.705390105971547e-05, 21, 22
7.065, 0.5444031002820713, 0.18, -0.2408614648453401, -50.58090761752143, 200, 118, 7.705634823525425e-05, 21, 7
7.103, 0.5473352534254218, 0.17, -0.2508614648453401, -52.68090761752143, 199, 107, 7.705691305440261e-05, 21, 14
7.141, 0.5500230604734931, 0.17, -0.2508614648453401, -52.68090761752143, 210, 104, 7.702325451246227e-05, 21, 14
7.179, 0.5531995597121226, 0.2, -0.2208614648453401, -46.38090761752143, 219, 109, 7.705802475443971e-05, 21, 14
7.217, 0.5561317128554731, 0.33, -0.09086146484534012, -19.08090761752143, 218, 105, 7.705857182423071e-05, 21, 6
7.256, 0.5593082120941029, 0.42, -0.000861464845340123, -0.1809076175214258, 192, 122, 7.70821681496834e-05, 21, 34
7.297, 0.5627290574280117, 0.52, 0.09913853515465988, 20.81909238247858, 167, 162, 7.711786452350442e-05, 22, 70
7.337, 0.5656612105713622, 0.5300000000000001, 0.1091385351546599, 22.91909238247857, 148, 178, 7.709707108782365e-05, 22, 40
7.377, 0.5685933637147126, 0.4600000000000001, 0.03913853515465988, 8.219092382478575, 125, 166, 7.707650314690424e-05, 22, 35
7.417, 0.5717698629533423, 0.32, -0.1008614648453401, -21.18090761752143, 149, 179, 7.708910111276019e-05, 23, 34
7.459, 0.5751907082872513, 0.17, -0.2508614648453401, -52.68090761752143, 178, 151, 7.711364905312391e-05, 23, 60
7.497, 0.5781228614306016, 0.13, -0.2908614648453401, -61.08090761752143, 191, 133, 7.71138937482462e-05, 23, 29
7.531, 0.5805663223833938, 0.12, -0.3008614648453401, -63.18090761752143, 213, 94, 7.70902034767486e-05, 23, 54
7.566, 0.583254129431465, 0.15, -0.2708614648453401, -56.88090761752143, 220, 92, 7.708883550508393e-05, 23, 22
7.607, 0.5864306286700947, 0.19, -0.2308614648453401, -48.48090761752143, 215, 102, 7.709092003024777e-05, 23, 15
7.639, 0.589118435718166, 0.24, -0.1808614648453401, -37.98090761752142, 228, 108, 7.711983711456552e-05, 23, 20
7.68, 0.5925392810520748, 0.31, -0.1108614648453401, -23.28090761752143, 204, 118, 7.715355222032223e-05, 23, 30
7.717, 0.5954714341954253, 0.38, -0.04086146484534012, -8.580907617521426, 177, 128, 7.716359131727684e-05, 23, 39
7.754, 0.5981592412434966, 0.43, 0.009138535154659877, 1.919092382478574, 168, 141, 7.714202234246796e-05, 24, 12
7.791, 0.600847048291568, 0.51, 0.08913853515465988, 18.71909238247857, 161, 165, 7.71206582327773e-05, 24, 39
7.827, 0.6035348553396391, 0.55, 0.1291385351546599, 27.11909238247858, 147, 168, 7.710934653630242e-05, 24, 17
7.867, 0.6069557006735481, 0.54, 0.1191385351546599, 25.01909238247858, 134, 181, 7.715211652136115e-05, 24, 29
7.905, 0.6096435077216192, 0.42, -0.000861464845340123, -0.1809076175214258, 142, 178, 7.712125334871843e-05, 25, 9
7.945, 0.6130643530555282, 0.25, -0.1708614648453401, -35.88090761752143, 148, 184, 7.716354349345855e-05, 25, 19
7.988, 0.6164851983894371, 0.16, -0.2608614648453401, -54.78090761752143, 176, 146, 7.71764144203101e-05, 25, 64
8.023999999999999, 0.6189286593422292, 0.14, -0.2808614648453402, -58.98090761752144, 205, 98, 7.713467838263075e-05, 25, 64
8.067, 0.622349504676138, 0.22, -0.2008614648453401, -42.18090761752143, 224, 94, 7.714757712608629e-05, 25, 46
8.109, 0.6255260039147677, 0.39, -0.03086146484534012, -6.480907617521426, 199, 110, 7.713972178009221e-05, 25, 39
8.147, 0.6287025031533974, 0.5300000000000001, 0.1091385351546599, 22.91909238247857, 193, 140, 7.716981749765527e-05, 26, 38
8.189, 0.6321233484873062, 0.5899999999999999, 0.1691385351546599, 35.51909238247858, 165, 158, 7.719176315634463e-05, 26, 43
8.228, 0.6350555016306567, 0.5699999999999999, 0.1491385351546599, 31.31909238247858, 122, 194, 7.718224375676432e-05, 26, 83
8.266, 0.6379876547740073, 0.44, 0.01913853515465988, 4.019092382478575, 111, 188, 7.718215034769021e-05, 26, 18
8.304, 0.6409198079173577, 0.29, -0.1308614648453401, -27.48090761752143, 146, 174, 7.71820577935161e-05, 27, 53
8.345000000000001, 0.6440963071559873, 0.2, -0.2208614648453401, -46.38090761752143, 172, 158, 7.71834999587762e-05, 27, 35
8.388, 0.6475171524898963, 0.18, -0.2408614648453401, -50.58090761752143, 198, 120, 7.719565480327804e-05, 27, 72
8.427, 0.6504493056332468, 0.21, -0.2108614648453401, -44.28090761752143, 205, 104, 7.718634218977654e-05, 27, 22
8.468, 0.6538701509671556, 0.32, -0.1008614648453401, -21.18090761752143, 210, 116, 7.721659789409018e-05, 27, 18
8.507999999999999, 0.656802304110506, 0.4600000000000001, 0.03913853515465988, 8.219092382478575, 187, 128, 7.71982021756589e-05, 28, 36
8.542999999999999, 0.6597344572538566, 0.5699999999999999, 0.1491385351546599, 31.31909238247858, 172, 140, 7.722515009409535e-05, 28, 24
8.587, 0.6629109564924862, 0.61, 0.1891385351546599, 39.71909238247858, 135, 185, 7.719936607575244e-05, 28, 79
8.627000000000001, 0.6663318018263952, 0.55, 0.1291385351546599, 27.11909238247858, 121, 203, 7.723795083185292e-05, 28, 40
8.666, 0.6692639549697455, 0.4600000000000001, 0.03913853515465988, 8.219092382478575, 132, 190, 7.722870470456331e-05, 28, 25
8.706, 0.672196108113096, 0.33, -0.09086146484534012, -19.08090761752143, 135, 168, 7.721067173364302e-05, 29, 23
8.738, 0.6746395690658882, 0.19, -0.2308614648453401, -48.48090761752143, 148, 159, 7.72075496756567e-05, 29, 24
8.773, 0.6775717222092386, 0.14, -0.2808614648453402, -58.98090761752144, 189, 141, 7.723375381388791e-05, 29, 48
8.816000000000001, 0.6807482214478683, 0.17, -0.2508614648453401, -52.68090761752143, 215, 95, 7.721735724227182e-05, 29, 83
8.856999999999999, 0.6839247206864979, 0.27, -0.1508614648453401, -31.68090761752143, 220, 95, 7.721855263480839e-05, 29, 8
8.897, 0.6873455660204069, 0.45, 0.02913853515465987, 6.119092382478574, 212, 126, 7.725588018662548e-05, 30, 32
8.936999999999999, 0.6905220652590365, 0.61, 0.1891385351546599, 39.71909238247858, 179, 152, 7.726553264619408e-05, 30, 57
8.977, 0.6936985644976662, 0.7, 0.2791385351546599, 58.61909238247858, 136, 185, 7.727509908629456e-05, 30, 77
9.016999999999999, 0.6966307176410167, 0.62, 0.1991385351546599, 41.81909238247857, 90, 193, 7.725748227137813e-05, 30, 64
9.058, 0.6995628707843671, 0.49, 0.06913853515465989, 14.51909238247858, 104, 207, 7.723149379381399e-05, 30, 22
9.1, 0.702983716118276, 0.32, -0.1008614648453401, -21.18090761752143, 142, 199, 7.725095781519516e-05, 31, 44
9.137, 0.7061602153569059, 0.21, -0.2108614648453401, -44.28090761752143, 151, 161, 7.728578476052379e-05, 31, 45
9.176, 0.708848022404977, 0.23, -0.1908614648453401, -40.08090761752142, 186, 124, 7.72502204015886e-05, 31, 79
9.217000000000001, 0.7120245216436068, 0.37, -0.05086146484534013, -10.68090761752143, 203, 106, 7.725122291891143e-05, 31, 32
9.257, 0.7152010208822364, 0.61, 0.1891385351546599, 39.71909238247858, 194, 133, 7.726056183236864e-05, 32, 26
9.297000000000001, 0.7186218662161452, 0.77, 0.3491385351546599, 73.31909238247857, 164, 173, 7.72961026369953e-05, 32, 72
9.339, 0.7215540193594957, 0.8, 0.3791385351546599, 79.61909238247859, 96, 209, 7.726244987252335e-05, 32, 76
9.379, 0.7247305185981254, 0.79, 0.3691385351546599, 77.51909238247858, 66, 241, 7.727161942617821e-05, 32, 93
9.420999999999999, 0.7279070178367552, 0.79, 0.3691385351546599, 77.51909238247858, 87, 243, 7.7264305045829e-05, 32, 23
9.457000000000001, 0.7310835170753847, 0.7800000000000001, 0.3591385351546599, 75.41909238247858, 92, 239, 7.730607138367186e-05, 32, 11
9.497999999999999, 0.7340156702187352, 0.76, 0.3391385351546599, 71.21909238247858, 80, 239, 7.728107709188623e-05, 32, 16
9.536, 0.7369478233620858, 0.74, 0.3191385351546599, 67.01909238247858, 88, 217, 7.728060228209791e-05, 32, 22
9.576000000000001, 0.7401243226007155, 0.74, 0.3191385351546599, 67.01909238247858, 96, 226, 7.728950737267287e-05, 32, 20
9.613, 0.7430564757440658, 0.74, 0.3191385351546599, 67.01909238247858, 88, 233, 7.729704314408259e-05, 32, 11
9.653, 0.7459886288874164, 0.74, 0.3191385351546599, 67.01909238247858, 90, 219, 7.728049610353426e-05, 32, 14
9.686999999999999, 0.7486764359354876, 0.73, 0.3091385351546599, 64.91909238247858, 99, 231, 7.728671786264969e-05, 32, 20
9.723000000000001, 0.7518529351741173, 0.74, 0.3191385351546599, 67.01909238247858, 93, 227, 7.732725858007994e-05, 32, 6
9.763999999999999, 0.7545407422221886, 0.76, 0.3391385351546599, 71.21909238247858, 84, 228, 7.727783103463627e-05, 32, 16
9.801, 0.757472895365539, 0.7800000000000001, 0.3591385351546599, 75.41909238247858, 93, 225, 7.728526633665329e-05, 32, 16
9.837, 0.7604050485088894, 0.7800000000000001, 0.3591385351546599, 75.41909238247858, 92, 225, 7.730050305061395e-05, 32, 9
9.872999999999999, 0.7633372016522398, 0.8, 0.3791385351546599, 79.61909238247859, 83, 248, 7.731562864906715e-05, 32, 33
9.911, 0.7662693547955905, 0.8100000000000001, 0.3891385351546599, 81.71909238247858, 81, 253, 7.731503932959241e-05, 32, 11
9.946999999999999, 0.7692015079389408, 0.8100000000000001, 0.3891385351546599, 81.71909238247858, 77, 229, 7.732999979279591e-05, 32, 25
9.986000000000001, 0.7718893149870122, 0.8100000000000001, 0.3891385351546599, 81.71909238247858, 80, 229, 7.729714750520852e-05, 32, 7
10.021, 0.7745771220350834, 0.8100000000000001, 0.3891385351546599, 81.71909238247858, 72, 240, 7.729539188055917e-05, 32, 18
10.061, 0.7777536212737131, 0.8, 0.3791385351546599, 79.61909238247859, 83, 238, 7.730380889312327e-05, 32, 13
10.099, 0.7806857744170637, 0.8100000000000001, 0.3891385351546599, 81.71909238247858, 74, 247, 7.730327501901808e-05, 32, 17
10.137, 0.7838622736556934, 0.8100000000000001, 0.3891385351546599, 81.71909238247858, 79, 250, 7.732684952704876e-05, 32, 8
10.179, 0.787038772894323, 0.8100000000000001, 0.3891385351546599, 81.71909238247858, 86, 237, 7.731985193971146e-05, 32, 22
10.215, 0.7899709260376735, 0.8199999999999999, 0.3991385351546599, 83.81909238247857, 81, 241, 7.733440294054562e-05, 32, 4
10.259, 0.7933917713715823, 0.8100000000000001, 0.3891385351546599, 81.71909238247858, 72, 249, 7.733617032572202e-05, 32, 22
10.299, 0.7963239245149327, 0.8100000000000001, 0.3891385351546599, 81.71909238247858, 72, 236, 7.732050922564644e-05, 32, 15
10.336, 0.7995004237535625, 0.8100000000000001, 0.3891385351546599, 81.71909238247858, 80, 253, 7.735104718977965e-05, 32, 24
10.376, 0.8026769229921921, 0.8199999999999999, 0.3991385351546599, 83.81909238247857, 80, 246, 7.735899412029608e-05, 32, 12
10.417, 0.8056090761355426, 0.8199999999999999, 0.3991385351546599, 83.81909238247857, 72, 235, 7.733599655712227e-05, 32, 16
10.456, 0.8085412292788931, 0.84, 0.4191385351546598, 88.01909238247857, 85, 227, 7.732796760509689e-05, 32, 17
10.497, 0.8119620746128021, 0.8299999999999999, 0.4091385351546599, 85.91909238247858, 76, 249, 7.735182191224178e-05, 32, 26
10.53, 0.8146498816608732, 0.85, 0.4291385351546599, 90.11909238247858, 67, 268, 7.736466112638871e-05, 32, 24
10.566, 0.8173376887089445, 0.86, 0.4391385351546599, 92.21909238247859, 61, 259, 7.735545037941932e-05, 32, 9
10.608, 0.8207585340428533, 0.8100000000000001, 0.3891385351546599, 81.71909238247858, 73, 248, 7.737165667824787e-05, 32, 23
10.643, 0.8234463410909246, 0.8, 0.3791385351546599, 79.61909238247859, 77, 240, 7.73697586292328e-05, 32, 12
10.687, 0.8268671864248336, 0.7800000000000001, 0.3591385351546599, 75.41909238247858, 80, 227, 7.737130966827301e-05, 32, 18
10.728, 0.8297993395681839, 0.67, 0.2491385351546599, 52.31909238247859, 79, 243, 7.734893172708649e-05, 32, 18
10.766, 0.8329758388068138, 0.79, 0.3691385351546599, 77.51909238247858, 91, 236, 7.737096775095798e-05, 32, 20
10.806, 0.8361523380454434, 0.79, 0.3691385351546599, 77.51909238247858, 106, 218, 7.737852471270066e-05, 32, 38
10.84, 0.8388401450935147, 0.79, 0.3691385351546599, 77.51909238247858, 80, 235, 7.738377722264895e-05, 32, 43
10.879, 0.8417722982368652, 0.8100000000000001, 0.3891385351546599, 81.71909238247858, 66, 240, 7.737588916599551e-05, 32, 25
10.917, 0.8444601052849364, 0.79, 0.3691385351546599, 77.51909238247858, 87, 240, 7.735276223183441e-05, 32, 24
10.957, 0.8476366045235661, 0.79, 0.3691385351546599, 77.51909238247858, 83, 229, 7.736028151168806e-05, 32, 18
10.998, 0.8508131037621958, 0.7800000000000001, 0.3591385351546599, 75.41909238247858, 82, 247, 7.736071138045061e-05, 32, 19
11.038, 0.8542339490961044, 0.79, 0.3691385351546599, 77.51909238247858, 87, 233, 7.739028348397397e-05, 32, 19
11.076, 0.8569217561441759, 0.8, 0.3791385351546599, 79.61909238247859, 80, 229, 7.736743916072371e-05, 32, 9
11.11, 0.8596095631922472, 0.8100000000000001, 0.3891385351546599, 81.71909238247858, 82, 241, 7.737259794709695e-05, 32, 14
11.15, 0.8627860624308768, 0.8100000000000001, 0.3891385351546599, 81.71909238247858, 79, 237, 7.737991591308313e-05, 32, 7
11.189, 0.8659625616695067, 0.8199999999999999, 0.3991385351546599, 83.81909238247857, 79, 251, 7.739409792380968e-05, 32, 13
11.226, 0.8688947148128571, 0.8199999999999999, 0.3991385351546599, 83.81909238247857, 79, 243, 7.740020620103839e-05, 32, 3
11.268, 0.8720712140514868, 0.8199999999999999, 0.3991385351546599, 83.81909238247857, 73, 227, 7.739361147066798e-05, 32, 28
11.308, 0.8750033671948373, 0.8100000000000001, 0.3891385351546599, 81.71909238247858, 84, 252, 7.73791446051324e-05, 32, 34
11.343, 0.8779355203381877, 0.8100000000000001, 0.3891385351546599, 81.71909238247858, 76, 240, 7.739888215976263e-05, 32, 13
11.381, 0.8806233273862588, 0.8, 0.3791385351546599, 79.61909238247859, 64, 243, 7.737662133259459e-05, 32, 16
11.42, 0.8837998266248887, 0.8100000000000001, 0.3891385351546599, 81.71909238247858, 89, 240, 7.739052772547186e-05, 32, 26
11.456, 0.886731979768239, 0.8, 0.3791385351546599, 79.61909238247859, 82, 230, 7.740328035686445e-05, 32, 15
11.498, 0.8899084790068688, 0.7800000000000001, 0.3591385351546599, 75.41909238247858, 74, 245, 7.739680631473897e-05, 32, 22
11.54, 0.8930849782454985, 0.8, 0.3791385351546599, 79.61909238247859, 86, 237, 7.739037939735689e-05, 32, 17
11.579, 0.8965058235794073, 0.8, 0.3791385351546599, 79.61909238247859, 85, 234, 7.742515101298967e-05, 32, 8
11.619, 0.8994379767227578, 0.8100000000000001, 0.3891385351546599, 81.71909238247858, 74, 231, 7.741096279565864e-05, 32, 10
11.658, 0.9023701298661083, 0.8199999999999999, 0.3991385351546599, 83.81909238247857, 76, 244, 7.740351088232185e-05, 32, 12
11.698, 0.9055466291047379, 0.84, 0.4191385351546598, 88.01909238247857, 79, 255, 7.741038033037595e-05, 32, 14
11.743, 0.9089674744386468, 0.84, 0.4191385351546598, 88.01909238247857, 70, 243, 7.740504764018111e-05, 32, 20
11.781, 0.9118996275819974, 0.84, 0.4191385351546598, 88.01909238247857, 73, 247, 7.740426343960593e-05, 32, 7
11.817, 0.9148317807253477, 0.84, 0.4191385351546598, 88.01909238247857, 70, 249, 7.74165846429168e-05, 32, 8
11.853, 0.917519587773419, 0.8199999999999999, 0.3991385351546599, 83.81909238247857, 74, 250, 7.740821629742841e-05, 32, 7
11.891, 0.9204517409167694, 0.79, 0.3691385351546599, 77.51909238247858, 68, 248, 7.740742922519296e-05, 32, 9
11.927, 0.9236282401553993, 0.7800000000000001, 0.3591385351546599, 75.41909238247858, 88, 238, 7.744011404002676e-05, 32, 31
11.963, 0.9263160472034704, 0.79, 0.3691385351546599, 77.51909238247858, 91, 230, 7.743175183511414e-05, 32, 11
12.0, 0.9292482003468209, 0.8199999999999999, 0.3991385351546599, 83.81909238247857, 81, 238, 7.743735002890175e-05, 32, 14
12.039, 0.9324246995854505, 0.84, 0.4191385351546598, 88.01909238247857, 77, 245, 7.745034467858217e-05, 32, 16
12.078, 0.9351125066335218, 0.85, 0.4291385351546599, 90.11909238247858, 64, 234, 7.742279405808262e-05, 32, 24
12.118, 0.9380446597768724, 0.84, 0.4191385351546598, 88.01909238247857, 77, 252, 7.740919786902727e-05, 32, 25
12.157, 0.9414655051107811, 0.8199999999999999, 0.3991385351546599, 83.81909238247857, 66, 265, 7.744225591106204e-05, 32, 26
12.199, 0.9446420043494108, 0.61, 0.1891385351546599, 39.71909238247858, 73, 245, 7.743601970238633e-05, 32, 25
12.241, 0.9480628496833198, 0.17, -0.2508614648453401, -52.68090761752143, 86, 221, 7.744978757318192e-05, 33, 36
12.281, 0.9509950028266703, 0.08, -0.3408614648453401, -71.58090761752144, 134, 186, 7.743628392041937e-05, 33, 81
12.317, 0.9541715020652997, 0.08, -0.3408614648453401, -71.58090761752144, 200, 137, 7.746784948163512e-05, 33, 113
12.356, 0.9568593091133712, 0.08, -0.3408614648453401, -71.58090761752144, 243, 73, 7.744086347631686e-05, 33, 95
12.393, 0.9597914622567217, 0.08, -0.3408614648453401, -71.58090761752144, 216, 82, 7.744625693994365e-05, 33, 43
12.434, 0.9627236154000721, 0.08, -0.3408614648453401, -71.58090761752144, 219, 99, 7.742670221972593e-05, 33, 29
12.474, 0.966144460733981, 0.08, -0.3408614648453401, -71.58090761752144, 244, 92, 7.745265838816586e-05, 33, 31
12.517, 0.96956530606789, 0.08, -0.3408614648453401, -71.58090761752144, 238, 88, 7.745987904992329e-05, 33, 7
12.552, 0.9722531131159611, 0.1, -0.3208614648453401, -67.38090761752144, 224, 84, 7.745802367080634e-05, 33, 20
12.588, 0.9749409201640324, 0.15, -0.2708614648453401, -56.88090761752143, 234, 88, 7.745002543406677e-05, 33, 12
12.627, 0.9776287272121037, 0.28, -0.1408614648453401, -29.58090761752143, 225, 95, 7.742367365265731e-05, 33, 10
12.668, 0.9810495725460127, 0.48, 0.05913853515465988, 12.41909238247858, 192, 121, 7.744313013467103e-05, 34, 63
12.709, 0.9842260717846422, 0.67, 0.2491385351546599, 52.31909238247859, 173, 151, 7.744323485597942e-05, 34, 50
12.747, 0.9874025710232718, 0.7800000000000001, 0.3591385351546599, 75.41909238247858, 133, 197, 7.74615651544106e-05, 34, 82
12.786, 0.9905790702619017, 0.77, 0.3491385351546599, 73.31909238247857, 88, 224, 7.747372675284698e-05, 34, 78
12.823, 0.9930225312146938, 0.7199999999999999, 0.2991385351546599, 62.81909238247859, 81, 213, 7.744073393236324e-05, 34, 27
12.863, 0.9961990304533233, 0.62, 0.1991385351546599, 41.81909238247857, 93, 228, 7.744686546321412e-05, 34, 29
12.899, 0.9991311835966739, 0.45, 0.02913853515465987, 6.119092382478574, 113, 229, 7.745803423495418e-05, 34, 19
12.94, 1.002552028930583, 0.38, -0.04086146484534012, -8.580907617521426, 134, 189, 7.747697286944226e-05, 35, 59
12.979, 1.005239835978654, 0.36, -0.06086146484534012, -12.78090761752143, 154, 145, 7.745125479456462e-05, 35, 69
13.018, 1.008416335217284, 0.43, 0.009138535154659877, 1.919092382478574, 170, 142, 7.746323054365368e-05, 36, 22
13.058, 1.011348488360634, 0.5600000000000001, 0.1391385351546599, 29.21909238247858, 159, 148, 7.745048922963963e-05, 36, 14
13.099, 1.014524987599264, 0.6800000000000001, 0.2591385351546599, 54.41909238247858, 147, 170, 7.745056779901242e-05, 36, 31
13.137, 1.017945832933173, 0.75, 0.3291385351546599, 69.11909238247858, 136, 213, 7.748693255181341e-05, 36, 59
13.172, 1.020389293885965, 0.7800000000000001, 0.3591385351546599, 75.41909238247858, 93, 219, 7.746654220209268e-05, 36, 34
13.211, 1.023321447029315, 0.79, 0.3691385351546599, 77.51909238247858, 76, 228, 7.745980221249833e-05, 36, 36
13.251, 1.026253600172666, 0.79, 0.3691385351546599, 77.51909238247858, 75, 235, 7.744725682383713e-05, 36, 13
13.291, 1.029430099411295, 0.8, 0.3791385351546599, 79.61909238247859, 89, 243, 7.745317127464416e-05, 36, 20
13.327, 1.032362252554646, 0.8100000000000001, 0.3891385351546599, 81.71909238247858, 90, 233, 7.746396432465264e-05, 36, 13
13.368, 1.035538751793276, 0.8100000000000001, 0.3891385351546599, 81.71909238247858, 75, 236, 7.746399998453589e-05, 36, 21
13.404, 1.038470904936626, 0.85, 0.4291385351546599, 90.11909238247858, 83, 231, 7.747470194991242e-05, 36, 20
13.443, 1.041403058079976, 0.8199999999999999, 0.3991385351546599, 83.81909238247857, 72, 246, 7.746805460685684e-05, 36, 29
13.481, 1.044579557318606, 0.77, 0.3491385351546599, 73.31909238247857, 70, 255, 7.748531691407212e-05, 36, 11
13.521, 1.047756056557236, 0.5699999999999999, 0.1491385351546599, 31.31909238247858, 85, 246, 7.749101816117417e-05, 36, 21
13.56, 1.050688209700587, 0.29, -0.1308614648453401, -27.48090761752143, 100, 220, 7.748438124635593e-05, 37, 36
13.599, 1.053864708939216, 0.12, -0.3008614648453401, -63.18090761752143, 147, 174, 7.749575034482065e-05, 37, 88
13.639, 1.056796862082567, 0.09, -0.3308614648453401, -69.48090761752143, 195, 121, 7.748345641781411e-05, 37, 118
13.677, 1.059484669130638, 0.11, -0.3108614648453401, -65.28090761752143, 208, 76, 7.746469760405335e-05, 37, 55
13.717, 1.062661168369267, 0.15, -0.2708614648453401, -56.88090761752143, 207, 98, 7.74703775147093e-05, 37, 20
13.753, 1.065593321512618, 0.26, -0.1608614648453401, -33.78090761752143, 238, 115, 7.748079121010818e-05, 37, 48
13.793, 1.069014166846527, 0.36, -0.06086146484534012, -12.78090761752143, 232, 109, 7.750410837718603e-05, 37, 7
13.833, 1.071946319989877, 0.5, 0.07913853515465988, 16.61909238247858, 167, 140, 7.749196269716457e-05, 38, 92
13.876, 1.075367165323786, 0.61, 0.1891385351546599, 39.71909238247858, 162, 168, 7.749835437617369e-05, 38, 32
13.916, 1.078054972371858, 0.64, 0.2191385351546598, 46.01909238247858, 126, 181, 7.746873903218291e-05, 38, 54
13.957, 1.081720163801046, 0.45, 0.02913853515465987, 6.119092382478574, 117, 201, 7.750377328946376e-05, 38, 32
13.998, 1.084652316944396, 0.19, -0.2308614648453401, -48.48090761752143, 127, 194, 7.748623495816517e-05, 39, 14
14.037, 1.087828816183026, 0.09, -0.3308614648453401, -69.48090761752143, 176, 156, 7.749724415352468e-05, 39, 83
14.077, 1.091249661516934, 0.09, -0.3308614648453401, -69.48090761752143, 219, 96, 7.752004415123497e-05, 39, 85
14.115, 1.093937468565006, 0.08, -0.3408614648453401, -71.58090761752144, 210, 77, 7.750176893836386e-05, 39, 51
14.152, 1.096625275613077, 0.08, -0.3408614648453401, -71.58090761752144, 237, 95, 7.748906695965779e-05, 39, 39
14.19, 1.099801774851707, 0.1, -0.3208614648453401, -67.38090761752144, 247, 90, 7.750541048990182e-05, 39, 19
14.228, 1.102733927995057, 0.12, -0.3008614648453401, -63.18090761752143, 223, 94, 7.750449311182578e-05, 39, 26
14.266, 1.105910427233687, 0.14, -0.2808614648453402, -58.98090761752144, 227, 93, 7.752070848406609e-05, 39, 4
14.302, 1.108353888186479, 0.2, -0.2208614648453401, -46.38090761752143, 207, 97, 7.749642624713181e-05, 39, 20
14.343, 1.111774733520388, 0.29, -0.1308614648453401, -27.48090761752143, 206, 120, 7.751340260199315e-05, 39, 29
14.383, 1.114706886663738, 0.36, -0.06086146484534012, -12.78090761752143, 195, 118, 7.750169551997069e-05, 39, 9
14.425, 1.117883385902368, 0.42, -0.000861464845340123, -0.1809076175214258, 179, 128, 7.749624858941893e-05, 39, 24
14.46, 1.120815539045719, 0.4, -0.02086146484534012, -4.380907617521426, 178, 156, 7.751144806678552e-05, 39, 31
14.501, 1.123992038284348, 0.32, -0.1008614648453401, -21.18090761752143, 154, 163, 7.751134668535606e-05, 39, 32
14.536, 1.12667984533242, 0.23, -0.1908614648453401, -40.08090761752142, 173, 149, 7.750962062000685e-05, 39, 30
14.573, 1.12961199847577, 0.15, -0.2708614648453401, -56.88090761752143, 192, 128, 7.751403269579153e-05, 39, 41
14.611, 1.13254415161912, 0.15, -0.2708614648453401, -56.88090761752143, 211, 119, 7.751311694060093e-05, 39, 31
14.651, 1.135476304762471, 0.17, -0.2508614648453401, -52.68090761752143, 216, 93, 7.750162478755517e-05, 39, 30
14.691, 1.138652804001101, 0.22, -0.2008614648453401, -42.18090761752143, 215, 106, 7.750682758158741e-05, 39, 14
14.729, 1.14182930323973, 0.33, -0.09086146484534012, -19.08090761752143, 213, 112, 7.752252720753142e-05, 39, 7
14.766, 1.144517110287801, 0.44, 0.01913853515465988, 4.019092382478575, 185, 130, 7.751030138749839e-05, 40, 39
14.807, 1.148182301716989, 0.5, 0.07913853515465988, 16.61909238247858, 164, 154, 7.754320940885996e-05, 40, 52
14.847, 1.15111445486034, 0.49, 0.06913853515465989, 14.51909238247858, 146, 179, 7.75317878938735e-05, 40, 44
14.883, 1.153802261908411, 0.37, -0.05086146484534013, -10.68090761752143, 144, 171, 7.752484458163082e-05, 41, 11
14.923, 1.156978761147041, 0.16, -0.2608614648453401, -54.78090761752143, 157, 159, 7.752990425162776e-05, 41, 25
14.961, 1.160155260385671, 0.05, -0.3708614648453401, -77.88090761752144, 182, 146, 7.754530181041845e-05, 41, 29
15.0, 1.163087413529021, 0.05, -0.3708614648453401, -77.88090761752144, 219, 95, 7.753916090193476e-05, 41, 97
15.037, 1.165530874481813, 0.06, -0.3608614648453401, -75.78090761752144, 230, 61, 7.751086483220146e-05, 41, 42
15.073, 1.168463027625164, 0.08, -0.3408614648453401, -71.58090761752144, 239, 83, 7.752026986168405e-05, 41, 32
15.111, 1.171639526863793, 0.14, -0.2808614648453402, -58.98090761752144, 238, 96, 7.753553880377164e-05, 41, 14
15.156, 1.175304718292981, 0.27, -0.1508614648453401, -31.68090761752143, 240, 98, 7.754715744873196e-05, 41, 6
15.198, 1.178236871436332, 0.4, -0.02086146484534012, -4.380907617521426, 182, 105, 7.752578440823345e-05, 41, 65
15.237, 1.181413370674962, 0.38, -0.04086146484534012, -8.580907617521426, 166, 148, 7.753582533799053e-05, 41, 61
15.274, 1.184345523818312, 0.43, 0.009138535154659877, 1.919092382478574, 166, 160, 7.753997144286449e-05, 42, 13
15.313, 1.187277676961663, 0.45, 0.02913853515465987, 6.119092382478574, 159, 146, 7.753396963114102e-05, 42, 19
15.351, 1.190209830105013, 0.49, 0.06913853515465989, 14.51909238247858, 153, 155, 7.753304866816579e-05, 42, 19
15.389, 1.193141983248363, 0.49, 0.06913853515465989, 14.51909238247858, 149, 176, 7.753213225345138e-05, 42, 26
15.43, 1.196318482486993, 0.43, 0.009138535154659877, 1.919092382478574, 159, 175, 7.753198201471116e-05, 42, 11
15.469, 1.199494981725623, 0.43, 0.009138535154659877, 1.919092382478574, 150, 177, 7.754185672801234e-05, 42, 11
15.509, 1.202427134868973, 0.4699999999999999, 0.04913853515465988, 10.31909238247857, 156, 155, 7.753092622793045e-05, 42, 28
15.546, 1.205359288012324, 0.51, 0.08913853515465988, 18.71909238247857, 151, 158, 7.753501145068338e-05, 42, 4
15.586, 1.208535787250953, 0.5699999999999999, 0.1491385351546599, 31.31909238247858, 140, 169, 7.753982979923993e-05, 42, 27
15.626, 1.211467940394304, 0.6, 0.1791385351546599, 37.61909238247858, 135, 189, 7.752898633011033e-05, 42, 23
15.663, 1.214644439632934, 0.62, 0.1991385351546599, 41.81909238247857, 133, 198, 7.754864582984956e-05, 42, 10
15.705, 1.217820938871563, 0.6, 0.1791385351546599, 37.61909238247858, 120, 196, 7.754351727930999e-05, 42, 18
15.743, 1.220997438110193, 0.55, 0.1291385351546599, 27.11909238247858, 112, 195, 7.755811713842299e-05, 42, 12
15.783, 1.223929591253544, 0.43, 0.009138535154659877, 1.919092382478574, 132, 183, 7.754733518681768e-05, 42, 25
15.827, 1.226861744396894, 0.28, -0.1408614648453401, -29.58090761752143, 143, 170, 7.751701171396309e-05, 43, 28
15.86, 1.229793897540244, 0.21, -0.2108614648453401, -44.28090761752143, 165, 154, 7.754059883608099e-05, 43, 32
15.899, 1.232726050683595, 0.18, -0.2408614648453401, -50.58090761752143, 193, 136, 7.753481669813164e-05, 43, 48
15.94, 1.236146896017504, 0.2, -0.2208614648453401, -46.38090761752143, 214, 114, 7.754999347663134e-05, 43, 47
15.98, 1.239079049160854, 0.35, -0.07086146484534011, -14.88090761752143, 214, 107, 7.753936477852656e-05, 43, 8
16.018, 1.242255548399484, 0.48, 0.05913853515465988, 12.41909238247858, 208, 116, 7.755372383565265e-05, 44, 7
16.055, 1.244943355447555, 0.54, 0.1191385351546599, 25.01909238247858, 147, 161, 7.754240768904114e-05, 44, 91
16.092, 1.247875508590906, 0.54, 0.1191385351546599, 25.01909238247858, 128, 189, 7.754632790149799e-05, 44, 67
16.129, 1.250807661734256, 0.4699999999999999, 0.04913853515465988, 10.31909238247857, 145, 178, 7.755023012798414e-05, 44, 24
16.173, 1.254472853163444, 0.36, -0.06086146484534012, -12.78090761752143, 154, 178, 7.756587232816697e-05, 45, 11
16.211, 1.257405006306795, 0.26, -0.1608614648453401, -33.78090761752143, 159, 167, 7.756492543993553e-05, 45, 16
16.246, 1.260092813354866, 0.19, -0.2308614648453401, -48.48090761752143, 164, 131, 7.756326562568424e-05, 45, 37
16.284, 1.262780620402937, 0.19, -0.2308614648453401, -48.48090761752143, 191, 110, 7.754732377812191e-05, 45, 43
16.321, 1.265712773546288, 0.24, -0.1808614648453401, -37.98090761752142, 227, 125, 7.755117784120383e-05, 45, 60
16.36, 1.268889272784917, 0.38, -0.04086146484534012, -8.580907617521426, 216, 128, 7.756046899663309e-05, 45, 12
16.397, 1.271821425928268, 0.4699999999999999, 0.04913853515465988, 10.31909238247857, 181, 124, 7.756427553383349e-05, 46, 45
16.438, 1.275242271262177, 0.55, 0.1291385351546599, 27.11909238247858, 158, 170, 7.75789190450284e-05, 46, 73
16.477, 1.277930078310248, 0.5899999999999999, 0.1691385351546599, 35.51909238247858, 130, 178, 7.755841951266906e-05, 46, 37
16.517, 1.281106577548878, 0.49, 0.06913853515465989, 14.51909238247858, 122, 183, 7.756290958096978e-05, 46, 14
16.559, 1.284283076787507, 0.39, -0.03086146484534012, -6.480907617521426, 141, 188, 7.755800934763617e-05, 47, 20
16.596, 1.287459576026137, 0.28, -0.1408614648453401, -29.58090761752143, 166, 177, 7.757649891697619e-05, 47, 31
16.637, 1.290636075264767, 0.24, -0.1808614648453401, -37.98090761752142, 173, 144, 7.757625024131555e-05, 47, 43
16.677, 1.293568228408117, 0.27, -0.1508614648453401, -31.68090761752143, 198, 118, 7.756600278276173e-05, 47, 49
16.716, 1.296744727646747, 0.36, -0.06086146484534012, -12.78090761752143, 189, 128, 7.75750614768334e-05, 47, 13
16.76, 1.300165572980656, 0.49, 0.06913853515465989, 14.51909238247858, 170, 134, 7.757551151435893e-05, 48, 23
16.799, 1.303342072219285, 0.5600000000000001, 0.1391385351546599, 29.21909238247858, 169, 166, 7.758450337634892e-05, 48, 36
16.841, 1.306518571457915, 0.55, 0.1291385351546599, 27.11909238247858, 136, 184, 7.757963134362064e-05, 48, 49
16.879, 1.309450724601266, 0.5, 0.07913853515465988, 16.61909238247858, 130, 189, 7.757869095333049e-05, 48, 14
16.919, 1.312627223839895, 0.39, -0.03086146484534012, -6.480907617521426, 138, 176, 7.758302641053819e-05, 49, 20
16.957, 1.315559376983246, 0.3, -0.1208614648453401, -25.38090761752143, 153, 164, 7.758208273770395e-05, 49, 27
16.995, 1.318491530126596, 0.27, -0.1508614648453401, -31.68090761752143, 172, 143, 7.758114328488357e-05, 49, 36
17.033, 1.321179337174668, 0.31, -0.1108614648453401, -23.28090761752143, 189, 126, 7.756586257116584e-05, 49, 35
17.071, 1.324355836413297, 0.38, -0.04086146484534012, -8.580907617521426, 193, 132, 7.757927692655949e-05, 49, 10
17.107, 1.327287989556648, 0.51, 0.08913853515465988, 18.71909238247857, 178, 148, 7.758741974376849e-05, 50, 27
17.146, 1.330220142699998, 0.5699999999999999, 0.1491385351546599, 31.31909238247858, 149, 160, 7.758195163303386e-05, 50, 39
17.183, 1.333152295843349, 0.62, 0.1991385351546599, 41.81909238247857, 132, 193, 7.758553778987073e-05, 50, 53
17.223, 1.336084448986699, 0.61, 0.1891385351546599, 39.71909238247858, 128, 193, 7.757559362403176e-05, 50, 6
17.26, 1.33901660213005, 0.58, 0.1591385351546599, 33.41909238247858, 119, 191, 7.7579177411938e-05, 50, 14
17.299, 1.3419487552734, 0.5300000000000001, 0.1091385351546599, 22.91909238247857, 117, 203, 7.757377624564427e-05, 50, 15
17.338, 1.34512525451203, 0.5, 0.07913853515465988, 16.61909238247858, 130, 193, 7.758249247387413e-05, 50, 18
17.375, 1.347813061560101, 0.49, 0.06913853515465989, 14.51909238247858, 143, 179, 7.757197476604897e-05, 50, 31
17.415, 1.350989560798731, 0.54, 0.1191385351546599, 25.01909238247858, 145, 179, 7.757620217046974e-05, 50, 3
17.455, 1.35416606003736, 0.61, 0.1891385351546599, 39.71909238247858, 137, 177, 7.758041019979149e-05, 50, 14
17.494, 1.35734255927599, 0.6899999999999999, 0.2691385351546598, 56.51909238247858, 128, 198, 7.758903391311249e-05, 50, 32
17.535, 1.36027471241934, 0.7199999999999999, 0.2991385351546599, 62.81909238247859, 111, 213, 7.757483389902141e-05, 50, 29
17.575, 1.36345121165797, 0.75, 0.3291385351546599, 69.11909238247858, 102, 219, 7.757901631055307e-05, 50, 22
17.613, 1.3666277108966, 0.76, 0.3391385351546599, 71.21909238247858, 92, 216, 7.759198949052402e-05, 50, 12
17.654, 1.36955986403995, 0.77, 0.3491385351546599, 73.31909238247857, 91, 232, 7.757787833012067e-05, 50, 12
17.693, 1.37273636327858, 0.7800000000000001, 0.3591385351546599, 75.41909238247858, 79, 235, 7.758641063011247e-05, 50, 18
17.731, 1.37566851642193, 0.76, 0.3391385351546599, 71.21909238247858, 91, 234, 7.758550089797138e-05, 50, 14
17.771, 1.37884501566056, 0.77, 0.3491385351546599, 73.31909238247857, 89, 238, 7.758961317092793e-05, 50, 8
17.809, 1.38202151489919, 0.79, 0.3691385351546599, 77.51909238247858, 85, 239, 7.76024209612662e-05, 50, 6
17.847, 1.384709321947261, 0.7800000000000001, 0.3591385351546599, 75.41909238247858, 83, 220, 7.758779189484289e-05, 50, 21
17.883, 1.387397128995332, 0.8, 0.3791385351546599, 79.61909238247859, 80, 234, 7.758190063162402e-05, 50, 14
17.921, 1.390329282138683, 0.85, 0.4291385351546599, 90.11909238247858, 91, 245, 7.75810101076214e-05, 50, 27
17.957, 1.393505781377313, 0.85, 0.4291385351546599, 90.11909238247858, 83, 237, 7.760237129683759e-05, 50, 18
17.993, 1.396193588425384, 0.85, 0.4291385351546599, 90.11909238247858, 65, 258, 7.759648687964117e-05, 50, 41
18.033, 1.399370087664013, 0.8199999999999999, 0.3991385351546599, 83.81909238247857, 61, 257, 7.760051503709939e-05, 50, 6
18.071, 1.402057894712085, 0.8199999999999999, 0.3991385351546599, 83.81909238247857, 67, 240, 7.758607131382242e-05, 50, 26
18.107, 1.404990047855435, 0.8199999999999999, 0.3991385351546599, 83.81909238247857, 82, 241, 7.75937509170727e-05, 50, 17
18.143, 1.407922200998786, 0.84, 0.4191385351546598, 88.01909238247857, 86, 248, 7.760140004402723e-05, 50, 14
18.183, 1.411098700237415, 0.85, 0.4291385351546599, 90.11909238247858, 74, 242, 7.760538416308725e-05, 50, 20
18.22, 1.413786507285487, 0.8, 0.3791385351546599, 79.61909238247859, 63, 255, 7.759530775441751e-05, 50, 25
18.257, 1.416718660428837, 0.7800000000000001, 0.3591385351546599, 75.41909238247858, 70, 252, 7.759865588151596e-05, 50, 5
18.297, 1.419895159667467, 0.76, 0.3391385351546599, 71.21909238247858, 83, 233, 7.760262117655717e-05, 50, 37
18.331, 1.422582966715538, 0.74, 0.3191385351546599, 67.01909238247858, 91, 233, 7.760531158777687e-05, 50, 9
18.37, 1.425515119858888, 0.7199999999999999, 0.2991385351546599, 62.81909238247859, 89, 223, 7.760016983445228e-05, 50, 9
18.407, 1.428447273002239, 0.71, 0.2891385351546599, 60.71909238247859, 102, 219, 7.760348090412554e-05, 50, 18
18.447, 1.431623772240869, 0.6800000000000001, 0.2591385351546599, 54.41909238247858, 93, 220, 7.760740349329803e-05, 50, 8
18.484, 1.434555925384219, 0.67, 0.2491385351546599, 52.31909238247859, 90, 212, 7.761068628999237e-05, 50, 12
18.523, 1.437488078527569, 0.6899999999999999, 0.2691385351546598, 56.51909238247858, 102, 216, 7.760557569117149e-05, 50, 16
18.563, 1.440664577766199, 0.7199999999999999, 0.2991385351546599, 62.81909238247859, 119, 221, 7.760946925422612e-05, 50, 22
18.606, 1.443841077004829, 0.74, 0.3191385351546599, 67.01909238247858, 93, 215, 7.760083182870198e-05, 50, 29
18.641, 1.44677323014818, 0.73, 0.3091385351546599, 64.91909238247858, 96, 217, 7.761242584347297e-05, 50, 2
18.679, 1.44970538329153, 0.6800000000000001, 0.2591385351546599, 54.41909238247858, 91, 231, 7.761150935764922e-05, 50, 18
18.723, 1.453370574720718, 0.65, 0.2291385351546599, 48.11909238247858, 98, 239, 7.762487714152209e-05, 50, 19
18.76, 1.456058381768789, 0.67, 0.2491385351546599, 52.31909238247859, 115, 205, 7.761505233309112e-05, 50, 51
18.799, 1.45899053491214, 0.6800000000000001, 0.2591385351546599, 54.41909238247858, 110, 188, 7.761000770850259e-05, 50, 21
18.836, 1.461678341960211, 0.6899999999999999, 0.2691385351546598, 56.51909238247858, 95, 206, 7.760025174985193e-05, 50, 38
18.876, 1.464854841198841, 0.6800000000000001, 0.2591385351546599, 54.41909238247858, 99, 218, 7.760409203214881e-05, 50, 14
18.917, 1.46827568653275, 0.64, 0.2191385351546598, 46.01909238247858, 115, 238, 7.761673027080137e-05, 50, 37
18.957, 1.4712078396761, 0.61, 0.1891385351546599, 39.71909238247858, 110, 212, 7.760762988215964e-05, 50, 29
18.998, 1.474628685010009, 0.6, 0.1791385351546599, 37.61909238247858, 119, 201, 7.762020660122166e-05, 50, 22
19.038, 1.477560838153359, 0.65, 0.2291385351546599, 48.11909238247858, 115, 194, 7.761113762755328e-05, 50, 6
19.079, 1.480737337391989, 0.6600000000000001, 0.2391385351546599, 50.21909238247858, 116, 189, 7.761084634372814e-05, 50, 7
19.116, 1.48366949053534, 0.6899999999999999, 0.2691385351546598, 56.51909238247858, 116, 210, 7.761401394304979e-05, 50, 21
19.155, 1.48660164367869, 0.67, 0.2491385351546599, 52.31909238247859, 108, 223, 7.760906518813313e-05, 50, 22
19.191, 1.489533796822041, 0.7, 0.2791385351546599, 58.61909238247858, 102, 223, 7.761626787671516e-05, 50, 7
19.226, 1.492465949965391, 0.71, 0.2891385351546599, 60.71909238247859, 104, 203, 7.762748101349166e-05, 50, 21
19.267, 1.495398103108742, 0.6899999999999999, 0.2691385351546598, 56.51909238247858, 102, 211, 7.761447568945562e-05, 50, 8
19.303, 1.498330256252092, 0.6899999999999999, 0.2691385351546598, 56.51909238247858, 102, 228, 7.762162649598984e-05, 50, 23
19.343, 1.501506755490722, 0.6600000000000001, 0.2391385351546599, 50.21909238247858, 106, 214, 7.762532986045193e-05, 50, 22
19.379, 1.504438908634072, 0.52, 0.09913853515465988, 20.81909238247858, 104, 215, 7.763243245957336e-05, 50, 4
19.417, 1.507371061777423, 0.54, 0.1191385351546599, 25.01909238247858, 111, 206, 7.763151165357279e-05, 50, 8
19.458, 1.510303214920773, 0.48, 0.05913853515465988, 12.41909238247858, 138, 183, 7.761862549700755e-05, 50, 58
19.499, 1.513724060254682, 0.5, 0.07913853515465988, 16.61909238247858, 139, 168, 7.763085595439161e-05, 50, 14
19.537, 1.516656213398033, 0.5300000000000001, 0.1091385351546599, 22.91909238247857, 151, 165, 7.762994387050378e-05, 50, 19
19.579, 1.519832712636662, 0.5899999999999999, 0.1691385351546599, 35.51909238247858, 143, 176, 7.76256556839809e-05, 50, 14
19.616, 1.522520519684734, 0.62, 0.1991385351546599, 41.81909238247857, 123, 202, 7.761625814053493e-05, 50, 45
19.659, 1.526185711113922, 0.6800000000000001, 0.2591385351546599, 54.41909238247858, 121, 213, 7.763292696037041e-05, 50, 20
19.697, 1.529117864257272, 0.6800000000000001, 0.2591385351546599, 54.41909238247858, 115, 206, 7.763201828995644e-05, 50, 12
19.737, 1.532294363495902, 0.58, 0.1591385351546599, 33.41909238247858, 103, 213, 7.76356266654457e-05, 50, 18
19.777, 1.535226516639252, 0.4, -0.02086146484534012, -4.380907617521426, 109, 195, 7.762686538096032e-05, 51, 16
19.818, 1.538403015877882, 0.25, -0.1708614648453401, -35.88090761752143, 144, 173, 7.762655242092449e-05, 51, 59
19.858, 1.541335169021232, 0.07000000000000001, -0.3508614648453401, -73.68090761752143, 170, 154, 7.761784515163824e-05, 51, 46
19.899, 1.544756014355141, 0.19, -0.2308614648453401, -48.48090761752143, 219, 119, 7.762983136615614e-05, 51, 86
19.937, 1.547688167498492, 0.15, -0.2708614648453401, -56.88090761752143, 232, 74, 7.762893953445814e-05, 51, 63
19.98, 1.5511090128324, 0.14, -0.2808614648453402, -58.98090761752144, 208, 118, 7.763308372534537e-05, 51, 69
20.02, 1.55428551207103, 0.13, -0.2908614648453401, -61.08090761752143, 213, 116, 7.763663896458691e-05, 51, 5
20.059, 1.557217665214381, 0.16, -0.2608614648453401, -54.78090761752143, 209, 87, 7.763186924644204e-05, 51, 33
20.093, 1.559905472262452, 0.16, -0.2608614648453401, -54.78090761752143, 221, 96, 7.763427423791631e-05, 51, 17
20.136, 1.563326317596361, 0.15, -0.2708614648453401, -56.88090761752143, 225, 117, 7.763837493029206e-05, 51, 28
20.171, 1.566014124644432, 0.18, -0.2408614648453401, -50.58090761752143, 218, 96, 7.763691064619663e-05, 51, 26
20.209, 1.568946277787783, 0.18, -0.2408614648453401, -50.58090761752143, 213, 101, 7.763601750644677e-05, 51, 10
20.248, 1.572122777026412, 0.19, -0.2308614648453401, -48.48090761752143, 212, 110, 7.764336117277817e-05, 51, 10
20.283, 1.574810584074483, 0.18, -0.2408614648453401, -50.58090761752143, 204, 110, 7.764189637008744e-05, 51, 8
20.327, 1.577987083313113, 0.19, -0.2308614648453401, -48.48090761752143, 206, 107, 7.763010199798856e-05, 51, 4
20.362, 1.580674890361184, 0.21, -0.2108614648453401, -44.28090761752143, 207, 114, 7.762866566944232e-05, 51, 9
20.399, 1.583851389599814, 0.22, -0.2008614648453401, -42.18090761752143, 204, 118, 7.764358005783686e-05, 51, 2
20.437, 1.586783542743165, 0.21, -0.2108614648453401, -44.28090761752143, 203, 109, 7.764268448124307e-05, 51, 7
20.475, 1.589471349791236, 0.24, -0.1808614648453401, -37.98090761752142, 205, 116, 7.762985835366231e-05, 51, 4
20.513, 1.592647849029865, 0.22, -0.2008614648453401, -42.18090761752143, 193, 118, 7.764090328230222e-05, 51, 18
20.553, 1.595580002173216, 0.18, -0.2408614648453401, -50.58090761752143, 196, 119, 7.763246251998327e-05, 51, 3
20.589, 1.598512155316566, 0.18, -0.2408614648453401, -50.58090761752143, 219, 120, 7.763913523321026e-05, 51, 24
20.626, 1.601444308459917, 0.22, -0.2008614648453401, -42.18090761752143, 217, 94, 7.764202019101702e-05, 51, 24
20.668, 1.604620807698547, 0.2, -0.2208614648453401, -46.38090761752143, 198, 115, 7.763793340906457e-05, 51, 37
20.703, 1.607552960841897, 0.19, -0.2308614648453401, -48.48090761752143, 184, 124, 7.764830994744225e-05, 51, 22
20.743, 1.610485113985248, 0.18, -0.2408614648453401, -50.58090761752143, 198, 96, 7.763993221738648e-05, 51, 38
20.779, 1.613172921033319, 0.18, -0.2408614648453401, -50.58090761752143, 208, 109, 7.763477169417773e-05, 51, 17
20.82, 1.616349420271948, 0.2, -0.2208614648453401, -46.38090761752143, 223, 120, 7.763445822631838e-05, 51, 32
20.86, 1.619525919510578, 0.18, -0.2408614648453401, -50.58090761752143, 211, 110, 7.763786766589541e-05, 51, 23
20.896, 1.622458072653929, 0.21, -0.2108614648453401, -44.28090761752143, 205, 107, 7.764443303282585e-05, 51, 12
20.933, 1.625390225797279, 0.22, -0.2008614648453401, -42.18090761752143, 212, 107, 7.764726631621265e-05, 51, 9
20.971, 1.62807803284535, 0.22, -0.2008614648453401, -42.18090761752143, 191, 117, 7.763473524607079e-05, 51, 29
21.01, 1.631010185988701, 0.23, -0.1908614648453401, -40.08090761752142, 194, 127, 7.763018495900528e-05, 51, 13
21.046, 1.633942339132051, 0.22, -0.2008614648453401, -42.18090761752143, 215, 109, 7.763671667452492e-05, 51, 38
21.084, 1.637118838370681, 0.24, -0.1808614648453401, -37.98090761752142, 207, 123, 7.764745012192567e-05, 51, 10
21.12, 1.640050991514032, 0.21, -0.2108614648453401, -44.28090761752143, 189, 131, 7.765392952244468e-05, 51, 37
21.157, 1.642738798562103, 0.23, -0.1908614648453401, -40.08090761752142, 214, 115, 7.764516701621699e-05, 51, 33
21.198, 1.646159643896012, 0.23, -0.1908614648453401, -40.08090761752142, 209, 106, 7.765636587866835e-05, 51, 14
21.235, 1.648603104848804, 0.23, -0.1908614648453401, -40.08090761752142, 192, 123, 7.763612455139174e-05, 51, 32
21.276, 1.652268296277992, 0.22, -0.2008614648453401, -42.18090761752143, 201, 119, 7.7658784371028e-05, 51, 9
21.315, 1.654956103326063, 0.22, -0.2008614648453401, -42.18090761752143, 199, 104, 7.764279161745547e-05, 51, 19
21.357, 1.658132602564693, 0.21, -0.2108614648453401, -44.28090761752143, 197, 108, 7.763883516246162e-05, 51, 9
21.391, 1.660820409612764, 0.22, -0.2008614648453401, -42.18090761752143, 214, 131, 7.764108314771466e-05, 51, 39
21.435, 1.664485601041952, 0.2, -0.2208614648453401, -46.38090761752143, 198, 126, 7.765269890561942e-05, 51, 14
21.471, 1.667173408090024, 0.16, -0.2608614648453401, -54.78090761752143, 197, 117, 7.764768329793785e-05, 51, 18
21.511, 1.670105561233374, 0.16, -0.2608614648453401, -54.78090761752143, 215, 109, 7.763960584042461e-05, 51, 22
21.55, 1.673282060472004, 0.17, -0.2508614648453401, -52.68090761752143, 208, 100, 7.764649932584704e-05, 51, 22
21.59, 1.676458559710633, 0.18, -0.2408614648453401, -50.58090761752143, 207, 107, 7.764977117696311e-05, 51, 11
21.626, 1.679390712853984, 0.23, -0.1908614648453401, -40.08090761752142, 221, 110, 7.765609511023691e-05, 51, 16
21.66, 1.681834173806776, 0.23, -0.1908614648453401, -40.08090761752142, 210, 111, 7.764700710095918e-05, 51, 7
21.695, 1.684766326950126, 0.24, -0.1808614648453401, -37.98090761752142, 193, 126, 7.765689453561309e-05, 51, 39
21.73, 1.687454133998198, 0.23, -0.1908614648453401, -40.08090761752142, 192, 118, 7.76555054762171e-05, 51, 7
21.773, 1.690630633236827, 0.22, -0.2008614648453401, -42.18090761752143, 202, 121, 7.76480334927124e-05, 51, 9
21.813, 1.693807132475457, 0.2, -0.2208614648453401, -46.38090761752143, 194, 124, 7.765126908153196e-05, 51, 10
21.853, 1.697227977809366, 0.24, -0.1808614648453401, -37.98090761752142, 208, 108, 7.766567417788705e-05, 51, 22
21.893, 1.700160130952716, 0.26, -0.1608614648453401, -33.78090761752143, 204, 108, 7.76577047893261e-05, 51, 6
21.93, 1.703092284096067, 0.26, -0.1608614648453401, -33.78090761752143, 198, 134, 7.766038687168566e-05, 51, 31
21.97, 1.706268783334696, 0.24, -0.1808614648453401, -37.98090761752142, 185, 131, 7.766357684727795e-05, 51, 14
22.007, 1.708712244287489, 0.23, -0.1908614648453401, -40.08090761752142, 187, 119, 7.76440334569677e-05, 51, 14
22.047, 1.712133089621397, 0.22, -0.2008614648453401, -42.18090761752143, 215, 119, 7.76583249249965e-05, 51, 35
22.088, 1.715553934955306, 0.22, -0.2008614648453401, -42.18090761752143, 209, 118, 7.766904812365566e-05, 51, 6
22.126, 1.718241742003378, 0.2, -0.2208614648453401, -46.38090761752143, 207, 113, 7.765713377941688e-05, 51, 6
22.163, 1.721418241242007, 0.19, -0.2308614648453401, -48.48090761752143, 198, 120, 7.767081357406521e-05, 51, 16
22.205, 1.724594740480637, 0.18, -0.2408614648453401, -50.58090761752143, 207, 114, 7.766695521191789e-05, 51, 15
22.239, 1.727038201433429, 0.19, -0.2308614648453401, -48.48090761752143, 210, 108, 7.765808720866175e-05, 51, 6
22.276, 1.729970354576779, 0.17, -0.2508614648453401, -52.68090761752143, 218, 106, 7.766072699662327e-05, 51, 13
22.314, 1.73290250772013, 0.17, -0.2508614648453401, -52.68090761752143, 210, 110, 7.765987755311149e-05, 51, 10
22.351, 1.736079006958759, 0.18, -0.2408614648453401, -50.58090761752143, 203, 112, 7.767343774143258e-05, 51, 12
22.39, 1.73901116010211, 0.18, -0.2408614648453401, -50.58090761752143, 209, 102, 7.766910049585128e-05, 51, 16
22.426, 1.741698967150181, 0.17, -0.2508614648453401, -52.68090761752143, 199, 115, 7.766427214617769e-05, 51, 20
22.468, 1.744875466388811, 0.17, -0.2508614648453401, -52.68090761752143, 210, 114, 7.766047117628676e-05, 51, 10
22.507, 1.748051965627441, 0.17, -0.2508614648453401, -52.68090761752143, 231, 99, 7.766703539465237e-05, 51, 37
22.541, 1.750739772675512, 0.19, -0.2308614648453401, -48.48090761752143, 205, 99, 7.76691261556946e-05, 51, 21
22.583, 1.753916271914142, 0.18, -0.2408614648453401, -50.58090761752143, 210, 113, 7.766533551406552e-05, 51, 15
22.62, 1.756848425057492, 0.19, -0.2308614648453401, -48.48090761752143, 212, 110, 7.766792330050805e-05, 51, 6
22.66, 1.760024924296122, 0.18, -0.2408614648453401, -50.58090761752143, 205, 108, 7.767100283742815e-05, 51, 9
22.696, 1.762712731344193, 0.21, -0.2108614648453401, -44.28090761752143, 213, 113, 7.766622891012481e-05, 51, 12
22.733, 1.765644884487544, 0.2, -0.2208614648453401, -46.38090761752143, 209, 110, 7.766880237925235e-05, 51, 6
22.773, 1.768821383726173, 0.2, -0.2208614648453401, -46.38090761752143, 206, 117, 7.767186509138774e-05, 51, 12
22.81, 1.771753536869523, 0.2, -0.2208614648453401, -46.38090761752143, 207, 115, 7.767442073079893e-05, 51, 3
22.847, 1.774685690012874, 0.21, -0.2108614648453401, -44.28090761752143, 204, 109, 7.767696809265436e-05, 51, 6
22.886, 1.777373497060946, 0.22, -0.2008614648453401, -42.18090761752143, 197, 110, 7.766204216817903e-05, 51, 10
22.923, 1.780549996299575, 0.21, -0.2108614648453401, -44.28090761752143, 217, 121, 7.767526049380862e-05, 51, 32
22.959, 1.783482149442925, 0.19, -0.2308614648453401, -48.48090761752143, 209, 115, 7.768117729182132e-05, 51, 12
22.997, 1.786414302586276, 0.17, -0.2508614648453401, -52.68090761752143, 208, 114, 7.768031928452737e-05, 51, 5
23.035, 1.789346455729626, 0.07000000000000001, -0.3508614648453401, -73.68090761752143, 219, 109, 7.767946410808015e-05, 51, 17
23.069, 1.792034262777698, 0.01, -0.4108614648453401, -86.28090761752144, 215, 95, 7.768148869815327e-05, 51, 13
23.109, 1.795210762016328, 0.01, -0.4108614648453401, -86.28090761752144, 232, 80, 7.768448492000206e-05, 51, 33
23.148, 1.797898569064399, 0.0, -0.4208614648453402, -88.38090761752143, 257, 69, 7.766971526975976e-05, 51, 31
23.185, 1.801075068303028, 0.0, -0.4208614648453402, -88.38090761752143, 258, 73, 7.768277197770233e-05, 51, 6
23.221, 1.804007221446379, 0.0, -0.4208614648453402, -88.38090761752143, 243, 72, 7.768861037192105e-05, 51, 19
23.256, 1.806450682399171, 0.0, -0.4208614648453402, -88.38090761752143, 247, 65, 7.767675792910092e-05, 51, 11
23.289, 1.809138489447242, 0.0, -0.4208614648453402, -88.38090761752143, 254, 66, 7.768210268569891e-05, 51, 8
23.326, 1.812070642590593, 0.0, -0.4208614648453402, -88.38090761752143, 245, 75, 7.768458555219896e-05, 51, 18
23.366, 1.815247141829222, 0.01, -0.4108614648453401, -86.28090761752144, 247, 73, 7.768754351747078e-05, 51, 7
23.404, 1.818179294972573, 0.01, -0.4108614648453401, -86.28090761752144, 245, 69, 7.768669009453823e-05, 51, 7
23.444, 1.821355794211202, 0.02, -0.4008614648453401, -84.18090761752143, 255, 76, 7.768963462767456e-05, 51, 17
23.48, 1.824043601259274, 0.03, -0.3908614648453401, -82.08090761752144, 239, 71, 7.768499153574419e-05, 51, 22
23.516, 1.826731408307345, 0.05, -0.3708614648453401, -77.88090761752144, 239, 84, 7.768036265977825e-05, 51, 11
23.556, 1.829907907545975, 0.12, -0.3008614648453401, -63.18090761752143, 235, 81, 7.768330393725482e-05, 51, 1
23.599, 1.833328752879883, 0.24, -0.1808614648453401, -37.98090761752142, 234, 93, 7.768671354209431e-05, 51, 15
23.636, 1.836260906023234, 0.4, -0.02086146484534012, -4.380907617521426, 216, 99, 7.768915662646954e-05, 51, 19
23.679, 1.839681751357143, 0.6, 0.1791385351546599, 37.61909238247858, 179, 154, 7.769254408366666e-05, 52, 90
23.726, 1.843346942786331, 0.8199999999999999, 0.3991385351546599, 83.81909238247857, 128, 192, 7.769311905868377e-05, 52, 91
23.763, 1.846034749834402, 0.8100000000000001, 0.3891385351546599, 81.71909238247858, 95, 201, 7.768525648421505e-05, 52, 44
23.801, 1.848722556882473, 0.71, 0.2891385351546599, 60.71909238247859, 73, 244, 7.767415473645954e-05, 52, 64
23.836, 1.851899056121103, 0.7, 0.2791385351546599, 58.61909238247858, 82, 252, 7.769336533483401e-05, 52, 11
23.873, 1.854831209264454, 0.7800000000000001, 0.3591385351546599, 75.41909238247858, 103, 213, 7.769577385600695e-05, 52, 56
23.916, 1.857763362407804, 0.84, 0.4191385351546598, 88.01909238247857, 98, 200, 7.767868215453269e-05, 52, 34
23.949, 1.860451169455875, 0.86, 0.4391385351546599, 92.21909238247859, 68, 247, 7.768387696588062e-05, 52, 81
23.987, 1.863383322599226, 0.8800000000000001, 0.4591385351546599, 96.41909238247859, 59, 263, 7.768305009376854e-05, 52, 44
24.023, 1.866315475742576, 0.89, 0.4691385351546598, 98.51909238247858, 68, 241, 7.768869315833062e-05, 52, 40
24.061, 1.869003282790648, 0.86, 0.4391385351546599, 92.21909238247859, 61, 255, 7.767770594699504e-05, 52, 19
24.097, 1.871935435933998, 0.8299999999999999, 0.4091385351546599, 85.91909238247858, 66, 274, 7.768333966609944e-05, 52, 25
24.133, 1.875111935172628, 0.8199999999999999, 0.3991385351546599, 83.81909238247857, 71, 260, 7.769908155524088e-05, 52, 14
24.173, 1.878044088315978, 0.77, 0.3491385351546599, 73.31909238247857, 77, 228, 7.769180855979723e-05, 52, 41
24.213, 1.880976241459329, 0.63, 0.2091385351546599, 43.91909238247858, 77, 228, 7.768455959440503e-05, 52, 5
24.253, 1.884152740697959, 0.45, 0.02913853515465987, 6.119092382478574, 94, 220, 7.76874094214307e-05, 52, 27
24.29, 1.88684054774603, 0.21, -0.2108614648453401, -44.28090761752143, 130, 182, 7.767972613198969e-05, 53, 68
24.329, 1.890261393079938, 0.14, -0.2808614648453402, -58.98090761752144, 175, 164, 7.769581129844788e-05, 53, 53
24.371, 1.893437892318568, 0.13, -0.2908614648453401, -61.08090761752143, 201, 100, 7.76922527724988e-05, 53, 101
24.41, 1.89612569936664, 0.2, -0.2208614648453401, -46.38090761752143, 207, 90, 7.767823430424579e-05, 53, 19
24.448, 1.89905785250999, 0.43, 0.009138535154659877, 1.919092382478574, 224, 105, 7.767743179442039e-05, 54, 28
24.487, 1.902478697843899, 0.67, 0.2491385351546599, 52.31909238247859, 210, 130, 7.769341682704695e-05, 54, 26
24.527, 1.905410850987249, 0.7800000000000001, 0.3591385351546599, 75.41909238247858, 136, 184, 7.768625804163777e-05, 54, 115
24.563, 1.908343004130599, 0.79, 0.3691385351546599, 77.51909238247858, 89, 229, 7.769177234582908e-05, 54, 98
24.601, 1.911030811178671, 0.79, 0.3691385351546599, 77.51909238247858, 79, 228, 7.768102155110244e-05, 54, 26
24.641, 1.914207310417301, 0.79, 0.3691385351546599, 77.51909238247858, 85, 228, 7.768383224777001e-05, 54, 9
24.68, 1.91738380965593, 0.77, 0.3491385351546599, 73.31909238247857, 86, 248, 7.768978159059686e-05, 54, 19
24.717, 1.920315962799281, 0.77, 0.3491385351546599, 73.31909238247857, 79, 251, 7.76921132337776e-05, 54, 14
24.759, 1.92373680813319, 0.77, 0.3491385351546599, 73.31909238247857, 90, 215, 7.769848572774304e-05, 54, 47
24.799, 1.92666896127654, 0.7800000000000001, 0.3591385351546599, 75.41909238247858, 86, 227, 7.76913972852349e-05, 54, 9
24.84, 1.92984546051517, 0.7800000000000001, 0.3591385351546599, 75.41909238247858, 79, 233, 7.769104108354146e-05, 54, 17
24.877, 1.932777613658521, 0.8199999999999999, 0.3991385351546599, 83.81909238247857, 90, 237, 7.769335585715806e-05, 54, 14
24.918, 1.93595411289715, 0.8199999999999999, 0.3991385351546599, 83.81909238247857, 82, 239, 7.769299754784292e-05, 54, 10
24.957, 1.93913061213578, 0.84, 0.4191385351546598, 88.01909238247857, 72, 255, 7.769886653587291e-05, 54, 30
24.993, 1.941818419183851, 0.8199999999999999, 0.3991385351546599, 83.81909238247857, 70, 234, 7.769449122489702e-05, 54, 22
25.031, 1.944506226231922, 0.8, 0.3791385351546599, 79.61909238247859, 78, 244, 7.76839209872527e-05, 54, 13
25.07, 1.947927071565831, 0.8100000000000001, 0.3891385351546599, 81.71909238247858, 82, 249, 7.769952419488757e-05, 54, 14
25.11, 1.950614878613903, 0.8100000000000001, 0.3891385351546599, 81.71909238247858, 70, 241, 7.76827908647512e-05, 54, 24
25.146, 1.953547031757253, 0.84, 0.4191385351546598, 88.01909238247857, 80, 243, 7.768818228574138e-05, 54, 12
25.183, 1.956479184900603, 0.8100000000000001, 0.3891385351546599, 81.71909238247858, 76, 241, 7.769047313269283e-05, 54, 4
25.22, 1.959655684139233, 0.8, 0.3791385351546599, 79.61909238247859, 72, 246, 7.770244584215834e-05, 54, 11
25.261, 1.962587837282583, 0.7800000000000001, 0.3591385351546599, 75.41909238247858, 79, 232, 7.769240478534433e-05, 54, 22
25.297, 1.965519990425934, 0.75, 0.3291385351546599, 69.11909238247858, 82, 242, 7.769775034296296e-05, 54, 13
25.333, 1.968207797474006, 0.73, 0.3091385351546599, 64.91909238247858, 88, 237, 7.769343534022838e-05, 54, 9
25.373, 1.971628642807914, 0.71, 0.2891385351546599, 60.71909238247859, 93, 219, 7.770577554124126e-05, 54, 23
25.409, 1.974072103760706, 0.6899999999999999, 0.2691385351546598, 56.51909238247858, 95, 218, 7.769184555711387e-05, 54, 5
25.446, 1.977248602999336, 0.67, 0.2491385351546599, 52.31909238247859, 105, 220, 7.770370993473773e-05, 54, 13
25.483, 1.979936410047407, 0.7199999999999999, 0.2991385351546599, 62.81909238247859, 112, 208, 7.769636267501498e-05, 54, 19
25.523, 1.982868563190758, 0.76, 0.3391385351546599, 71.21909238247858, 96, 201, 7.768947863459459e-05, 54, 25
25.561, 1.985800716334108, 0.79, 0.3691385351546599, 77.51909238247858, 86, 237, 7.768869435210313e-05, 54, 44
25.601, 1.989221561668017, 0.7800000000000001, 0.3591385351546599, 75.41909238247858, 89, 248, 7.770093205999831e-05, 54, 12
25.637, 1.991909368716088, 0.76, 0.3391385351546599, 71.21909238247858, 83, 228, 7.769666375613716e-05, 54, 22
25.679, 1.995085867954718, 0.7199999999999999, 0.2991385351546599, 62.81909238247859, 87, 242, 7.769328509500832e-05, 54, 14
25.717, 1.998262367193348, 0.7, 0.2791385351546599, 58.61909238247858, 94, 232, 7.770200129071617e-05, 54, 13
25.758, 2.001438866431977, 0.74, 0.3191385351546599, 67.01909238247858, 106, 207, 7.770164090503833e-05, 54, 42
25.794, 2.004126673480049, 0.73, 0.3091385351546599, 64.91909238247858, 93, 207, 7.769739759168988e-05, 54, 11
25.831, 2.007058826623399, 0.7, 0.2791385351546599, 58.61909238247858, 88, 229, 7.769961777025276e-05, 54, 32
25.871, 2.010235325862029, 0.6899999999999999, 0.2691385351546598, 56.51909238247858, 94, 236, 7.770226608411074e-05, 54, 9
25.907, 2.01316747900538, 0.65, 0.2291385351546599, 48.11909238247858, 107, 221, 7.770747207339249e-05, 54, 25
25.948, 2.016343978244009, 0.65, 0.2291385351546599, 48.11909238247858, 109, 199, 7.770710568228799e-05, 54, 31
25.987, 2.019520477482639, 0.6800000000000001, 0.2591385351546599, 54.41909238247858, 115, 198, 7.771272087900252e-05, 54, 8
26.027, 2.022452630625989, 0.6800000000000001, 0.2591385351546599, 54.41909238247858, 110, 210, 7.770594500426439e-05, 54, 13
26.06, 2.024896091578781, 0.7, 0.2791385351546599, 58.61909238247858, 95, 217, 7.770130819565546e-05, 54, 24
26.096, 2.027828244722131, 0.73, 0.3091385351546599, 64.91909238247858, 102, 222, 7.770647780204366e-05, 54, 9
26.136, 2.031004743960761, 0.75, 0.3291385351546599, 69.11909238247858, 111, 237, 7.770908876495107e-05, 54, 35
26.177, 2.034181243199391, 0.7800000000000001, 0.3591385351546599, 75.41909238247858, 79, 220, 7.770872304692635e-05, 54, 54
26.217, 2.037113396342741, 0.79, 0.3691385351546599, 77.51909238247858, 84, 228, 7.770200237795101e-05, 54, 14
26.257, 2.04053424167665, 0.7800000000000001, 0.3591385351546599, 75.41909238247858, 85, 237, 7.771391406774004e-05, 54, 9
26.291, 2.042977702629443, 0.75, 0.3291385351546599, 69.11909238247858, 85, 242, 7.770635208358154e-05, 54, 6
26.331, 2.046398547963352, 0.74, 0.3191385351546599, 67.01909238247858, 84, 233, 7.771822368931494e-05, 54, 9
26.366, 2.048842008916143, 0.7199999999999999, 0.2991385351546599, 62.81909238247859, 92, 221, 7.770772998999255e-05, 54, 16
26.408, 2.052018508154773, 0.6800000000000001, 0.2591385351546599, 54.41909238247858, 101, 220, 7.770442699768152e-05, 54, 15
26.449, 2.055439353488682, 0.6800000000000001, 0.2591385351546599, 54.41909238247858, 105, 221, 7.771331065403917e-05, 54, 7
26.487, 2.058127160536753, 0.64, 0.2191385351546598, 46.01909238247858, 98, 198, 7.770329446659695e-05, 54, 32
26.526, 2.061303659775383, 0.5699999999999999, 0.1491385351546599, 31.31909238247858, 108, 200, 7.770880116773668e-05, 54, 10
26.561, 2.063991466823454, 0.52, 0.09913853515465988, 20.81909238247858, 115, 207, 7.770759635644193e-05, 54, 18
26.601, 2.067167966062084, 0.5300000000000001, 0.1091385351546599, 22.91909238247857, 135, 195, 7.77101599963191e-05, 54, 33
26.639, 2.070100119205434, 0.55, 0.1291385351546599, 27.11909238247858, 148, 176, 7.770937794982675e-05, 54, 32
26.677, 2.073276618444064, 0.55, 0.1291385351546599, 27.11909238247858, 133, 181, 7.771775756059767e-05, 54, 17
26.716, 2.076208771587415, 0.52, 0.09913853515465988, 20.81909238247858, 125, 188, 7.771405792736243e-05, 54, 16
26.763, 2.079873963016603, 0.39, -0.03086146484534012, -6.480907617521426, 140, 181, 7.771452987395295e-05, 55, 25
26.803, 2.082806116159953, 0.52, 0.09913853515465988, 20.81909238247858, 148, 178, 7.770794747453468e-05, 56, 10
26.841, 2.085738269303304, 0.58, 0.1591385351546599, 33.41909238247858, 155, 149, 7.770717444593361e-05, 56, 43
26.883, 2.088914768541934, 0.5899999999999999, 0.1691385351546599, 35.51909238247858, 132, 185, 7.770393068265944e-05, 56, 47
26.927, 2.092579959971121, 0.38, -0.04086146484534012, -8.580907617521426, 117, 210, 7.771307460805591e-05, 57, 55
26.97, 2.09600080530503, 0.02, -0.4008614648453401, -84.18090761752143, 145, 168, 7.771601057860698e-05, 57, 64
27.011, 2.09917730454366, 0.21, -0.2108614648453401, -44.28090761752143, 193, 134, 7.771564564598349e-05, 57, 74
27.046, 2.101620765496452, 0.19, -0.2308614648453401, -48.48090761752143, 224, 91, 7.770541911914708e-05, 57, 87
27.089, 2.10528595692564, 0.21, -0.2108614648453401, -44.28090761752143, 197, 118, 7.771737446659679e-05, 57, 47
27.128, 2.10821811006899, 0.23, -0.1908614648453401, -40.08090761752142, 206, 124, 7.771373157140189e-05, 57, 15
27.167, 2.11139460930762, 0.22, -0.2008614648453401, -42.18090761752143, 210, 109, 7.771909335987117e-05, 57, 20
27.208, 2.11457110854625, 0.24, -0.1808614648453401, -37.98090761752142, 191, 116, 7.771872642407564e-05, 57, 27
27.248, 2.11774760778488, 0.25, -0.1708614648453401, -35.88090761752143, 200, 124, 7.772121285176452e-05, 57, 16
27.287, 2.120435414832951, 0.22, -0.2008614648453401, -42.18090761752143, 194, 124, 7.770863102697074e-05, 57, 6
27.32, 2.123123221881023, 0.24, -0.1808614648453401, -37.98090761752142, 194, 119, 7.771314867792906e-05, 57, 5
27.357, 2.126055375024372, 0.22, -0.2008614648453401, -42.18090761752143, 195, 114, 7.77152237096309e-05, 57, 9
27.394, 2.128743182072444, 0.22, -0.2008614648453401, -42.18090761752143, 205, 124, 7.77083734420838e-05, 57, 22
27.431, 2.131919681311073, 0.2, -0.2208614648453401, -46.38090761752143, 202, 121, 7.771935697973364e-05, 57, 6
27.472, 2.134851834454424, 0.19, -0.2308614648453401, -48.48090761752143, 200, 109, 7.771009880803815e-05, 57, 16
27.51, 2.138028333693054, 0.21, -0.2108614648453401, -44.28090761752143, 210, 118, 7.771822368931494e-05, 57, 19
27.547, 2.140960486836404, 0.2, -0.2208614648453401, -46.38090761752143, 203, 109, 7.772027759234778e-05, 57, 15
27.587, 2.143892639979755, 0.2, -0.2208614648453401, -46.38090761752143, 198, 110, 7.771387392539074e-05, 57, 6
27.62, 2.146336100932547, 0.19, -0.2308614648453401, -48.48090761752143, 212, 121, 7.770948953412551e-05, 57, 25
27.657, 2.149756946266455, 0.2, -0.2208614648453401, -46.38090761752143, 221, 114, 7.772921669980315e-05, 57, 15
27.697, 2.152689099409806, 0.23, -0.1908614648453401, -40.08090761752142, 206, 111, 7.77228255554683e-05, 57, 19
27.737, 2.155621252553157, 0.21, -0.2108614648453401, -44.28090761752143, 191, 111, 7.771645284468963e-05, 57, 11
27.775, 2.158553405696507, 0.22, -0.2008614648453401, -42.18090761752143, 192, 114, 7.77156941744917e-05, 57, 13
27.813, 2.161485558839857, 0.21, -0.2108614648453401, -44.28090761752143, 208, 115, 7.771493757738673e-05, 57, 22
27.85, 2.164662058078487, 0.18, -0.2408614648453401, -50.58090761752143, 209, 124, 7.772574714824012e-05, 57, 14
27.887, 2.167349865126559, 0.18, -0.2408614648453401, -50.58090761752143, 200, 115, 7.771900402074654e-05, 57, 19
27.925, 2.170282018269909, 0.2, -0.2208614648453401, -46.38090761752143, 215, 103, 7.771824595415967e-05, 57, 30
27.962, 2.173214171413259, 0.2, -0.2208614648453401, -46.38090761752143, 212, 115, 7.772026934458407e-05, 57, 17
27.999, 2.17614632455661, 0.22, -0.2008614648453401, -42.18090761752143, 199, 116, 7.772228738728561e-05, 57, 10
28.037, 2.179078477699961, 0.23, -0.1908614648453401, -40.08090761752142, 201, 120, 7.772152789884654e-05, 57, 10
28.078, 2.18225497693859, 0.2, -0.2208614648453401, -46.38090761752143, 212, 108, 7.77211687776405e-05, 57, 25
28.115, 2.18518713008194, 0.21, -0.2108614648453401, -44.28090761752143, 203, 123, 7.772317731040157e-05, 57, 19
28.152, 2.188119283225291, 0.21, -0.2108614648453401, -44.28090761752143, 197, 111, 7.772518056355823e-05, 57, 23
28.186, 2.190807090273362, 0.2, -0.2208614648453401, -46.38090761752143, 207, 108, 7.772678245488406e-05, 57, 15
28.225, 2.193739243416713, 0.2, -0.2208614648453401, -46.38090761752143, 213, 120, 7.772326814585342e-05, 57, 18
28.261, 2.196427050464784, 0.22, -0.2008614648453401, -42.18090761752143, 192, 116, 7.771936769628759e-05, 57, 25
28.3, 2.199603549703414, 0.21, -0.2108614648453401, -44.28090761752143, 210, 113, 7.772450705665772e-05, 57, 19
28.336, 2.202535702846764, 0.23, -0.1908614648453401, -40.08090761752142, 211, 125, 7.772923852508341e-05, 57, 16
28.373, 2.205467855990114, 0.22, -0.2008614648453401, -42.18090761752143, 185, 113, 7.773121827054292e-05, 57, 35
28.414, 2.208155663038186, 0.2, -0.2208614648453401, -46.38090761752143, 197, 115, 7.771365042015153e-05, 57, 10
28.453, 2.211576508372094, 0.18, -0.2408614648453401, -50.58090761752143, 239, 117, 7.772735769065104e-05, 57, 44
28.494, 2.214997353706003, 0.08, -0.3408614648453401, -71.58090761752144, 216, 115, 7.773557077651448e-05, 57, 23
28.53, 2.217685160754075, 0.03, -0.3908614648453401, -82.08090761752144, 203, 94, 7.773169157918244e-05, 57, 40
28.566, 2.220372967802146, 0.01, -0.4108614648453401, -86.28090761752144, 239, 80, 7.772782215928538e-05, 57, 45
28.607, 2.223793813136055, 0.0, -0.4208614648453402, -88.38090761752143, 255, 73, 7.773600213710124e-05, 57, 30
28.645, 2.226725966279405, 0.0, -0.4208614648453402, -88.38090761752143, 249, 71, 7.773524057529779e-05, 57, 5
28.686, 2.229658119422756, 0.0, -0.4208614648453402, -88.38090761752143, 242, 70, 7.77263515102404e-05, 57, 11
28.726, 2.232834618661386, 0.0, -0.4208614648453402, -88.38090761752143, 249, 72, 7.772869938945157e-05, 57, 6
28.769, 2.236255463995295, 0.0, -0.4208614648453402, -88.38090761752143, 256, 72, 7.773142841236381e-05, 57, 12
28.806, 2.238943271043366, 0.0, -0.4208614648453402, -88.38090761752143, 247, 63, 7.772489311405144e-05, 57, 18
28.847, 2.242364116377275, 0.01, -0.4108614648453401, -86.28090761752144, 247, 75, 7.773300919947567e-05, 57, 13
28.887, 2.245540615615904, 0.01, -0.4108614648453401, -86.28090761752144, 247, 80, 7.773533477397807e-05, 57, 8
28.923, 2.248228422663976, 0.01, -0.4108614648453401, -86.28090761752144, 243, 67, 7.773150858016029e-05, 57, 22
28.96, 2.251160575807326, 0.01, -0.4108614648453401, -86.28090761752144, 250, 68, 7.77334452972143e-05, 57, 9
28.997, 2.254337075045956, 0.01, -0.4108614648453401, -86.28090761752144, 244, 82, 7.774380367092996e-05, 57, 10
29.037, 2.257269228189307, 0.02, -0.4008614648453401, -84.18090761752143, 244, 76, 7.773768737091665e-05, 57, 1
29.078, 2.260201381332656, 0.03, -0.3908614648453401, -82.08090761752144, 237, 70, 7.772891468920341e-05, 57, 15
29.113, 2.263133534476007, 0.07000000000000001, -0.3508614648453401, -73.68090761752143, 246, 74, 7.773618433263515e-05, 57, 11
29.149, 2.265821341524078, 0.12, -0.3008614648453401, -63.18090761752143, 241, 88, 7.773238675508863e-05, 57, 15
29.192, 2.269242186857987, 0.18, -0.2408614648453401, -50.58090761752143, 222, 96, 7.773507080220565e-05, 57, 27
29.23, 2.272174340001338, 0.26, -0.1608614648453401, -33.78090761752143, 210, 97, 7.773432569282716e-05, 57, 15
29.266, 2.275106493144688, 0.27, -0.1508614648453401, -31.68090761752143, 207, 115, 7.773889472919731e-05, 57, 21
29.307, 2.278527338478598, 0.26, -0.1608614648453401, -33.78090761752143, 183, 143, 7.774686383726062e-05, 57, 52
29.347, 2.281215145526668, 0.25, -0.1708614648453401, -35.88090761752143, 184, 128, 7.773248187299107e-05, 57, 17
29.383, 2.284147298670019, 0.23, -0.1908614648453401, -40.08090761752142, 204, 117, 7.773703497498616e-05, 57, 37
29.41700000000001, 2.28683510571809, 0.24, -0.1808614648453401, -37.98090761752142, 206, 122, 7.773855613142367e-05, 57, 8
29.458, 2.29001160495672, 0.26, -0.1608614648453401, -33.78090761752143, 192, 119, 7.773819013363839e-05, 57, 17
29.493, 2.292699412004791, 0.28, -0.1408614648453401, -29.58090761752143, 189, 124, 7.773707022021466e-05, 57, 5
29.533, 2.295875911243421, 0.31, -0.1108614648453401, -23.28090761752143, 189, 128, 7.773933942516579e-05, 57, 7
29.57100000000001, 2.298808064386771, 0.34, -0.08086146484534012, -16.98090761752143, 183, 134, 7.773859742270369e-05, 57, 14
29.61, 2.301984563625401, 0.37, -0.05086146484534013, -10.68090761752143, 180, 138, 7.774348408056064e-05, 57, 4
29.646, 2.304672370673472, 0.42, -0.000861464845340123, -0.1809076175214258, 174, 139, 7.773974130315969e-05, 57, 9
29.688, 2.307848869912102, 0.52, 0.09913853515465988, 20.81909238247858, 159, 156, 7.773675794637906e-05, 58, 31
29.728, 2.311025369150731, 0.7199999999999999, 0.2991385351546599, 62.81909238247859, 147, 179, 7.773901268671729e-05, 58, 33
29.769, 2.314201868389361, 0.7800000000000001, 0.3591385351546599, 75.41909238247858, 133, 199, 7.773864988375024e-05, 58, 39
29.813, 2.31762271372327, 0.76, 0.3391385351546599, 71.21909238247858, 72, 232, 7.773866144712944e-05, 58, 83
29.852, 2.320554866866621, 0.73, 0.3091385351546599, 64.91909238247858, 78, 248, 7.773532315645922e-05, 58, 34
29.89, 2.323731366105251, 0.65, 0.2291385351546599, 48.11909238247858, 95, 230, 7.77427690232603e-05, 58, 42
29.93, 2.3266635192486, 0.6800000000000001, 0.2591385351546599, 54.41909238247858, 104, 200, 7.773683659367192e-05, 58, 33
29.966, 2.329351326296672, 0.71, 0.2891385351546599, 60.71909238247859, 105, 192, 7.773314177056236e-05, 58, 13
30.003, 2.332283479440022, 0.7199999999999999, 0.2991385351546599, 62.81909238247859, 100, 204, 7.773500914708603e-05, 58, 17
30.043, 2.335215632583373, 0.75, 0.3291385351546599, 69.11909238247858, 104, 214, 7.772910936269258e-05, 58, 12
30.079, 2.337903439631444, 0.74, 0.3191385351546599, 67.01909238247858, 89, 231, 7.772543766852104e-05, 58, 33
30.12, 2.341324284965353, 0.74, 0.3191385351546599, 67.01909238247858, 96, 253, 7.773320999220959e-05, 58, 33
30.159, 2.344745130299262, 0.62, 0.1991385351546599, 41.81909238247857, 99, 236, 7.77461165920376e-05, 58, 18
30.19600000000001, 2.347432937347333, 0.24, -0.1808614648453401, -37.98090761752142, 99, 214, 7.773986413257826e-05, 59, 25
30.23400000000001, 2.350365090490684, 0.11, -0.3108614648453401, -65.28090761752143, 125, 169, 7.773913774196878e-05, 59, 63
30.273, 2.353297243634034, 0.07000000000000001, -0.3508614648453401, -73.68090761752143, 199, 134, 7.773584526257834e-05, 59, 111
30.31, 2.355985050682106, 0.07000000000000001, -0.3508614648453401, -73.68090761752143, 223, 80, 7.772962885787219e-05, 59, 82
30.349, 2.358917203825456, 0.07000000000000001, -0.3508614648453401, -73.68090761752143, 232, 88, 7.772635684290935e-05, 59, 13
30.387, 2.362093703064086, 0.07000000000000001, -0.3508614648453401, -73.68090761752143, 248, 95, 7.773369214019434e-05, 59, 29
30.426, 2.365514548397995, 0.09, -0.3308614648453401, -69.48090761752143, 226, 83, 7.774648486156558e-05, 59, 25
30.463, 2.368202355446066, 0.12, -0.3008614648453401, -63.18090761752143, 231, 88, 7.774028675593557e-05, 59, 9
30.509, 2.371867546875254, 0.2, -0.2208614648453401, -46.38090761752143, 234, 99, 7.774320845898766e-05, 59, 24
30.549, 2.375044046113884, 0.3, -0.1208614648453401, -25.38090761752143, 208, 100, 7.774539415738269e-05, 59, 26
30.589, 2.377976199257235, 0.45, 0.02913853515465987, 6.119092382478574, 183, 128, 7.773958610144937e-05, 60, 54
30.628, 2.381152698495864, 0.5600000000000001, 0.1391385351546599, 29.21909238247858, 176, 153, 7.77443090797918e-05, 60, 32
30.669, 2.384329197734493, 0.63, 0.2091385351546599, 43.91909238247858, 138, 175, 7.774394984298457e-05, 60, 53
30.706, 2.387017004782565, 0.6899999999999999, 0.2691385351546598, 56.51909238247858, 118, 201, 7.773780384232935e-05, 60, 47
30.749, 2.390437850116474, 0.5699999999999999, 0.1491385351546599, 31.31909238247858, 109, 206, 7.774034440523184e-05, 60, 19
30.787, 2.393370003259824, 0.32, -0.1008614648453401, -21.18090761752143, 117, 201, 7.773963046934823e-05, 61, 10
30.827, 2.396546502498454, 0.13, -0.2908614648453401, -61.08090761752143, 148, 190, 7.774180109963517e-05, 61, 38
30.866, 2.399723001737084, 0.08, -0.3408614648453401, -71.58090761752144, 196, 139, 7.774648486156558e-05, 61, 96
30.905, 2.402655154880434, 0.08, -0.3408614648453401, -71.58090761752144, 233, 68, 7.7743250441043e-05, 61, 113
30.946, 2.405587308023784, 0.12, -0.3008614648453401, -63.18090761752143, 219, 87, 7.773499993613987e-05, 61, 29
30.983, 2.408519461167135, 0.18, -0.2408614648453401, -50.58090761752143, 238, 97, 7.773680602805198e-05, 61, 27
31.024, 2.411940306501044, 0.32, -0.1008614648453401, -21.18090761752143, 228, 99, 7.774433685214813e-05, 61, 5
31.063, 2.414872459644394, 0.49, 0.06913853515465989, 14.51909238247858, 188, 125, 7.774112158015628e-05, 62, 58
31.099, 2.417804612787745, 0.61, 0.1891385351546599, 39.71909238247858, 161, 164, 7.774541344698366e-05, 62, 71
31.137, 2.420736765931095, 0.6800000000000001, 0.2591385351546599, 54.41909238247858, 132, 190, 7.77447013498762e-05, 62, 56
31.177, 2.423913265169725, 0.64, 0.2191385351546598, 46.01909238247858, 111, 195, 7.774684110625541e-05, 62, 31
31.213, 2.426356726122517, 0.54, 0.1191385351546599, 25.01909238247858, 102, 202, 7.773545401347249e-05, 62, 16
31.255, 2.429777571456426, 0.31, -0.1108614648453401, -23.28090761752143, 127, 205, 7.774044381559514e-05, 63, 23
31.293, 2.432954070695056, 0.19, -0.2308614648453401, -48.48090761752143, 160, 177, 7.774754963394547e-05, 63, 61
31.333, 2.436130569933685, 0.15, -0.2708614648453401, -56.88090761752143, 192, 125, 7.774967510081017e-05, 63, 85
31.373, 2.439062723077035, 0.18, -0.2408614648453401, -50.58090761752143, 200, 97, 7.77440067279838e-05, 63, 46
31.411, 2.441750530125107, 0.23, -0.1908614648453401, -40.08090761752142, 205, 112, 7.773552354669087e-05, 63, 20
31.45, 2.445171375459016, 0.37, -0.05086146484534013, -10.68090761752143, 218, 113, 7.774789747087489e-05, 63, 18
31.487, 2.447859182507087, 0.52, 0.09913853515465988, 20.81909238247858, 191, 122, 7.774189927611673e-05, 64, 26
31.529, 2.451280027840996, 0.65, 0.2291385351546599, 48.11909238247858, 162, 172, 7.774683712902394e-05, 64, 81
31.57, 2.454700873174905, 0.71, 0.2891385351546599, 60.71909238247859, 130, 197, 7.775422468086488e-05, 64, 60
31.605, 2.457144334127697, 0.6899999999999999, 0.2691385351546598, 56.51909238247858, 96, 202, 7.774543060046502e-05, 64, 44
31.643, 2.460076487271047, 0.65, 0.2291385351546599, 48.11909238247858, 101, 220, 7.774472986983051e-05, 64, 20
31.686, 2.463741678700235, 0.6, 0.1791385351546599, 37.61909238247858, 112, 223, 7.775489739002195e-05, 64, 18
31.724, 2.466429485748306, 0.5600000000000001, 0.1391385351546599, 29.21909238247858, 106, 185, 7.774648486156557e-05, 64, 40
31.772, 2.470094677177495, 0.5600000000000001, 0.1391385351546599, 29.21909238247858, 140, 188, 7.774438742217975e-05, 64, 34
31.816, 2.473515522511403, 0.58, 0.1591385351546599, 33.41909238247858, 127, 192, 7.774439032283769e-05, 64, 20
31.856, 2.476692021750033, 0.64, 0.2191385351546598, 46.01909238247858, 123, 186, 7.774648486156558e-05, 64, 15
31.899, 2.480112867083942, 0.7, 0.2791385351546599, 58.61909238247858, 129, 212, 7.774892213185185e-05, 64, 34
31.935, 2.482800674132014, 0.73, 0.3091385351546599, 64.91909238247858, 108, 211, 7.774544149466146e-05, 64, 16
31.976, 2.486221519465922, 0.77, 0.3491385351546599, 73.31909238247857, 87, 217, 7.775273703608715e-05, 64, 33
32.016, 2.489153672609273, 0.7800000000000001, 0.3591385351546599, 75.41909238247858, 95, 221, 7.774717867969993e-05, 64, 12
32.05, 2.491597133562065, 0.77, 0.3491385351546599, 73.31909238247857, 86, 238, 7.774094020474461e-05, 64, 27
32.086, 2.494773632800694, 0.7800000000000001, 0.3591385351546599, 75.41909238247858, 82, 238, 7.775271560184175e-05, 64, 6
32.123, 2.497461439848766, 0.79, 0.3691385351546599, 77.51909238247858, 88, 234, 7.774683061509714e-05, 64, 4
32.167, 2.500882285182675, 0.8, 0.3791385351546599, 79.61909238247859, 85, 241, 7.774683014215422e-05, 64, 7
32.203, 2.504058784421304, 0.8299999999999999, 0.4091385351546599, 85.91909238247858, 84, 242, 7.77585561724468e-05, 64, 4
32.242, 2.506746591469376, 0.85, 0.4291385351546599, 90.11909238247858, 69, 234, 7.774786277121071e-05, 64, 16
32.27600000000001, 2.509190052422168, 0.85, 0.4291385351546599, 90.11909238247858, 70, 250, 7.77416672580917e-05, 64, 19
32.318, 2.512855243851356, 0.85, 0.4291385351546599, 90.11909238247858, 69, 258, 7.775404554277356e-05, 64, 10
32.356, 2.515543050899427, 0.8100000000000001, 0.3891385351546599, 81.71909238247858, 71, 246, 7.774579833413978e-05, 64, 9
32.391, 2.518475204042777, 0.8100000000000001, 0.3891385351546599, 81.71909238247858, 71, 242, 7.775231403917068e-05, 64, 10
32.43, 2.521407357186128, 0.8199999999999999, 0.3991385351546599, 83.81909238247857, 75, 244, 7.774922470509184e-05, 64, 9
32.472, 2.524828202520037, 0.85, 0.4291385351546599, 90.11909238247858, 86, 240, 7.775400968588436e-05, 64, 15
32.509, 2.527760355663387, 0.8, 0.3791385351546599, 79.61909238247859, 75, 232, 7.775570936243462e-05, 64, 21
32.547, 2.530448162711459, 0.79, 0.3691385351546599, 77.51909238247858, 67, 254, 7.774750860944046e-05, 64, 29
32.584, 2.533624661950089, 0.7800000000000001, 0.3591385351546599, 75.41909238247858, 88, 246, 7.775671071538451e-05, 64, 25
32.621, 2.536556815093439, 0.76, 0.3391385351546599, 71.21909238247858, 87, 233, 7.775840149270222e-05, 64, 17
32.66, 2.539488968236789, 0.73, 0.3091385351546599, 64.91909238247858, 78, 232, 7.775532664533955e-05, 64, 14
32.701, 2.542665467475419, 0.7199999999999999, 0.2991385351546599, 62.81909238247859, 91, 219, 7.775497591741596e-05, 64, 25
32.74, 2.545841966714049, 0.71, 0.2891385351546599, 60.71909238247859, 100, 215, 7.775937589230449e-05, 64, 13
32.781, 2.548774119857399, 0.6899999999999999, 0.2691385351546598, 56.51909238247858, 99, 221, 7.77515670619383e-05, 64, 8
32.819, 2.55170627300075, 0.71, 0.2891385351546599, 60.71909238247859, 95, 213, 7.775088433531642e-05, 64, 13
32.859, 2.554882772239379, 0.73, 0.3091385351546599, 64.91909238247858, 102, 224, 7.775290703427917e-05, 64, 15
32.899, 2.558059271478009, 0.76, 0.3391385351546599, 71.21909238247858, 98, 218, 7.77549248146755e-05, 64, 7
32.941, 2.561235770716639, 0.75, 0.3291385351546599, 69.11909238247858, 87, 228, 7.775221671220178e-05, 64, 25
32.979, 2.564167923859989, 0.7, 0.2791385351546599, 58.61909238247858, 88, 245, 7.775153654931895e-05, 64, 22
33.016, 2.567344423098619, 0.71, 0.2891385351546599, 60.71909238247859, 98, 233, 7.776061373572264e-05, 64, 18
33.056, 2.570276576241969, 0.7, 0.2791385351546599, 58.61909238247858, 96, 207, 7.77552207236801e-05, 64, 28
33.096, 2.57320872938532, 0.7199999999999999, 0.2991385351546599, 62.81909238247859, 98, 211, 7.77498407476831e-05, 64, 5
33.131, 2.57614088252867, 0.73, 0.3091385351546599, 64.91909238247858, 105, 217, 7.775620665022699e-05, 64, 13
33.17, 2.579073035672021, 0.7, 0.2791385351546599, 58.61909238247858, 98, 235, 7.775318166029606e-05, 64, 25
33.21, 2.58224953491065, 0.67, 0.2491385351546599, 52.31909238247859, 98, 230, 7.775518021411171e-05, 64, 6
33.25, 2.585181688054001, 0.61, 0.1891385351546599, 39.71909238247858, 103, 205, 7.774982520463162e-05, 64, 28
33.287, 2.588113841197351, 0.64, 0.2191385351546598, 46.01909238247858, 108, 205, 7.775148980675192e-05, 64, 6
33.325, 2.591290340435981, 0.65, 0.2291385351546599, 48.11909238247858, 127, 199, 7.775814975051705e-05, 64, 26
33.363, 2.594222493579331, 0.6600000000000001, 0.2391385351546599, 50.21909238247858, 109, 204, 7.775747065849387e-05, 64, 13
33.399, 2.596910300627403, 0.7, 0.2791385351546599, 58.61909238247858, 101, 206, 7.775413337607121e-05, 64, 19
33.437, 2.599842453770753, 0.7199999999999999, 0.2991385351546599, 62.81909238247859, 110, 230, 7.775346035142966e-05, 64, 29
33.475, 2.603018953009383, 0.7199999999999999, 0.2991385351546599, 62.81909238247859, 107, 226, 7.776008821536617e-05, 64, 6
33.513, 2.605951106152733, 0.77, 0.3491385351546599, 73.31909238247857, 87, 226, 7.775940996487134e-05, 64, 26
33.555, 2.609127605391363, 0.7800000000000001, 0.3591385351546599, 75.41909238247858, 88, 224, 7.775674580215655e-05, 64, 2
33.591, 2.611815412439434, 0.7800000000000001, 0.3591385351546599, 75.41909238247858, 83, 237, 7.775342837186848e-05, 64, 18
33.626, 2.614747565582785, 0.76, 0.3391385351546599, 71.21909238247858, 86, 241, 7.775969682932208e-05, 64, 9
33.663, 2.617435372630856, 0.7, 0.2791385351546599, 58.61909238247858, 86, 236, 7.775407339306825e-05, 64, 6
33.699, 2.620611871869486, 0.6600000000000001, 0.2391385351546599, 50.21909238247858, 89, 234, 7.776527113176907e-05, 64, 3
33.735, 2.623055332822278, 0.64, 0.2191385351546598, 46.01909238247858, 101, 204, 7.775471566095384e-05, 64, 41
33.774, 2.626231832060907, 0.64, 0.2191385351546598, 46.01909238247858, 115, 201, 7.775898122996706e-05, 64, 19
33.81600000000001, 2.629652677394817, 0.65, 0.2291385351546599, 48.11909238247858, 115, 194, 7.776356391633596e-05, 64, 7
33.857, 2.632584830538167, 0.58, 0.1591385351546599, 33.41909238247858, 107, 200, 7.775599818466393e-05, 64, 14
33.89800000000001, 2.635761329776797, 0.41, -0.01086146484534012, -2.280907617521426, 125, 210, 7.775565902934677e-05, 65, 26
33.937, 2.638937829015426, 0.45, 0.02913853515465987, 6.119092382478574, 137, 199, 7.775990302665016e-05, 66, 20
33.978, 2.642358674349335, 0.48, 0.05913853515465988, 12.41909238247858, 165, 156, 7.776675126109055e-05, 66, 73
34.016, 2.645046481397406, 0.39, -0.03086146484534012, -6.480907617521426, 147, 160, 7.775889232706392e-05, 67, 24
34.057, 2.648467326731315, 0.44, 0.01913853515465988, 4.019092382478575, 150, 164, 7.776572589280662e-05, 68, 13
34.094, 2.651399479874666, 0.42, -0.000861464845340123, -0.1809076175214258, 161, 160, 7.776733383805555e-05, 69, 19
34.138, 2.654820325208575, 0.42, -0.000861464845340123, -0.1809076175214258, 158, 164, 7.776730696609569e-05, 69, 10
34.178, 2.657752478351925, 0.48, 0.05913853515465988, 12.41909238247858, 164, 161, 7.776208316320221e-05, 70, 7
34.21800000000001, 2.661173323685834, 0.48, 0.05913853515465988, 12.41909238247858, 157, 161, 7.777115330194149e-05, 70, 10
34.25800000000001, 2.663861130733906, 0.32, -0.1008614648453401, -21.18090761752143, 133, 174, 7.775880468018874e-05, 71, 38
34.297, 2.666793283877256, 0.24, -0.1808614648453401, -37.98090761752142, 161, 157, 7.775587613719147e-05, 71, 33
34.337, 2.670214129211165, 0.26, -0.1608614648453401, -33.78090761752143, 208, 129, 7.776492207272519e-05, 71, 83
34.372, 2.672901936259236, 0.22, -0.2008614648453401, -42.18090761752143, 185, 119, 7.776393390722786e-05, 71, 24
34.41, 2.675834089402586, 0.21, -0.2108614648453401, -44.28090761752143, 183, 123, 7.776326909045586e-05, 71, 17
34.44700000000001, 2.678521896450658, 0.18, -0.2408614648453401, -50.58090761752143, 215, 121, 7.775776980435619e-05, 71, 36
34.486, 2.681698395689287, 0.2, -0.2208614648453401, -46.38090761752143, 200, 112, 7.776194385226722e-05, 71, 14
34.524, 2.684630548832638, 0.16, -0.2608614648453401, -54.78090761752143, 200, 99, 7.776128342117476e-05, 71, 25
34.561, 2.687562701975988, 0.16, -0.2608614648453401, -54.78090761752143, 224, 108, 7.776287439530072e-05, 71, 37
34.596, 2.690494855119339, 0.18, -0.2408614648453401, -50.58090761752143, 215, 112, 7.776895754189325e-05, 71, 13
34.637, 2.693427008262689, 0.18, -0.2408614648453401, -50.58090761752143, 206, 113, 7.776155580052224e-05, 71, 11
34.671, 2.69635916140604, 0.17, -0.2508614648453401, -52.68090761752143, 208, 96, 7.77698699606599e-05, 71, 20
34.707, 2.698802622358832, 0.16, -0.2608614648453401, -54.78090761752143, 215, 111, 7.775960533491317e-05, 71, 20
34.74600000000001, 2.701979121597462, 0.16, -0.2608614648453401, -54.78090761752143, 211, 112, 7.776374608868536e-05, 71, 7
34.788, 2.705155620836091, 0.15, -0.2708614648453401, -56.88090761752143, 206, 99, 7.776117111751439e-05, 71, 20
34.823, 2.708087773979441, 0.17, -0.2508614648453401, -52.68090761752143, 217, 98, 7.776721632195508e-05, 71, 13
34.861, 2.711019927122792, 0.17, -0.2508614648453401, -52.68090761752143, 225, 107, 7.776655652800528e-05, 71, 19
34.896, 2.713463388075584, 0.17, -0.2508614648453401, -52.68090761752143, 213, 114, 7.77585794382045e-05, 71, 19
34.938, 2.716884233409493, 0.17, -0.2508614648453401, -52.68090761752143, 213, 109, 7.776301543904898e-05, 71, 6
34.977, 2.720060732648123, 0.18, -0.2408614648453401, -50.58090761752143, 213, 98, 7.776712504354641e-05, 71, 12
35.016, 2.722992885791473, 0.2, -0.2208614648453401, -46.38090761752143, 216, 110, 7.776424736667447e-05, 71, 16
35.056, 2.726169385030103, 0.19, -0.2308614648453401, -48.48090761752143, 190, 118, 7.776612805311796e-05, 71, 34
35.091, 2.728612845982895, 0.19, -0.2308614648453401, -48.48090761752143, 196, 107, 7.775819571921277e-05, 71, 11
35.129, 2.731789345221525, 0.19, -0.2308614648453401, -48.48090761752143, 217, 107, 7.776450639703735e-05, 71, 30
35.169, 2.734965844460154, 0.21, -0.2108614648453401, -44.28090761752143, 223, 117, 7.776638074611602e-05, 71, 21
35.207, 2.738142343698784, 0.2, -0.2208614648453401, -46.38090761752143, 198, 116, 7.777266860848081e-05, 71, 17
35.248, 2.740830150746855, 0.19, -0.2308614648453401, -48.48090761752143, 192, 109, 7.775845865713958e-05, 71, 23
35.285, 2.743762303890206, 0.19, -0.2308614648453401, -48.48090761752143, 218, 111, 7.776001994870924e-05, 71, 24
35.319, 2.746694457033557, 0.19, -0.2308614648453401, -48.48090761752143, 218, 117, 7.77681830469027e-05, 71, 11
35.357, 2.749626610176906, 0.19, -0.2308614648453401, -48.48090761752143, 211, 109, 7.776753146977703e-05, 71, 13
35.393, 2.752314417224978, 0.19, -0.2308614648453401, -48.48090761752143, 205, 113, 7.776437197256456e-05, 71, 9
35.431, 2.755490916463607, 0.21, -0.2108614648453401, -44.28090761752143, 201, 117, 7.777062223656142e-05, 71, 14
35.467, 2.758423069606958, 0.21, -0.2108614648453401, -44.28090761752143, 232, 120, 7.777435558707976e-05, 71, 33
35.507, 2.761843914940867, 0.18, -0.2408614648453401, -50.58090761752143, 199, 111, 7.778308262992838e-05, 71, 31
35.547, 2.764531721988938, 0.17, -0.2508614648453401, -52.68090761752143, 197, 99, 7.777116836832752e-05, 71, 23
35.587, 2.767708221227568, 0.18, -0.2408614648453401, -50.58090761752143, 211, 100, 7.777301321346468e-05, 71, 16
35.627, 2.770640374370918, 0.05, -0.3708614648453401, -77.88090761752144, 223, 115, 7.776799546329802e-05, 71, 28
35.663, 2.773572527514268, 0.02, -0.4008614648453401, -84.18090761752143, 222, 110, 7.777171094731986e-05, 71, 8
35.701, 2.776504680657619, 0.01, -0.4108614648453401, -86.28090761752144, 232, 73, 7.777106189343771e-05, 71, 48
35.739, 2.779681179896249, 0.0, -0.4208614648453402, -88.38090761752143, 255, 65, 7.777725117927892e-05, 71, 30
35.774, 2.78236898694432, 0.0, -0.4208614648453402, -88.38090761752143, 258, 74, 7.777628967809918e-05, 71, 17
35.81300000000001, 2.78554548618295, 0.01, -0.4108614648453401, -86.28090761752144, 249, 72, 7.778028889461787e-05, 71, 14
35.847, 2.787988947135742, 0.0, -0.4208614648453402, -88.38090761752143, 237, 71, 7.777467980962819e-05, 71, 13
35.88000000000001, 2.790676754183814, 0.0, -0.4208614648453402, -88.38090761752143, 250, 82, 7.777805892374063e-05, 71, 24
35.92000000000001, 2.793853253422443, 0.0, -0.4208614648453402, -88.38090761752143, 245, 69, 7.777987899282972e-05, 71, 18
35.957, 2.796541060470514, 0.01, -0.4108614648453401, -86.28090761752144, 248, 65, 7.77745935553721e-05, 71, 5
35.999, 2.799717559709144, 0.01, -0.4108614648453401, -86.28090761752144, 251, 75, 7.777209255004706e-05, 71, 14
36.032, 2.802405366757215, 0.02, -0.4008614648453401, -84.18090761752143, 245, 68, 7.777545977900798e-05, 71, 9
36.069, 2.805093173805286, 0.01, -0.4108614648453401, -86.28090761752144, 242, 70, 7.777019528695796e-05, 71, 7
36.109, 2.808514019139195, 0.03, -0.3908614648453401, -82.08090761752144, 253, 79, 7.777878144338517e-05, 71, 24
36.149, 2.811446172282546, 0.04, -0.3808614648453401, -79.98090761752143, 237, 80, 7.77738297679755e-05, 71, 17
36.187, 2.814867017616455, 0.07000000000000001, -0.3508614648453401, -73.68090761752143, 243, 85, 7.778669184006562e-05, 71, 12
36.226, 2.817554824664526, 0.09, -0.3308614648453401, -69.48090761752143, 234, 72, 7.777714416895397e-05, 71, 18
36.266, 2.820486977807876, 0.11, -0.3108614648453401, -65.28090761752143, 226, 91, 7.77722102743031e-05, 71, 29
36.303, 2.823663477046506, 0.11, -0.3108614648453401, -65.28090761752143, 226, 97, 7.778044450999935e-05, 71, 12
36.34, 2.826351284094578, 0.07000000000000001, -0.3508614648453401, -73.68090761752143, 219, 94, 7.777521420183206e-05, 71, 14
36.375, 2.829039091142648, 0.08, -0.3408614648453401, -71.58090761752144, 229, 89, 7.777427054687694e-05, 71, 11
36.413, 2.831971244285999, 0.22, -0.2008614648453401, -42.18090761752143, 240, 83, 7.777363151308595e-05, 71, 24
36.457, 2.835392089619908, 0.5699999999999999, 0.1491385351546599, 31.31909238247858, 215, 99, 7.777359874975746e-05, 72, 41
36.49900000000001, 2.838812934953817, 0.61, 0.1891385351546599, 39.71909238247858, 181, 137, 7.777782774744013e-05, 72, 73
36.537, 2.841745088097167, 0.55, 0.1291385351546599, 27.11909238247858, 131, 194, 7.777718718277821e-05, 72, 101
36.578, 2.844921587335797, 0.62, 0.1991385351546599, 41.81909238247857, 101, 211, 7.777684912613584e-05, 72, 58
36.619, 2.847853740479147, 0.8100000000000001, 0.3891385351546599, 81.71909238247858, 126, 172, 7.776983916762193e-05, 72, 64
36.655, 2.850785893622498, 0.8, 0.3791385351546599, 79.61909238247859, 124, 210, 7.777345228815981e-05, 72, 25
36.693, 2.853718046765849, 0.7800000000000001, 0.3591385351546599, 75.41909238247858, 68, 254, 7.777281897816611e-05, 72, 103
36.731, 2.856650199909199, 0.77, 0.3491385351546599, 73.31909238247857, 64, 244, 7.777218697855215e-05, 72, 19
36.776, 2.860071045243108, 0.74, 0.3191385351546599, 67.01909238247858, 92, 215, 7.777004147387176e-05, 72, 65
36.813, 2.863003198386458, 0.67, 0.2491385351546599, 52.31909238247859, 109, 212, 7.777152631913885e-05, 72, 12
36.861, 2.866668389815646, 0.37, -0.05086146484534013, -10.68090761752143, 91, 206, 7.776968584182865e-05, 73, 24
36.897, 2.869356196863718, 0.36, -0.06086146484534012, -12.78090761752143, 97, 217, 7.776665303042842e-05, 73, 19
36.937, 2.872532696102347, 0.32, -0.1008614648453401, -21.18090761752143, 164, 162, 7.776843533861299e-05, 73, 117
36.978, 2.875464849245698, 0.36, -0.06086146484534012, -12.78090761752143, 181, 122, 7.776150276504131e-05, 73, 68
37.016, 2.878641348484328, 0.31, -0.1108614648453401, -23.28090761752143, 188, 150, 7.776748834245536e-05, 73, 30
37.05, 2.881573501627678, 0.34, -0.08086146484534012, -16.98090761752143, 181, 162, 7.777526320182666e-05, 73, 24
37.087, 2.884505654771028, 0.33, -0.09086146484534012, -19.08090761752143, 180, 133, 7.777673186752846e-05, 73, 26
37.13000000000001, 2.887437807914379, 0.75, 0.3291385351546599, 69.11909238247858, 180, 117, 7.776562908468567e-05, 74, 26
37.169, 2.890369961057729, 0.84, 0.4191385351546598, 88.01909238247857, 181, 135, 7.776291966578949e-05, 74, 20
37.208, 2.893790806391639, 0.86, 0.4391385351546599, 92.21909238247859, 128, 245, 7.777334998902488e-05, 74, 164
37.249, 2.897211651725547, 0.71, 0.2891385351546599, 60.71909238247859, 50, 300, 7.777958204852606e-05, 74, 126
37.289, 2.900388150964177, 0.08, -0.3408614648453401, -71.58090761752144, 51, 262, 7.778133366312256e-05, 75, 51
37.329, 2.903564650202806, 0.29, -0.1308614648453401, -27.48090761752143, 127, 176, 7.778308152382346e-05, 75, 164
37.367, 2.906496803346157, 0.74, 0.3191385351546599, 67.01909238247858, 199, 127, 7.778244984468e-05, 76, 120
37.407, 2.909428956489508, 0.6800000000000001, 0.2591385351546599, 54.41909238247858, 187, 126, 7.777766077176754e-05, 76, 25
37.448, 2.912849801823416, 0.48, 0.05913853515465988, 12.41909238247858, 99, 218, 7.778385499421642e-05, 76, 168
37.488, 2.915781954966767, 0.39, -0.03086146484534012, -6.480907617521426, 78, 229, 7.777907476970675e-05, 77, 68
37.521, 2.918469762014838, 0.37, -0.05086146484534013, -10.68090761752143, 155, 162, 7.778230223114623e-05, 77, 134
37.56, 2.921401915158188, 0.44, 0.01913853515465988, 4.019092382478575, 194, 125, 7.777960370495709e-05, 78, 84
37.597, 2.924578414396818, 0.5899999999999999, 0.1691385351546599, 35.51909238247858, 176, 152, 7.778754726166499e-05, 78, 39
37.639, 2.927754913635448, 0.8, 0.3791385351546599, 79.61909238247859, 134, 187, 7.778514077513877e-05, 78, 79
37.687, 2.931420105064636, 0.24, -0.1808614648453401, -37.98090761752142, 90, 218, 7.778332329621982e-05, 79, 72
37.727, 2.934596604303266, 0.1, -0.3208614648453401, -67.38090761752144, 87, 255, 7.778505060840422e-05, 79, 53
37.768, 2.937773103541895, 0.04, -0.3808614648453401, -79.98090761752143, 163, 155, 7.778471466696399e-05, 79, 186
37.803, 2.940216564494687, 0.03, -0.3908614648453401, -82.08090761752144, 234, 69, 7.777733419291293e-05, 79, 153
37.841, 2.943148717638038, 0.14, -0.2808614648453402, -58.98090761752144, 263, 47, 7.777671619772304e-05, 79, 54
37.887, 2.947058255162505, 0.7, 0.2791385351546599, 58.61909238247858, 222, 101, 7.778547404551707e-05, 80, 94
37.923, 2.949501716115297, 0.74, 0.3191385351546599, 67.01909238247858, 187, 117, 7.777606508227981e-05, 80, 54
37.96, 2.952189523163368, 0.77, 0.3491385351546599, 73.31909238247857, 167, 120, 7.777106225404026e-05, 80, 18
37.996, 2.95487733021144, 0.79, 0.3691385351546599, 77.51909238247858, 86, 208, 7.776811585986525e-05, 80, 162
38.031, 2.957565137259511, 0.79, 0.3691385351546599, 77.51909238247858, 48, 274, 7.776721982749628e-05, 80, 104
38.067, 2.960252944307582, 0.8, 0.3791385351546599, 79.61909238247859, 88, 256, 7.77642825625235e-05, 80, 36
38.10600000000001, 2.963429443546212, 0.8100000000000001, 0.3891385351546599, 81.71909238247858, 98, 225, 7.776805341799749e-05, 80, 56
38.143, 2.966605942784842, 0.8100000000000001, 0.3891385351546599, 81.71909238247858, 80, 238, 7.777589447040981e-05, 80, 33
38.181, 2.969293749832913, 0.8100000000000001, 0.3891385351546599, 81.71909238247858, 79, 250, 7.776888373360867e-05, 80, 17
38.217, 2.972470249071542, 0.8100000000000001, 0.3891385351546599, 81.71909238247858, 89, 248, 7.777874372848581e-05, 80, 19
38.256, 2.975646748310172, 0.79, 0.3691385351546599, 77.51909238247858, 79, 246, 7.778248505620483e-05, 80, 19
38.297, 2.978578901453523, 0.7800000000000001, 0.3591385351546599, 75.41909238247858, 74, 236, 7.777577620841117e-05, 80, 7
38.335, 2.981511054596873, 0.77, 0.3491385351546599, 73.31909238247857, 85, 219, 7.777516772132184e-05, 80, 29
38.373, 2.984198861644945, 0.77, 0.3491385351546599, 73.31909238247857, 89, 228, 7.776819278255399e-05, 80, 10
38.413, 2.987619706978853, 0.75, 0.3291385351546599, 69.11909238247858, 89, 229, 7.7776266029179e-05, 80, 3
38.451, 2.990551860122204, 0.71, 0.2891385351546599, 60.71909238247859, 90, 249, 7.777565889371418e-05, 80, 17
38.491, 2.993728359360833, 0.6600000000000001, 0.2391385351546599, 50.21909238247858, 93, 232, 7.777735988570922e-05, 80, 16
38.52600000000001, 2.996416166408905, 0.7, 0.2791385351546599, 58.61909238247858, 101, 208, 7.777646696799316e-05, 80, 32
38.564, 2.999103973456976, 0.7, 0.2791385351546599, 58.61909238247858, 113, 203, 7.776952529449684e-05, 80, 20
38.6, 3.002036126600327, 0.6899999999999999, 0.2691385351546598, 56.51909238247858, 108, 220, 7.777295664767685e-05, 80, 21
38.63900000000001, 3.005212625838956, 0.76, 0.3391385351546599, 71.21909238247858, 85, 234, 7.777666673151367e-05, 80, 41
38.674, 3.007656086791749, 0.76, 0.3391385351546599, 71.21909238247858, 94, 210, 7.776945976086644e-05, 80, 33
38.713, 3.010832586030378, 0.7800000000000001, 0.3591385351546599, 75.41909238247858, 96, 228, 7.777316627567943e-05, 80, 17
38.75, 3.013764739173729, 0.79, 0.3691385351546599, 77.51909238247858, 88, 242, 7.777457391416075e-05, 80, 24
38.789, 3.016696892317079, 0.7800000000000001, 0.3591385351546599, 75.41909238247858, 75, 241, 7.777196865908063e-05, 80, 15
38.828, 3.019873391555709, 0.77, 0.3491385351546599, 73.31909238247857, 85, 243, 7.777566167599951e-05, 80, 13
38.866, 3.022805544699059, 0.76, 0.3391385351546599, 71.21909238247858, 90, 235, 7.777506161424018e-05, 80, 11
38.903, 3.025982043937689, 0.74, 0.3191385351546599, 67.01909238247858, 79, 231, 7.778274282028863e-05, 80, 15
38.941, 3.02866985098576, 0.7, 0.2791385351546599, 58.61909238247858, 83, 219, 7.777586222710665e-05, 80, 15
38.988, 3.032090696319668, 0.49, 0.06913853515465989, 14.51909238247858, 102, 227, 7.776984447316274e-05, 80, 28
39.02600000000001, 3.035511541653578, 0.17, -0.2508614648453401, -52.68090761752143, 123, 225, 7.778177475666421e-05, 81, 24
39.063, 3.038688040892207, 0.1, -0.3208614648453401, -67.38090761752144, 161, 176, 7.778941814228829e-05, 81, 71
39.1, 3.041375847940279, 0.09, -0.3308614648453401, -69.48090761752143, 208, 122, 7.77845485406721e-05, 81, 114
39.135, 3.043819308893071, 0.09, -0.3308614648453401, -69.48090761752143, 225, 65, 7.777741941722425e-05, 81, 73
39.171, 3.046751462036422, 0.14, -0.2808614648453402, -58.98090761752144, 215, 87, 7.778079349611756e-05, 81, 26
39.207, 3.049683615179771, 0.25, -0.1708614648453401, -35.88090761752143, 228, 111, 7.778416137882958e-05, 81, 31
39.245, 3.052615768323122, 0.43, 0.009138535154659877, 1.919092382478574, 224, 113, 7.778355888197534e-05, 82, 11
39.283, 3.055547921466473, 0.5600000000000001, 0.1391385351546599, 29.21909238247858, 174, 131, 7.778295755075918e-05, 82, 61
39.322, 3.058724420705103, 0.6, 0.1791385351546599, 37.61909238247858, 149, 180, 7.778659327361534e-05, 82, 87
39.363, 3.061900919943732, 0.5600000000000001, 0.1391385351546599, 29.21909238247858, 120, 187, 7.778626933779773e-05, 82, 37
39.407, 3.065321765277641, 0.44, 0.01913853515465988, 4.019092382478575, 122, 196, 7.778622491632554e-05, 82, 11
39.443, 3.068009572325712, 0.27, -0.1508614648453401, -31.68090761752143, 142, 179, 7.778337277402104e-05, 83, 31
39.488, 3.071919109850179, 0.2, -0.2208614648453401, -46.38090761752143, 177, 150, 7.779373758737286e-05, 83, 62
39.524, 3.074362570802972, 0.2, -0.2208614648453401, -46.38090761752143, 198, 110, 7.778470222657048e-05, 83, 65
39.566, 3.077539070041602, 0.26, -0.1608614648453401, -33.78090761752143, 203, 104, 7.778241596425217e-05, 83, 14
39.601, 3.080226877089673, 0.39, -0.03086146484534012, -6.480907617521426, 198, 124, 7.778154281683978e-05, 83, 23
39.641, 3.083647722423581, 0.49, 0.06913853515465989, 14.51909238247858, 191, 139, 7.778935249927049e-05, 84, 20
39.681, 3.086824221662211, 0.61, 0.1891385351546599, 39.71909238247858, 160, 163, 7.779098867624836e-05, 84, 55
39.721, 3.089756374805561, 0.65, 0.2291385351546599, 48.11909238247858, 129, 183, 7.778646999837773e-05, 84, 53
39.756, 3.092444181853633, 0.64, 0.2191385351546598, 46.01909238247858, 115, 213, 7.77855966861262e-05, 84, 42
39.8, 3.096109373282821, 0.6, 0.1791385351546599, 37.61909238247858, 112, 200, 7.779169279605078e-05, 84, 10
39.83700000000001, 3.098797180330892, 0.5300000000000001, 0.1091385351546599, 22.91909238247857, 113, 207, 7.778691117129531e-05, 84, 3
39.873, 3.101484987378964, 0.5300000000000001, 0.1091385351546599, 22.91909238247857, 130, 187, 7.778408916758115e-05, 84, 32
39.913, 3.104661486617593, 0.5300000000000001, 0.1091385351546599, 22.91909238247857, 151, 173, 7.778572110885159e-05, 84, 37
39.957, 3.108082331951502, 0.5699999999999999, 0.1491385351546599, 31.31909238247858, 135, 172, 7.778567790253276e-05, 84, 19
39.991, 3.111014485094853, 0.65, 0.2291385351546599, 48.11909238247858, 126, 198, 7.77928655221138e-05, 84, 42
40.027, 3.113457946047645, 0.6899999999999999, 0.2691385351546598, 56.51909238247858, 125, 198, 7.778394448866127e-05, 84, 1
40.067, 3.116634445286274, 0.7199999999999999, 0.2991385351546599, 62.81909238247859, 111, 198, 7.778557030190117e-05, 84, 18
40.103, 3.119322252334345, 0.74, 0.3191385351546599, 67.01909238247858, 94, 235, 7.778276568671535e-05, 84, 54
40.143, 3.122743097668255, 0.7199999999999999, 0.2991385351546599, 62.81909238247859, 99, 222, 7.779047648826083e-05, 84, 15
40.177, 3.125186558621047, 0.7199999999999999, 0.2991385351546599, 62.81909238247859, 97, 220, 7.778546329046585e-05, 84, 5
40.22, 3.128363057859676, 0.71, 0.2891385351546599, 60.71909238247859, 89, 224, 7.778127940973835e-05, 84, 14
40.26, 3.131783903193585, 0.73, 0.3091385351546599, 64.91909238247858, 98, 221, 7.778896927952273e-05, 84, 12
40.299, 3.134716056336936, 0.76, 0.3391385351546599, 71.21909238247858, 103, 228, 7.778644771177785e-05, 84, 10
40.33700000000001, 3.137892555575565, 0.77, 0.3491385351546599, 73.31909238247857, 90, 229, 7.779191698875883e-05, 84, 11
40.37400000000001, 3.140580362623636, 0.79, 0.3691385351546599, 77.51909238247858, 79, 235, 7.778719875721097e-05, 84, 23
40.413, 3.143756861862266, 0.84, 0.4191385351546598, 88.01909238247857, 84, 244, 7.77907322362177e-05, 84, 9
40.452, 3.146689015005617, 0.85, 0.4291385351546599, 90.11909238247858, 80, 245, 7.778821850602236e-05, 84, 5
40.49600000000001, 3.150109860339525, 0.85, 0.4291385351546599, 90.11909238247858, 65, 242, 7.778817316128816e-05, 84, 15
40.529, 3.152797667387597, 0.8, 0.3791385351546599, 79.61909238247859, 61, 248, 7.779115367730753e-05, 84, 9
40.56900000000001, 3.155974166626227, 0.8199999999999999, 0.3991385351546599, 83.81909238247857, 83, 249, 7.779275226469045e-05, 84, 23
40.607, 3.158906319769577, 0.8199999999999999, 0.3991385351546599, 83.81909238247857, 83, 238, 7.779216193684775e-05, 84, 12
40.647, 3.161838472912927, 0.8299999999999999, 0.4091385351546599, 85.91909238247858, 73, 246, 7.778774504669292e-05, 84, 17
40.687, 3.165014972151557, 0.8199999999999999, 0.3991385351546599, 83.81909238247857, 64, 244, 7.778934234894578e-05, 84, 9
40.723, 3.167947125294908, 0.8, 0.3791385351546599, 79.61909238247859, 81, 247, 7.779257729771647e-05, 84, 17
40.759, 3.170879278438258, 0.79, 0.3691385351546599, 77.51909238247858, 82, 236, 7.779580653201153e-05, 84, 16
40.796, 3.17332273939105, 0.7800000000000001, 0.3591385351546599, 75.41909238247858, 82, 238, 7.778514411685091e-05, 84, 3
40.838, 3.176743584724959, 0.7800000000000001, 0.3591385351546599, 75.41909238247858, 87, 238, 7.77889119135354e-05, 84, 14
40.873, 3.17943139177303, 0.76, 0.3391385351546599, 71.21909238247858, 81, 225, 7.778806037660633e-05, 84, 27
40.911, 3.182363544916381, 0.76, 0.3391385351546599, 71.21909238247858, 88, 225, 7.778747879339006e-05, 84, 9
40.951, 3.18554004415501, 0.76, 0.3391385351546599, 71.21909238247858, 91, 236, 7.778906605833827e-05, 84, 15
40.987, 3.188227851203082, 0.77, 0.3491385351546599, 73.31909238247857, 84, 232, 7.778631886215342e-05, 84, 14
41.027, 3.191404350441712, 0.8100000000000001, 0.3891385351546599, 81.71909238247858, 86, 240, 7.778790431768618e-05, 84, 15
41.068, 3.19482519577562, 0.84, 0.4191385351546598, 88.01909238247857, 87, 233, 7.779354231459093e-05, 84, 11
41.10300000000001, 3.197513002823692, 0.8299999999999999, 0.4091385351546599, 85.91909238247858, 73, 235, 7.779269159972975e-05, 84, 11
41.143, 3.200445155967042, 0.8, 0.3791385351546599, 79.61909238247859, 62, 258, 7.778832744250642e-05, 84, 40
41.187, 3.20411034739623, 0.8, 0.3791385351546599, 79.61909238247859, 83, 240, 7.779421534455605e-05, 84, 38
41.223, 3.20704250053958, 0.79, 0.3691385351546599, 77.51909238247858, 77, 243, 7.779740680056233e-05, 84, 7
41.267, 3.21021899977821, 0.8100000000000001, 0.3891385351546599, 81.71909238247858, 84, 235, 7.779143140471104e-05, 84, 14
41.3, 3.212906806826281, 0.8100000000000001, 0.3891385351546599, 81.71909238247858, 82, 231, 7.779435367618115e-05, 84, 6
41.337, 3.215594613874353, 0.79, 0.3691385351546599, 77.51909238247858, 79, 250, 7.778974318103281e-05, 84, 24
41.373, 3.218771113112983, 0.8, 0.3791385351546599, 79.61909238247859, 84, 246, 7.779883288891264e-05, 84, 8
41.413, 3.221703266256333, 0.8, 0.3791385351546599, 79.61909238247859, 76, 241, 7.779449125289965e-05, 84, 18
41.451, 3.224635419399683, 0.8, 0.3791385351546599, 79.61909238247859, 83, 241, 7.779391135074385e-05, 84, 9
41.48700000000001, 3.227323226447754, 0.8100000000000001, 0.3891385351546599, 81.71909238247858, 77, 226, 7.779119305921745e-05, 84, 19
41.53, 3.230744071781663, 0.8, 0.3791385351546599, 79.61909238247859, 83, 246, 7.779301882450429e-05, 84, 22
41.567, 3.233676224925014, 0.8100000000000001, 0.3891385351546599, 81.71909238247858, 75, 236, 7.77943133958432e-05, 84, 14
41.608, 3.236608378068365, 0.8199999999999999, 0.3991385351546599, 83.81909238247857, 76, 233, 7.778812675611336e-05, 84, 8
41.643, 3.239540531211714, 0.8199999999999999, 0.3991385351546599, 83.81909238247857, 78, 252, 7.779315926354284e-05, 84, 27
41.687, 3.242961376545624, 0.8199999999999999, 0.3991385351546599, 83.81909238247857, 74, 247, 7.779310999941527e-05, 84, 11
41.723, 3.245893529688974, 0.8100000000000001, 0.3891385351546599, 81.71909238247858, 80, 246, 7.779626416338647e-05, 84, 6
41.763, 3.248825682832324, 0.8299999999999999, 0.4091385351546599, 85.91909238247858, 81, 244, 7.779196137328076e-05, 84, 4
41.812, 3.252979566452071, 0.8199999999999999, 0.3991385351546599, 83.81909238247857, 75, 244, 7.780014269712215e-05, 84, 6
41.85, 3.255667373500143, 0.8199999999999999, 0.3991385351546599, 83.81909238247857, 74, 234, 7.779372457586959e-05, 84, 10
41.886, 3.258599526643493, 0.8100000000000001, 0.3891385351546599, 81.71909238247858, 75, 247, 7.779686593715066e-05, 84, 12
41.923, 3.261287333691564, 0.8, 0.3791385351546599, 79.61909238247859, 75, 242, 7.779231767028993e-05, 84, 1
41.963, 3.264708179025473, 0.79, 0.3691385351546599, 77.51909238247858, 78, 240, 7.779968493733701e-05, 84, 5
42.001, 3.267151639978265, 0.76, 0.3391385351546599, 71.21909238247858, 84, 231, 7.778747267870444e-05, 84, 18
42.03600000000001, 3.270083793121616, 0.6899999999999999, 0.2691385351546598, 56.51909238247858, 82, 239, 7.77924586811689e-05, 84, 6
42.073, 3.273260292360245, 0.64, 0.2191385351546598, 46.01909238247858, 93, 235, 7.779954584555999e-05, 84, 9
42.118, 3.276681137694154, 0.63, 0.2091385351546599, 43.91909238247858, 116, 206, 7.779764323315813e-05, 84, 57
42.15400000000001, 3.279368944742226, 0.5899999999999999, 0.1691385351546599, 35.51909238247858, 119, 211, 7.779496476591133e-05, 84, 11
42.197, 3.282789790076134, 0.67, 0.2491385351546599, 52.31909238247859, 116, 182, 7.779675782819001e-05, 84, 27
42.237, 3.285966289314764, 0.6899999999999999, 0.2691385351546598, 56.51909238247858, 122, 197, 7.779828797771536e-05, 84, 15
